<?xml version="1.0" encoding="UTF-8"?><InteractionHistory Id="local-34" Version="1"><InteractionEvent Delta="null" EndDate="2014-09-21 23:18:20.305 JST" Interest="1286.542" Kind="propagation" Navigation="org.eclipse.mylyn.core.model.edges.containment" OriginId="org.eclipse.mylyn.core.model.interest.propagation" StartDate="2014-09-21 16:38:41.193 JST" StructureHandle="" StructureKind="c/c++" NumEvents="1835" CreationCount="1"/><InteractionEvent Delta="null" EndDate="2014-09-21 23:04:00.496 JST" Interest="2.0" Kind="prediction" Navigation="null" OriginId="org.eclipse.mylyn.resources.ui.interest.updater" StartDate="2014-09-21 21:16:38.42 JST" StructureHandle="/Cake_NR5/app/tmp/cache/persistent/myapp_cake_core_file_map" StructureKind="resource" NumEvents="2" CreationCount="1195"/><InteractionEvent Delta="null" EndDate="2014-09-21 16:39:41.623 JST" Interest="1.0" Kind="selection" Navigation="null" OriginId="org.eclipse.ui.views.ResourceNavigator" StartDate="2014-09-21 16:39:41.623 JST" StructureHandle="/Cake_NR5/app/Controller/KeywordsController.php" StructureKind="resource"/><InteractionEvent Delta="null" EndDate="2014-09-21 23:23:05.705 JST" Interest="5.0" Kind="selection" Navigation="null" OriginId="org.eclipse.php.editor" StartDate="2014-09-21 22:43:44.481 JST" StructureHandle="/CR6_cake/lib/utils/tests.php" StructureKind="resource" NumEvents="5" CreationCount="2247"/><InteractionEvent Delta="null" EndDate="2014-09-21 23:23:05.734 JST" Interest="10.0" Kind="edit" Navigation="null" OriginId="org.eclipse.php.editor" StartDate="2014-09-21 22:43:47.729 JST" StructureHandle="/CR6_cake/lib/utils/tests.php" StructureKind="resource" NumEvents="10" CreationCount="2247"/><InteractionEvent Delta="null" EndDate="2014-09-21 21:42:38.119 JST" Interest="70.117" Kind="propagation" Navigation="org.eclipse.mylyn.core.model.edges.containment" OriginId="org.eclipse.mylyn.core.model.interest.propagation" StartDate="2014-09-21 16:38:53.271 JST" StructureHandle="/Cake_NR5/app/View/Elements/layouts" StructureKind="resource" NumEvents="90" CreationCount="6"/><InteractionEvent Delta="null" EndDate="2014-09-21 16:38:52.310 JST" Interest="1.0" Kind="selection" Navigation="null" OriginId="org.eclipse.ui.views.ResourceNavigator" StartDate="2014-09-21 16:38:52.310 JST" StructureHandle="/Cake_NR5/app/View/Elements/layouts" StructureKind="resource"/><InteractionEvent Delta="null" EndDate="2014-09-21 23:23:05.736 JST" Interest="39.0" Kind="propagation" Navigation="null" OriginId="org.eclipse.php.editor" StartDate="2014-09-21 21:14:53.431 JST" StructureHandle="/CR6_cake" StructureKind="resource" NumEvents="39" CreationCount="1105"/><InteractionEvent Delta="null" EndDate="2014-09-21 22:25:13.632 JST" Interest="1.0" Kind="propagation" Navigation="org.eclipse.mylyn.core.model.edges.containment" OriginId="org.eclipse.mylyn.core.model.interest.propagation" StartDate="2014-09-21 22:25:13.632 JST" StructureHandle="/Cake_NR5/app/webroot" StructureKind="resource"/><InteractionEvent Delta="null" EndDate="2014-09-21 21:42:33.16 JST" Interest="18.0" Kind="selection" Navigation="null" OriginId="org.eclipse.php.editor" StartDate="2014-09-21 16:53:26.716 JST" StructureHandle="/Cake_NR5/app/Controller/ArticlesController.php" StructureKind="resource" NumEvents="18" CreationCount="370"/><InteractionEvent Delta="null" EndDate="2014-09-21 21:42:35.601 JST" Interest="20.0" Kind="edit" Navigation="null" OriginId="org.eclipse.php.editor" StartDate="2014-09-21 16:53:27.390 JST" StructureHandle="/Cake_NR5/app/Controller/ArticlesController.php" StructureKind="resource" NumEvents="20" CreationCount="370"/><InteractionEvent Delta="null" EndDate="2014-09-21 19:08:42.825 JST" Interest="1.408001" Kind="manipulation" Navigation="null" OriginId="org.eclipse.mylyn.core.model.interest.decay.correction" StartDate="2014-09-21 19:08:42.825 JST" StructureHandle="/Cake_NR5/app/Controller/ArticlesController.php" StructureKind="resource"/><InteractionEvent Delta="null" EndDate="2014-09-21 23:23:05.525 JST" Interest="112.1" Kind="propagation" Navigation="org.eclipse.mylyn.core.model.edges.containment" OriginId="org.eclipse.mylyn.core.model.interest.propagation" StartDate="2014-09-21 22:01:38.712 JST" StructureHandle="/Cake_NR5/app/Lib/utils" StructureKind="resource" NumEvents="155" CreationCount="1933"/><InteractionEvent Delta="null" EndDate="2014-09-21 21:16:38.54 JST" Interest="1.0" Kind="propagation" Navigation="org.eclipse.mylyn.core.model.edges.containment" OriginId="org.eclipse.mylyn.core.model.interest.propagation" StartDate="2014-09-21 21:16:38.54 JST" StructureHandle="/Cake_NR5/app/tmp/logs" StructureKind="resource"/><InteractionEvent Delta="null" EndDate="2014-09-21 23:23:05.735 JST" Interest="11.017" Kind="propagation" Navigation="org.eclipse.mylyn.core.model.edges.containment" OriginId="org.eclipse.mylyn.core.model.interest.propagation" StartDate="2014-09-21 22:43:44.481 JST" StructureHandle="/CR6_cake/lib/utils" StructureKind="resource" NumEvents="15" CreationCount="2246"/><InteractionEvent Delta="null" EndDate="2014-09-21 22:43:43.648 JST" Interest="1.0" Kind="selection" Navigation="null" OriginId="org.eclipse.search.ui.views.SearchView" StartDate="2014-09-21 22:43:43.648 JST" StructureHandle="/CR6_cake/lib/utils" StructureKind="resource"/><InteractionEvent Delta="null" EndDate="2014-09-21 21:44:36.669 JST" Interest="6.0" Kind="selection" Navigation="null" OriginId="org.eclipse.php.editor" StartDate="2014-09-21 21:36:14.14 JST" StructureHandle="/Cake_NR5/app/Config/database.php" StructureKind="resource" NumEvents="6" CreationCount="1342"/><InteractionEvent Delta="null" EndDate="2014-09-21 21:44:36.696 JST" Interest="10.0" Kind="edit" Navigation="null" OriginId="org.eclipse.php.editor" StartDate="2014-09-21 21:36:14.534 JST" StructureHandle="/Cake_NR5/app/Config/database.php" StructureKind="resource" NumEvents="10" CreationCount="1342"/><InteractionEvent Delta="null" EndDate="2014-09-21 23:23:05.185 JST" Interest="86.7" Kind="propagation" Navigation="org.eclipse.mylyn.core.model.edges.containment" OriginId="org.eclipse.mylyn.core.model.interest.propagation" StartDate="2014-09-21 17:00:19.362 JST" StructureHandle="/Cake_NR5/lib/log" StructureKind="resource" NumEvents="108" CreationCount="490"/><InteractionEvent Delta="null" EndDate="2014-09-21 21:52:42.143 JST" Interest="4.0" Kind="selection" Navigation="null" OriginId="org.eclipse.ui.views.ResourceNavigator" StartDate="2014-09-21 17:00:20.19 JST" StructureHandle="/Cake_NR5/lib/log" StructureKind="resource" NumEvents="4" CreationCount="490"/><InteractionEvent Delta="null" EndDate="2014-09-21 21:16:38.46 JST" Interest="1.0" Kind="propagation" Navigation="org.eclipse.mylyn.core.model.edges.containment" OriginId="org.eclipse.mylyn.core.model.interest.propagation" StartDate="2014-09-21 21:16:38.46 JST" StructureHandle="/Cake_NR5/app/tmp/cache" StructureKind="resource"/><InteractionEvent Delta="null" EndDate="2014-09-21 21:45:58.426 JST" Interest="6.0" Kind="selection" Navigation="null" OriginId="org.eclipse.ui.views.ResourceNavigator" StartDate="2014-09-21 21:41:01.234 JST" StructureHandle="/Cake_NR5/app/Controller/AppController.php" StructureKind="resource" NumEvents="6" CreationCount="1530"/><InteractionEvent Delta="null" EndDate="2014-09-21 21:43:30.887 JST" Interest="9.0" Kind="edit" Navigation="null" OriginId="org.eclipse.php.editor" StartDate="2014-09-21 21:41:52.451 JST" StructureHandle="/Cake_NR5/app/Controller/AppController.php" StructureKind="resource" NumEvents="9" CreationCount="1530"/><InteractionEvent Delta="null" EndDate="2014-09-21 16:53:24.578 JST" Interest="1.0" Kind="selection" Navigation="null" OriginId="org.eclipse.ui.views.ResourceNavigator" StartDate="2014-09-21 16:53:24.578 JST" StructureHandle="/Cake_NR5/app/Controller/UsersController.php" StructureKind="resource"/><InteractionEvent Delta="null" EndDate="2014-09-21 21:45:59.30 JST" Interest="1.0" Kind="selection" Navigation="null" OriginId="org.eclipse.ui.views.ResourceNavigator" StartDate="2014-09-21 21:45:59.30 JST" StructureHandle="/Cake_NR5/app/Controller/GenresController.php" StructureKind="resource"/><InteractionEvent Delta="null" EndDate="2014-09-21 21:44:37.203 JST" Interest="7.0" Kind="selection" Navigation="null" OriginId="org.eclipse.php.editor" StartDate="2014-09-21 21:14:53.429 JST" StructureHandle="/CR6_cake/app/Controller/TextsController.php" StructureKind="resource" NumEvents="7" CreationCount="1105"/><InteractionEvent Delta="null" EndDate="2014-09-21 21:44:37.228 JST" Interest="13.0" Kind="edit" Navigation="null" OriginId="org.eclipse.php.editor" StartDate="2014-09-21 21:14:53.655 JST" StructureHandle="/CR6_cake/app/Controller/TextsController.php" StructureKind="resource" NumEvents="13" CreationCount="1105"/><InteractionEvent Delta="null" EndDate="2014-09-21 23:04:00.496 JST" Interest="2.0" Kind="prediction" Navigation="null" OriginId="org.eclipse.mylyn.resources.ui.interest.updater" StartDate="2014-09-21 21:16:38.43 JST" StructureHandle="/Cake_NR5/app/tmp/cache/models/myapp_cake_model_default_keywords" StructureKind="resource" NumEvents="2" CreationCount="1195"/><InteractionEvent Delta="null" EndDate="2014-09-21 23:18:20.305 JST" Interest="1284.542" Kind="propagation" Navigation="org.eclipse.mylyn.core.model.edges.containment" OriginId="org.eclipse.mylyn.core.model.interest.propagation" StartDate="2014-09-21 16:38:41.181 JST" StructureHandle="=Cake_NR5" StructureKind="c/c++" NumEvents="1848" CreationCount="1"/><InteractionEvent Delta="null" EndDate="2014-09-21 23:03:56.756 JST" Interest="2.0" Kind="selection" Navigation="null" OriginId="org.eclipse.ui.views.ResourceNavigator" StartDate="2014-09-21 23:03:56.683 JST" StructureHandle="=Cake_NR5" StructureKind="c/c++" NumEvents="2" CreationCount="1"/><InteractionEvent Delta="null" EndDate="2014-09-21 23:23:30.311 JST" Interest="2592.0" Kind="propagation" Navigation="null" OriginId="org.eclipse.ui.DefaultTextEditor" StartDate="2014-09-21 16:38:41.193 JST" StructureHandle="/" StructureKind="resource" NumEvents="2592" CreationCount="1"/><InteractionEvent Delta="null" EndDate="2014-09-21 23:15:15.229 JST" Interest="1.0" Kind="selection" Navigation="null" OriginId="org.eclipse.ui.views.ResourceNavigator" StartDate="2014-09-21 23:15:15.229 JST" StructureHandle="/Cake_NR5/app/Config/email.php.default" StructureKind="resource"/><InteractionEvent Delta="null" EndDate="2014-09-21 23:04:00.498 JST" Interest="2.0" Kind="prediction" Navigation="null" OriginId="org.eclipse.mylyn.resources.ui.interest.updater" StartDate="2014-09-21 22:25:13.632 JST" StructureHandle="/Cake_NR5/app/webroot/development.sqlite3" StructureKind="resource" NumEvents="2" CreationCount="2118"/><InteractionEvent Delta="null" EndDate="2014-09-21 23:04:00.497 JST" Interest="2.0" Kind="prediction" Navigation="null" OriginId="org.eclipse.mylyn.resources.ui.interest.updater" StartDate="2014-09-21 21:16:38.43 JST" StructureHandle="/Cake_NR5/app/tmp/cache/persistent/myapp_cake_core_method_cache" StructureKind="resource" NumEvents="2" CreationCount="1195"/><InteractionEvent Delta="null" EndDate="2014-09-21 22:25:34.507 JST" Interest="0.01700002" Kind="propagation" Navigation="org.eclipse.mylyn.core.model.edges.containment" OriginId="org.eclipse.mylyn.core.model.interest.propagation" StartDate="2014-09-21 22:25:34.507 JST" StructureHandle="/Cake_NR5/lib/Cake" StructureKind="resource"/><InteractionEvent Delta="null" EndDate="2014-09-21 22:25:33.797 JST" Interest="1.0" Kind="selection" Navigation="null" OriginId="org.eclipse.search.ui.views.SearchView" StartDate="2014-09-21 22:25:33.797 JST" StructureHandle="/Cake_NR5/lib/Cake" StructureKind="resource"/><InteractionEvent Delta="null" EndDate="2014-09-21 21:41:50.179 JST" Interest="1.0" Kind="selection" Navigation="null" OriginId="org.eclipse.ui.views.ResourceNavigator" StartDate="2014-09-21 21:41:50.179 JST" StructureHandle="/Cake_NR5/app/Controller/TemplateController.php" StructureKind="resource"/><InteractionEvent Delta="null" EndDate="2014-09-21 22:43:38.819 JST" Interest="20.363" Kind="propagation" Navigation="org.eclipse.mylyn.core.model.edges.containment" OriginId="org.eclipse.mylyn.core.model.interest.propagation" StartDate="2014-09-21 21:14:53.431 JST" StructureHandle="/CR6_cake/app" StructureKind="resource" NumEvents="22" CreationCount="1105"/><InteractionEvent Delta="null" EndDate="2014-09-21 23:23:05.736 JST" Interest="31.414001" Kind="propagation" Navigation="org.eclipse.mylyn.core.model.edges.containment" OriginId="org.eclipse.mylyn.core.model.interest.propagation" StartDate="2014-09-21 21:14:53.431 JST" StructureHandle="=CR6_cake" StructureKind="c/c++" NumEvents="39" CreationCount="1105"/><InteractionEvent Delta="null" EndDate="2014-09-21 22:43:38.818 JST" Interest="1.0" Kind="selection" Navigation="null" OriginId="org.eclipse.search.ui.views.SearchView" StartDate="2014-09-21 22:43:38.818 JST" StructureHandle="/CR6_cake/app/Controller/WordsController.php" StructureKind="resource"/><InteractionEvent Delta="null" EndDate="2014-09-21 16:43:17.244 JST" Interest="1.0" Kind="selection" Navigation="null" OriginId="org.eclipse.ui.views.ResourceNavigator" StartDate="2014-09-21 16:43:17.244 JST" StructureHandle="/Cake_NR5/app/Controller/PagesController.php" StructureKind="resource"/><InteractionEvent Delta="null" EndDate="2014-09-21 23:23:30.311 JST" Interest="2553.0" Kind="propagation" Navigation="null" OriginId="org.eclipse.ui.DefaultTextEditor" StartDate="2014-09-21 16:38:41.193 JST" StructureHandle="/Cake_NR5" StructureKind="resource" NumEvents="2553" CreationCount="1"/><InteractionEvent Delta="null" EndDate="2014-09-21 21:16:38.48 JST" Interest="1.0" Kind="propagation" Navigation="org.eclipse.mylyn.core.model.edges.containment" OriginId="org.eclipse.mylyn.core.model.interest.propagation" StartDate="2014-09-21 21:16:38.48 JST" StructureHandle="/Cake_NR5/app/tmp/cache/persistent" StructureKind="resource"/><InteractionEvent Delta="null" EndDate="2014-09-21 23:18:08.160 JST" Interest="87.0" Kind="selection" Navigation="null" OriginId="org.eclipse.php.editor" StartDate="2014-09-21 16:39:43.511 JST" StructureHandle="/Cake_NR5/app/Controller/CategorysController.php" StructureKind="resource" NumEvents="87" CreationCount="27"/><InteractionEvent Delta="null" EndDate="2014-09-21 23:18:20.304 JST" Interest="1713.0" Kind="edit" Navigation="null" OriginId="org.eclipse.php.editor" StartDate="2014-09-21 16:39:45.611 JST" StructureHandle="/Cake_NR5/app/Controller/CategorysController.php" StructureKind="resource" NumEvents="1713" CreationCount="27"/><InteractionEvent Delta="null" EndDate="2014-09-21 21:42:38.119 JST" Interest="70.151" Kind="propagation" Navigation="org.eclipse.mylyn.core.model.edges.containment" OriginId="org.eclipse.mylyn.core.model.interest.propagation" StartDate="2014-09-21 16:38:50.470 JST" StructureHandle="/Cake_NR5/app/View" StructureKind="resource" NumEvents="92" CreationCount="4"/><InteractionEvent Delta="null" EndDate="2014-09-21 16:38:48.322 JST" Interest="1.0" Kind="selection" Navigation="null" OriginId="org.eclipse.ui.views.ResourceNavigator" StartDate="2014-09-21 16:38:48.322 JST" StructureHandle="/Cake_NR5/app/View" StructureKind="resource"/><InteractionEvent Delta="null" EndDate="2014-09-21 16:38:42.80 JST" Interest="1.0" Kind="selection" Navigation="null" OriginId="org.eclipse.ui.views.ResourceNavigator" StartDate="2014-09-21 16:38:42.80 JST" StructureHandle="/Cake_NR5/build.properties" StructureKind="resource"/><InteractionEvent Delta="null" EndDate="2014-09-21 23:04:01.802 JST" Interest="3.0" Kind="selection" Navigation="null" OriginId="org.eclipse.ui.views.ResourceNavigator" StartDate="2014-09-21 23:03:52.184 JST" StructureHandle="/Cake_NR5/app/View/Positions" StructureKind="resource" NumEvents="3" CreationCount="2393"/><InteractionEvent Delta="null" EndDate="2014-09-21 21:42:38.119 JST" Interest="69.133995" Kind="propagation" Navigation="org.eclipse.mylyn.core.model.edges.containment" OriginId="org.eclipse.mylyn.core.model.interest.propagation" StartDate="2014-09-21 16:38:52.311 JST" StructureHandle="/Cake_NR5/app/View/Elements" StructureKind="resource" NumEvents="90" CreationCount="5"/><InteractionEvent Delta="null" EndDate="2014-09-21 17:00:14.58 JST" Interest="2.0" Kind="selection" Navigation="null" OriginId="org.eclipse.ui.views.ResourceNavigator" StartDate="2014-09-21 16:38:50.469 JST" StructureHandle="/Cake_NR5/app/View/Elements" StructureKind="resource" NumEvents="2" CreationCount="5"/><InteractionEvent Delta="null" EndDate="2014-09-21 23:23:05.489 JST" Interest="12.0" Kind="selection" Navigation="null" OriginId="org.eclipse.php.editor" StartDate="2014-09-21 22:01:38.711 JST" StructureHandle="/Cake_NR5/app/Lib/utils/utils.php" StructureKind="resource" NumEvents="12" CreationCount="1933"/><InteractionEvent Delta="null" EndDate="2014-09-21 23:23:05.524 JST" Interest="143.0" Kind="edit" Navigation="null" OriginId="org.eclipse.php.editor" StartDate="2014-09-21 22:01:38.804 JST" StructureHandle="/Cake_NR5/app/Lib/utils/utils.php" StructureKind="resource" NumEvents="143" CreationCount="1933"/><InteractionEvent Delta="null" EndDate="2014-09-21 23:21:50.688 JST" Interest="129.717" Kind="propagation" Navigation="org.eclipse.mylyn.core.model.edges.containment" OriginId="org.eclipse.mylyn.core.model.interest.propagation" StartDate="2014-09-21 16:43:24.437 JST" StructureHandle="/Cake_NR5/app/Lib/data" StructureKind="resource" NumEvents="164" CreationCount="133"/><InteractionEvent Delta="null" EndDate="2014-09-21 16:43:23.500 JST" Interest="1.0" Kind="selection" Navigation="null" OriginId="org.eclipse.ui.views.ResourceNavigator" StartDate="2014-09-21 16:43:23.500 JST" StructureHandle="/Cake_NR5/app/Lib/data" StructureKind="resource"/><InteractionEvent Delta="null" EndDate="2014-09-21 23:15:14.939 JST" Interest="2.0" Kind="selection" Navigation="null" OriginId="org.eclipse.ui.views.ResourceNavigator" StartDate="2014-09-21 23:14:06.476 JST" StructureHandle="/Cake_NR5/app/Config/core.php" StructureKind="resource" NumEvents="2" CreationCount="2483"/><InteractionEvent Delta="null" EndDate="2014-09-21 23:04:00.495 JST" Interest="2.0" Kind="prediction" Navigation="null" OriginId="org.eclipse.mylyn.resources.ui.interest.updater" StartDate="2014-09-21 21:16:38.42 JST" StructureHandle="/Cake_NR5/app/tmp/cache/models/myapp_cake_model_default_genres" StructureKind="resource" NumEvents="2" CreationCount="1195"/><InteractionEvent Delta="null" EndDate="2014-09-21 23:04:00.498 JST" Interest="2.0" Kind="prediction" Navigation="null" OriginId="org.eclipse.mylyn.resources.ui.interest.updater" StartDate="2014-09-21 21:16:38.45 JST" StructureHandle="/Cake_NR5/app/tmp/cache/persistent/myapp_cake_core_cake_dev_en-us" StructureKind="resource" NumEvents="2" CreationCount="1195"/><InteractionEvent Delta="null" EndDate="2014-09-21 23:18:20.305 JST" Interest="1282.5079" Kind="propagation" Navigation="org.eclipse.mylyn.core.model.edges.containment" OriginId="org.eclipse.mylyn.core.model.interest.propagation" StartDate="2014-09-21 16:38:48.324 JST" StructureHandle="/Cake_NR5/app" StructureKind="resource" NumEvents="1807" CreationCount="3"/><InteractionEvent Delta="null" EndDate="2014-09-21 23:14:06.371 JST" Interest="4.0" Kind="selection" Navigation="null" OriginId="org.eclipse.ui.views.ResourceNavigator" StartDate="2014-09-21 16:38:45.280 JST" StructureHandle="/Cake_NR5/app" StructureKind="resource" NumEvents="4" CreationCount="3"/><InteractionEvent Delta="null" EndDate="2014-09-21 23:15:16.91 JST" Interest="1.0" Kind="selection" Navigation="null" OriginId="org.eclipse.ui.views.ResourceNavigator" StartDate="2014-09-21 23:15:16.91 JST" StructureHandle="/Cake_NR5/test.php" StructureKind="resource"/><InteractionEvent Delta="null" EndDate="2014-09-21 21:16:39.89 JST" Interest="1.0" Kind="selection" Navigation="null" OriginId="org.eclipse.ui.views.ResourceNavigator" StartDate="2014-09-21 21:16:39.89 JST" StructureHandle="/Cake_NR5/app/View/Articles" StructureKind="resource"/><InteractionEvent Delta="null" EndDate="2014-09-21 16:38:41.170 JST" Interest="1.0" Kind="selection" Navigation="null" OriginId="org.eclipse.ui.views.ResourceNavigator" StartDate="2014-09-21 16:38:41.170 JST" StructureHandle="/Cake_NR5/.editorconfig" StructureKind="resource"/><InteractionEvent Delta="null" EndDate="2014-09-21 23:19:10.170 JST" Interest="53.0" Kind="selection" Navigation="null" OriginId="org.eclipse.ui.DefaultTextEditor" StartDate="2014-09-21 16:43:24.436 JST" StructureHandle="/Cake_NR5/app/Lib/data/Category_backup.csv" StructureKind="resource" NumEvents="53" CreationCount="134"/><InteractionEvent Delta="null" EndDate="2014-09-21 23:21:50.687 JST" Interest="111.0" Kind="edit" Navigation="null" OriginId="org.eclipse.ui.DefaultTextEditor" StartDate="2014-09-21 16:43:31.617 JST" StructureHandle="/Cake_NR5/app/Lib/data/Category_backup.csv" StructureKind="resource" NumEvents="111" CreationCount="134"/><InteractionEvent Delta="null" EndDate="2014-09-21 21:16:38.46 JST" Interest="1.0" Kind="propagation" Navigation="org.eclipse.mylyn.core.model.edges.containment" OriginId="org.eclipse.mylyn.core.model.interest.propagation" StartDate="2014-09-21 21:16:38.46 JST" StructureHandle="/Cake_NR5/app/tmp/cache/models" StructureKind="resource"/><InteractionEvent Delta="null" EndDate="2014-09-21 23:23:05.736 JST" Interest="11.034" Kind="propagation" Navigation="org.eclipse.mylyn.core.model.edges.containment" OriginId="org.eclipse.mylyn.core.model.interest.propagation" StartDate="2014-09-21 22:43:43.649 JST" StructureHandle="/CR6_cake/lib" StructureKind="resource" NumEvents="16" CreationCount="2245"/><InteractionEvent Delta="null" EndDate="2014-09-21 22:43:42.370 JST" Interest="1.0" Kind="selection" Navigation="null" OriginId="org.eclipse.search.ui.views.SearchView" StartDate="2014-09-21 22:43:42.370 JST" StructureHandle="/CR6_cake/lib" StructureKind="resource"/><InteractionEvent Delta="null" EndDate="2014-09-21 21:44:36.889 JST" Interest="11.0" Kind="selection" Navigation="null" OriginId="org.eclipse.php.editor" StartDate="2014-09-21 21:18:03.485 JST" StructureHandle="/Cake_NR5/app/View/Categorys/view.ctp" StructureKind="resource" NumEvents="11" CreationCount="1237"/><InteractionEvent Delta="null" EndDate="2014-09-21 21:44:36.916 JST" Interest="15.0" Kind="edit" Navigation="null" OriginId="org.eclipse.php.editor" StartDate="2014-09-21 21:18:03.869 JST" StructureHandle="/Cake_NR5/app/View/Categorys/view.ctp" StructureKind="resource" NumEvents="15" CreationCount="1237"/><InteractionEvent Delta="null" EndDate="2014-09-21 23:23:05.525 JST" Interest="140.717" Kind="propagation" Navigation="org.eclipse.mylyn.core.model.edges.containment" OriginId="org.eclipse.mylyn.core.model.interest.propagation" StartDate="2014-09-21 16:43:23.501 JST" StructureHandle="/Cake_NR5/app/Lib" StructureKind="resource" NumEvents="183" CreationCount="132"/><InteractionEvent Delta="null" EndDate="2014-09-21 21:16:36.309 JST" Interest="2.0" Kind="selection" Navigation="null" OriginId="org.eclipse.ui.views.ResourceNavigator" StartDate="2014-09-21 16:43:22.389 JST" StructureHandle="/Cake_NR5/app/Lib" StructureKind="resource" NumEvents="2" CreationCount="132"/><InteractionEvent Delta="null" EndDate="2014-09-21 21:42:38.71 JST" Interest="27.0" Kind="selection" Navigation="null" OriginId="org.eclipse.php.editor" StartDate="2014-09-21 16:38:53.270 JST" StructureHandle="/Cake_NR5/app/View/Elements/layouts/links.ctp" StructureKind="resource" NumEvents="27" CreationCount="7"/><InteractionEvent Delta="null" EndDate="2014-09-21 21:42:38.118 JST" Interest="63.0" Kind="edit" Navigation="null" OriginId="org.eclipse.php.editor" StartDate="2014-09-21 16:38:53.605 JST" StructureHandle="/Cake_NR5/app/View/Elements/layouts/links.ctp" StructureKind="resource" NumEvents="63" CreationCount="7"/><InteractionEvent Delta="null" EndDate="2014-09-21 21:44:37.41 JST" Interest="12.0" Kind="selection" Navigation="null" OriginId="org.eclipse.php.editor" StartDate="2014-09-21 21:16:44.857 JST" StructureHandle="/Cake_NR5/app/View/Categorys/index.ctp" StructureKind="resource" NumEvents="12" CreationCount="1199"/><InteractionEvent Delta="null" EndDate="2014-09-21 21:44:37.69 JST" Interest="48.0" Kind="edit" Navigation="null" OriginId="org.eclipse.php.editor" StartDate="2014-09-21 21:16:44.922 JST" StructureHandle="/Cake_NR5/app/View/Categorys/index.ctp" StructureKind="resource" NumEvents="48" CreationCount="1199"/><InteractionEvent Delta="null" EndDate="2014-09-21 23:04:00.497 JST" Interest="2.0" Kind="prediction" Navigation="null" OriginId="org.eclipse.mylyn.resources.ui.interest.updater" StartDate="2014-09-21 21:16:38.43 JST" StructureHandle="/Cake_NR5/app/tmp/cache/persistent/myapp_cake_core_default_en-us" StructureKind="resource" NumEvents="2" CreationCount="1195"/><InteractionEvent Delta="null" EndDate="2014-09-21 16:56:29.723 JST" Interest="1.0" Kind="selection" Navigation="null" OriginId="org.eclipse.ui.views.ResourceNavigator" StartDate="2014-09-21 16:56:29.723 JST" StructureHandle="/Cake_NR5/app/Controller/PositionsController.php" StructureKind="resource"/><InteractionEvent Delta="null" EndDate="2014-09-21 23:23:05.169 JST" Interest="40.0" Kind="selection" Navigation="null" OriginId="org.eclipse.ui.DefaultTextEditor" StartDate="2014-09-21 17:00:21.276 JST" StructureHandle="/Cake_NR5/lib/log/log.txt" StructureKind="resource" NumEvents="40" CreationCount="490"/><InteractionEvent Delta="null" EndDate="2014-09-21 23:23:05.184 JST" Interest="71.0" Kind="edit" Navigation="null" OriginId="org.eclipse.ui.DefaultTextEditor" StartDate="2014-09-21 17:00:21.834 JST" StructureHandle="/Cake_NR5/lib/log/log.txt" StructureKind="resource" NumEvents="71" CreationCount="490"/><InteractionEvent Delta="null" EndDate="2014-09-21 17:00:19.361 JST" Interest="1.0" Kind="prediction" Navigation="null" OriginId="org.eclipse.mylyn.resources.ui.interest.updater" StartDate="2014-09-21 17:00:19.361 JST" StructureHandle="/Cake_NR5/lib/log/log.txt" StructureKind="resource"/><InteractionEvent Delta="null" EndDate="2014-09-21 22:25:34.507 JST" Interest="1.0" Kind="selection" Navigation="null" OriginId="org.eclipse.search.ui.views.SearchView" StartDate="2014-09-21 22:25:34.507 JST" StructureHandle="/Cake_NR5/lib/Cake/Network" StructureKind="resource"/><InteractionEvent Delta="null" EndDate="2014-09-21 23:15:14.940 JST" Interest="20.414001" Kind="propagation" Navigation="org.eclipse.mylyn.core.model.edges.containment" OriginId="org.eclipse.mylyn.core.model.interest.propagation" StartDate="2014-09-21 21:36:14.15 JST" StructureHandle="/Cake_NR5/app/Config" StructureKind="resource" NumEvents="18" CreationCount="1341"/><InteractionEvent Delta="null" EndDate="2014-09-21 21:36:11.744 JST" Interest="1.0" Kind="selection" Navigation="null" OriginId="org.eclipse.ui.views.ResourceNavigator" StartDate="2014-09-21 21:36:11.744 JST" StructureHandle="/Cake_NR5/app/Config" StructureKind="resource"/><InteractionEvent Delta="null" EndDate="2014-09-21 21:16:38.47 JST" Interest="1.0" Kind="propagation" Navigation="org.eclipse.mylyn.core.model.edges.containment" OriginId="org.eclipse.mylyn.core.model.interest.propagation" StartDate="2014-09-21 21:16:38.47 JST" StructureHandle="/Cake_NR5/app/tmp" StructureKind="resource"/><InteractionEvent Delta="null" EndDate="2014-09-21 21:44:37.69 JST" Interest="43.634" Kind="propagation" Navigation="org.eclipse.mylyn.core.model.edges.containment" OriginId="org.eclipse.mylyn.core.model.interest.propagation" StartDate="2014-09-21 21:16:45.481 JST" StructureHandle="/Cake_NR5/app/View/Categorys" StructureKind="resource" NumEvents="58" CreationCount="1197"/><InteractionEvent Delta="null" EndDate="2014-09-21 21:16:43.841 JST" Interest="2.0" Kind="selection" Navigation="null" OriginId="org.eclipse.ui.views.ResourceNavigator" StartDate="2014-09-21 21:16:40.659 JST" StructureHandle="/Cake_NR5/app/View/Categorys" StructureKind="resource" NumEvents="2" CreationCount="1197"/><InteractionEvent Delta="null" EndDate="2014-09-21 23:04:02.474 JST" Interest="1.0" Kind="selection" Navigation="null" OriginId="org.eclipse.ui.views.ResourceNavigator" StartDate="2014-09-21 23:04:02.474 JST" StructureHandle="/Cake_NR5/app/Vendor" StructureKind="resource"/><InteractionEvent Delta="null" EndDate="2014-09-21 21:16:38.45 JST" Interest="1.0" Kind="prediction" Navigation="null" OriginId="org.eclipse.mylyn.resources.ui.interest.updater" StartDate="2014-09-21 21:16:38.45 JST" StructureHandle="/Cake_NR5/app/tmp/cache/models/myapp_cake_model_default_articles" StructureKind="resource"/><InteractionEvent Delta="null" EndDate="2014-09-21 22:43:38.818 JST" Interest="16.133999" Kind="propagation" Navigation="org.eclipse.mylyn.core.model.edges.containment" OriginId="org.eclipse.mylyn.core.model.interest.propagation" StartDate="2014-09-21 21:14:53.430 JST" StructureHandle="/CR6_cake/app/Controller" StructureKind="resource" NumEvents="21" CreationCount="1105"/><InteractionEvent Delta="null" EndDate="2014-09-21 22:43:36.154 JST" Interest="1.0" Kind="selection" Navigation="null" OriginId="org.eclipse.search.ui.views.SearchView" StartDate="2014-09-21 22:43:36.154 JST" StructureHandle="/CR6_cake/app/Controller" StructureKind="resource"/><InteractionEvent Delta="null" EndDate="2014-09-21 22:43:36.154 JST" Interest="3.229002" Kind="manipulation" Navigation="null" OriginId="org.eclipse.mylyn.core.model.interest.decay.correction" StartDate="2014-09-21 22:43:36.154 JST" StructureHandle="/CR6_cake/app/Controller" StructureKind="resource"/><InteractionEvent Delta="null" EndDate="2014-09-21 23:18:20.304 JST" Interest="1285.1339" Kind="propagation" Navigation="org.eclipse.mylyn.core.model.edges.containment" OriginId="org.eclipse.mylyn.core.model.interest.propagation" StartDate="2014-09-21 16:39:41.624 JST" StructureHandle="/Cake_NR5/app/Controller" StructureKind="resource" NumEvents="1801" CreationCount="25"/><InteractionEvent Delta="null" EndDate="2014-09-21 16:39:39.845 JST" Interest="1.0" Kind="selection" Navigation="null" OriginId="org.eclipse.ui.views.ResourceNavigator" StartDate="2014-09-21 16:39:39.845 JST" StructureHandle="/Cake_NR5/app/Controller" StructureKind="resource"/><InteractionEvent Delta="null" EndDate="2014-09-21 23:04:00.499 JST" Interest="2.0" Kind="prediction" Navigation="null" OriginId="org.eclipse.mylyn.resources.ui.interest.updater" StartDate="2014-09-21 21:16:38.45 JST" StructureHandle="/Cake_NR5/app/tmp/cache/models/myapp_cake_model_default_development_sqlite3_list" StructureKind="resource" NumEvents="2" CreationCount="1195"/><InteractionEvent Delta="null" EndDate="2014-09-21 23:04:00.497 JST" Interest="2.0" Kind="prediction" Navigation="null" OriginId="org.eclipse.mylyn.resources.ui.interest.updater" StartDate="2014-09-21 21:16:38.44 JST" StructureHandle="/Cake_NR5/app/tmp/cache/models/myapp_cake_model_default_categories" StructureKind="resource" NumEvents="2" CreationCount="1195"/><InteractionEvent Delta="null" EndDate="2014-09-21 22:25:14.474 JST" Interest="2.0" Kind="prediction" Navigation="null" OriginId="org.eclipse.mylyn.resources.ui.interest.updater" StartDate="2014-09-21 21:16:38.44 JST" StructureHandle="/Cake_NR5/app/tmp/logs/error.log" StructureKind="resource" NumEvents="2" CreationCount="1195"/><InteractionEvent Delta="null" EndDate="2014-09-21 23:23:05.186 JST" Interest="85.73399" Kind="propagation" Navigation="org.eclipse.mylyn.core.model.edges.containment" OriginId="org.eclipse.mylyn.core.model.interest.propagation" StartDate="2014-09-21 17:00:20.19 JST" StructureHandle="/Cake_NR5/lib" StructureKind="resource" NumEvents="110" CreationCount="488"/><InteractionEvent Delta="null" EndDate="2014-09-21 22:25:32.114 JST" Interest="5.0" Kind="selection" Navigation="null" OriginId="org.eclipse.search.ui.views.SearchView" StartDate="2014-09-21 16:56:34.809 JST" StructureHandle="/Cake_NR5/lib" StructureKind="resource" NumEvents="5" CreationCount="488"/><InteractionEvent Delta="null" EndDate="2014-09-21 21:16:31.829 JST" Interest="2.0" Kind="selection" Navigation="null" OriginId="org.eclipse.ui.views.ResourceNavigator" StartDate="2014-09-21 21:14:41.218 JST" StructureHandle="/Cake_NR5/app/.htaccess" StructureKind="resource" NumEvents="2" CreationCount="1104"/><InteractionEvent Delta="null" EndDate="2014-09-21 21:16:31.829 JST" Interest="0.49600005" Kind="manipulation" Navigation="null" OriginId="org.eclipse.mylyn.core.model.interest.decay.correction" StartDate="2014-09-21 21:16:31.829 JST" StructureHandle="/Cake_NR5/app/.htaccess" StructureKind="resource"/><InteractionEvent Delta="null" EndDate="2014-09-21 23:23:05.995 JST" Interest="3.0" Kind="selection" Navigation="null" OriginId="org.eclipse.ui.DefaultTextEditor" StartDate="2014-09-21 23:15:17.352 JST" StructureHandle="/Cake_NR5/sql.txt" StructureKind="resource" NumEvents="3" CreationCount="2494"/><InteractionEvent Delta="null" EndDate="2014-09-21 23:23:30.311 JST" Interest="16.0" Kind="edit" Navigation="null" OriginId="org.eclipse.ui.DefaultTextEditor" StartDate="2014-09-21 23:15:17.372 JST" StructureHandle="/Cake_NR5/sql.txt" StructureKind="resource" NumEvents="16" CreationCount="2494"/></InteractionHistory>