<?xml version="1.0" encoding="UTF-8"?><InteractionHistory Id="local-42" Version="1"><InteractionEvent Delta="null" EndDate="2014-09-24 10:22:55.528 JST" Interest="268.65704" Kind="propagation" Navigation="org.eclipse.mylyn.core.model.edges.containment" OriginId="org.eclipse.mylyn.core.model.interest.propagation" StartDate="2014-09-24 06:53:11.459 JST" StructureHandle="" StructureKind="c/c++" NumEvents="405" CreationCount="1"/><InteractionEvent Delta="null" EndDate="2014-09-24 06:53:11.457 JST" Interest="1.0" Kind="selection" Navigation="null" OriginId="org.eclipse.ui.views.ResourceNavigator" StartDate="2014-09-24 06:53:11.457 JST" StructureHandle="/Cake_NR5/.settings" StructureKind="resource"/><InteractionEvent Delta="null" EndDate="2014-09-24 09:19:26.621 JST" Interest="209.0" Kind="edit" Navigation="null" OriginId="org.eclipse.php.editor" StartDate="2014-09-24 08:15:44.447 JST" StructureHandle="/Cake_NR5/app/Controller/KeywordsController.php" StructureKind="resource" NumEvents="209" CreationCount="966"/><InteractionEvent Delta="null" EndDate="2014-09-24 09:09:39.222 JST" Interest="10.0" Kind="selection" Navigation="null" OriginId="org.eclipse.php.editor" StartDate="2014-09-24 08:15:44.189 JST" StructureHandle="/Cake_NR5/app/Controller/KeywordsController.php" StructureKind="resource" NumEvents="10" CreationCount="966"/><InteractionEvent Delta="null" EndDate="2014-09-24 08:40:23.318 JST" Interest="17.887001" Kind="manipulation" Navigation="null" OriginId="org.eclipse.mylyn.core.model.interest.decay.correction" StartDate="2014-09-24 08:40:23.318 JST" StructureHandle="/Cake_NR5/app/View/Articles/edit.ctp" StructureKind="resource"/><InteractionEvent Delta="null" EndDate="2014-09-24 08:40:23.318 JST" Interest="2.0" Kind="selection" Navigation="null" OriginId="org.eclipse.ui.views.ResourceNavigator" StartDate="2014-09-24 07:15:40.446 JST" StructureHandle="/Cake_NR5/app/View/Articles/edit.ctp" StructureKind="resource" NumEvents="2" CreationCount="218"/><InteractionEvent Delta="null" EndDate="2014-09-24 09:19:30.404 JST" Interest="0.45600033" Kind="manipulation" Navigation="null" OriginId="org.eclipse.mylyn.core.model.interest.decay.correction" StartDate="2014-09-24 09:19:30.404 JST" StructureHandle="/Cake_NR5/app/View/Elements/layouts" StructureKind="resource"/><InteractionEvent Delta="null" EndDate="2014-09-24 10:23:00.903 JST" Interest="28.034" Kind="propagation" Navigation="org.eclipse.mylyn.core.model.edges.containment" OriginId="org.eclipse.mylyn.core.model.interest.propagation" StartDate="2014-09-24 08:27:04.846 JST" StructureHandle="/Cake_NR5/app/View/Elements/layouts" StructureKind="resource" NumEvents="39" CreationCount="1121"/><InteractionEvent Delta="null" EndDate="2014-09-24 09:19:30.404 JST" Interest="2.0" Kind="selection" Navigation="null" OriginId="org.eclipse.ui.views.ResourceNavigator" StartDate="2014-09-24 08:27:03.336 JST" StructureHandle="/Cake_NR5/app/View/Elements/layouts" StructureKind="resource" NumEvents="2" CreationCount="1121"/><InteractionEvent Delta="null" EndDate="2014-09-24 10:23:13.219 JST" Interest="1629.0" Kind="propagation" Navigation="null" OriginId="org.eclipse.ui.views.ResourceNavigator" StartDate="2014-09-24 06:53:11.459 JST" StructureHandle="/Cake_NR5" StructureKind="resource" NumEvents="1629" CreationCount="1"/><InteractionEvent Delta="null" EndDate="2014-09-24 08:15:34.965 JST" Interest="255.93399" Kind="propagation" Navigation="org.eclipse.mylyn.core.model.edges.containment" OriginId="org.eclipse.mylyn.core.model.interest.propagation" StartDate="2014-09-24 07:15:44.467 JST" StructureHandle="/Cake_NR5/app/View/Elements/articles" StructureKind="resource" NumEvents="362" CreationCount="220"/><InteractionEvent Delta="null" EndDate="2014-09-24 08:40:27.281 JST" Interest="4.0" Kind="selection" Navigation="null" OriginId="org.eclipse.ui.views.ResourceNavigator" StartDate="2014-09-24 07:15:43.649 JST" StructureHandle="/Cake_NR5/app/View/Elements/articles" StructureKind="resource" NumEvents="4" CreationCount="220"/><InteractionEvent Delta="null" EndDate="2014-09-24 08:08:56.974 JST" Interest="50.0" Kind="edit" Navigation="null" OriginId="org.eclipse.php.editor" StartDate="2014-09-24 07:25:04.586 JST" StructureHandle="/Cake_NR5/app/View/Elements/articles/index/_idx_test_D_9_V_1_1.ctp" StructureKind="resource" NumEvents="50" CreationCount="298"/><InteractionEvent Delta="null" EndDate="2014-09-24 08:08:54.538 JST" Interest="25.0" Kind="selection" Navigation="null" OriginId="org.eclipse.php.editor" StartDate="2014-09-24 07:25:04.242 JST" StructureHandle="/Cake_NR5/app/View/Elements/articles/index/_idx_test_D_9_V_1_1.ctp" StructureKind="resource" NumEvents="25" CreationCount="298"/><InteractionEvent Delta="null" EndDate="2014-09-24 09:08:57.488 JST" Interest="198.35498" Kind="propagation" Navigation="org.eclipse.mylyn.core.model.edges.containment" OriginId="org.eclipse.mylyn.core.model.interest.propagation" StartDate="2014-09-24 08:25:02.777 JST" StructureHandle="/Cake_NR5/app/View/Elements/keywords" StructureKind="resource" NumEvents="278" CreationCount="1087"/><InteractionEvent Delta="null" EndDate="2014-09-24 08:29:41.269 JST" Interest="2.0" Kind="selection" Navigation="null" OriginId="org.eclipse.ui.views.ResourceNavigator" StartDate="2014-09-24 08:25:00.749 JST" StructureHandle="/Cake_NR5/app/View/Elements/keywords" StructureKind="resource" NumEvents="2" CreationCount="1087"/><InteractionEvent Delta="null" EndDate="2014-09-24 07:35:15.322 JST" Interest="1.0" Kind="selection" Navigation="null" OriginId="org.eclipse.ui.views.ResourceNavigator" StartDate="2014-09-24 07:35:15.322 JST" StructureHandle="/Cake_NR5/app/webroot/css/jquery-ui.theme.css" StructureKind="resource"/><InteractionEvent Delta="null" EndDate="2014-09-24 08:45:01.327 JST" Interest="173.151" Kind="propagation" Navigation="org.eclipse.mylyn.core.model.edges.containment" OriginId="org.eclipse.mylyn.core.model.interest.propagation" StartDate="2014-09-24 07:35:13.900 JST" StructureHandle="/Cake_NR5/app/webroot" StructureKind="resource" NumEvents="240" CreationCount="420"/><InteractionEvent Delta="null" EndDate="2014-09-24 07:35:11.383 JST" Interest="1.0" Kind="selection" Navigation="null" OriginId="org.eclipse.ui.views.ResourceNavigator" StartDate="2014-09-24 07:35:11.383 JST" StructureHandle="/Cake_NR5/app/webroot" StructureKind="resource"/><InteractionEvent Delta="null" EndDate="2014-09-24 08:44:44.455 JST" Interest="260.546" Kind="propagation" Navigation="org.eclipse.mylyn.core.model.edges.containment" OriginId="org.eclipse.mylyn.core.model.interest.propagation" StartDate="2014-09-24 07:10:11.114 JST" StructureHandle="/Cake_NR5/app/View" StructureKind="resource" NumEvents="368" CreationCount="184"/><InteractionEvent Delta="null" EndDate="2014-09-24 07:10:08.846 JST" Interest="1.0" Kind="selection" Navigation="null" OriginId="org.eclipse.ui.views.ResourceNavigator" StartDate="2014-09-24 07:10:08.846 JST" StructureHandle="/Cake_NR5/app/View" StructureKind="resource"/><InteractionEvent Delta="null" EndDate="2014-09-24 09:09:39.85 JST" Interest="261.0" Kind="edit" Navigation="null" OriginId="org.eclipse.php.editor" StartDate="2014-09-24 06:53:23.708 JST" StructureHandle="/Cake_NR5/app/Controller/ArticlesController.php" StructureKind="resource" NumEvents="261" CreationCount="4"/><InteractionEvent Delta="null" EndDate="2014-09-24 09:09:39.60 JST" Interest="16.0" Kind="selection" Navigation="null" OriginId="org.eclipse.php.editor" StartDate="2014-09-24 06:53:18.828 JST" StructureHandle="/Cake_NR5/app/Controller/ArticlesController.php" StructureKind="resource" NumEvents="16" CreationCount="4"/><InteractionEvent Delta="null" EndDate="2014-09-24 08:15:36.856 JST" Interest="1.0" Kind="selection" Navigation="null" OriginId="org.eclipse.ui.views.ResourceNavigator" StartDate="2014-09-24 08:15:36.856 JST" StructureHandle="/Cake_NR5/app/View/Positions" StructureKind="resource"/><InteractionEvent Delta="null" EndDate="2014-09-24 08:44:44.353 JST" Interest="257.951" Kind="propagation" Navigation="org.eclipse.mylyn.core.model.edges.containment" OriginId="org.eclipse.mylyn.core.model.interest.propagation" StartDate="2014-09-24 07:15:43.649 JST" StructureHandle="/Cake_NR5/app/View/Elements" StructureKind="resource" NumEvents="369" CreationCount="219"/><InteractionEvent Delta="null" EndDate="2014-09-24 08:44:44.455 JST" Interest="3.0" Kind="selection" Navigation="null" OriginId="org.eclipse.ui.views.ResourceNavigator" StartDate="2014-09-24 07:15:42.233 JST" StructureHandle="/Cake_NR5/app/View/Elements" StructureKind="resource" NumEvents="3" CreationCount="219"/><InteractionEvent Delta="null" EndDate="2014-09-24 08:44:50.431 JST" Interest="263.64" Kind="propagation" Navigation="org.eclipse.mylyn.core.model.edges.containment" OriginId="org.eclipse.mylyn.core.model.interest.propagation" StartDate="2014-09-24 06:53:16.481 JST" StructureHandle="/Cake_NR5/app" StructureKind="resource" NumEvents="382" CreationCount="2"/><InteractionEvent Delta="null" EndDate="2014-09-24 06:53:14.98 JST" Interest="1.0" Kind="selection" Navigation="null" OriginId="org.eclipse.ui.views.ResourceNavigator" StartDate="2014-09-24 06:53:14.98 JST" StructureHandle="/Cake_NR5/app" StructureKind="resource"/><InteractionEvent Delta="null" EndDate="2014-09-24 09:02:59.535 JST" Interest="15.0" Kind="edit" Navigation="null" OriginId="org.eclipse.php.editor" StartDate="2014-09-24 08:40:30.808 JST" StructureHandle="/Cake_NR5/app/View/Elements/articles/index/_header.ctp" StructureKind="resource" NumEvents="15" CreationCount="1333"/><InteractionEvent Delta="null" EndDate="2014-09-24 09:02:53.130 JST" Interest="6.0" Kind="selection" Navigation="null" OriginId="org.eclipse.php.editor" StartDate="2014-09-24 08:40:30.562 JST" StructureHandle="/Cake_NR5/app/View/Elements/articles/index/_header.ctp" StructureKind="resource" NumEvents="6" CreationCount="1333"/><InteractionEvent Delta="null" EndDate="2014-09-24 09:08:57.488 JST" Interest="263.0" Kind="edit" Navigation="null" OriginId="org.eclipse.php.editor" StartDate="2014-09-24 08:26:34.704 JST" StructureHandle="/Cake_NR5/app/View/Elements/keywords/index_t_headers.ctp" StructureKind="resource" NumEvents="263" CreationCount="1102"/><InteractionEvent Delta="null" EndDate="2014-09-24 09:07:33.360 JST" Interest="16.0" Kind="selection" Navigation="null" OriginId="org.eclipse.php.editor" StartDate="2014-09-24 08:26:34.390 JST" StructureHandle="/Cake_NR5/app/View/Elements/keywords/index_t_headers.ctp" StructureKind="resource" NumEvents="16" CreationCount="1102"/><InteractionEvent Delta="null" EndDate="2014-09-24 08:44:58.46 JST" Interest="45.116997" Kind="propagation" Navigation="org.eclipse.mylyn.core.model.edges.containment" OriginId="org.eclipse.mylyn.core.model.interest.propagation" StartDate="2014-09-24 07:10:12.915 JST" StructureHandle="/Cake_NR5/app/View/Articles" StructureKind="resource" NumEvents="60" CreationCount="185"/><InteractionEvent Delta="null" EndDate="2014-09-24 10:23:02.125 JST" Interest="4.0" Kind="selection" Navigation="null" OriginId="org.eclipse.ui.views.ResourceNavigator" StartDate="2014-09-24 07:10:11.113 JST" StructureHandle="/Cake_NR5/app/View/Articles" StructureKind="resource" NumEvents="4" CreationCount="185"/><InteractionEvent Delta="null" EndDate="2014-09-24 08:45:01.326 JST" Interest="173.134" Kind="propagation" Navigation="org.eclipse.mylyn.core.model.edges.containment" OriginId="org.eclipse.mylyn.core.model.interest.propagation" StartDate="2014-09-24 07:35:15.323 JST" StructureHandle="/Cake_NR5/app/webroot/css" StructureKind="resource" NumEvents="239" CreationCount="421"/><InteractionEvent Delta="null" EndDate="2014-09-24 07:35:13.899 JST" Interest="1.0" Kind="selection" Navigation="null" OriginId="org.eclipse.ui.views.ResourceNavigator" StartDate="2014-09-24 07:35:13.899 JST" StructureHandle="/Cake_NR5/app/webroot/css" StructureKind="resource"/><InteractionEvent Delta="null" EndDate="2014-09-24 08:45:10.949 JST" Interest="9.0" Kind="edit" Navigation="null" OriginId="org.eclipse.php.editor" StartDate="2014-09-24 08:25:03.33 JST" StructureHandle="/Cake_NR5/app/View/Elements/keywords/_index_pagination.ctp" StructureKind="resource" NumEvents="9" CreationCount="1088"/><InteractionEvent Delta="null" EndDate="2014-09-24 08:45:10.921 JST" Interest="6.0" Kind="selection" Navigation="null" OriginId="org.eclipse.php.editor" StartDate="2014-09-24 08:25:02.776 JST" StructureHandle="/Cake_NR5/app/View/Elements/keywords/_index_pagination.ctp" StructureKind="resource" NumEvents="6" CreationCount="1088"/><InteractionEvent Delta="null" EndDate="2014-09-24 09:19:32.306 JST" Interest="0.47300053" Kind="manipulation" Navigation="null" OriginId="org.eclipse.mylyn.core.model.interest.decay.correction" StartDate="2014-09-24 09:19:32.306 JST" StructureHandle="/Cake_NR5/app/View/Elements/layouts/links.ctp" StructureKind="resource"/><InteractionEvent Delta="null" EndDate="2014-09-24 10:20:46.178 JST" Interest="30.0" Kind="edit" Navigation="null" OriginId="org.eclipse.php.editor" StartDate="2014-09-24 08:27:05.222 JST" StructureHandle="/Cake_NR5/app/View/Elements/layouts/links.ctp" StructureKind="resource" NumEvents="30" CreationCount="1122"/><InteractionEvent Delta="null" EndDate="2014-09-24 10:23:00.903 JST" Interest="9.0" Kind="selection" Navigation="null" OriginId="org.eclipse.ui.views.ResourceNavigator" StartDate="2014-09-24 08:27:04.846 JST" StructureHandle="/Cake_NR5/app/View/Elements/layouts/links.ctp" StructureKind="resource" NumEvents="9" CreationCount="1122"/><InteractionEvent Delta="null" EndDate="2014-09-24 08:44:58.45 JST" Interest="43.0" Kind="edit" Navigation="null" OriginId="org.eclipse.php.editor" StartDate="2014-09-24 07:10:13.684 JST" StructureHandle="/Cake_NR5/app/View/Articles/index.ctp" StructureKind="resource" NumEvents="43" CreationCount="186"/><InteractionEvent Delta="null" EndDate="2014-09-24 08:44:58.18 JST" Interest="18.0" Kind="selection" Navigation="null" OriginId="org.eclipse.php.editor" StartDate="2014-09-24 07:10:12.914 JST" StructureHandle="/Cake_NR5/app/View/Articles/index.ctp" StructureKind="resource" NumEvents="18" CreationCount="186"/><InteractionEvent Delta="null" EndDate="2014-09-24 08:15:34.965 JST" Interest="255.91699" Kind="propagation" Navigation="org.eclipse.mylyn.core.model.edges.containment" OriginId="org.eclipse.mylyn.core.model.interest.propagation" StartDate="2014-09-24 07:15:48.755 JST" StructureHandle="/Cake_NR5/app/View/Elements/articles/index" StructureKind="resource" NumEvents="355" CreationCount="221"/><InteractionEvent Delta="null" EndDate="2014-09-24 08:40:29.64 JST" Interest="2.0" Kind="selection" Navigation="null" OriginId="org.eclipse.ui.views.ResourceNavigator" StartDate="2014-09-24 07:15:44.466 JST" StructureHandle="/Cake_NR5/app/View/Elements/articles/index" StructureKind="resource" NumEvents="2" CreationCount="221"/><InteractionEvent Delta="null" EndDate="2014-09-24 10:23:13.219 JST" Interest="1629.0" Kind="propagation" Navigation="org.eclipse.mylyn.core.model.edges.containment" OriginId="org.eclipse.mylyn.core.model.interest.propagation" StartDate="2014-09-24 06:53:11.459 JST" StructureHandle="/" StructureKind="resource" NumEvents="1629" CreationCount="1"/><InteractionEvent Delta="null" EndDate="2014-09-24 10:22:55.528 JST" Interest="4.0" Kind="selection" Navigation="null" OriginId="org.eclipse.ui.views.ResourceNavigator" StartDate="2014-09-24 09:32:03.187 JST" StructureHandle="=Cake_NR5" StructureKind="c/c++" NumEvents="4" CreationCount="1"/><InteractionEvent Delta="null" EndDate="2014-09-24 08:44:59.120 JST" Interest="264.65704" Kind="propagation" Navigation="org.eclipse.mylyn.core.model.edges.containment" OriginId="org.eclipse.mylyn.core.model.interest.propagation" StartDate="2014-09-24 06:53:11.459 JST" StructureHandle="=Cake_NR5" StructureKind="c/c++" NumEvents="425" CreationCount="1"/><InteractionEvent Delta="null" EndDate="2014-09-24 08:44:48.797 JST" Interest="15.034001" Kind="manipulation" Navigation="null" OriginId="org.eclipse.mylyn.core.model.interest.decay.correction" StartDate="2014-09-24 08:40:09.502 JST" StructureHandle="/Cake_NR5/app/View/Articles/add.ctp" StructureKind="resource" NumEvents="2" CreationCount="419"/><InteractionEvent Delta="null" EndDate="2014-09-24 08:52:36.449 JST" Interest="9.0" Kind="edit" Navigation="null" OriginId="org.eclipse.php.editor" StartDate="2014-09-24 08:44:48.993 JST" StructureHandle="/Cake_NR5/app/View/Articles/add.ctp" StructureKind="resource" NumEvents="9" CreationCount="419"/><InteractionEvent Delta="null" EndDate="2014-09-24 09:19:27.27 JST" Interest="6.0" Kind="selection" Navigation="null" OriginId="org.eclipse.ui.views.ResourceNavigator" StartDate="2014-09-24 07:35:08.260 JST" StructureHandle="/Cake_NR5/app/View/Articles/add.ctp" StructureKind="resource" NumEvents="6" CreationCount="419"/><InteractionEvent Delta="null" EndDate="2014-09-24 08:45:01.326 JST" Interest="213.0" Kind="edit" Navigation="null" OriginId="org.eclipse.wst.css.core.csssource.source" StartDate="2014-09-24 07:35:17.0 JST" StructureHandle="/Cake_NR5/app/webroot/css/main.css" StructureKind="resource" NumEvents="213" CreationCount="423"/><InteractionEvent Delta="null" EndDate="2014-09-24 08:45:01.300 JST" Interest="25.0" Kind="selection" Navigation="null" OriginId="org.eclipse.wst.css.core.csssource.source" StartDate="2014-09-24 07:35:16.925 JST" StructureHandle="/Cake_NR5/app/webroot/css/main.css" StructureKind="resource" NumEvents="25" CreationCount="423"/><InteractionEvent Delta="null" EndDate="2014-09-24 09:19:27.276 JST" Interest="1.0" Kind="selection" Navigation="null" OriginId="org.eclipse.ui.views.ResourceNavigator" StartDate="2014-09-24 09:19:27.276 JST" StructureHandle="/Cake_NR5/app/View/Elements/articles/index/_idx_t_entries.ctp" StructureKind="resource"/><InteractionEvent Delta="null" EndDate="2014-09-24 08:29:42.999 JST" Interest="2.0" Kind="prediction" Navigation="null" OriginId="org.eclipse.mylyn.resources.ui.interest.updater" StartDate="2014-09-24 07:35:12.696 JST" StructureHandle="/Cake_NR5/app/webroot/development.sqlite3" StructureKind="resource" NumEvents="2" CreationCount="420"/><InteractionEvent Delta="null" EndDate="2014-09-24 10:23:07.948 JST" Interest="1.0" Kind="selection" Navigation="null" OriginId="org.eclipse.ui.views.ResourceNavigator" StartDate="2014-09-24 10:23:07.948 JST" StructureHandle="/Cake_NR5/app/View/Articles/view.ctp" StructureKind="resource"/><InteractionEvent Delta="null" EndDate="2014-09-24 08:15:34.964 JST" Interest="327.0" Kind="edit" Navigation="null" OriginId="org.eclipse.php.editor" StartDate="2014-09-24 07:15:49.134 JST" StructureHandle="/Cake_NR5/app/View/Elements/articles/index/_idx_test_D_9_V_1_1_Header.ctp" StructureKind="resource" NumEvents="327" CreationCount="222"/><InteractionEvent Delta="null" EndDate="2014-09-24 08:08:57.561 JST" Interest="28.0" Kind="selection" Navigation="null" OriginId="org.eclipse.php.editor" StartDate="2014-09-24 07:15:48.755 JST" StructureHandle="/Cake_NR5/app/View/Elements/articles/index/_idx_test_D_9_V_1_1_Header.ctp" StructureKind="resource" NumEvents="28" CreationCount="222"/><InteractionEvent Delta="null" EndDate="2014-09-24 09:09:39.85 JST" Interest="197.717" Kind="propagation" Navigation="org.eclipse.mylyn.core.model.edges.containment" OriginId="org.eclipse.mylyn.core.model.interest.propagation" StartDate="2014-09-24 06:53:18.830 JST" StructureHandle="/Cake_NR5/app/Controller" StructureKind="resource" NumEvents="277" CreationCount="3"/><InteractionEvent Delta="null" EndDate="2014-09-24 10:23:13.218 JST" Interest="2.0" Kind="selection" Navigation="null" OriginId="org.eclipse.ui.views.ResourceNavigator" StartDate="2014-09-24 06:53:16.477 JST" StructureHandle="/Cake_NR5/app/Controller" StructureKind="resource" NumEvents="2" CreationCount="3"/></InteractionHistory>