<?xml version="1.0" encoding="UTF-8"?><InteractionHistory Id="local-67" Version="1"><InteractionEvent Delta="null" EndDate="2014-10-16 11:50:30.198 JST" Interest="5.3039994" Kind="propagation" Navigation="org.eclipse.mylyn.core.model.edges.containment" OriginId="org.eclipse.mylyn.core.model.interest.propagation" StartDate="2014-10-16 11:50:07.539 JST" StructureHandle="" StructureKind="c/c++" NumEvents="8" CreationCount="1"/><InteractionEvent Delta="null" EndDate="2014-10-16 11:50:14.703 JST" Interest="1.0" Kind="selection" Navigation="null" OriginId="org.eclipse.ui.views.ResourceNavigator" StartDate="2014-10-16 11:50:14.703 JST" StructureHandle="/Cake_NR5/app/Controller/SkimmedtokensController.php" StructureKind="resource"/><InteractionEvent Delta="null" EndDate="2014-10-16 11:50:14.263 JST" Interest="3.0" Kind="selection" Navigation="null" OriginId="org.eclipse.ui.views.ResourceNavigator" StartDate="2014-10-16 11:50:12.161 JST" StructureHandle="/Cake_NR5/app/Controller/EqsController.php" StructureKind="resource" NumEvents="3" CreationCount="5"/><InteractionEvent Delta="null" EndDate="2014-10-16 11:50:13.987 JST" Interest="2.0" Kind="edit" Navigation="null" OriginId="org.eclipse.php.editor" StartDate="2014-10-16 11:50:12.748 JST" StructureHandle="/Cake_NR5/app/Controller/EqsController.php" StructureKind="resource" NumEvents="2" CreationCount="5"/><InteractionEvent Delta="null" EndDate="2014-10-16 11:50:10.688 JST" Interest="1.0" Kind="selection" Navigation="null" OriginId="org.eclipse.ui.views.ResourceNavigator" StartDate="2014-10-16 11:50:10.688 JST" StructureHandle="/Cake_NR5/app/Controller" StructureKind="resource"/><InteractionEvent Delta="null" EndDate="2014-10-16 11:50:14.264 JST" Interest="3.4170003" Kind="propagation" Navigation="org.eclipse.mylyn.core.model.edges.containment" OriginId="org.eclipse.mylyn.core.model.interest.propagation" StartDate="2014-10-16 11:50:12.162 JST" StructureHandle="/Cake_NR5/app/Controller" StructureKind="resource" NumEvents="5" CreationCount="4"/><InteractionEvent Delta="null" EndDate="2014-10-16 11:50:20.909 JST" Interest="1.0" Kind="selection" Navigation="null" OriginId="org.eclipse.ui.views.ResourceNavigator" StartDate="2014-10-16 11:50:20.909 JST" StructureHandle="/Cake_NR5/app/View/Eqs" StructureKind="resource"/><InteractionEvent Delta="null" EndDate="2014-10-16 11:50:30.197 JST" Interest="4.1169996" Kind="propagation" Navigation="org.eclipse.mylyn.core.model.edges.containment" OriginId="org.eclipse.mylyn.core.model.interest.propagation" StartDate="2014-10-16 11:50:22.388 JST" StructureHandle="/Cake_NR5/app/View/Eqs" StructureKind="resource" NumEvents="6" CreationCount="12"/><InteractionEvent Delta="null" EndDate="2014-10-16 11:50:30.198 JST" Interest="18.0" Kind="propagation" Navigation="null" OriginId="org.eclipse.php.editor" StartDate="2014-10-16 11:50:07.538 JST" StructureHandle="/Cake_NR5" StructureKind="resource" NumEvents="18" CreationCount="1"/><InteractionEvent Delta="null" EndDate="2014-10-16 11:50:07.724 JST" Interest="3.0" Kind="selection" Navigation="null" OriginId="org.eclipse.ui.views.ResourceNavigator" StartDate="2014-10-16 11:50:07.538 JST" StructureHandle="/Cake_NR5/app" StructureKind="resource" NumEvents="3" CreationCount="1"/><InteractionEvent Delta="null" EndDate="2014-10-16 11:50:30.198 JST" Interest="2.3039997" Kind="propagation" Navigation="org.eclipse.mylyn.core.model.edges.containment" OriginId="org.eclipse.mylyn.core.model.interest.propagation" StartDate="2014-10-16 11:50:13.988 JST" StructureHandle="/Cake_NR5/app" StructureKind="resource" NumEvents="5" CreationCount="1"/><InteractionEvent Delta="null" EndDate="2014-10-16 11:50:16.976 JST" Interest="1.0" Kind="selection" Navigation="null" OriginId="org.eclipse.ui.views.ResourceNavigator" StartDate="2014-10-16 11:50:16.976 JST" StructureHandle="/Cake_NR5/app/View" StructureKind="resource"/><InteractionEvent Delta="null" EndDate="2014-10-16 11:50:30.197 JST" Interest="4.134" Kind="propagation" Navigation="org.eclipse.mylyn.core.model.edges.containment" OriginId="org.eclipse.mylyn.core.model.interest.propagation" StartDate="2014-10-16 11:50:20.909 JST" StructureHandle="/Cake_NR5/app/View" StructureKind="resource" NumEvents="7" CreationCount="11"/><InteractionEvent Delta="null" EndDate="2014-10-16 11:50:30.198 JST" Interest="18.0" Kind="propagation" Navigation="org.eclipse.mylyn.core.model.edges.containment" OriginId="org.eclipse.mylyn.core.model.interest.propagation" StartDate="2014-10-16 11:50:07.539 JST" StructureHandle="/" StructureKind="resource" NumEvents="18" CreationCount="1"/><InteractionEvent Delta="null" EndDate="2014-10-16 11:50:30.198 JST" Interest="5.3039994" Kind="propagation" Navigation="org.eclipse.mylyn.core.model.edges.containment" OriginId="org.eclipse.mylyn.core.model.interest.propagation" StartDate="2014-10-16 11:50:07.538 JST" StructureHandle="=Cake_NR5" StructureKind="c/c++" NumEvents="8" CreationCount="1"/><InteractionEvent Delta="null" EndDate="2014-10-16 11:50:30.186 JST" Interest="3.0" Kind="selection" Navigation="null" OriginId="org.eclipse.php.editor" StartDate="2014-10-16 11:50:22.387 JST" StructureHandle="/Cake_NR5/app/View/Eqs/index.ctp" StructureKind="resource" NumEvents="3" CreationCount="13"/><InteractionEvent Delta="null" EndDate="2014-10-16 11:50:30.196 JST" Interest="3.0" Kind="edit" Navigation="null" OriginId="org.eclipse.php.editor" StartDate="2014-10-16 11:50:22.831 JST" StructureHandle="/Cake_NR5/app/View/Eqs/index.ctp" StructureKind="resource" NumEvents="3" CreationCount="13"/></InteractionHistory>