<?xml version="1.0" encoding="UTF-8"?><InteractionHistory Id="local-39" Version="1"><InteractionEvent Delta="null" EndDate="2014-09-22 21:25:09.828 JST" Interest="325.111" Kind="propagation" Navigation="org.eclipse.mylyn.core.model.edges.containment" OriginId="org.eclipse.mylyn.core.model.interest.propagation" StartDate="2014-09-22 15:54:21.457 JST" StructureHandle="" StructureKind="c/c++" NumEvents="461" CreationCount="1"/><InteractionEvent Delta="null" EndDate="2014-09-22 21:04:21.816 JST" Interest="12.051" Kind="propagation" Navigation="org.eclipse.mylyn.core.model.edges.containment" OriginId="org.eclipse.mylyn.core.model.interest.propagation" StartDate="2014-09-22 20:59:17.284 JST" StructureHandle="/Cake_NR5/app/Lib" StructureKind="resource" NumEvents="17" CreationCount="278"/><InteractionEvent Delta="null" EndDate="2014-09-22 20:59:15.658 JST" Interest="0.5190003" Kind="manipulation" Navigation="null" OriginId="org.eclipse.mylyn.core.model.interest.decay.correction" StartDate="2014-09-22 20:59:15.658 JST" StructureHandle="/Cake_NR5/app/Lib" StructureKind="resource"/><InteractionEvent Delta="null" EndDate="2014-09-22 20:59:15.658 JST" Interest="4.0" Kind="selection" Navigation="null" OriginId="org.eclipse.ui.views.ResourceNavigator" StartDate="2014-09-22 16:46:50.290 JST" StructureHandle="/Cake_NR5/app/Lib" StructureKind="resource" NumEvents="4" CreationCount="278"/><InteractionEvent Delta="null" EndDate="2014-09-22 21:26:44.442 JST" Interest="22.0" Kind="edit" Navigation="null" OriginId="org.eclipse.php.editor" StartDate="2014-09-22 21:02:55.694 JST" StructureHandle="/Cake_NR5/app/View/Articles/index.ctp" StructureKind="resource" NumEvents="22" CreationCount="561"/><InteractionEvent Delta="null" EndDate="2014-09-22 21:26:36.336 JST" Interest="8.0" Kind="selection" Navigation="null" OriginId="org.eclipse.php.editor" StartDate="2014-09-22 21:02:55.381 JST" StructureHandle="/Cake_NR5/app/View/Articles/index.ctp" StructureKind="resource" NumEvents="8" CreationCount="561"/><InteractionEvent Delta="null" EndDate="2014-09-22 21:02:46.249 JST" Interest="1.0" Kind="selection" Navigation="null" OriginId="org.eclipse.ui.views.ResourceNavigator" StartDate="2014-09-22 21:02:46.249 JST" StructureHandle="/Cake_NR5/app/Controller/PagesController.php" StructureKind="resource"/><InteractionEvent Delta="null" EndDate="2014-09-22 21:22:53.431 JST" Interest="8.0" Kind="edit" Navigation="null" OriginId="org.eclipse.php.editor" StartDate="2014-09-22 20:51:38.792 JST" StructureHandle="/Cake_NR5/app/View/Elements/articles/index/_idx_test_D_9_V_1_1.ctp" StructureKind="resource" NumEvents="8" CreationCount="386"/><InteractionEvent Delta="null" EndDate="2014-09-22 21:22:53.411 JST" Interest="8.0" Kind="selection" Navigation="null" OriginId="org.eclipse.php.editor" StartDate="2014-09-22 20:51:38.427 JST" StructureHandle="/Cake_NR5/app/View/Elements/articles/index/_idx_test_D_9_V_1_1.ctp" StructureKind="resource" NumEvents="8" CreationCount="386"/><InteractionEvent Delta="null" EndDate="2014-09-22 21:22:53.610 JST" Interest="12.651001" Kind="propagation" Navigation="org.eclipse.mylyn.core.model.edges.containment" OriginId="org.eclipse.mylyn.core.model.interest.propagation" StartDate="2014-09-22 20:51:33.850 JST" StructureHandle="/Cake_NR5/app/View/Elements/articles/index" StructureKind="resource" NumEvents="17" CreationCount="376"/><InteractionEvent Delta="null" EndDate="2014-09-22 20:51:29.638 JST" Interest="3.0" Kind="selection" Navigation="null" OriginId="org.eclipse.ui.views.ResourceNavigator" StartDate="2014-09-22 20:51:29.635 JST" StructureHandle="/Cake_NR5/app/View/Elements/articles/index" StructureKind="resource" NumEvents="3" CreationCount="376"/><InteractionEvent Delta="null" EndDate="2014-09-22 21:22:53.611 JST" Interest="12.702001" Kind="propagation" Navigation="org.eclipse.mylyn.core.model.edges.containment" OriginId="org.eclipse.mylyn.core.model.interest.propagation" StartDate="2014-09-22 20:51:29.638 JST" StructureHandle="/Cake_NR5/app/View/Elements/articles" StructureKind="resource" NumEvents="20" CreationCount="373"/><InteractionEvent Delta="null" EndDate="2014-09-22 20:51:28.782 JST" Interest="3.0" Kind="selection" Navigation="null" OriginId="org.eclipse.ui.views.ResourceNavigator" StartDate="2014-09-22 20:51:28.780 JST" StructureHandle="/Cake_NR5/app/View/Elements/articles" StructureKind="resource" NumEvents="3" CreationCount="373"/><InteractionEvent Delta="null" EndDate="2014-09-22 21:35:41.724 JST" Interest="926.0" Kind="propagation" Navigation="null" OriginId="org.eclipse.php.editor" StartDate="2014-09-22 15:54:21.457 JST" StructureHandle="/Cake_NR5" StructureKind="resource" NumEvents="926" CreationCount="1"/><InteractionEvent Delta="null" EndDate="2014-09-22 20:53:40.188 JST" Interest="3.0" Kind="selection" Navigation="null" OriginId="org.eclipse.ui.views.ResourceNavigator" StartDate="2014-09-22 20:53:40.184 JST" StructureHandle="/Cake_NR5/app/View/Categorys" StructureKind="resource" NumEvents="3" CreationCount="406"/><InteractionEvent Delta="null" EndDate="2014-09-22 21:25:09.828 JST" Interest="325.111" Kind="propagation" Navigation="org.eclipse.mylyn.core.model.edges.containment" OriginId="org.eclipse.mylyn.core.model.interest.propagation" StartDate="2014-09-22 15:54:21.456 JST" StructureHandle="=Cake_NR5" StructureKind="c/c++" NumEvents="461" CreationCount="1"/><InteractionEvent Delta="null" EndDate="2014-09-22 21:35:41.724 JST" Interest="926.0" Kind="propagation" Navigation="org.eclipse.mylyn.core.model.edges.containment" OriginId="org.eclipse.mylyn.core.model.interest.propagation" StartDate="2014-09-22 15:54:21.457 JST" StructureHandle="/" StructureKind="resource" NumEvents="926" CreationCount="1"/><InteractionEvent Delta="null" EndDate="2014-09-22 21:26:44.443 JST" Interest="23.698" Kind="propagation" Navigation="org.eclipse.mylyn.core.model.edges.containment" OriginId="org.eclipse.mylyn.core.model.interest.propagation" StartDate="2014-09-22 20:51:27.632 JST" StructureHandle="/Cake_NR5/app/View" StructureKind="resource" NumEvents="37" CreationCount="367"/><InteractionEvent Delta="null" EndDate="2014-09-22 20:51:25.406 JST" Interest="3.0" Kind="selection" Navigation="null" OriginId="org.eclipse.ui.views.ResourceNavigator" StartDate="2014-09-22 20:51:25.404 JST" StructureHandle="/Cake_NR5/app/View" StructureKind="resource" NumEvents="3" CreationCount="367"/><InteractionEvent Delta="null" EndDate="2014-09-22 21:04:21.815 JST" Interest="12.017" Kind="propagation" Navigation="org.eclipse.mylyn.core.model.edges.containment" OriginId="org.eclipse.mylyn.core.model.interest.propagation" StartDate="2014-09-22 20:59:18.743 JST" StructureHandle="/Cake_NR5/app/Lib/utils" StructureKind="resource" NumEvents="16" CreationCount="487"/><InteractionEvent Delta="null" EndDate="2014-09-22 20:59:17.284 JST" Interest="1.0" Kind="selection" Navigation="null" OriginId="org.eclipse.ui.views.ResourceNavigator" StartDate="2014-09-22 20:59:17.284 JST" StructureHandle="/Cake_NR5/app/Lib/utils" StructureKind="resource"/><InteractionEvent Delta="null" EndDate="2014-09-22 21:22:53.611 JST" Interest="12.753" Kind="propagation" Navigation="org.eclipse.mylyn.core.model.edges.containment" OriginId="org.eclipse.mylyn.core.model.interest.propagation" StartDate="2014-09-22 20:51:28.783 JST" StructureHandle="/Cake_NR5/app/View/Elements" StructureKind="resource" NumEvents="24" CreationCount="370"/><InteractionEvent Delta="null" EndDate="2014-09-22 20:51:27.632 JST" Interest="3.0" Kind="selection" Navigation="null" OriginId="org.eclipse.ui.views.ResourceNavigator" StartDate="2014-09-22 20:51:27.629 JST" StructureHandle="/Cake_NR5/app/View/Elements" StructureKind="resource" NumEvents="3" CreationCount="370"/><InteractionEvent Delta="null" EndDate="2014-09-22 21:04:21.815 JST" Interest="10.0" Kind="edit" Navigation="null" OriginId="org.eclipse.php.editor" StartDate="2014-09-22 20:59:19.164 JST" StructureHandle="/Cake_NR5/app/Lib/utils/utils.php" StructureKind="resource" NumEvents="10" CreationCount="488"/><InteractionEvent Delta="null" EndDate="2014-09-22 21:04:21.799 JST" Interest="6.0" Kind="selection" Navigation="null" OriginId="org.eclipse.php.editor" StartDate="2014-09-22 20:59:18.742 JST" StructureHandle="/Cake_NR5/app/Lib/utils/utils.php" StructureKind="resource" NumEvents="6" CreationCount="488"/><InteractionEvent Delta="null" EndDate="2014-09-22 16:46:53.842 JST" Interest="3.0" Kind="selection" Navigation="null" OriginId="org.eclipse.ui.views.ResourceNavigator" StartDate="2014-09-22 16:46:53.840 JST" StructureHandle="/Cake_NR5/sql.txt" StructureKind="resource" NumEvents="3" CreationCount="281"/><InteractionEvent Delta="null" EndDate="2014-09-22 21:35:41.724 JST" Interest="252.55101" Kind="propagation" Navigation="org.eclipse.mylyn.core.model.edges.containment" OriginId="org.eclipse.mylyn.core.model.interest.propagation" StartDate="2014-09-22 15:54:29.281 JST" StructureHandle="/Cake_NR5/app/Controller" StructureKind="resource" NumEvents="357" CreationCount="10"/><InteractionEvent Delta="null" EndDate="2014-09-22 15:54:26.781 JST" Interest="3.0" Kind="selection" Navigation="null" OriginId="org.eclipse.ui.views.ResourceNavigator" StartDate="2014-09-22 15:54:26.779 JST" StructureHandle="/Cake_NR5/app/Controller" StructureKind="resource" NumEvents="3" CreationCount="10"/><InteractionEvent Delta="null" EndDate="2014-09-22 21:35:41.724 JST" Interest="249.70401" Kind="propagation" Navigation="org.eclipse.mylyn.core.model.edges.containment" OriginId="org.eclipse.mylyn.core.model.interest.propagation" StartDate="2014-09-22 15:54:32.858 JST" StructureHandle="/Cake_NR5/app" StructureKind="resource" NumEvents="353" CreationCount="1"/><InteractionEvent Delta="null" EndDate="2014-09-22 15:54:24.285 JST" Interest="6.0" Kind="selection" Navigation="null" OriginId="org.eclipse.ui.views.ResourceNavigator" StartDate="2014-09-22 15:54:21.456 JST" StructureHandle="/Cake_NR5/app" StructureKind="resource" NumEvents="6" CreationCount="1"/><InteractionEvent Delta="null" EndDate="2014-09-22 21:26:44.442 JST" Interest="22.417" Kind="propagation" Navigation="org.eclipse.mylyn.core.model.edges.containment" OriginId="org.eclipse.mylyn.core.model.interest.propagation" StartDate="2014-09-22 21:02:55.382 JST" StructureHandle="/Cake_NR5/app/View/Articles" StructureKind="resource" NumEvents="30" CreationCount="560"/><InteractionEvent Delta="null" EndDate="2014-09-22 21:02:53.352 JST" Interest="1.0" Kind="selection" Navigation="null" OriginId="org.eclipse.ui.views.ResourceNavigator" StartDate="2014-09-22 21:02:53.352 JST" StructureHandle="/Cake_NR5/app/View/Articles" StructureKind="resource"/><InteractionEvent Delta="null" EndDate="2014-09-22 21:25:09.828 JST" Interest="429.0" Kind="edit" Navigation="null" OriginId="org.eclipse.php.editor" StartDate="2014-09-22 16:46:55.421 JST" StructureHandle="/Cake_NR5/test.php" StructureKind="resource" NumEvents="429" CreationCount="284"/><InteractionEvent Delta="null" EndDate="2014-09-22 21:25:09.814 JST" Interest="20.0" Kind="selection" Navigation="null" OriginId="org.eclipse.php.editor" StartDate="2014-09-22 16:46:54.318 JST" StructureHandle="/Cake_NR5/test.php" StructureKind="resource" NumEvents="20" CreationCount="284"/><InteractionEvent Delta="null" EndDate="2014-09-22 20:59:10.528 JST" Interest="1.0" Kind="selection" Navigation="null" OriginId="org.eclipse.ui.views.ResourceNavigator" StartDate="2014-09-22 20:59:10.528 JST" StructureHandle="/Cake_NR5/lib" StructureKind="resource"/><InteractionEvent Delta="null" EndDate="2014-09-22 15:54:22.898 JST" Interest="3.0" Kind="selection" Navigation="null" OriginId="org.eclipse.ui.views.ResourceNavigator" StartDate="2014-09-22 15:54:22.893 JST" StructureHandle="/Cake_NR5/.htaccess" StructureKind="resource" NumEvents="3" CreationCount="4"/><InteractionEvent Delta="null" EndDate="2014-09-22 21:22:53.609 JST" Interest="8.0" Kind="edit" Navigation="null" OriginId="org.eclipse.php.editor" StartDate="2014-09-22 20:51:35.749 JST" StructureHandle="/Cake_NR5/app/View/Elements/articles/index/_idx_test_D_9_V_1_1_Header.ctp" StructureKind="resource" NumEvents="8" CreationCount="379"/><InteractionEvent Delta="null" EndDate="2014-09-22 21:22:53.586 JST" Interest="10.0" Kind="selection" Navigation="null" OriginId="org.eclipse.php.editor" StartDate="2014-09-22 20:51:33.843 JST" StructureHandle="/Cake_NR5/app/View/Elements/articles/index/_idx_test_D_9_V_1_1_Header.ctp" StructureKind="resource" NumEvents="10" CreationCount="379"/><InteractionEvent Delta="null" EndDate="2014-09-22 21:35:41.723 JST" Interest="345.0" Kind="edit" Navigation="null" OriginId="org.eclipse.php.editor" StartDate="2014-09-22 15:54:30.829 JST" StructureHandle="/Cake_NR5/app/Controller/ArticlesController.php" StructureKind="resource" NumEvents="345" CreationCount="13"/><InteractionEvent Delta="null" EndDate="2014-09-22 21:27:55.13 JST" Interest="14.0" Kind="selection" Navigation="null" OriginId="org.eclipse.php.editor" StartDate="2014-09-22 15:54:29.277 JST" StructureHandle="/Cake_NR5/app/Controller/ArticlesController.php" StructureKind="resource" NumEvents="14" CreationCount="13"/></InteractionHistory>