<?xml version="1.0" encoding="UTF-8"?><InteractionHistory Id="local-84" Version="1"><InteractionEvent Delta="null" EndDate="2014-10-28 09:25:43.268 JST" Interest="26.002" Kind="propagation" Navigation="org.eclipse.mylyn.core.model.edges.containment" OriginId="org.eclipse.mylyn.core.model.interest.propagation" StartDate="2014-10-28 09:23:01.974 JST" StructureHandle="" StructureKind="c/c++" NumEvents="42" CreationCount="1"/><InteractionEvent Delta="null" EndDate="2014-10-28 09:25:48.590 JST" Interest="4.0" Kind="edit" Navigation="null" OriginId="org.eclipse.php.editor" StartDate="2014-10-28 09:25:39.476 JST" StructureHandle="/Cake_SL3/app/View/Stores/view.ctp" StructureKind="resource" NumEvents="4" CreationCount="65"/><InteractionEvent Delta="null" EndDate="2014-10-28 09:25:45.703 JST" Interest="4.0" Kind="selection" Navigation="null" OriginId="org.eclipse.php.editor" StartDate="2014-10-28 09:25:39.399 JST" StructureHandle="/Cake_SL3/app/View/Stores/view.ctp" StructureKind="resource" NumEvents="4" CreationCount="65"/><InteractionEvent Delta="null" EndDate="2014-10-28 09:23:07.99 JST" Interest="1.0" Kind="selection" Navigation="null" OriginId="org.eclipse.ui.views.ResourceNavigator" StartDate="2014-10-28 09:23:07.99 JST" StructureHandle="/Cake_SL3/app/Vendor" StructureKind="resource"/><InteractionEvent Delta="null" EndDate="2014-10-28 09:25:43.267 JST" Interest="24.934" Kind="propagation" Navigation="org.eclipse.mylyn.core.model.edges.containment" OriginId="org.eclipse.mylyn.core.model.interest.propagation" StartDate="2014-10-28 09:23:10.744 JST" StructureHandle="/Cake_SL3/app/View" StructureKind="resource" NumEvents="36" CreationCount="5"/><InteractionEvent Delta="null" EndDate="2014-10-28 09:23:08.807 JST" Interest="1.0" Kind="selection" Navigation="null" OriginId="org.eclipse.ui.views.ResourceNavigator" StartDate="2014-10-28 09:23:08.807 JST" StructureHandle="/Cake_SL3/app/View" StructureKind="resource"/><InteractionEvent Delta="null" EndDate="2014-10-28 09:30:01.848 JST" Interest="97.0" Kind="propagation" Navigation="org.eclipse.mylyn.core.model.edges.containment" OriginId="org.eclipse.mylyn.core.model.interest.propagation" StartDate="2014-10-28 09:23:01.974 JST" StructureHandle="/" StructureKind="resource" NumEvents="97" CreationCount="1"/><InteractionEvent Delta="null" EndDate="2014-10-28 09:23:04.737 JST" Interest="1.0" Kind="selection" Navigation="null" OriginId="org.eclipse.ui.views.ResourceNavigator" StartDate="2014-10-28 09:23:04.737 JST" StructureHandle="/Cake_SL3/app/Console" StructureKind="resource"/><InteractionEvent Delta="null" EndDate="2014-10-28 09:23:05.212 JST" Interest="1.0" Kind="selection" Navigation="null" OriginId="org.eclipse.ui.views.ResourceNavigator" StartDate="2014-10-28 09:23:05.212 JST" StructureHandle="/Cake_SL3/app/Controller" StructureKind="resource"/><InteractionEvent Delta="null" EndDate="2014-10-28 09:25:24.672 JST" Interest="22.917" Kind="propagation" Navigation="org.eclipse.mylyn.core.model.edges.containment" OriginId="org.eclipse.mylyn.core.model.interest.propagation" StartDate="2014-10-28 09:23:11.306 JST" StructureHandle="/Cake_SL3/app/View/Genres" StructureKind="resource" NumEvents="32" CreationCount="6"/><InteractionEvent Delta="null" EndDate="2014-10-28 09:25:43.266 JST" Interest="3.0" Kind="selection" Navigation="null" OriginId="org.eclipse.ui.views.ResourceNavigator" StartDate="2014-10-28 09:23:10.743 JST" StructureHandle="/Cake_SL3/app/View/Genres" StructureKind="resource" NumEvents="3" CreationCount="6"/><InteractionEvent Delta="null" EndDate="2014-10-28 09:25:43.267 JST" Interest="26.002" Kind="propagation" Navigation="org.eclipse.mylyn.core.model.edges.containment" OriginId="org.eclipse.mylyn.core.model.interest.propagation" StartDate="2014-10-28 09:23:01.973 JST" StructureHandle="=Cake_SL3" StructureKind="c/c++" NumEvents="44" CreationCount="1"/><InteractionEvent Delta="null" EndDate="2014-10-28 09:25:37.174 JST" Interest="15.916999" Kind="propagation" Navigation="org.eclipse.mylyn.core.model.edges.containment" OriginId="org.eclipse.mylyn.core.model.interest.propagation" StartDate="2014-10-28 09:23:43.942 JST" StructureHandle="/Cake_SL3/app/View/Stores" StructureKind="resource" NumEvents="22" CreationCount="19"/><InteractionEvent Delta="null" EndDate="2014-10-28 09:25:37.494 JST" Interest="2.0" Kind="selection" Navigation="null" OriginId="org.eclipse.ui.views.ResourceNavigator" StartDate="2014-10-28 09:23:43.409 JST" StructureHandle="/Cake_SL3/app/View/Stores" StructureKind="resource" NumEvents="2" CreationCount="19"/><InteractionEvent Delta="null" EndDate="2014-10-28 09:24:17.964 JST" Interest="17.0" Kind="edit" Navigation="null" OriginId="org.eclipse.php.editor" StartDate="2014-10-28 09:23:44.417 JST" StructureHandle="/Cake_SL3/app/View/Stores/add.ctp" StructureKind="resource" NumEvents="17" CreationCount="20"/><InteractionEvent Delta="null" EndDate="2014-10-28 09:25:37.173 JST" Interest="5.0" Kind="selection" Navigation="null" OriginId="org.eclipse.ui.views.ResourceNavigator" StartDate="2014-10-28 09:23:43.941 JST" StructureHandle="/Cake_SL3/app/View/Stores/add.ctp" StructureKind="resource" NumEvents="5" CreationCount="20"/><InteractionEvent Delta="null" EndDate="2014-10-28 09:30:01.847 JST" Interest="97.0" Kind="propagation" Navigation="null" OriginId="org.eclipse.php.editor" StartDate="2014-10-28 09:23:01.973 JST" StructureHandle="/Cake_SL3" StructureKind="resource" NumEvents="97" CreationCount="1"/><InteractionEvent Delta="null" EndDate="2014-10-28 09:25:24.672 JST" Interest="27.0" Kind="edit" Navigation="null" OriginId="org.eclipse.php.editor" StartDate="2014-10-28 09:23:11.587 JST" StructureHandle="/Cake_SL3/app/View/Genres/add.ctp" StructureKind="resource" NumEvents="27" CreationCount="7"/><InteractionEvent Delta="null" EndDate="2014-10-28 09:24:21.848 JST" Interest="6.0" Kind="selection" Navigation="null" OriginId="org.eclipse.php.editor" StartDate="2014-10-28 09:23:11.304 JST" StructureHandle="/Cake_SL3/app/View/Genres/add.ctp" StructureKind="resource" NumEvents="6" CreationCount="7"/><InteractionEvent Delta="null" EndDate="2014-10-28 09:25:43.267 JST" Interest="25.002" Kind="propagation" Navigation="org.eclipse.mylyn.core.model.edges.containment" OriginId="org.eclipse.mylyn.core.model.interest.propagation" StartDate="2014-10-28 09:23:04.737 JST" StructureHandle="/Cake_SL3/app" StructureKind="resource" NumEvents="41" CreationCount="1"/><InteractionEvent Delta="null" EndDate="2014-10-28 09:23:01.973 JST" Interest="1.0" Kind="selection" Navigation="null" OriginId="org.eclipse.ui.views.ResourceNavigator" StartDate="2014-10-28 09:23:01.973 JST" StructureHandle="/Cake_SL3/app" StructureKind="resource"/><InteractionEvent Delta="null" EndDate="2014-10-28 09:30:01.845 JST" Interest="21.0" Kind="edit" Navigation="null" OriginId="org.eclipse.php.editor" StartDate="2014-10-28 09:25:44.681 JST" StructureHandle="/Cake_SL3/app/View/Genres/view.ctp" StructureKind="resource" NumEvents="21" CreationCount="71"/><InteractionEvent Delta="null" EndDate="2014-10-28 09:30:01.832 JST" Interest="3.0" Kind="selection" Navigation="null" OriginId="org.eclipse.php.editor" StartDate="2014-10-28 09:25:44.604 JST" StructureHandle="/Cake_SL3/app/View/Genres/view.ctp" StructureKind="resource" NumEvents="3" CreationCount="71"/></InteractionHistory>