<?xml version="1.0" encoding="UTF-8"?><InteractionHistory Id="local-48" Version="1"><InteractionEvent Delta="null" EndDate="2014-09-29 13:18:17.343 JST" Interest="129.134" Kind="propagation" Navigation="org.eclipse.mylyn.core.model.edges.containment" OriginId="org.eclipse.mylyn.core.model.interest.propagation" StartDate="2014-09-29 12:46:58.88 JST" StructureHandle="" StructureKind="c/c++" NumEvents="185" CreationCount="1"/><InteractionEvent Delta="null" EndDate="2014-09-29 13:19:19.587 JST" Interest="1.0" Kind="selection" Navigation="null" OriginId="org.eclipse.ui.views.ResourceNavigator" StartDate="2014-09-29 13:19:19.587 JST" StructureHandle="/Cake_NR5/app/Plugin" StructureKind="resource"/><InteractionEvent Delta="null" EndDate="2014-09-29 13:10:27.810 JST" Interest="1.5670002" Kind="manipulation" Navigation="null" OriginId="org.eclipse.mylyn.core.model.interest.decay.correction" StartDate="2014-09-29 13:10:27.810 JST" StructureHandle="/Cake_NR5/app/Controller/KeywordsController.php" StructureKind="resource"/><InteractionEvent Delta="null" EndDate="2014-09-29 13:10:27.810 JST" Interest="2.0" Kind="selection" Navigation="null" OriginId="org.eclipse.ui.views.ResourceNavigator" StartDate="2014-09-29 12:53:19.269 JST" StructureHandle="/Cake_NR5/app/Controller/KeywordsController.php" StructureKind="resource" NumEvents="2" CreationCount="56"/><InteractionEvent Delta="null" EndDate="2014-09-29 14:25:10.594 JST" Interest="21.9" Kind="propagation" Navigation="org.eclipse.mylyn.core.model.edges.containment" OriginId="org.eclipse.mylyn.core.model.interest.propagation" StartDate="2014-09-29 13:21:28.673 JST" StructureHandle="/Cake_NR5/app/View/Elements/layouts" StructureKind="resource" NumEvents="30" CreationCount="421"/><InteractionEvent Delta="null" EndDate="2014-09-29 14:25:12.572 JST" Interest="461.0" Kind="propagation" Navigation="null" OriginId="org.eclipse.ui.views.ResourceNavigator" StartDate="2014-09-29 12:46:58.87 JST" StructureHandle="/Cake_NR5" StructureKind="resource" NumEvents="461" CreationCount="1"/><InteractionEvent Delta="null" EndDate="2014-09-29 13:19:31.832 JST" Interest="23.0" Kind="edit" Navigation="null" OriginId="org.eclipse.php.editor" StartDate="2014-09-29 13:13:43.445 JST" StructureHandle="/Cake_NR5/app/View/Elements/tokens/index_t_headers.ctp" StructureKind="resource" NumEvents="23" CreationCount="249"/><InteractionEvent Delta="null" EndDate="2014-09-29 13:13:40.25 JST" Interest="1.0" Kind="propagation" Navigation="null" OriginId="org.eclipse.mylyn.resources.ui.interest.updater" StartDate="2014-09-29 13:13:40.25 JST" StructureHandle="/Cake_NR5/app/View/Elements/tokens/index_t_headers.ctp" StructureKind="resource"/><InteractionEvent Delta="null" EndDate="2014-09-29 13:19:31.906 JST" Interest="10.0" Kind="selection" Navigation="null" OriginId="org.eclipse.php.editor" StartDate="2014-09-29 13:13:43.347 JST" StructureHandle="/Cake_NR5/app/View/Elements/tokens/index_t_headers.ctp" StructureKind="resource" NumEvents="10" CreationCount="249"/><InteractionEvent Delta="null" EndDate="2014-09-29 13:21:29.363 JST" Interest="31.878002" Kind="propagation" Navigation="org.eclipse.mylyn.core.model.edges.containment" OriginId="org.eclipse.mylyn.core.model.interest.propagation" StartDate="2014-09-29 12:48:45.18 JST" StructureHandle="/Cake_NR5/app/View" StructureKind="resource" NumEvents="58" CreationCount="15"/><InteractionEvent Delta="null" EndDate="2014-09-29 13:19:17.177 JST" Interest="3.0" Kind="selection" Navigation="null" OriginId="org.eclipse.ui.views.ResourceNavigator" StartDate="2014-09-29 12:48:40.555 JST" StructureHandle="/Cake_NR5/app/View" StructureKind="resource" NumEvents="3" CreationCount="15"/><InteractionEvent Delta="null" EndDate="2014-09-29 13:19:15.125 JST" Interest="26.951" Kind="propagation" Navigation="org.eclipse.mylyn.core.model.edges.containment" OriginId="org.eclipse.mylyn.core.model.interest.propagation" StartDate="2014-09-29 13:13:32.931 JST" StructureHandle="/Cake_NR5/app/View/Elements" StructureKind="resource" NumEvents="46" CreationCount="32"/><InteractionEvent Delta="null" EndDate="2014-09-29 13:13:30.897 JST" Interest="2.6380002" Kind="manipulation" Navigation="null" OriginId="org.eclipse.mylyn.core.model.interest.decay.correction" StartDate="2014-09-29 13:13:30.897 JST" StructureHandle="/Cake_NR5/app/View/Elements" StructureKind="resource"/><InteractionEvent Delta="null" EndDate="2014-09-29 13:21:25.744 JST" Interest="5.0" Kind="selection" Navigation="null" OriginId="org.eclipse.ui.views.ResourceNavigator" StartDate="2014-09-29 12:49:24.8 JST" StructureHandle="/Cake_NR5/app/View/Elements" StructureKind="resource" NumEvents="5" CreationCount="32"/><InteractionEvent Delta="null" EndDate="2014-09-29 12:54:04.452 JST" Interest="28.0" Kind="edit" Navigation="null" OriginId="org.eclipse.php.editor" StartDate="2014-09-29 12:49:29.878 JST" StructureHandle="/Cake_NR5/app/Controller/HistorysController.php" StructureKind="resource" NumEvents="28" CreationCount="34"/><InteractionEvent Delta="null" EndDate="2014-09-29 12:53:19.112 JST" Interest="4.0" Kind="selection" Navigation="null" OriginId="org.eclipse.ui.views.ResourceNavigator" StartDate="2014-09-29 12:49:29.66 JST" StructureHandle="/Cake_NR5/app/Controller/HistorysController.php" StructureKind="resource" NumEvents="4" CreationCount="34"/><InteractionEvent Delta="null" EndDate="2014-09-29 12:58:36.887 JST" Interest="9.0" Kind="edit" Navigation="null" OriginId="org.eclipse.php.editor" StartDate="2014-09-29 12:48:59.807 JST" StructureHandle="/Cake_NR5/app/View/Historys/view.ctp" StructureKind="resource" NumEvents="9" CreationCount="24"/><InteractionEvent Delta="null" EndDate="2014-09-29 12:58:36.841 JST" Interest="5.0" Kind="selection" Navigation="null" OriginId="org.eclipse.php.editor" StartDate="2014-09-29 12:48:58.754 JST" StructureHandle="/Cake_NR5/app/View/Historys/view.ctp" StructureKind="resource" NumEvents="5" CreationCount="24"/><InteractionEvent Delta="null" EndDate="2014-09-29 13:11:44.985 JST" Interest="13.0" Kind="edit" Navigation="null" OriginId="org.eclipse.php.editor" StartDate="2014-09-29 13:10:43.494 JST" StructureHandle="/Cake_NR5/app/Controller/TokensController.php" StructureKind="resource" NumEvents="13" CreationCount="211"/><InteractionEvent Delta="null" EndDate="2014-09-29 13:10:40.665 JST" Interest="1.0" Kind="propagation" Navigation="null" OriginId="org.eclipse.mylyn.resources.ui.interest.updater" StartDate="2014-09-29 13:10:40.665 JST" StructureHandle="/Cake_NR5/app/Controller/TokensController.php" StructureKind="resource"/><InteractionEvent Delta="null" EndDate="2014-09-29 13:11:57.430 JST" Interest="3.0" Kind="selection" Navigation="null" OriginId="org.eclipse.ui.views.ResourceNavigator" StartDate="2014-09-29 13:10:43.369 JST" StructureHandle="/Cake_NR5/app/Controller/TokensController.php" StructureKind="resource" NumEvents="3" CreationCount="211"/><InteractionEvent Delta="null" EndDate="2014-09-29 13:21:36.496 JST" Interest="31.099003" Kind="propagation" Navigation="org.eclipse.mylyn.core.model.edges.containment" OriginId="org.eclipse.mylyn.core.model.interest.propagation" StartDate="2014-09-29 12:48:58.631 JST" StructureHandle="/Cake_NR5/app" StructureKind="resource" NumEvents="49" CreationCount="2"/><InteractionEvent Delta="null" EndDate="2014-09-29 12:48:38.791 JST" Interest="4.0" Kind="selection" Navigation="null" OriginId="org.eclipse.ui.views.ResourceNavigator" StartDate="2014-09-29 12:46:58.417 JST" StructureHandle="/Cake_NR5/app" StructureKind="resource" NumEvents="4" CreationCount="2"/><InteractionEvent Delta="null" EndDate="2014-09-29 13:20:37.327 JST" Interest="13.0" Kind="edit" Navigation="null" OriginId="org.eclipse.php.editor" StartDate="2014-09-29 13:19:54.238 JST" StructureHandle="/Cake_NR5/app/Model/Token.php" StructureKind="resource" NumEvents="13" CreationCount="366"/><InteractionEvent Delta="null" EndDate="2014-09-29 13:19:51.49 JST" Interest="1.0" Kind="propagation" Navigation="null" OriginId="org.eclipse.mylyn.resources.ui.interest.updater" StartDate="2014-09-29 13:19:51.49 JST" StructureHandle="/Cake_NR5/app/Model/Token.php" StructureKind="resource"/><InteractionEvent Delta="null" EndDate="2014-09-29 13:20:37.277 JST" Interest="5.0" Kind="selection" Navigation="null" OriginId="org.eclipse.php.editor" StartDate="2014-09-29 13:19:54.154 JST" StructureHandle="/Cake_NR5/app/Model/Token.php" StructureKind="resource" NumEvents="5" CreationCount="366"/><InteractionEvent Delta="null" EndDate="2014-09-29 13:13:29.446 JST" Interest="1.0" Kind="selection" Navigation="null" OriginId="org.eclipse.ui.views.ResourceNavigator" StartDate="2014-09-29 13:13:29.446 JST" StructureHandle="/Cake_NR5/app/View/Errors" StructureKind="resource"/><InteractionEvent Delta="null" EndDate="2014-09-29 13:20:38.31 JST" Interest="5.0" Kind="edit" Navigation="null" OriginId="org.eclipse.php.editor" StartDate="2014-09-29 13:20:09.659 JST" StructureHandle="/Cake_NR5/app/Model/Keyword.php" StructureKind="resource" NumEvents="5" CreationCount="374"/><InteractionEvent Delta="null" EndDate="2014-09-29 13:20:37.974 JST" Interest="5.0" Kind="selection" Navigation="null" OriginId="org.eclipse.php.editor" StartDate="2014-09-29 13:20:09.494 JST" StructureHandle="/Cake_NR5/app/Model/Keyword.php" StructureKind="resource" NumEvents="5" CreationCount="374"/><InteractionEvent Delta="null" EndDate="2014-09-29 13:20:37.328 JST" Interest="13.2699995" Kind="propagation" Navigation="org.eclipse.mylyn.core.model.edges.containment" OriginId="org.eclipse.mylyn.core.model.interest.propagation" StartDate="2014-09-29 13:19:23.581 JST" StructureHandle="/Cake_NR5/app/Model" StructureKind="resource" NumEvents="17" CreationCount="356"/><InteractionEvent Delta="null" EndDate="2014-09-29 13:21:22.557 JST" Interest="3.0" Kind="selection" Navigation="null" OriginId="org.eclipse.ui.views.ResourceNavigator" StartDate="2014-09-29 13:19:36.957 JST" StructureHandle="/Cake_NR5/app/Model" StructureKind="resource" NumEvents="3" CreationCount="356"/><InteractionEvent Delta="null" EndDate="2014-09-29 13:11:57.539 JST" Interest="1.0" Kind="selection" Navigation="null" OriginId="org.eclipse.ui.views.ResourceNavigator" StartDate="2014-09-29 13:11:57.539 JST" StructureHandle="/Cake_NR5/app/Controller/UsersController.php" StructureKind="resource"/><InteractionEvent Delta="null" EndDate="2014-09-29 13:12:08.429 JST" Interest="1.0" Kind="propagation" Navigation="null" OriginId="org.eclipse.mylyn.resources.ui.interest.updater" StartDate="2014-09-29 13:12:08.429 JST" StructureHandle="/Cake_NR5/app/View/Tokens/add.ctp" StructureKind="resource"/><InteractionEvent Delta="null" EndDate="2014-09-29 13:21:03.251 JST" Interest="13.0" Kind="edit" Navigation="null" OriginId="org.eclipse.php.editor" StartDate="2014-09-29 13:20:31.743 JST" StructureHandle="/Cake_NR5/app/Model/History.php" StructureKind="resource" NumEvents="13" CreationCount="389"/><InteractionEvent Delta="null" EndDate="2014-09-29 13:20:45.562 JST" Interest="5.0" Kind="selection" Navigation="null" OriginId="org.eclipse.php.editor" StartDate="2014-09-29 13:20:31.639 JST" StructureHandle="/Cake_NR5/app/Model/History.php" StructureKind="resource" NumEvents="5" CreationCount="389"/><InteractionEvent Delta="null" EndDate="2014-09-29 13:20:44.795 JST" Interest="5.0" Kind="edit" Navigation="null" OriginId="org.eclipse.php.editor" StartDate="2014-09-29 13:19:25.373 JST" StructureHandle="/Cake_NR5/app/Model/Genre.php" StructureKind="resource" NumEvents="5" CreationCount="356"/><InteractionEvent Delta="null" EndDate="2014-09-29 13:21:22.138 JST" Interest="7.0" Kind="selection" Navigation="null" OriginId="org.eclipse.ui.views.ResourceNavigator" StartDate="2014-09-29 13:19:23.580 JST" StructureHandle="/Cake_NR5/app/Model/Genre.php" StructureKind="resource" NumEvents="7" CreationCount="356"/><InteractionEvent Delta="null" EndDate="2014-09-29 14:24:35.665 JST" Interest="27.0" Kind="edit" Navigation="null" OriginId="org.eclipse.php.editor" StartDate="2014-09-29 13:21:28.793 JST" StructureHandle="/Cake_NR5/app/View/Elements/layouts/links.ctp" StructureKind="resource" NumEvents="27" CreationCount="421"/><InteractionEvent Delta="null" EndDate="2014-09-29 14:25:10.593 JST" Interest="3.0" Kind="selection" Navigation="null" OriginId="org.eclipse.ui.views.ResourceNavigator" StartDate="2014-09-29 13:21:28.672 JST" StructureHandle="/Cake_NR5/app/View/Elements/layouts/links.ctp" StructureKind="resource" NumEvents="3" CreationCount="421"/><InteractionEvent Delta="null" EndDate="2014-09-29 13:18:52.335 JST" Interest="27.0" Kind="edit" Navigation="null" OriginId="org.eclipse.php.editor" StartDate="2014-09-29 13:17:18.561 JST" StructureHandle="/Cake_NR5/app/View/Elements/tokens/index_t_entries.ctp" StructureKind="resource" NumEvents="27" CreationCount="249"/><InteractionEvent Delta="null" EndDate="2014-09-29 13:13:40.27 JST" Interest="1.0" Kind="propagation" Navigation="null" OriginId="org.eclipse.mylyn.resources.ui.interest.updater" StartDate="2014-09-29 13:13:40.27 JST" StructureHandle="/Cake_NR5/app/View/Elements/tokens/index_t_entries.ctp" StructureKind="resource"/><InteractionEvent Delta="null" EndDate="2014-09-29 13:19:14.1 JST" Interest="8.0" Kind="selection" Navigation="null" OriginId="org.eclipse.ui.views.ResourceNavigator" StartDate="2014-09-29 13:17:18.457 JST" StructureHandle="/Cake_NR5/app/View/Elements/tokens/index_t_entries.ctp" StructureKind="resource" NumEvents="8" CreationCount="249"/><InteractionEvent Delta="null" EndDate="2014-09-29 13:12:00.536 JST" Interest="1.0" Kind="selection" Navigation="null" OriginId="org.eclipse.ui.views.ResourceNavigator" StartDate="2014-09-29 13:12:00.536 JST" StructureHandle="/Cake_NR5/app/View/Scaffolds" StructureKind="resource"/><InteractionEvent Delta="null" EndDate="2014-09-29 13:13:26.370 JST" Interest="10.0" Kind="edit" Navigation="null" OriginId="org.eclipse.php.editor" StartDate="2014-09-29 13:12:13.753 JST" StructureHandle="/Cake_NR5/app/View/Tokens/index.ctp" StructureKind="resource" NumEvents="10" CreationCount="231"/><InteractionEvent Delta="null" EndDate="2014-09-29 13:12:08.427 JST" Interest="1.0" Kind="propagation" Navigation="null" OriginId="org.eclipse.mylyn.resources.ui.interest.updater" StartDate="2014-09-29 13:12:08.427 JST" StructureHandle="/Cake_NR5/app/View/Tokens/index.ctp" StructureKind="resource"/><InteractionEvent Delta="null" EndDate="2014-09-29 13:13:29.319 JST" Interest="3.0" Kind="selection" Navigation="null" OriginId="org.eclipse.ui.views.ResourceNavigator" StartDate="2014-09-29 13:12:13.644 JST" StructureHandle="/Cake_NR5/app/View/Tokens/index.ctp" StructureKind="resource" NumEvents="3" CreationCount="231"/><InteractionEvent Delta="null" EndDate="2014-09-29 13:12:08.428 JST" Interest="1.0" Kind="propagation" Navigation="null" OriginId="org.eclipse.mylyn.resources.ui.interest.updater" StartDate="2014-09-29 13:12:08.428 JST" StructureHandle="/Cake_NR5/app/View/Tokens/view.ctp" StructureKind="resource"/><InteractionEvent Delta="null" EndDate="2014-09-29 12:48:56.776 JST" Interest="2.0" Kind="edit" Navigation="null" OriginId="org.eclipse.php.editor" StartDate="2014-09-29 12:48:56.67 JST" StructureHandle="/Cake_NR5/app/View/Historys/add.ctp" StructureKind="resource" NumEvents="2" CreationCount="17"/><InteractionEvent Delta="null" EndDate="2014-09-29 12:48:58.629 JST" Interest="3.0" Kind="selection" Navigation="null" OriginId="org.eclipse.ui.views.ResourceNavigator" StartDate="2014-09-29 12:48:46.979 JST" StructureHandle="/Cake_NR5/app/View/Historys/add.ctp" StructureKind="resource" NumEvents="3" CreationCount="17"/><InteractionEvent Delta="null" EndDate="2014-09-29 12:58:36.888 JST" Interest="10.435999" Kind="propagation" Navigation="org.eclipse.mylyn.core.model.edges.containment" OriginId="org.eclipse.mylyn.core.model.interest.propagation" StartDate="2014-09-29 12:48:46.980 JST" StructureHandle="/Cake_NR5/app/View/Historys" StructureKind="resource" NumEvents="14" CreationCount="16"/><InteractionEvent Delta="null" EndDate="2014-09-29 12:48:45.17 JST" Interest="1.0" Kind="selection" Navigation="null" OriginId="org.eclipse.ui.views.ResourceNavigator" StartDate="2014-09-29 12:48:45.17 JST" StructureHandle="/Cake_NR5/app/View/Historys" StructureKind="resource"/><InteractionEvent Delta="null" EndDate="2014-09-29 13:19:42.318 JST" Interest="1.0" Kind="propagation" Navigation="null" OriginId="org.eclipse.mylyn.resources.ui.interest.updater" StartDate="2014-09-29 13:19:42.318 JST" StructureHandle="/Cake_NR5/app/Model/TEMPLATE.php" StructureKind="resource"/><InteractionEvent Delta="null" EndDate="2014-09-29 13:19:45.452 JST" Interest="1.0" Kind="selection" Navigation="null" OriginId="org.eclipse.ui.views.ResourceNavigator" StartDate="2014-09-29 13:19:45.452 JST" StructureHandle="/Cake_NR5/app/Model/TEMPLATE.php" StructureKind="resource"/><InteractionEvent Delta="null" EndDate="2014-09-29 13:19:14.3 JST" Interest="26.9" Kind="propagation" Navigation="org.eclipse.mylyn.core.model.edges.containment" OriginId="org.eclipse.mylyn.core.model.interest.propagation" StartDate="2014-09-29 13:13:40.28 JST" StructureHandle="/Cake_NR5/app/View/Elements/tokens" StructureKind="resource" NumEvents="40" CreationCount="249"/><InteractionEvent Delta="null" EndDate="2014-09-29 13:19:15.125 JST" Interest="2.0" Kind="selection" Navigation="null" OriginId="org.eclipse.ui.views.ResourceNavigator" StartDate="2014-09-29 13:13:42.249 JST" StructureHandle="/Cake_NR5/app/View/Elements/tokens" StructureKind="resource" NumEvents="2" CreationCount="249"/><InteractionEvent Delta="null" EndDate="2014-09-29 14:25:12.572 JST" Interest="461.0" Kind="propagation" Navigation="org.eclipse.mylyn.core.model.edges.containment" OriginId="org.eclipse.mylyn.core.model.interest.propagation" StartDate="2014-09-29 12:46:58.88 JST" StructureHandle="/" StructureKind="resource" NumEvents="461" CreationCount="1"/><InteractionEvent Delta="null" EndDate="2014-09-29 13:18:17.343 JST" Interest="129.134" Kind="propagation" Navigation="org.eclipse.mylyn.core.model.edges.containment" OriginId="org.eclipse.mylyn.core.model.interest.propagation" StartDate="2014-09-29 12:46:57.963 JST" StructureHandle="=Cake_NR5" StructureKind="c/c++" NumEvents="185" CreationCount="1"/><InteractionEvent Delta="null" EndDate="2014-09-29 13:13:32.931 JST" Interest="1.0" Kind="selection" Navigation="null" OriginId="org.eclipse.ui.views.ResourceNavigator" StartDate="2014-09-29 13:13:32.931 JST" StructureHandle="/Cake_NR5/app/View/Elements/TEMPLATE" StructureKind="resource"/><InteractionEvent Delta="null" EndDate="2014-09-29 13:12:01.479 JST" Interest="1.0" Kind="selection" Navigation="null" OriginId="org.eclipse.ui.views.ResourceNavigator" StartDate="2014-09-29 13:12:01.479 JST" StructureHandle="/Cake_NR5/app/View/TEMPLATES" StructureKind="resource"/><InteractionEvent Delta="null" EndDate="2014-09-29 13:18:17.343 JST" Interest="173.0" Kind="edit" Navigation="null" OriginId="org.eclipse.ui.DefaultTextEditor" StartDate="2014-09-29 12:47:02.62 JST" StructureHandle="/Cake_NR5/sql.txt" StructureKind="resource" NumEvents="173" CreationCount="3"/><InteractionEvent Delta="null" EndDate="2014-09-29 13:18:13.873 JST" Interest="8.0" Kind="selection" Navigation="null" OriginId="org.eclipse.ui.DefaultTextEditor" StartDate="2014-09-29 12:47:00.248 JST" StructureHandle="/Cake_NR5/sql.txt" StructureKind="resource" NumEvents="8" CreationCount="3"/><InteractionEvent Delta="null" EndDate="2014-09-29 12:54:04.453 JST" Interest="22.617" Kind="propagation" Navigation="org.eclipse.mylyn.core.model.edges.containment" OriginId="org.eclipse.mylyn.core.model.interest.propagation" StartDate="2014-09-29 12:49:29.67 JST" StructureHandle="/Cake_NR5/app/Controller" StructureKind="resource" NumEvents="32" CreationCount="33"/><InteractionEvent Delta="null" EndDate="2014-09-29 13:10:34.736 JST" Interest="3.0" Kind="selection" Navigation="null" OriginId="org.eclipse.ui.views.ResourceNavigator" StartDate="2014-09-29 12:49:26.360 JST" StructureHandle="/Cake_NR5/app/Controller" StructureKind="resource" NumEvents="3" CreationCount="33"/><InteractionEvent Delta="null" EndDate="2014-09-29 13:10:31.555 JST" Interest="1.0" Kind="selection" Navigation="null" OriginId="org.eclipse.ui.views.ResourceNavigator" StartDate="2014-09-29 13:10:31.555 JST" StructureHandle="/Cake_NR5/app/Controller/TemplateController.php" StructureKind="resource"/><InteractionEvent Delta="null" EndDate="2014-09-29 13:13:29.320 JST" Interest="10.0" Kind="propagation" Navigation="org.eclipse.mylyn.core.model.edges.containment" OriginId="org.eclipse.mylyn.core.model.interest.propagation" StartDate="2014-09-29 13:12:08.430 JST" StructureHandle="/Cake_NR5/app/View/Tokens" StructureKind="resource" NumEvents="13" CreationCount="231"/><InteractionEvent Delta="null" EndDate="2014-09-29 13:12:12.455 JST" Interest="1.0" Kind="selection" Navigation="null" OriginId="org.eclipse.ui.views.ResourceNavigator" StartDate="2014-09-29 13:12:12.455 JST" StructureHandle="/Cake_NR5/app/View/Tokens" StructureKind="resource"/><InteractionEvent Delta="null" EndDate="2014-09-29 12:46:57.874 JST" Interest="1.0" Kind="selection" Navigation="null" OriginId="org.eclipse.ui.views.ResourceNavigator" StartDate="2014-09-29 12:46:57.874 JST" StructureHandle="/Cake_NR5/lib" StructureKind="resource"/><InteractionEvent Delta="null" EndDate="2014-09-29 14:25:12.571 JST" Interest="1.0" Kind="selection" Navigation="null" OriginId="org.eclipse.ui.views.ResourceNavigator" StartDate="2014-09-29 14:25:12.571 JST" StructureHandle="/Cake_NR5/app/View/Elements/articles" StructureKind="resource"/></InteractionHistory>