<?xml version="1.0" encoding="UTF-8"?><InteractionHistory Id="local-83" Version="1"><InteractionEvent Delta="null" EndDate="2014-10-28 08:19:50.447 JST" Interest="35.251" Kind="propagation" Navigation="org.eclipse.mylyn.core.model.edges.containment" OriginId="org.eclipse.mylyn.core.model.interest.propagation" StartDate="2014-10-28 08:15:12.534 JST" StructureHandle="" StructureKind="c/c++" NumEvents="52" CreationCount="1"/><InteractionEvent Delta="null" EndDate="2014-10-28 09:21:58.596 JST" Interest="2.0" Kind="selection" Navigation="null" OriginId="org.eclipse.ui.views.ResourceNavigator" StartDate="2014-10-28 08:19:52.162 JST" StructureHandle="/Cake_SL3/.git" StructureKind="resource" NumEvents="2" CreationCount="53"/><InteractionEvent Delta="null" EndDate="2014-10-28 09:21:58.596 JST" Interest="1.125" Kind="manipulation" Navigation="null" OriginId="org.eclipse.mylyn.core.model.interest.decay.correction" StartDate="2014-10-28 09:21:58.596 JST" StructureHandle="/Cake_SL3/.git" StructureKind="resource"/><InteractionEvent Delta="null" EndDate="2014-10-28 08:21:09.200 JST" Interest="12.0" Kind="edit" Navigation="null" OriginId="org.eclipse.php.editor" StartDate="2014-10-28 08:20:51.293 JST" StructureHandle="/Cake_SL3/app/Model/Si.php" StructureKind="resource" NumEvents="12" CreationCount="85"/><InteractionEvent Delta="null" EndDate="2014-10-28 08:21:21.102 JST" Interest="3.0" Kind="selection" Navigation="null" OriginId="org.eclipse.ui.views.ResourceNavigator" StartDate="2014-10-28 08:20:51.217 JST" StructureHandle="/Cake_SL3/app/Model/Si.php" StructureKind="resource" NumEvents="3" CreationCount="85"/><InteractionEvent Delta="null" EndDate="2014-10-28 08:19:18.875 JST" Interest="46.0" Kind="edit" Navigation="null" OriginId="org.eclipse.ui.DefaultTextEditor" StartDate="2014-10-28 08:15:19.491 JST" StructureHandle="/Cake_SL3/sql.txt" StructureKind="resource" NumEvents="46" CreationCount="4"/><InteractionEvent Delta="null" EndDate="2014-10-28 08:19:50.447 JST" Interest="3.0" Kind="selection" Navigation="null" OriginId="org.eclipse.ui.views.ResourceNavigator" StartDate="2014-10-28 08:15:19.425 JST" StructureHandle="/Cake_SL3/sql.txt" StructureKind="resource" NumEvents="3" CreationCount="4"/><InteractionEvent Delta="null" EndDate="2014-10-28 09:22:32.104 JST" Interest="12.117" Kind="propagation" Navigation="org.eclipse.mylyn.core.model.edges.containment" OriginId="org.eclipse.mylyn.core.model.interest.propagation" StartDate="2014-10-28 09:18:08.399 JST" StructureHandle="/Cake_SL3/app/View/Elements/layouts" StructureKind="resource" NumEvents="17" CreationCount="161"/><InteractionEvent Delta="null" EndDate="2014-10-28 09:21:55.174 JST" Interest="2.0" Kind="selection" Navigation="null" OriginId="org.eclipse.ui.views.ResourceNavigator" StartDate="2014-10-28 09:18:03.805 JST" StructureHandle="/Cake_SL3/app/View/Elements/layouts" StructureKind="resource" NumEvents="2" CreationCount="161"/><InteractionEvent Delta="null" EndDate="2014-10-28 08:21:11.13 JST" Interest="8.0" Kind="edit" Navigation="null" OriginId="org.eclipse.php.editor" StartDate="2014-10-28 08:20:20.737 JST" StructureHandle="/Cake_SL3/app/Model/Store.php" StructureKind="resource" NumEvents="8" CreationCount="64"/><InteractionEvent Delta="null" EndDate="2014-10-28 08:21:10.998 JST" Interest="5.0" Kind="selection" Navigation="null" OriginId="org.eclipse.php.editor" StartDate="2014-10-28 08:20:20.692 JST" StructureHandle="/Cake_SL3/app/Model/Store.php" StructureKind="resource" NumEvents="5" CreationCount="64"/><InteractionEvent Delta="null" EndDate="2014-10-28 08:22:23.664 JST" Interest="1.0" Kind="propagation" Navigation="null" OriginId="org.eclipse.mylyn.resources.ui.interest.updater" StartDate="2014-10-28 08:22:23.664 JST" StructureHandle="/Cake_SL3/app/View/Genres/index.ctp" StructureKind="resource"/><InteractionEvent Delta="null" EndDate="2014-10-28 09:22:36.251 JST" Interest="4.0" Kind="edit" Navigation="null" OriginId="org.eclipse.php.editor" StartDate="2014-10-28 08:22:27.181 JST" StructureHandle="/Cake_SL3/app/View/Genres/index.ctp" StructureKind="resource" NumEvents="4" CreationCount="126"/><InteractionEvent Delta="null" EndDate="2014-10-28 09:22:36.190 JST" Interest="4.0" Kind="selection" Navigation="null" OriginId="org.eclipse.php.editor" StartDate="2014-10-28 08:22:27.148 JST" StructureHandle="/Cake_SL3/app/View/Genres/index.ctp" StructureKind="resource" NumEvents="4" CreationCount="126"/><InteractionEvent Delta="null" EndDate="2014-10-28 09:22:34.843 JST" Interest="14.953" Kind="propagation" Navigation="org.eclipse.mylyn.core.model.edges.containment" OriginId="org.eclipse.mylyn.core.model.interest.propagation" StartDate="2014-10-28 08:22:39.949 JST" StructureHandle="/Cake_SL3/app/View/Elements/genres" StructureKind="resource" NumEvents="20" CreationCount="137"/><InteractionEvent Delta="null" EndDate="2014-10-28 08:22:38.586 JST" Interest="1.0" Kind="selection" Navigation="null" OriginId="org.eclipse.ui.views.ResourceNavigator" StartDate="2014-10-28 08:22:38.586 JST" StructureHandle="/Cake_SL3/app/View/Elements/genres" StructureKind="resource"/><InteractionEvent Delta="null" EndDate="2014-10-28 08:21:24.408 JST" Interest="1.0" Kind="selection" Navigation="null" OriginId="org.eclipse.ui.views.ResourceNavigator" StartDate="2014-10-28 08:21:24.408 JST" StructureHandle="/Cake_SL3/app/Controller/AppController.php" StructureKind="resource"/><InteractionEvent Delta="null" EndDate="2014-10-28 09:22:33.384 JST" Interest="6.0" Kind="edit" Navigation="null" OriginId="org.eclipse.php.editor" StartDate="2014-10-28 08:22:39.977 JST" StructureHandle="/Cake_SL3/app/View/Elements/genres/index_t_headers.ctp" StructureKind="resource" NumEvents="6" CreationCount="138"/><InteractionEvent Delta="null" EndDate="2014-10-28 09:22:33.344 JST" Interest="4.0" Kind="selection" Navigation="null" OriginId="org.eclipse.php.editor" StartDate="2014-10-28 08:22:39.948 JST" StructureHandle="/Cake_SL3/app/View/Elements/genres/index_t_headers.ctp" StructureKind="resource" NumEvents="4" CreationCount="138"/><InteractionEvent Delta="null" EndDate="2014-10-28 09:22:25.907 JST" Interest="1.0" Kind="selection" Navigation="null" OriginId="org.eclipse.ui.views.ResourceNavigator" StartDate="2014-10-28 09:22:25.907 JST" StructureHandle="/Cake_SL3/app/webroot" StructureKind="resource"/><InteractionEvent Delta="null" EndDate="2014-10-28 08:22:23.662 JST" Interest="1.0" Kind="propagation" Navigation="null" OriginId="org.eclipse.mylyn.resources.ui.interest.updater" StartDate="2014-10-28 08:22:23.662 JST" StructureHandle="/Cake_SL3/app/View/Genres/edit.ctp" StructureKind="resource"/><InteractionEvent Delta="null" EndDate="2014-10-28 08:21:25.875 JST" Interest="1.0" Kind="selection" Navigation="null" OriginId="org.eclipse.ui.views.ResourceNavigator" StartDate="2014-10-28 08:21:25.875 JST" StructureHandle="/Cake_SL3/app/Controller/TemplateController.php" StructureKind="resource"/><InteractionEvent Delta="null" EndDate="2014-10-28 08:22:23.660 JST" Interest="1.0" Kind="propagation" Navigation="null" OriginId="org.eclipse.mylyn.resources.ui.interest.updater" StartDate="2014-10-28 08:22:23.660 JST" StructureHandle="/Cake_SL3/app/View/Genres/view.ctp" StructureKind="resource"/><InteractionEvent Delta="null" EndDate="2014-10-28 09:22:34.842 JST" Interest="14.0" Kind="edit" Navigation="null" OriginId="org.eclipse.php.editor" StartDate="2014-10-28 08:23:05.61 JST" StructureHandle="/Cake_SL3/app/View/Elements/genres/index_t_entries.ctp" StructureKind="resource" NumEvents="14" CreationCount="146"/><InteractionEvent Delta="null" EndDate="2014-10-28 09:22:34.794 JST" Interest="6.0" Kind="selection" Navigation="null" OriginId="org.eclipse.php.editor" StartDate="2014-10-28 08:23:05.16 JST" StructureHandle="/Cake_SL3/app/View/Elements/genres/index_t_entries.ctp" StructureKind="resource" NumEvents="6" CreationCount="146"/><InteractionEvent Delta="null" EndDate="2014-10-28 08:21:31.500 JST" Interest="1.0" Kind="propagation" Navigation="null" OriginId="org.eclipse.mylyn.resources.ui.interest.updater" StartDate="2014-10-28 08:21:31.500 JST" StructureHandle="/Cake_SL3/app/Controller/GenresController.php" StructureKind="resource"/><InteractionEvent Delta="null" EndDate="2014-10-28 09:22:17.533 JST" Interest="17.0" Kind="edit" Navigation="null" OriginId="org.eclipse.php.editor" StartDate="2014-10-28 08:21:33.517 JST" StructureHandle="/Cake_SL3/app/Controller/GenresController.php" StructureKind="resource" NumEvents="17" CreationCount="108"/><InteractionEvent Delta="null" EndDate="2014-10-28 09:22:19.909 JST" Interest="6.0" Kind="selection" Navigation="null" OriginId="org.eclipse.ui.views.ResourceNavigator" StartDate="2014-10-28 08:21:33.362 JST" StructureHandle="/Cake_SL3/app/Controller/GenresController.php" StructureKind="resource" NumEvents="6" CreationCount="108"/><InteractionEvent Delta="null" EndDate="2014-10-28 09:21:58.248 JST" Interest="1.0" Kind="selection" Navigation="null" OriginId="org.eclipse.ui.views.ResourceNavigator" StartDate="2014-10-28 09:21:58.248 JST" StructureHandle="/Cake_SL3/app/View/Admins" StructureKind="resource"/><InteractionEvent Delta="null" EndDate="2014-10-28 09:22:32.103 JST" Interest="13.0" Kind="edit" Navigation="null" OriginId="org.eclipse.php.editor" StartDate="2014-10-28 09:18:10.304 JST" StructureHandle="/Cake_SL3/app/View/Elements/layouts/links.ctp" StructureKind="resource" NumEvents="13" CreationCount="162"/><InteractionEvent Delta="null" EndDate="2014-10-28 09:22:32.67 JST" Interest="5.0" Kind="selection" Navigation="null" OriginId="org.eclipse.php.editor" StartDate="2014-10-28 09:18:08.398 JST" StructureHandle="/Cake_SL3/app/View/Elements/layouts/links.ctp" StructureKind="resource" NumEvents="5" CreationCount="162"/><InteractionEvent Delta="null" EndDate="2014-10-28 08:22:37.72 JST" Interest="1.0" Kind="selection" Navigation="null" OriginId="org.eclipse.ui.views.ResourceNavigator" StartDate="2014-10-28 08:22:37.72 JST" StructureHandle="/Cake_SL3/app/View/Elements/sis" StructureKind="resource"/><InteractionEvent Delta="null" EndDate="2014-10-28 09:22:21.12 JST" Interest="20.719" Kind="propagation" Navigation="org.eclipse.mylyn.core.model.edges.containment" OriginId="org.eclipse.mylyn.core.model.interest.propagation" StartDate="2014-10-28 08:15:13.615 JST" StructureHandle="/Cake_SL3/app" StructureKind="resource" NumEvents="31" CreationCount="1"/><InteractionEvent Delta="null" EndDate="2014-10-28 08:15:12.517 JST" Interest="1.0" Kind="selection" Navigation="null" OriginId="org.eclipse.ui.views.ResourceNavigator" StartDate="2014-10-28 08:15:12.517 JST" StructureHandle="/Cake_SL3/app" StructureKind="resource"/><InteractionEvent Delta="null" EndDate="2014-10-28 09:22:34.844 JST" Interest="13.9869995" Kind="propagation" Navigation="org.eclipse.mylyn.core.model.edges.containment" OriginId="org.eclipse.mylyn.core.model.interest.propagation" StartDate="2014-10-28 08:22:37.73 JST" StructureHandle="/Cake_SL3/app/View/Elements" StructureKind="resource" NumEvents="23" CreationCount="135"/><InteractionEvent Delta="null" EndDate="2014-10-28 09:21:55.693 JST" Interest="2.0" Kind="selection" Navigation="null" OriginId="org.eclipse.ui.views.ResourceNavigator" StartDate="2014-10-28 08:22:35.606 JST" StructureHandle="/Cake_SL3/app/View/Elements" StructureKind="resource" NumEvents="2" CreationCount="135"/><InteractionEvent Delta="null" EndDate="2014-10-28 09:22:34.845 JST" Interest="14.174" Kind="propagation" Navigation="org.eclipse.mylyn.core.model.edges.containment" OriginId="org.eclipse.mylyn.core.model.interest.propagation" StartDate="2014-10-28 08:22:19.243 JST" StructureHandle="/Cake_SL3/app/View" StructureKind="resource" NumEvents="23" CreationCount="124"/><InteractionEvent Delta="null" EndDate="2014-10-28 08:22:19.596 JST" Interest="2.0" Kind="selection" Navigation="null" OriginId="org.eclipse.ui.views.ResourceNavigator" StartDate="2014-10-28 08:22:17.136 JST" StructureHandle="/Cake_SL3/app/View" StructureKind="resource" NumEvents="2" CreationCount="124"/><InteractionEvent Delta="null" EndDate="2014-10-28 09:22:47.163 JST" Interest="220.0" Kind="propagation" Navigation="org.eclipse.mylyn.core.model.edges.containment" OriginId="org.eclipse.mylyn.core.model.interest.propagation" StartDate="2014-10-28 08:15:12.533 JST" StructureHandle="/" StructureKind="resource" NumEvents="220" CreationCount="1"/><InteractionEvent Delta="null" EndDate="2014-10-28 09:22:19.910 JST" Interest="14.967999" Kind="propagation" Navigation="org.eclipse.mylyn.core.model.edges.containment" OriginId="org.eclipse.mylyn.core.model.interest.propagation" StartDate="2014-10-28 08:21:24.409 JST" StructureHandle="/Cake_SL3/app/Controller" StructureKind="resource" NumEvents="23" CreationCount="2"/><InteractionEvent Delta="null" EndDate="2014-10-28 09:22:21.12 JST" Interest="6.0" Kind="selection" Navigation="null" OriginId="org.eclipse.ui.views.ResourceNavigator" StartDate="2014-10-28 08:15:13.613 JST" StructureHandle="/Cake_SL3/app/Controller" StructureKind="resource" NumEvents="6" CreationCount="2"/><InteractionEvent Delta="null" EndDate="2014-10-28 08:21:23.301 JST" Interest="0.7340001" Kind="manipulation" Navigation="null" OriginId="org.eclipse.mylyn.core.model.interest.decay.correction" StartDate="2014-10-28 08:21:23.301 JST" StructureHandle="/Cake_SL3/app/Controller" StructureKind="resource"/><InteractionEvent Delta="null" EndDate="2014-10-28 08:22:19.242 JST" Interest="1.0" Kind="selection" Navigation="null" OriginId="org.eclipse.ui.views.ResourceNavigator" StartDate="2014-10-28 08:22:19.242 JST" StructureHandle="/Cake_SL3/app/View/TEMPLATES" StructureKind="resource"/><InteractionEvent Delta="null" EndDate="2014-10-28 08:21:11.282 JST" Interest="13.150999" Kind="propagation" Navigation="org.eclipse.mylyn.core.model.edges.containment" OriginId="org.eclipse.mylyn.core.model.interest.propagation" StartDate="2014-10-28 08:19:56.269 JST" StructureHandle="/Cake_SL3/app/Model" StructureKind="resource" NumEvents="18" CreationCount="54"/><InteractionEvent Delta="null" EndDate="2014-10-28 08:21:21.473 JST" Interest="3.0" Kind="selection" Navigation="null" OriginId="org.eclipse.ui.views.ResourceNavigator" StartDate="2014-10-28 08:19:54.769 JST" StructureHandle="/Cake_SL3/app/Model" StructureKind="resource" NumEvents="3" CreationCount="54"/><InteractionEvent Delta="null" EndDate="2014-10-28 09:22:47.161 JST" Interest="8.5" Kind="propagation" Navigation="org.eclipse.mylyn.core.model.edges.containment" OriginId="org.eclipse.mylyn.core.model.interest.propagation" StartDate="2014-10-28 08:22:23.659 JST" StructureHandle="/Cake_SL3/app/View/Genres" StructureKind="resource" NumEvents="10" CreationCount="126"/><InteractionEvent Delta="null" EndDate="2014-10-28 08:22:25.794 JST" Interest="1.0" Kind="selection" Navigation="null" OriginId="org.eclipse.ui.views.ResourceNavigator" StartDate="2014-10-28 08:22:25.794 JST" StructureHandle="/Cake_SL3/app/View/Genres" StructureKind="resource"/><InteractionEvent Delta="null" EndDate="2014-10-28 08:19:50.447 JST" Interest="35.251" Kind="propagation" Navigation="org.eclipse.mylyn.core.model.edges.containment" OriginId="org.eclipse.mylyn.core.model.interest.propagation" StartDate="2014-10-28 08:15:12.531 JST" StructureHandle="=Cake_SL3" StructureKind="c/c++" NumEvents="52" CreationCount="1"/><InteractionEvent Delta="null" EndDate="2014-10-28 08:21:11.281 JST" Interest="13.0" Kind="edit" Navigation="null" OriginId="org.eclipse.php.editor" StartDate="2014-10-28 08:20:10.6 JST" StructureHandle="/Cake_SL3/app/Model/Genre.php" StructureKind="resource" NumEvents="13" CreationCount="57"/><InteractionEvent Delta="null" EndDate="2014-10-28 08:21:11.271 JST" Interest="6.0" Kind="selection" Navigation="null" OriginId="org.eclipse.php.editor" StartDate="2014-10-28 08:20:09.60 JST" StructureHandle="/Cake_SL3/app/Model/Genre.php" StructureKind="resource" NumEvents="6" CreationCount="57"/><InteractionEvent Delta="null" EndDate="2014-10-28 09:18:01.348 JST" Interest="1.0" Kind="selection" Navigation="null" OriginId="org.eclipse.ui.views.ResourceNavigator" StartDate="2014-10-28 09:18:01.348 JST" StructureHandle="/Cake_SL3/app/View/Elements/articles" StructureKind="resource"/><InteractionEvent Delta="null" EndDate="2014-10-28 08:19:56.268 JST" Interest="1.0" Kind="selection" Navigation="null" OriginId="org.eclipse.ui.views.ResourceNavigator" StartDate="2014-10-28 08:19:56.268 JST" StructureHandle="/Cake_SL3/app/Model/TEMPLATE.php" StructureKind="resource"/><InteractionEvent Delta="null" EndDate="2014-10-28 08:15:16.936 JST" Interest="1.0" Kind="selection" Navigation="null" OriginId="org.eclipse.ui.views.ResourceNavigator" StartDate="2014-10-28 08:15:16.936 JST" StructureHandle="/Cake_SL3/test.php" StructureKind="resource"/><InteractionEvent Delta="null" EndDate="2014-10-28 09:22:47.163 JST" Interest="220.0" Kind="propagation" Navigation="null" OriginId="org.eclipse.php.editor" StartDate="2014-10-28 08:15:12.533 JST" StructureHandle="/Cake_SL3" StructureKind="resource" NumEvents="220" CreationCount="1"/><InteractionEvent Delta="null" EndDate="2014-10-28 08:22:23.660 JST" Interest="1.0" Kind="propagation" Navigation="null" OriginId="org.eclipse.mylyn.resources.ui.interest.updater" StartDate="2014-10-28 08:22:23.660 JST" StructureHandle="/Cake_SL3/app/View/Genres/add.ctp" StructureKind="resource"/><InteractionEvent Delta="null" EndDate="2014-10-28 09:22:47.160 JST" Interest="5.0" Kind="edit" Navigation="null" OriginId="org.eclipse.php.editor" StartDate="2014-10-28 09:22:28.364 JST" StructureHandle="/Cake_SL3/app/View/Genres/add.ctp" StructureKind="resource" NumEvents="5" CreationCount="126"/><InteractionEvent Delta="null" EndDate="2014-10-28 09:22:47.36 JST" Interest="5.0" Kind="selection" Navigation="null" OriginId="org.eclipse.php.editor" StartDate="2014-10-28 08:22:34.422 JST" StructureHandle="/Cake_SL3/app/View/Genres/add.ctp" StructureKind="resource" NumEvents="5" CreationCount="126"/></InteractionHistory>