<?xml version="1.0" encoding="UTF-8"?><InteractionHistory Id="local-32" Version="1"><InteractionEvent Delta="null" EndDate="2014-09-21 15:14:46.761 JST" Interest="223.89499" Kind="propagation" Navigation="org.eclipse.mylyn.core.model.edges.containment" OriginId="org.eclipse.mylyn.core.model.interest.propagation" StartDate="2014-09-21 12:44:33.89 JST" StructureHandle="" StructureKind="c/c++" NumEvents="320" CreationCount="1"/><InteractionEvent Delta="null" EndDate="2014-09-21 13:25:03.391 JST" Interest="4.6500006" Kind="manipulation" Navigation="null" OriginId="org.eclipse.mylyn.core.model.interest.decay.correction" StartDate="2014-09-21 13:17:59.816 JST" StructureHandle="/Cake_NR5/app/View/Elements/layouts" StructureKind="resource" NumEvents="2" CreationCount="237"/><InteractionEvent Delta="null" EndDate="2014-09-21 13:25:03.391 JST" Interest="4.0" Kind="selection" Navigation="null" OriginId="org.eclipse.ui.views.ResourceNavigator" StartDate="2014-09-21 13:05:17.603 JST" StructureHandle="/Cake_NR5/app/View/Elements/layouts" StructureKind="resource" NumEvents="4" CreationCount="237"/><InteractionEvent Delta="null" EndDate="2014-09-21 15:14:46.761 JST" Interest="1298.0" Kind="propagation" Navigation="null" OriginId="org.eclipse.php.editor" StartDate="2014-09-21 12:44:33.89 JST" StructureHandle="/Cake_NR5" StructureKind="resource" NumEvents="1298" CreationCount="1"/><InteractionEvent Delta="null" EndDate="2014-09-21 13:11:09.209 JST" Interest="1.6860001" Kind="manipulation" Navigation="null" OriginId="org.eclipse.mylyn.core.model.interest.decay.correction" StartDate="2014-09-21 13:11:09.209 JST" StructureHandle="/Cake_NR5/app/View/Elements/articles" StructureKind="resource"/><InteractionEvent Delta="null" EndDate="2014-09-21 15:14:46.760 JST" Interest="215.25099" Kind="propagation" Navigation="org.eclipse.mylyn.core.model.edges.containment" OriginId="org.eclipse.mylyn.core.model.interest.propagation" StartDate="2014-09-21 13:11:11.438 JST" StructureHandle="/Cake_NR5/app/View/Elements/articles" StructureKind="resource" NumEvents="299" CreationCount="175"/><InteractionEvent Delta="null" EndDate="2014-09-21 13:30:37.280 JST" Interest="4.0" Kind="selection" Navigation="null" OriginId="org.eclipse.ui.views.ResourceNavigator" StartDate="2014-09-21 12:59:17.78 JST" StructureHandle="/Cake_NR5/app/View/Elements/articles" StructureKind="resource" NumEvents="4" CreationCount="175"/><InteractionEvent Delta="null" EndDate="2014-09-21 13:53:19.882 JST" Interest="9.0" Kind="selection" Navigation="null" OriginId="org.eclipse.php.editor" StartDate="2014-09-21 13:18:17.773 JST" StructureHandle="/Cake_NR5/app/View/Elements/genres/index_t_entries.ctp" StructureKind="resource" NumEvents="9" CreationCount="542"/><InteractionEvent Delta="null" EndDate="2014-09-21 13:53:31.338 JST" Interest="25.0" Kind="edit" Navigation="null" OriginId="org.eclipse.php.editor" StartDate="2014-09-21 13:18:50.377 JST" StructureHandle="/Cake_NR5/app/View/Elements/genres/index_t_entries.ctp" StructureKind="resource" NumEvents="25" CreationCount="542"/><InteractionEvent Delta="null" EndDate="2014-09-21 13:57:47.320 JST" Interest="56.816998" Kind="propagation" Navigation="org.eclipse.mylyn.core.model.edges.containment" OriginId="org.eclipse.mylyn.core.model.interest.propagation" StartDate="2014-09-21 12:59:20.656 JST" StructureHandle="/Cake_NR5/app/View/Elements/keywords" StructureKind="resource" NumEvents="77" CreationCount="176"/><InteractionEvent Delta="null" EndDate="2014-09-21 12:59:18.999 JST" Interest="1.0" Kind="selection" Navigation="null" OriginId="org.eclipse.ui.views.ResourceNavigator" StartDate="2014-09-21 12:59:18.999 JST" StructureHandle="/Cake_NR5/app/View/Elements/keywords" StructureKind="resource"/><InteractionEvent Delta="null" EndDate="2014-09-21 13:23:07.670 JST" Interest="8.0" Kind="selection" Navigation="null" OriginId="org.eclipse.ui.views.ResourceNavigator" StartDate="2014-09-21 13:18:18.379 JST" StructureHandle="/Cake_NR5/app/View/Elements/genres/index_t_headers.ctp" StructureKind="resource" NumEvents="8" CreationCount="543"/><InteractionEvent Delta="null" EndDate="2014-09-21 13:20:03.809 JST" Interest="7.0" Kind="edit" Navigation="null" OriginId="org.eclipse.php.editor" StartDate="2014-09-21 13:18:18.460 JST" StructureHandle="/Cake_NR5/app/View/Elements/genres/index_t_headers.ctp" StructureKind="resource" NumEvents="7" CreationCount="543"/><InteractionEvent Delta="null" EndDate="2014-09-21 13:56:59.6 JST" Interest="217.334" Kind="propagation" Navigation="org.eclipse.mylyn.core.model.edges.containment" OriginId="org.eclipse.mylyn.core.model.interest.propagation" StartDate="2014-09-21 13:05:31.828 JST" StructureHandle="/Cake_NR5/app/webroot" StructureKind="resource" NumEvents="300" CreationCount="243"/><InteractionEvent Delta="null" EndDate="2014-09-21 13:05:29.725 JST" Interest="1.0" Kind="selection" Navigation="null" OriginId="org.eclipse.ui.views.ResourceNavigator" StartDate="2014-09-21 13:05:29.725 JST" StructureHandle="/Cake_NR5/app/webroot" StructureKind="resource"/><InteractionEvent Delta="null" EndDate="2014-09-21 13:19:53.755 JST" Interest="10.0" Kind="selection" Navigation="null" OriginId="org.eclipse.ui.views.ResourceNavigator" StartDate="2014-09-21 13:04:37.869 JST" StructureHandle="/Cake_NR5/app/View/Elements/categories/index_t_headers.ctp" StructureKind="resource" NumEvents="10" CreationCount="230"/><InteractionEvent Delta="null" EndDate="2014-09-21 13:18:30.675 JST" Interest="25.0" Kind="edit" Navigation="null" OriginId="org.eclipse.php.editor" StartDate="2014-09-21 13:04:37.902 JST" StructureHandle="/Cake_NR5/app/View/Elements/categories/index_t_headers.ctp" StructureKind="resource" NumEvents="25" CreationCount="230"/><InteractionEvent Delta="null" EndDate="2014-09-21 15:14:46.761 JST" Interest="217.827" Kind="propagation" Navigation="org.eclipse.mylyn.core.model.edges.containment" OriginId="org.eclipse.mylyn.core.model.interest.propagation" StartDate="2014-09-21 12:44:43.843 JST" StructureHandle="/Cake_NR5/app/View" StructureKind="resource" NumEvents="304" CreationCount="5"/><InteractionEvent Delta="null" EndDate="2014-09-21 13:27:23.887 JST" Interest="6.0" Kind="selection" Navigation="null" OriginId="org.eclipse.ui.views.ResourceNavigator" StartDate="2014-09-21 12:44:39.269 JST" StructureHandle="/Cake_NR5/app/View" StructureKind="resource" NumEvents="6" CreationCount="5"/><InteractionEvent Delta="null" EndDate="2014-09-21 15:14:46.761 JST" Interest="214.954" Kind="propagation" Navigation="org.eclipse.mylyn.core.model.edges.containment" OriginId="org.eclipse.mylyn.core.model.interest.propagation" StartDate="2014-09-21 12:59:17.79 JST" StructureHandle="/Cake_NR5/app/View/Elements" StructureKind="resource" NumEvents="296" CreationCount="174"/><InteractionEvent Delta="null" EndDate="2014-09-21 13:40:34.380 JST" Interest="6.0" Kind="selection" Navigation="null" OriginId="org.eclipse.ui.views.ResourceNavigator" StartDate="2014-09-21 12:59:15.406 JST" StructureHandle="/Cake_NR5/app/View/Elements" StructureKind="resource" NumEvents="6" CreationCount="174"/><InteractionEvent Delta="null" EndDate="2014-09-21 13:52:00.356 JST" Interest="12.0" Kind="selection" Navigation="null" OriginId="org.eclipse.php.editor" StartDate="2014-09-21 13:25:55.989 JST" StructureHandle="/Cake_NR5/app/View/Genres/add.ctp" StructureKind="resource" NumEvents="12" CreationCount="720"/><InteractionEvent Delta="null" EndDate="2014-09-21 13:52:00.377 JST" Interest="26.0" Kind="edit" Navigation="null" OriginId="org.eclipse.php.editor" StartDate="2014-09-21 13:25:56.32 JST" StructureHandle="/Cake_NR5/app/View/Genres/add.ctp" StructureKind="resource" NumEvents="26" CreationCount="720"/><InteractionEvent Delta="null" EndDate="2014-09-21 13:23:17.468 JST" Interest="6.0380006" Kind="manipulation" Navigation="null" OriginId="org.eclipse.mylyn.core.model.interest.decay.correction" StartDate="2014-09-21 13:23:17.468 JST" StructureHandle="/Cake_NR5/app/View/Keywords/add.ctp" StructureKind="resource"/><InteractionEvent Delta="null" EndDate="2014-09-21 13:51:57.960 JST" Interest="12.0" Kind="selection" Navigation="null" OriginId="org.eclipse.php.editor" StartDate="2014-09-21 13:05:26.148 JST" StructureHandle="/Cake_NR5/app/View/Keywords/add.ctp" StructureKind="resource" NumEvents="12" CreationCount="242"/><InteractionEvent Delta="null" EndDate="2014-09-21 13:51:57.985 JST" Interest="22.0" Kind="edit" Navigation="null" OriginId="org.eclipse.php.editor" StartDate="2014-09-21 13:23:17.508 JST" StructureHandle="/Cake_NR5/app/View/Keywords/add.ctp" StructureKind="resource" NumEvents="22" CreationCount="242"/><InteractionEvent Delta="null" EndDate="2014-09-21 13:53:31.338 JST" Interest="25.517" Kind="propagation" Navigation="org.eclipse.mylyn.core.model.edges.containment" OriginId="org.eclipse.mylyn.core.model.interest.propagation" StartDate="2014-09-21 13:18:17.773 JST" StructureHandle="/Cake_NR5/app/View/Elements/genres" StructureKind="resource" NumEvents="34" CreationCount="541"/><InteractionEvent Delta="null" EndDate="2014-09-21 13:18:16.711 JST" Interest="1.0" Kind="selection" Navigation="null" OriginId="org.eclipse.ui.views.ResourceNavigator" StartDate="2014-09-21 13:18:16.711 JST" StructureHandle="/Cake_NR5/app/View/Elements/genres" StructureKind="resource"/><InteractionEvent Delta="null" EndDate="2014-09-21 15:14:46.761 JST" Interest="221.89499" Kind="propagation" Navigation="org.eclipse.mylyn.core.model.edges.containment" OriginId="org.eclipse.mylyn.core.model.interest.propagation" StartDate="2014-09-21 12:44:36.647 JST" StructureHandle="/Cake_NR5/app" StructureKind="resource" NumEvents="319" CreationCount="1"/><InteractionEvent Delta="null" EndDate="2014-09-21 12:44:33.89 JST" Interest="2.0" Kind="selection" Navigation="null" OriginId="org.eclipse.ui.views.ResourceNavigator" StartDate="2014-09-21 12:44:33.88 JST" StructureHandle="/Cake_NR5/app" StructureKind="resource" NumEvents="2" CreationCount="1"/><InteractionEvent Delta="null" EndDate="2014-09-21 13:52:01.293 JST" Interest="13.734001" Kind="propagation" Navigation="org.eclipse.mylyn.core.model.edges.containment" OriginId="org.eclipse.mylyn.core.model.interest.propagation" StartDate="2014-09-21 13:27:25.555 JST" StructureHandle="/Cake_NR5/app/View/Articles" StructureKind="resource" NumEvents="20" CreationCount="762"/><InteractionEvent Delta="null" EndDate="2014-09-21 13:40:31.472 JST" Interest="3.0" Kind="selection" Navigation="null" OriginId="org.eclipse.ui.views.ResourceNavigator" StartDate="2014-09-21 13:27:25.24 JST" StructureHandle="/Cake_NR5/app/View/Articles" StructureKind="resource" NumEvents="3" CreationCount="762"/><InteractionEvent Delta="null" EndDate="2014-09-21 13:27:40.623 JST" Interest="3.0290003" Kind="manipulation" Navigation="null" OriginId="org.eclipse.mylyn.core.model.interest.decay.correction" StartDate="2014-09-21 13:27:40.623 JST" StructureHandle="/Cake_NR5/app/View/Elements/articles/index/_header.ctp" StructureKind="resource"/><InteractionEvent Delta="null" EndDate="2014-09-21 13:52:01.561 JST" Interest="13.0" Kind="selection" Navigation="null" OriginId="org.eclipse.php.editor" StartDate="2014-09-21 13:11:13.231 JST" StructureHandle="/Cake_NR5/app/View/Elements/articles/index/_header.ctp" StructureKind="resource" NumEvents="13" CreationCount="337"/><InteractionEvent Delta="null" EndDate="2014-09-21 13:52:01.584 JST" Interest="68.0" Kind="edit" Navigation="null" OriginId="org.eclipse.php.editor" StartDate="2014-09-21 13:11:17.561 JST" StructureHandle="/Cake_NR5/app/View/Elements/articles/index/_header.ctp" StructureKind="resource" NumEvents="68" CreationCount="337"/><InteractionEvent Delta="null" EndDate="2014-09-21 13:17:57.543 JST" Interest="3.8620005" Kind="manipulation" Navigation="null" OriginId="org.eclipse.mylyn.core.model.interest.decay.correction" StartDate="2014-09-21 13:17:57.543 JST" StructureHandle="/Cake_NR5/app/View/Elements/keywords/index_t_headers.ctp" StructureKind="resource"/><InteractionEvent Delta="null" EndDate="2014-09-21 13:20:44.881 JST" Interest="9.0" Kind="selection" Navigation="null" OriginId="org.eclipse.php.editor" StartDate="2014-09-21 13:05:21.66 JST" StructureHandle="/Cake_NR5/app/View/Elements/keywords/index_t_headers.ctp" StructureKind="resource" NumEvents="9" CreationCount="241"/><InteractionEvent Delta="null" EndDate="2014-09-21 13:21:23.56 JST" Interest="13.0" Kind="edit" Navigation="null" OriginId="org.eclipse.php.editor" StartDate="2014-09-21 13:19:56.134 JST" StructureHandle="/Cake_NR5/app/View/Elements/keywords/index_t_headers.ctp" StructureKind="resource" NumEvents="13" CreationCount="241"/><InteractionEvent Delta="null" EndDate="2014-09-21 13:30:44.892 JST" Interest="5.925" Kind="manipulation" Navigation="null" OriginId="org.eclipse.mylyn.core.model.interest.decay.correction" StartDate="2014-09-21 13:18:02.173 JST" StructureHandle="/Cake_NR5/app/View/Errors" StructureKind="resource" NumEvents="2" CreationCount="330"/><InteractionEvent Delta="null" EndDate="2014-09-21 13:30:44.892 JST" Interest="4.0" Kind="selection" Navigation="null" OriginId="org.eclipse.ui.views.ResourceNavigator" StartDate="2014-09-21 13:11:03.249 JST" StructureHandle="/Cake_NR5/app/View/Errors" StructureKind="resource" NumEvents="4" CreationCount="330"/><InteractionEvent Delta="null" EndDate="2014-09-21 13:56:59.6 JST" Interest="217.317" Kind="propagation" Navigation="org.eclipse.mylyn.core.model.edges.containment" OriginId="org.eclipse.mylyn.core.model.interest.propagation" StartDate="2014-09-21 13:05:33.87 JST" StructureHandle="/Cake_NR5/app/webroot/css" StructureKind="resource" NumEvents="299" CreationCount="244"/><InteractionEvent Delta="null" EndDate="2014-09-21 13:05:31.828 JST" Interest="1.0" Kind="selection" Navigation="null" OriginId="org.eclipse.ui.views.ResourceNavigator" StartDate="2014-09-21 13:05:31.828 JST" StructureHandle="/Cake_NR5/app/webroot/css" StructureKind="resource"/><InteractionEvent Delta="null" EndDate="2014-09-21 12:59:04.445 JST" Interest="1.0" Kind="selection" Navigation="null" OriginId="org.eclipse.ui.views.ResourceNavigator" StartDate="2014-09-21 12:59:04.445 JST" StructureHandle="/Cake_NR5/app/View/Helper/MytestHelper.php" StructureKind="resource"/><InteractionEvent Delta="null" EndDate="2014-09-21 13:53:14.208 JST" Interest="18.0" Kind="selection" Navigation="null" OriginId="org.eclipse.php.editor" StartDate="2014-09-21 13:04:01.5 JST" StructureHandle="/Cake_NR5/app/View/Elements/categories/index_t_entries.ctp" StructureKind="resource" NumEvents="18" CreationCount="214"/><InteractionEvent Delta="null" EndDate="2014-09-21 13:53:14.786 JST" Interest="45.0" Kind="edit" Navigation="null" OriginId="org.eclipse.php.editor" StartDate="2014-09-21 13:04:01.43 JST" StructureHandle="/Cake_NR5/app/View/Elements/categories/index_t_entries.ctp" StructureKind="resource" NumEvents="45" CreationCount="214"/><InteractionEvent Delta="null" EndDate="2014-09-21 13:52:00.72 JST" Interest="13.0" Kind="selection" Navigation="null" OriginId="org.eclipse.php.editor" StartDate="2014-09-21 13:25:06.202 JST" StructureHandle="/Cake_NR5/app/View/Categorys/add.ctp" StructureKind="resource" NumEvents="13" CreationCount="691"/><InteractionEvent Delta="null" EndDate="2014-09-21 13:52:00.94 JST" Interest="23.0" Kind="edit" Navigation="null" OriginId="org.eclipse.php.editor" StartDate="2014-09-21 13:25:06.447 JST" StructureHandle="/Cake_NR5/app/View/Categorys/add.ctp" StructureKind="resource" NumEvents="23" CreationCount="691"/><InteractionEvent Delta="null" EndDate="2014-09-21 13:52:01.269 JST" Interest="9.0" Kind="selection" Navigation="null" OriginId="org.eclipse.php.editor" StartDate="2014-09-21 13:27:26.373 JST" StructureHandle="/Cake_NR5/app/View/Articles/index.ctp" StructureKind="resource" NumEvents="9" CreationCount="764"/><InteractionEvent Delta="null" EndDate="2014-09-21 13:52:01.292 JST" Interest="11.0" Kind="edit" Navigation="null" OriginId="org.eclipse.php.editor" StartDate="2014-09-21 13:27:26.541 JST" StructureHandle="/Cake_NR5/app/View/Articles/index.ctp" StructureKind="resource" NumEvents="11" CreationCount="764"/><InteractionEvent Delta="null" EndDate="2014-09-21 13:57:02.114 JST" Interest="13.0" Kind="selection" Navigation="null" OriginId="org.eclipse.php.editor" StartDate="2014-09-21 12:59:20.655 JST" StructureHandle="/Cake_NR5/app/View/Elements/keywords/index_t_entries.ctp" StructureKind="resource" NumEvents="13" CreationCount="177"/><InteractionEvent Delta="null" EndDate="2014-09-21 13:57:47.320 JST" Interest="64.0" Kind="edit" Navigation="null" OriginId="org.eclipse.php.editor" StartDate="2014-09-21 12:59:20.694 JST" StructureHandle="/Cake_NR5/app/View/Elements/keywords/index_t_entries.ctp" StructureKind="resource" NumEvents="64" CreationCount="177"/><InteractionEvent Delta="null" EndDate="2014-09-21 15:14:46.760 JST" Interest="215.217" Kind="propagation" Navigation="org.eclipse.mylyn.core.model.edges.containment" OriginId="org.eclipse.mylyn.core.model.interest.propagation" StartDate="2014-09-21 13:11:12.670 JST" StructureHandle="/Cake_NR5/app/View/Elements/articles/index" StructureKind="resource" NumEvents="296" CreationCount="335"/><InteractionEvent Delta="null" EndDate="2014-09-21 13:40:35.105 JST" Interest="3.0" Kind="selection" Navigation="null" OriginId="org.eclipse.ui.views.ResourceNavigator" StartDate="2014-09-21 13:11:11.437 JST" StructureHandle="/Cake_NR5/app/View/Elements/articles/index" StructureKind="resource" NumEvents="3" CreationCount="335"/><InteractionEvent Delta="null" EndDate="2014-09-21 13:23:13.236 JST" Interest="1.0" Kind="selection" Navigation="null" OriginId="org.eclipse.ui.views.ResourceNavigator" StartDate="2014-09-21 13:23:13.236 JST" StructureHandle="/Cake_NR5/app/View/Pages" StructureKind="resource"/><InteractionEvent Delta="null" EndDate="2014-09-21 13:40:25.729 JST" Interest="58.634" Kind="propagation" Navigation="org.eclipse.mylyn.core.model.edges.containment" OriginId="org.eclipse.mylyn.core.model.interest.propagation" StartDate="2014-09-21 12:44:54.487 JST" StructureHandle="/Cake_NR5/app/View/Helper" StructureKind="resource" NumEvents="83" CreationCount="9"/><InteractionEvent Delta="null" EndDate="2014-09-21 13:40:28.149 JST" Interest="4.0" Kind="selection" Navigation="null" OriginId="org.eclipse.ui.views.ResourceNavigator" StartDate="2014-09-21 12:44:52.994 JST" StructureHandle="/Cake_NR5/app/View/Helper" StructureKind="resource" NumEvents="4" CreationCount="9"/><InteractionEvent Delta="null" EndDate="2014-09-21 13:25:05.622 JST" Interest="8.5060005" Kind="manipulation" Navigation="null" OriginId="org.eclipse.mylyn.core.model.interest.decay.correction" StartDate="2014-09-21 13:25:05.622 JST" StructureHandle="/Cake_NR5/app/View/Categorys" StructureKind="resource"/><InteractionEvent Delta="null" EndDate="2014-09-21 13:52:00.94 JST" Interest="27.134" Kind="propagation" Navigation="org.eclipse.mylyn.core.model.edges.containment" OriginId="org.eclipse.mylyn.core.model.interest.propagation" StartDate="2014-09-21 13:25:06.202 JST" StructureHandle="/Cake_NR5/app/View/Categorys" StructureKind="resource" NumEvents="36" CreationCount="71"/><InteractionEvent Delta="null" EndDate="2014-09-21 13:25:40.105 JST" Interest="4.0" Kind="selection" Navigation="null" OriginId="org.eclipse.ui.views.ResourceNavigator" StartDate="2014-09-21 12:46:56.184 JST" StructureHandle="/Cake_NR5/app/View/Categorys" StructureKind="resource" NumEvents="4" CreationCount="71"/><InteractionEvent Delta="null" EndDate="2014-09-21 13:03:48.395 JST" Interest="1.0" Kind="selection" Navigation="null" OriginId="org.eclipse.ui.views.ResourceNavigator" StartDate="2014-09-21 13:03:48.395 JST" StructureHandle="/Cake_NR5/app/View/Elements/empty" StructureKind="resource"/><InteractionEvent Delta="null" EndDate="2014-09-21 15:14:46.761 JST" Interest="1298.0" Kind="propagation" Navigation="org.eclipse.mylyn.core.model.edges.containment" OriginId="org.eclipse.mylyn.core.model.interest.propagation" StartDate="2014-09-21 12:44:33.89 JST" StructureHandle="/" StructureKind="resource" NumEvents="1298" CreationCount="1"/><InteractionEvent Delta="null" EndDate="2014-09-21 15:14:46.761 JST" Interest="223.89499" Kind="propagation" Navigation="org.eclipse.mylyn.core.model.edges.containment" OriginId="org.eclipse.mylyn.core.model.interest.propagation" StartDate="2014-09-21 12:44:33.88 JST" StructureHandle="=Cake_NR5" StructureKind="c/c++" NumEvents="321" CreationCount="1"/><InteractionEvent Delta="null" EndDate="2014-09-21 13:27:25.555 JST" Interest="1.0" Kind="selection" Navigation="null" OriginId="org.eclipse.ui.views.ResourceNavigator" StartDate="2014-09-21 13:27:25.555 JST" StructureHandle="/Cake_NR5/app/View/Articles/add.ctp" StructureKind="resource"/><InteractionEvent Delta="null" EndDate="2014-09-21 13:56:14.337 JST" Interest="30.0" Kind="selection" Navigation="null" OriginId="org.eclipse.wst.css.core.csssource.source" StartDate="2014-09-21 13:05:33.86 JST" StructureHandle="/Cake_NR5/app/webroot/css/main.css" StructureKind="resource" NumEvents="30" CreationCount="245"/><InteractionEvent Delta="null" EndDate="2014-09-21 13:56:59.6 JST" Interest="269.0" Kind="edit" Navigation="null" OriginId="org.eclipse.wst.css.core.csssource.source" StartDate="2014-09-21 13:05:34.104 JST" StructureHandle="/Cake_NR5/app/webroot/css/main.css" StructureKind="resource" NumEvents="269" CreationCount="245"/><InteractionEvent Delta="null" EndDate="2014-09-21 13:40:25.728 JST" Interest="7.0" Kind="selection" Navigation="null" OriginId="org.eclipse.ui.views.ResourceNavigator" StartDate="2014-09-21 12:44:54.483 JST" StructureHandle="/Cake_NR5/app/View/Helper/KeywordHelper.php" StructureKind="resource" NumEvents="7" CreationCount="11"/><InteractionEvent Delta="null" EndDate="2014-09-21 13:31:04.612 JST" Interest="78.0" Kind="edit" Navigation="null" OriginId="org.eclipse.php.editor" StartDate="2014-09-21 12:44:55.207 JST" StructureHandle="/Cake_NR5/app/View/Helper/KeywordHelper.php" StructureKind="resource" NumEvents="78" CreationCount="11"/><InteractionEvent Delta="null" EndDate="2014-09-21 12:44:36.646 JST" Interest="2.0" Kind="selection" Navigation="null" OriginId="org.eclipse.ui.views.ResourceNavigator" StartDate="2014-09-21 12:44:36.644 JST" StructureHandle="/Cake_NR5/app/Controller" StructureKind="resource" NumEvents="2" CreationCount="3"/><InteractionEvent Delta="null" EndDate="2014-09-21 13:18:14.780 JST" Interest="3.0" Kind="selection" Navigation="null" OriginId="org.eclipse.ui.views.ResourceNavigator" StartDate="2014-09-21 13:18:08.7 JST" StructureHandle="/Cake_NR5/app/View/Genres/index.ctp" StructureKind="resource" NumEvents="3" CreationCount="534"/><InteractionEvent Delta="null" EndDate="2014-09-21 13:18:08.898 JST" Interest="2.0" Kind="edit" Navigation="null" OriginId="org.eclipse.php.editor" StartDate="2014-09-21 13:18:08.363 JST" StructureHandle="/Cake_NR5/app/View/Genres/index.ctp" StructureKind="resource" NumEvents="2" CreationCount="534"/><InteractionEvent Delta="null" EndDate="2014-09-21 12:46:54.241 JST" Interest="2.0" Kind="selection" Navigation="null" OriginId="org.eclipse.ui.views.ResourceNavigator" StartDate="2014-09-21 12:46:54.238 JST" StructureHandle="/Cake_NR5/app/View/Videos" StructureKind="resource" NumEvents="2" CreationCount="67"/><InteractionEvent Delta="null" EndDate="2014-09-21 13:53:14.787 JST" Interest="45.517" Kind="propagation" Navigation="org.eclipse.mylyn.core.model.edges.containment" OriginId="org.eclipse.mylyn.core.model.interest.propagation" StartDate="2014-09-21 13:04:01.6 JST" StructureHandle="/Cake_NR5/app/View/Elements/categories" StructureKind="resource" NumEvents="62" CreationCount="213"/><InteractionEvent Delta="null" EndDate="2014-09-21 13:52:17.737 JST" Interest="4.0" Kind="selection" Navigation="null" OriginId="org.eclipse.ui.views.ResourceNavigator" StartDate="2014-09-21 13:03:58.541 JST" StructureHandle="/Cake_NR5/app/View/Elements/categories" StructureKind="resource" NumEvents="4" CreationCount="213"/><InteractionEvent Delta="null" EndDate="2014-09-21 12:59:51.193 JST" Interest="5.0" Kind="selection" Navigation="null" OriginId="org.eclipse.php.editor" StartDate="2014-09-21 12:59:13.125 JST" StructureHandle="/Cake_NR5/app/View/Keywords/index.ctp" StructureKind="resource" NumEvents="5" CreationCount="169"/><InteractionEvent Delta="null" EndDate="2014-09-21 12:59:51.216 JST" Interest="5.0" Kind="edit" Navigation="null" OriginId="org.eclipse.php.editor" StartDate="2014-09-21 12:59:13.408 JST" StructureHandle="/Cake_NR5/app/View/Keywords/index.ctp" StructureKind="resource" NumEvents="5" CreationCount="169"/><InteractionEvent Delta="null" EndDate="2014-09-21 13:27:22.361 JST" Interest="2.8930001" Kind="manipulation" Navigation="null" OriginId="org.eclipse.mylyn.core.model.interest.decay.correction" StartDate="2014-09-21 13:27:22.361 JST" StructureHandle="/Cake_NR5/app/View/Emails" StructureKind="resource"/><InteractionEvent Delta="null" EndDate="2014-09-21 13:27:22.361 JST" Interest="2.0" Kind="selection" Navigation="null" OriginId="org.eclipse.ui.views.ResourceNavigator" StartDate="2014-09-21 13:18:01.486 JST" StructureHandle="/Cake_NR5/app/View/Emails" StructureKind="resource" NumEvents="2" CreationCount="530"/><InteractionEvent Delta="null" EndDate="2014-09-21 13:11:02.10 JST" Interest="1.4880004" Kind="manipulation" Navigation="null" OriginId="org.eclipse.mylyn.core.model.interest.decay.correction" StartDate="2014-09-21 13:11:02.10 JST" StructureHandle="/Cake_NR5/app/View/Users" StructureKind="resource"/><InteractionEvent Delta="null" EndDate="2014-09-21 13:11:02.10 JST" Interest="4.0" Kind="selection" Navigation="null" OriginId="org.eclipse.ui.views.ResourceNavigator" StartDate="2014-09-21 12:46:50.184 JST" StructureHandle="/Cake_NR5/app/View/Users" StructureKind="resource" NumEvents="4" CreationCount="64"/><InteractionEvent Delta="null" EndDate="2014-09-21 12:59:50.609 JST" Interest="54.221996" Kind="propagation" Navigation="org.eclipse.mylyn.core.model.edges.containment" OriginId="org.eclipse.mylyn.core.model.interest.propagation" StartDate="2014-09-21 12:47:01.813 JST" StructureHandle="/Cake_NR5/app/View/Keywords" StructureKind="resource" NumEvents="78" CreationCount="7"/><InteractionEvent Delta="null" EndDate="2014-09-21 13:25:01.800 JST" Interest="5.0" Kind="selection" Navigation="null" OriginId="org.eclipse.ui.views.ResourceNavigator" StartDate="2014-09-21 12:44:43.840 JST" StructureHandle="/Cake_NR5/app/View/Keywords" StructureKind="resource" NumEvents="5" CreationCount="7"/><InteractionEvent Delta="null" EndDate="2014-09-21 13:18:06.946 JST" Interest="3.4400005" Kind="manipulation" Navigation="null" OriginId="org.eclipse.mylyn.core.model.interest.decay.correction" StartDate="2014-09-21 13:11:06.461 JST" StructureHandle="/Cake_NR5/app/View/Genres" StructureKind="resource" NumEvents="2" CreationCount="212"/><InteractionEvent Delta="null" EndDate="2014-09-21 13:52:00.377 JST" Interest="31.395998" Kind="propagation" Navigation="org.eclipse.mylyn.core.model.edges.containment" OriginId="org.eclipse.mylyn.core.model.interest.propagation" StartDate="2014-09-21 13:18:08.8 JST" StructureHandle="/Cake_NR5/app/View/Genres" StructureKind="resource" NumEvents="41" CreationCount="212"/><InteractionEvent Delta="null" EndDate="2014-09-21 13:25:55.464 JST" Interest="4.0" Kind="selection" Navigation="null" OriginId="org.eclipse.ui.views.ResourceNavigator" StartDate="2014-09-21 13:03:51.442 JST" StructureHandle="/Cake_NR5/app/View/Genres" StructureKind="resource" NumEvents="4" CreationCount="212"/><InteractionEvent Delta="null" EndDate="2014-09-21 12:59:47.735 JST" Interest="5.0" Kind="selection" Navigation="null" OriginId="org.eclipse.php.editor" StartDate="2014-09-21 12:47:01.813 JST" StructureHandle="/Cake_NR5/app/View/Keywords/view.ctp" StructureKind="resource" NumEvents="5" CreationCount="73"/><InteractionEvent Delta="null" EndDate="2014-09-21 12:59:50.609 JST" Interest="73.0" Kind="edit" Navigation="null" OriginId="org.eclipse.php.editor" StartDate="2014-09-21 12:47:01.849 JST" StructureHandle="/Cake_NR5/app/View/Keywords/view.ctp" StructureKind="resource" NumEvents="73" CreationCount="73"/><InteractionEvent Delta="null" EndDate="2014-09-21 13:57:48.245 JST" Interest="39.0" Kind="selection" Navigation="null" OriginId="org.eclipse.php.editor" StartDate="2014-09-21 13:11:12.670 JST" StructureHandle="/Cake_NR5/app/View/Elements/articles/index/_idx_t_entries.ctp" StructureKind="resource" NumEvents="39" CreationCount="336"/><InteractionEvent Delta="null" EndDate="2014-09-21 15:14:46.759 JST" Interest="256.0" Kind="edit" Navigation="null" OriginId="org.eclipse.php.editor" StartDate="2014-09-21 13:11:25.703 JST" StructureHandle="/Cake_NR5/app/View/Elements/articles/index/_idx_t_entries.ctp" StructureKind="resource" NumEvents="256" CreationCount="336"/></InteractionHistory>