<?xml version="1.0" encoding="UTF-8"?><InteractionHistory Id="local-37" Version="1"><InteractionEvent Delta="null" EndDate="2014-09-22 15:33:00.622 JST" Interest="149.25699" Kind="propagation" Navigation="org.eclipse.mylyn.core.model.edges.containment" OriginId="org.eclipse.mylyn.core.model.interest.propagation" StartDate="2014-09-22 15:15:03.684 JST" StructureHandle="" StructureKind="c/c++" NumEvents="218" CreationCount="1"/><InteractionEvent Delta="null" EndDate="2014-09-22 15:16:02.943 JST" Interest="10.0" Kind="edit" Navigation="null" OriginId="org.eclipse.php.editor" StartDate="2014-09-22 15:15:15.142 JST" StructureHandle="/Cake_NR5/app/View/Articles/index.ctp" StructureKind="resource" NumEvents="10" CreationCount="5"/><InteractionEvent Delta="null" EndDate="2014-09-22 15:26:33.686 JST" Interest="5.0" Kind="selection" Navigation="null" OriginId="org.eclipse.ui.views.ResourceNavigator" StartDate="2014-09-22 15:15:14.768 JST" StructureHandle="/Cake_NR5/app/View/Articles/index.ctp" StructureKind="resource" NumEvents="5" CreationCount="5"/><InteractionEvent Delta="null" EndDate="2014-09-22 15:24:57.870 JST" Interest="1.0" Kind="selection" Navigation="null" OriginId="org.eclipse.ui.views.ResourceNavigator" StartDate="2014-09-22 15:24:57.870 JST" StructureHandle="/Cake_NR5/app/webroot/audio" StructureKind="resource"/><InteractionEvent Delta="null" EndDate="2014-09-22 15:33:00.622 JST" Interest="288.0" Kind="propagation" Navigation="null" OriginId="org.eclipse.php.editor" StartDate="2014-09-22 15:15:03.684 JST" StructureHandle="/Cake_NR5" StructureKind="resource" NumEvents="288" CreationCount="1"/><InteractionEvent Delta="null" EndDate="2014-09-22 15:33:00.621 JST" Interest="148.053" Kind="propagation" Navigation="org.eclipse.mylyn.core.model.edges.containment" OriginId="org.eclipse.mylyn.core.model.interest.propagation" StartDate="2014-09-22 15:15:20.720 JST" StructureHandle="/Cake_NR5/app/View/Elements/articles" StructureKind="resource" NumEvents="211" CreationCount="13"/><InteractionEvent Delta="null" EndDate="2014-09-22 15:15:20.172 JST" Interest="1.0" Kind="selection" Navigation="null" OriginId="org.eclipse.ui.views.ResourceNavigator" StartDate="2014-09-22 15:15:20.172 JST" StructureHandle="/Cake_NR5/app/View/Elements/articles" StructureKind="resource"/><InteractionEvent Delta="null" EndDate="2014-09-22 15:33:00.620 JST" Interest="147.036" Kind="propagation" Navigation="org.eclipse.mylyn.core.model.edges.containment" OriginId="org.eclipse.mylyn.core.model.interest.propagation" StartDate="2014-09-22 15:15:27.12 JST" StructureHandle="/Cake_NR5/app/View/Elements/articles/index" StructureKind="resource" NumEvents="208" CreationCount="14"/><InteractionEvent Delta="null" EndDate="2014-09-22 15:26:28.542 JST" Interest="2.0" Kind="selection" Navigation="null" OriginId="org.eclipse.ui.views.ResourceNavigator" StartDate="2014-09-22 15:15:20.720 JST" StructureHandle="/Cake_NR5/app/View/Elements/articles/index" StructureKind="resource" NumEvents="2" CreationCount="14"/><InteractionEvent Delta="null" EndDate="2014-09-22 15:26:00.345 JST" Interest="2.0" Kind="selection" Navigation="null" OriginId="org.eclipse.ui.views.ResourceNavigator" StartDate="2014-09-22 15:25:53.315 JST" StructureHandle="/Cake_NR5/app/View/Helper" StructureKind="resource" NumEvents="2" CreationCount="236"/><InteractionEvent Delta="null" EndDate="2014-09-22 15:27:09.374 JST" Interest="17.950998" Kind="propagation" Navigation="org.eclipse.mylyn.core.model.edges.containment" OriginId="org.eclipse.mylyn.core.model.interest.propagation" StartDate="2014-09-22 15:24:57.871 JST" StructureHandle="/Cake_NR5/app/webroot" StructureKind="resource" NumEvents="26" CreationCount="206"/><InteractionEvent Delta="null" EndDate="2014-09-22 15:24:56.228 JST" Interest="1.0" Kind="selection" Navigation="null" OriginId="org.eclipse.ui.views.ResourceNavigator" StartDate="2014-09-22 15:24:56.228 JST" StructureHandle="/Cake_NR5/app/webroot" StructureKind="resource"/><InteractionEvent Delta="null" EndDate="2014-09-22 15:33:00.622 JST" Interest="149.25699" Kind="propagation" Navigation="org.eclipse.mylyn.core.model.edges.containment" OriginId="org.eclipse.mylyn.core.model.interest.propagation" StartDate="2014-09-22 15:15:03.684 JST" StructureHandle="=Cake_NR5" StructureKind="c/c++" NumEvents="218" CreationCount="1"/><InteractionEvent Delta="null" EndDate="2014-09-22 15:33:00.622 JST" Interest="288.0" Kind="propagation" Navigation="org.eclipse.mylyn.core.model.edges.containment" OriginId="org.eclipse.mylyn.core.model.interest.propagation" StartDate="2014-09-22 15:15:03.684 JST" StructureHandle="/" StructureKind="resource" NumEvents="288" CreationCount="1"/><InteractionEvent Delta="null" EndDate="2014-09-22 15:33:00.621 JST" Interest="148.22299" Kind="propagation" Navigation="org.eclipse.mylyn.core.model.edges.containment" OriginId="org.eclipse.mylyn.core.model.interest.propagation" StartDate="2014-09-22 15:15:13.193 JST" StructureHandle="/Cake_NR5/app/View" StructureKind="resource" NumEvents="214" CreationCount="3"/><InteractionEvent Delta="null" EndDate="2014-09-22 15:15:11.29 JST" Interest="1.0" Kind="selection" Navigation="null" OriginId="org.eclipse.ui.views.ResourceNavigator" StartDate="2014-09-22 15:15:11.29 JST" StructureHandle="/Cake_NR5/app/View" StructureKind="resource"/><InteractionEvent Delta="null" EndDate="2014-09-22 15:33:00.621 JST" Interest="148.06999" Kind="propagation" Navigation="org.eclipse.mylyn.core.model.edges.containment" OriginId="org.eclipse.mylyn.core.model.interest.propagation" StartDate="2014-09-22 15:15:20.173 JST" StructureHandle="/Cake_NR5/app/View/Elements" StructureKind="resource" NumEvents="213" CreationCount="12"/><InteractionEvent Delta="null" EndDate="2014-09-22 15:15:19.847 JST" Interest="1.0" Kind="selection" Navigation="null" OriginId="org.eclipse.ui.views.ResourceNavigator" StartDate="2014-09-22 15:15:19.847 JST" StructureHandle="/Cake_NR5/app/View/Elements" StructureKind="resource"/><InteractionEvent Delta="null" EndDate="2014-09-22 15:27:09.374 JST" Interest="17.0" Kind="edit" Navigation="null" OriginId="org.eclipse.wst.css.core.csssource.source" StartDate="2014-09-22 15:24:59.722 JST" StructureHandle="/Cake_NR5/app/webroot/css/main.css" StructureKind="resource" NumEvents="17" CreationCount="209"/><InteractionEvent Delta="null" EndDate="2014-09-22 15:27:09.347 JST" Interest="7.0" Kind="selection" Navigation="null" OriginId="org.eclipse.wst.css.core.csssource.source" StartDate="2014-09-22 15:24:59.417 JST" StructureHandle="/Cake_NR5/app/webroot/css/main.css" StructureKind="resource" NumEvents="7" CreationCount="209"/><InteractionEvent Delta="null" EndDate="2014-09-22 15:27:08.810 JST" Interest="9.0" Kind="edit" Navigation="null" OriginId="org.eclipse.php.editor" StartDate="2014-09-22 15:26:41.794 JST" StructureHandle="/Cake_NR5/app/View/Elements/articles/index/_idx_t_entries.ctp" StructureKind="resource" NumEvents="9" CreationCount="247"/><InteractionEvent Delta="null" EndDate="2014-09-22 15:27:02.717 JST" Interest="3.0" Kind="selection" Navigation="null" OriginId="org.eclipse.php.editor" StartDate="2014-09-22 15:26:41.459 JST" StructureHandle="/Cake_NR5/app/View/Elements/articles/index/_idx_t_entries.ctp" StructureKind="resource" NumEvents="3" CreationCount="247"/><InteractionEvent Delta="null" EndDate="2014-09-22 15:26:25.85 JST" Interest="1.0" Kind="selection" Navigation="null" OriginId="org.eclipse.ui.views.ResourceNavigator" StartDate="2014-09-22 15:26:25.85 JST" StructureHandle="/Cake_NR5/app/View/Commons" StructureKind="resource"/><InteractionEvent Delta="null" EndDate="2014-09-22 15:16:03.578 JST" Interest="5.0" Kind="edit" Navigation="null" OriginId="org.eclipse.php.editor" StartDate="2014-09-22 15:15:27.59 JST" StructureHandle="/Cake_NR5/app/View/Elements/articles/index/_idx_test_D_9.ctp" StructureKind="resource" NumEvents="5" CreationCount="15"/><InteractionEvent Delta="null" EndDate="2014-09-22 15:26:36.775 JST" Interest="7.0" Kind="selection" Navigation="null" OriginId="org.eclipse.ui.views.ResourceNavigator" StartDate="2014-09-22 15:15:27.11 JST" StructureHandle="/Cake_NR5/app/View/Elements/articles/index/_idx_test_D_9.ctp" StructureKind="resource" NumEvents="7" CreationCount="15"/><InteractionEvent Delta="null" EndDate="2014-09-22 15:33:00.622 JST" Interest="147.25699" Kind="propagation" Navigation="org.eclipse.mylyn.core.model.edges.containment" OriginId="org.eclipse.mylyn.core.model.interest.propagation" StartDate="2014-09-22 15:15:15.76 JST" StructureHandle="/Cake_NR5/app" StructureKind="resource" NumEvents="216" CreationCount="1"/><InteractionEvent Delta="null" EndDate="2014-09-22 15:15:05.251 JST" Interest="2.0" Kind="selection" Navigation="null" OriginId="org.eclipse.ui.views.ResourceNavigator" StartDate="2014-09-22 15:15:03.683 JST" StructureHandle="/Cake_NR5/app" StructureKind="resource" NumEvents="2" CreationCount="1"/><InteractionEvent Delta="null" EndDate="2014-09-22 15:26:33.686 JST" Interest="11.017" Kind="propagation" Navigation="org.eclipse.mylyn.core.model.edges.containment" OriginId="org.eclipse.mylyn.core.model.interest.propagation" StartDate="2014-09-22 15:15:14.769 JST" StructureHandle="/Cake_NR5/app/View/Articles" StructureKind="resource" NumEvents="15" CreationCount="4"/><InteractionEvent Delta="null" EndDate="2014-09-22 15:15:13.192 JST" Interest="1.0" Kind="selection" Navigation="null" OriginId="org.eclipse.ui.views.ResourceNavigator" StartDate="2014-09-22 15:15:13.192 JST" StructureHandle="/Cake_NR5/app/View/Articles" StructureKind="resource"/><InteractionEvent Delta="null" EndDate="2014-09-22 15:26:02.103 JST" Interest="1.0" Kind="selection" Navigation="null" OriginId="org.eclipse.ui.views.ResourceNavigator" StartDate="2014-09-22 15:26:02.103 JST" StructureHandle="/Cake_NR5/app/View/Articles/view.ctp" StructureKind="resource"/><InteractionEvent Delta="null" EndDate="2014-09-22 15:26:00.421 JST" Interest="1.0" Kind="selection" Navigation="null" OriginId="org.eclipse.ui.views.ResourceNavigator" StartDate="2014-09-22 15:26:00.421 JST" StructureHandle="/Cake_NR5/app/View/Genres" StructureKind="resource"/><InteractionEvent Delta="null" EndDate="2014-09-22 15:27:09.374 JST" Interest="17.916998" Kind="propagation" Navigation="org.eclipse.mylyn.core.model.edges.containment" OriginId="org.eclipse.mylyn.core.model.interest.propagation" StartDate="2014-09-22 15:24:59.418 JST" StructureHandle="/Cake_NR5/app/webroot/css" StructureKind="resource" NumEvents="24" CreationCount="208"/><InteractionEvent Delta="null" EndDate="2014-09-22 15:24:58.301 JST" Interest="1.0" Kind="selection" Navigation="null" OriginId="org.eclipse.ui.views.ResourceNavigator" StartDate="2014-09-22 15:24:58.301 JST" StructureHandle="/Cake_NR5/app/webroot/css" StructureKind="resource"/><InteractionEvent Delta="null" EndDate="2014-09-22 15:15:34.293 JST" Interest="1.0" Kind="selection" Navigation="null" OriginId="org.eclipse.ui.views.ResourceNavigator" StartDate="2014-09-22 15:15:34.293 JST" StructureHandle="/Cake_NR5/app/View/Elements/articles/index/_idx_test_D_9__entries.ctp" StructureKind="resource"/><InteractionEvent Delta="null" EndDate="2014-09-22 15:33:00.620 JST" Interest="197.0" Kind="edit" Navigation="null" OriginId="org.eclipse.php.editor" StartDate="2014-09-22 15:15:48.893 JST" StructureHandle="/Cake_NR5/app/View/Elements/articles/index/_idx_test_D_9_V_1_1.ctp" StructureKind="resource" NumEvents="197" CreationCount="22"/><InteractionEvent Delta="null" EndDate="2014-09-22 15:15:46.760 JST" Interest="1.0" Kind="propagation" Navigation="null" OriginId="org.eclipse.mylyn.resources.ui.interest.updater" StartDate="2014-09-22 15:15:46.760 JST" StructureHandle="/Cake_NR5/app/View/Elements/articles/index/_idx_test_D_9_V_1_1.ctp" StructureKind="resource"/><InteractionEvent Delta="null" EndDate="2014-09-22 15:33:00.612 JST" Interest="10.0" Kind="selection" Navigation="null" OriginId="org.eclipse.php.editor" StartDate="2014-09-22 15:15:48.368 JST" StructureHandle="/Cake_NR5/app/View/Elements/articles/index/_idx_test_D_9_V_1_1.ctp" StructureKind="resource" NumEvents="10" CreationCount="22"/></InteractionHistory>