<?xml version="1.0" encoding="UTF-8"?><InteractionHistory Id="local-105" Version="1"><InteractionEvent Delta="null" EndDate="2014-12-03 18:22:34.998 JST" Interest="38.350998" Kind="propagation" Navigation="org.eclipse.mylyn.core.model.edges.containment" OriginId="org.eclipse.mylyn.core.model.interest.propagation" StartDate="2014-12-03 16:49:27.177 JST" StructureHandle="" StructureKind="c/c++" NumEvents="47" CreationCount="1"/><InteractionEvent Delta="null" EndDate="2014-12-03 18:22:54.134 JST" Interest="1.0" Kind="selection" Navigation="null" OriginId="org.eclipse.ui.views.ResourceNavigator" StartDate="2014-12-03 18:22:54.134 JST" StructureHandle="/Embedded/TEST/D-108/v_2-5-3" StructureKind="resource"/><InteractionEvent Delta="null" EndDate="2014-12-03 18:23:16.89 JST" Interest="14.617" Kind="propagation" Navigation="org.eclipse.mylyn.core.model.edges.containment" OriginId="org.eclipse.mylyn.core.model.interest.propagation" StartDate="2014-12-03 18:22:56.641 JST" StructureHandle="/Embedded/TEST/D-108/v_2-5-3" StructureKind="resource" NumEvents="18" CreationCount="54"/><InteractionEvent Delta="null" EndDate="2014-12-03 18:22:25.729 JST" Interest="19.0" Kind="edit" Navigation="null" OriginId="org.eclipse.cdt.ui.editor.CEditor" StartDate="2014-12-03 16:49:42.433 JST" StructureHandle="/Embedded/D-100~/D-108_Aoki_TMR0/D-108_v_2_5_3/D-108_v_2_5_3.X/D-108_v_2_5_3.c" StructureKind="resource" NumEvents="19" CreationCount="4"/><InteractionEvent Delta="null" EndDate="2014-12-03 18:22:29.906 JST" Interest="3.0" Kind="selection" Navigation="null" OriginId="org.eclipse.ui.views.ResourceNavigator" StartDate="2014-12-03 16:49:37.73 JST" StructureHandle="/Embedded/D-100~/D-108_Aoki_TMR0/D-108_v_2_5_3/D-108_v_2_5_3.X/D-108_v_2_5_3.c" StructureKind="resource" NumEvents="3" CreationCount="4"/><InteractionEvent Delta="null" EndDate="2014-12-03 18:22:25.727 JST" Interest="19.0" Kind="propagation" Navigation="null" OriginId="org.eclipse.cdt.ui.editor.CEditor" StartDate="2014-12-03 16:49:42.431 JST" StructureHandle="/Embedded/D-100~/D-108_Aoki_TMR0/D-108_v_2_5_3/D-108_v_2_5_3.X/D-108_v_2_5_3.c" StructureKind="resource" NumEvents="19" CreationCount="4"/><InteractionEvent Delta="null" EndDate="2014-12-03 18:22:52.736 JST" Interest="1.0" Kind="selection" Navigation="null" OriginId="org.eclipse.ui.views.ResourceNavigator" StartDate="2014-12-03 18:22:52.736 JST" StructureHandle="/Embedded/TEST/D-108" StructureKind="resource"/><InteractionEvent Delta="null" EndDate="2014-12-03 18:23:16.90 JST" Interest="14.634" Kind="propagation" Navigation="org.eclipse.mylyn.core.model.edges.containment" OriginId="org.eclipse.mylyn.core.model.interest.propagation" StartDate="2014-12-03 18:22:54.135 JST" StructureHandle="/Embedded/TEST/D-108" StructureKind="resource" NumEvents="19" CreationCount="53"/><InteractionEvent Delta="null" EndDate="2014-12-03 18:22:58.227 JST" Interest="1.0" Kind="selection" Navigation="null" OriginId="org.eclipse.cdt.ui.editor.CEditor" StartDate="2014-12-03 18:22:58.227 JST" StructureHandle="=Embedded{TEST\/D-108\/v_2-5-3\/D-108_v-2-5-3.c[stdlib.h#75" StructureKind="c/c++"/><InteractionEvent Delta="null" EndDate="2014-12-03 18:22:51.356 JST" Interest="2.0" Kind="selection" Navigation="null" OriginId="org.eclipse.ui.views.ResourceNavigator" StartDate="2014-12-03 18:22:50.302 JST" StructureHandle="/Embedded/TEST/D-108_v-2-5-3" StructureKind="resource" NumEvents="2" CreationCount="51"/><InteractionEvent Delta="null" EndDate="2014-12-03 18:23:16.92 JST" Interest="72.0" Kind="propagation" Navigation="org.eclipse.mylyn.core.model.edges.containment" OriginId="org.eclipse.mylyn.core.model.interest.propagation" StartDate="2014-12-03 16:49:27.177 JST" StructureHandle="/" StructureKind="resource" NumEvents="72" CreationCount="1"/><InteractionEvent Delta="null" EndDate="2014-12-03 18:22:25.725 JST" Interest="12.0" Kind="edit" Navigation="null" OriginId="org.eclipse.cdt.ui.editor.CEditor" StartDate="2014-12-03 16:49:58.520 JST" StructureHandle="=Embedded{D-100~\/D-108_Aoki_TMR0\/D-108_v_2_5_3\/D-108_v_2_5_3.X\/D-108_v_2_5_3.c[main#74(void" StructureKind="c/c++" NumEvents="12" CreationCount="18"/><InteractionEvent Delta="null" EndDate="2014-12-03 16:49:56.320 JST" Interest="1.0" Kind="selection" Navigation="null" OriginId="org.eclipse.cdt.ui.editor.CEditor" StartDate="2014-12-03 16:49:56.320 JST" StructureHandle="=Embedded{D-100~\/D-108_Aoki_TMR0\/D-108_v_2_5_3\/D-108_v_2_5_3.X\/D-108_v_2_5_3.c[main#74(void" StructureKind="c/c++"/><InteractionEvent Delta="null" EndDate="2014-12-03 18:23:16.85 JST" Interest="5.0" Kind="edit" Navigation="null" OriginId="org.eclipse.cdt.ui.editor.CEditor" StartDate="2014-12-03 18:23:05.570 JST" StructureHandle="=Embedded{TEST\/D-108\/v_2-5-3\/D-108_v-2-5-3.c" StructureKind="c/c++" NumEvents="5" CreationCount="57"/><InteractionEvent Delta="null" EndDate="2014-12-03 18:23:01.295 JST" Interest="1.0" Kind="selection" Navigation="null" OriginId="org.eclipse.cdt.ui.editor.CEditor" StartDate="2014-12-03 18:23:01.295 JST" StructureHandle="=Embedded{TEST\/D-108\/v_2-5-3\/D-108_v-2-5-3.c" StructureKind="c/c++"/><InteractionEvent Delta="null" EndDate="2014-12-03 18:23:00.379 JST" Interest="1.0339999" Kind="propagation" Navigation="org.eclipse.mylyn.core.model.edges.containment" OriginId="org.eclipse.mylyn.core.model.interest.propagation" StartDate="2014-12-03 18:22:58.297 JST" StructureHandle="=Embedded{TEST\/D-108\/v_2-5-3\/D-108_v-2-5-3.c" StructureKind="c/c++" NumEvents="2" CreationCount="57"/><InteractionEvent Delta="null" EndDate="2014-12-03 18:22:43.846 JST" Interest="1.0" Kind="selection" Navigation="null" OriginId="org.eclipse.ui.views.ResourceNavigator" StartDate="2014-12-03 18:22:43.846 JST" StructureHandle="/Embedded/D-13_PIC16F84A_4-LEDs" StructureKind="resource"/><InteractionEvent Delta="null" EndDate="2014-12-03 18:22:34.952 JST" Interest="3.0" Kind="selection" Navigation="null" OriginId="org.eclipse.ui.views.ResourceNavigator" StartDate="2014-12-03 16:49:26.887 JST" StructureHandle="/Embedded/D-100~/D-108_Aoki_TMR0" StructureKind="resource" NumEvents="3" CreationCount="1"/><InteractionEvent Delta="null" EndDate="2014-12-03 18:22:29.964 JST" Interest="34.350998" Kind="propagation" Navigation="org.eclipse.mylyn.core.model.edges.containment" OriginId="org.eclipse.mylyn.core.model.interest.propagation" StartDate="2014-12-03 16:49:29.561 JST" StructureHandle="/Embedded/D-100~/D-108_Aoki_TMR0" StructureKind="resource" NumEvents="43" CreationCount="1"/><InteractionEvent Delta="null" EndDate="2014-12-03 16:49:52.263 JST" Interest="1.0" Kind="selection" Navigation="null" OriginId="org.eclipse.cdt.ui.editor.CEditor" StartDate="2014-12-03 16:49:52.263 JST" StructureHandle="=Embedded{D-100~\/D-108_Aoki_TMR0\/D-108_v_2_5_3\/D-108_v_2_5_3.X\/D-108_v_2_5_3.c[true#79" StructureKind="c/c++"/><InteractionEvent Delta="null" EndDate="2014-12-03 16:49:50.984 JST" Interest="3.0" Kind="edit" Navigation="null" OriginId="org.eclipse.cdt.ui.editor.CEditor" StartDate="2014-12-03 16:49:45.330 JST" StructureHandle="=Embedded{D-100~\/D-108_Aoki_TMR0\/D-108_v_2_5_3\/D-108_v_2_5_3.X\/D-108_v_2_5_3.c" StructureKind="c/c++" NumEvents="3" CreationCount="6"/><InteractionEvent Delta="null" EndDate="2014-12-03 16:49:42.430 JST" Interest="1.0" Kind="selection" Navigation="null" OriginId="org.eclipse.cdt.ui.editor.CEditor" StartDate="2014-12-03 16:49:42.430 JST" StructureHandle="=Embedded{D-100~\/D-108_Aoki_TMR0\/D-108_v_2_5_3\/D-108_v_2_5_3.X\/D-108_v_2_5_3.c" StructureKind="c/c++"/><InteractionEvent Delta="null" EndDate="2014-12-03 18:22:25.726 JST" Interest="6.504" Kind="propagation" Navigation="org.eclipse.mylyn.core.model.edges.containment" OriginId="org.eclipse.mylyn.core.model.interest.propagation" StartDate="2014-12-03 16:50:03.622 JST" StructureHandle="=Embedded{D-100~\/D-108_Aoki_TMR0\/D-108_v_2_5_3\/D-108_v_2_5_3.X\/D-108_v_2_5_3.c" StructureKind="c/c++" NumEvents="10" CreationCount="6"/><InteractionEvent Delta="null" EndDate="2014-12-03 16:49:29.561 JST" Interest="1.0" Kind="selection" Navigation="null" OriginId="org.eclipse.ui.views.ResourceNavigator" StartDate="2014-12-03 16:49:29.561 JST" StructureHandle="/Embedded/D-100~/D-108_Aoki_TMR0/D-108_v_2_5_3" StructureKind="resource"/><InteractionEvent Delta="null" EndDate="2014-12-03 18:22:29.963 JST" Interest="34.334" Kind="propagation" Navigation="org.eclipse.mylyn.core.model.edges.containment" OriginId="org.eclipse.mylyn.core.model.interest.propagation" StartDate="2014-12-03 16:49:34.982 JST" StructureHandle="/Embedded/D-100~/D-108_Aoki_TMR0/D-108_v_2_5_3" StructureKind="resource" NumEvents="42" CreationCount="2"/><InteractionEvent Delta="null" EndDate="2014-12-03 18:22:30.465 JST" Interest="1.0" Kind="selection" Navigation="null" OriginId="org.eclipse.ui.views.ResourceNavigator" StartDate="2014-12-03 18:22:30.465 JST" StructureHandle="/Embedded/D-100~/D-108_Aoki_TMR0/D-108_v_2_4" StructureKind="resource"/><InteractionEvent Delta="null" EndDate="2014-12-03 18:22:34.998 JST" Interest="1.0" Kind="selection" Navigation="null" OriginId="org.eclipse.ui.views.ResourceNavigator" StartDate="2014-12-03 18:22:34.998 JST" StructureHandle="/Embedded/D-100~" StructureKind="resource"/><InteractionEvent Delta="null" EndDate="2014-12-03 18:22:34.952 JST" Interest="37.350998" Kind="propagation" Navigation="org.eclipse.mylyn.core.model.edges.containment" OriginId="org.eclipse.mylyn.core.model.interest.propagation" StartDate="2014-12-03 16:49:27.177 JST" StructureHandle="/Embedded/D-100~" StructureKind="resource" NumEvents="46" CreationCount="1"/><InteractionEvent Delta="null" EndDate="2014-12-03 16:49:51.579 JST" Interest="1.0" Kind="selection" Navigation="null" OriginId="org.eclipse.cdt.ui.editor.CEditor" StartDate="2014-12-03 16:49:51.579 JST" StructureHandle="=Embedded{D-100~\/D-108_Aoki_TMR0\/D-108_v_2_5_3\/D-108_v_2_5_3.X\/D-108_v_2_5_3.c[lib_D-108_V_2_5_3.h#75" StructureKind="c/c++"/><InteractionEvent Delta="null" EndDate="2014-12-03 18:23:00.378 JST" Interest="1.0" Kind="selection" Navigation="null" OriginId="org.eclipse.cdt.ui.editor.CEditor" StartDate="2014-12-03 18:23:00.378 JST" StructureHandle="=Embedded{TEST\/D-108\/v_2-5-3\/D-108_v-2-5-3.c[RRF_2#73(int" StructureKind="c/c++"/><InteractionEvent Delta="null" EndDate="2014-12-03 18:22:34.998 JST" Interest="38.350998" Kind="propagation" Navigation="org.eclipse.mylyn.core.model.edges.containment" OriginId="org.eclipse.mylyn.core.model.interest.propagation" StartDate="2014-12-03 16:49:27.177 JST" StructureHandle="=Embedded" StructureKind="c/c++" NumEvents="47" CreationCount="1"/><InteractionEvent Delta="null" EndDate="2014-12-03 18:22:46.521 JST" Interest="1.0" Kind="selection" Navigation="null" OriginId="org.eclipse.ui.views.ResourceNavigator" StartDate="2014-12-03 18:22:46.521 JST" StructureHandle="/Embedded/TEST" StructureKind="resource"/><InteractionEvent Delta="null" EndDate="2014-12-03 18:23:16.92 JST" Interest="14.684999" Kind="propagation" Navigation="org.eclipse.mylyn.core.model.edges.containment" OriginId="org.eclipse.mylyn.core.model.interest.propagation" StartDate="2014-12-03 18:22:50.303 JST" StructureHandle="/Embedded/TEST" StructureKind="resource" NumEvents="19" CreationCount="50"/><InteractionEvent Delta="null" EndDate="2014-12-03 18:23:16.92 JST" Interest="72.0" Kind="propagation" Navigation="null" OriginId="org.eclipse.cdt.ui.editor.CEditor" StartDate="2014-12-03 16:49:27.177 JST" StructureHandle="/Embedded" StructureKind="resource" NumEvents="72" CreationCount="1"/><InteractionEvent Delta="null" EndDate="2014-12-03 16:49:34.981 JST" Interest="1.0" Kind="selection" Navigation="null" OriginId="org.eclipse.ui.views.ResourceNavigator" StartDate="2014-12-03 16:49:34.981 JST" StructureHandle="/Embedded/D-100~/D-108_Aoki_TMR0/D-108_v_2_5_3/D-108_v_2_5_3.X" StructureKind="resource"/><InteractionEvent Delta="null" EndDate="2014-12-03 18:22:29.934 JST" Interest="34.316998" Kind="propagation" Navigation="org.eclipse.mylyn.core.model.edges.containment" OriginId="org.eclipse.mylyn.core.model.interest.propagation" StartDate="2014-12-03 16:49:37.75 JST" StructureHandle="/Embedded/D-100~/D-108_Aoki_TMR0/D-108_v_2_5_3/D-108_v_2_5_3.X" StructureKind="resource" NumEvents="41" CreationCount="3"/><InteractionEvent Delta="null" EndDate="2014-12-03 18:23:16.88 JST" Interest="8.0" Kind="edit" Navigation="null" OriginId="org.eclipse.cdt.ui.editor.CEditor" StartDate="2014-12-03 18:22:58.299 JST" StructureHandle="/Embedded/TEST/D-108/v_2-5-3/D-108_v-2-5-3.c" StructureKind="resource" NumEvents="8" CreationCount="55"/><InteractionEvent Delta="null" EndDate="2014-12-03 18:22:58.19 JST" Interest="2.0" Kind="selection" Navigation="null" OriginId="org.eclipse.cdt.ui.editor.CEditor" StartDate="2014-12-03 18:22:56.640 JST" StructureHandle="/Embedded/TEST/D-108/v_2-5-3/D-108_v-2-5-3.c" StructureKind="resource" NumEvents="2" CreationCount="55"/><InteractionEvent Delta="null" EndDate="2014-12-03 18:23:16.86 JST" Interest="8.0" Kind="propagation" Navigation="null" OriginId="org.eclipse.cdt.ui.editor.CEditor" StartDate="2014-12-03 18:22:58.298 JST" StructureHandle="/Embedded/TEST/D-108/v_2-5-3/D-108_v-2-5-3.c" StructureKind="resource" NumEvents="8" CreationCount="55"/></InteractionHistory>