<?xml version="1.0" encoding="UTF-8"?><InteractionHistory Id="local-66" Version="1"><InteractionEvent Delta="null" EndDate="2014-10-16 11:49:49.310 JST" Interest="508.151" Kind="propagation" Navigation="org.eclipse.mylyn.core.model.edges.containment" OriginId="org.eclipse.mylyn.core.model.interest.propagation" StartDate="2014-10-16 10:21:24.409 JST" StructureHandle="" StructureKind="c/c++" NumEvents="727" CreationCount="1"/><InteractionEvent Delta="null" EndDate="2014-10-16 11:24:44.866 JST" Interest="1.0" Kind="selection" Navigation="null" OriginId="org.eclipse.ui.views.ResourceNavigator" StartDate="2014-10-16 11:24:44.866 JST" StructureHandle="/Cake_NR5/app/View/Elements/layouts" StructureKind="resource"/><InteractionEvent Delta="null" EndDate="2014-10-16 11:25:31.930 JST" Interest="9.333999" Kind="propagation" Navigation="org.eclipse.mylyn.core.model.edges.containment" OriginId="org.eclipse.mylyn.core.model.interest.propagation" StartDate="2014-10-16 11:24:57.206 JST" StructureHandle="/Cake_NR5/app/View/Elements/articles" StructureKind="resource" NumEvents="13" CreationCount="808"/><InteractionEvent Delta="null" EndDate="2014-10-16 11:49:49.310 JST" Interest="990.0" Kind="propagation" Navigation="null" OriginId="org.eclipse.php.editor" StartDate="2014-10-16 10:21:24.409 JST" StructureHandle="/Cake_NR5" StructureKind="resource" NumEvents="990" CreationCount="1"/><InteractionEvent Delta="null" EndDate="2014-10-16 11:21:55.261 JST" Interest="26.416998" Kind="propagation" Navigation="org.eclipse.mylyn.core.model.edges.containment" OriginId="org.eclipse.mylyn.core.model.interest.propagation" StartDate="2014-10-16 11:02:52.484 JST" StructureHandle="/Cake_NR5/app/webroot" StructureKind="resource" NumEvents="37" CreationCount="450"/><InteractionEvent Delta="null" EndDate="2014-10-16 10:45:59.56 JST" Interest="1.0" Kind="selection" Navigation="null" OriginId="org.eclipse.ui.views.ResourceNavigator" StartDate="2014-10-16 10:45:59.56 JST" StructureHandle="/Cake_NR5/app/View" StructureKind="resource"/><InteractionEvent Delta="null" EndDate="2014-10-16 11:25:53.401 JST" Interest="54.088997" Kind="propagation" Navigation="org.eclipse.mylyn.core.model.edges.containment" OriginId="org.eclipse.mylyn.core.model.interest.propagation" StartDate="2014-10-16 10:46:01.350 JST" StructureHandle="/Cake_NR5/app/View" StructureKind="resource" NumEvents="81" CreationCount="165"/><InteractionEvent Delta="null" EndDate="2014-10-16 10:45:54.715 JST" Interest="1.0" Kind="selection" Navigation="null" OriginId="org.eclipse.ui.views.ResourceNavigator" StartDate="2014-10-16 10:45:54.715 JST" StructureHandle="/Cake_NR5/app/Controller/ArticlesController.php" StructureKind="resource"/><InteractionEvent Delta="null" EndDate="2014-10-16 11:25:32.964 JST" Interest="10.0" Kind="selection" Navigation="null" OriginId="org.eclipse.php.editor" StartDate="2014-10-16 10:46:36.162 JST" StructureHandle="/Cake_NR5/app/View/Elements/eqs/index_t_entries.ctp" StructureKind="resource" NumEvents="10" CreationCount="182"/><InteractionEvent Delta="null" EndDate="2014-10-16 11:25:53.397 JST" Interest="64.0" Kind="edit" Navigation="null" OriginId="org.eclipse.php.editor" StartDate="2014-10-16 10:46:36.322 JST" StructureHandle="/Cake_NR5/app/View/Elements/eqs/index_t_entries.ctp" StructureKind="resource" NumEvents="64" CreationCount="182"/><InteractionEvent Delta="null" EndDate="2014-10-16 10:46:02.847 JST" Interest="1.0" Kind="selection" Navigation="null" OriginId="org.eclipse.ui.views.ResourceNavigator" StartDate="2014-10-16 10:46:02.847 JST" StructureHandle="/Cake_NR5/app/View/Elements" StructureKind="resource"/><InteractionEvent Delta="null" EndDate="2014-10-16 11:25:53.400 JST" Interest="54.054996" Kind="propagation" Navigation="org.eclipse.mylyn.core.model.edges.containment" OriginId="org.eclipse.mylyn.core.model.interest.propagation" StartDate="2014-10-16 10:46:04.108 JST" StructureHandle="/Cake_NR5/app/View/Elements" StructureKind="resource" NumEvents="79" CreationCount="167"/><InteractionEvent Delta="null" EndDate="2014-10-16 11:24:29.512 JST" Interest="10.0" Kind="selection" Navigation="null" OriginId="org.eclipse.ui.views.ResourceNavigator" StartDate="2014-10-16 11:09:53.444 JST" StructureHandle="/Cake_NR5/app/Controller/HistorysController.php" StructureKind="resource" NumEvents="10" CreationCount="540"/><InteractionEvent Delta="null" EndDate="2014-10-16 11:21:53.334 JST" Interest="44.0" Kind="edit" Navigation="null" OriginId="org.eclipse.php.editor" StartDate="2014-10-16 11:09:54.279 JST" StructureHandle="/Cake_NR5/app/Controller/HistorysController.php" StructureKind="resource" NumEvents="44" CreationCount="540"/><InteractionEvent Delta="null" EndDate="2014-10-16 10:21:35.222 JST" Interest="1.0" Kind="selection" Navigation="null" OriginId="org.eclipse.ui.views.ResourceNavigator" StartDate="2014-10-16 10:21:35.222 JST" StructureHandle="/Cake_NR5/app" StructureKind="resource"/><InteractionEvent Delta="null" EndDate="2014-10-16 11:49:49.309 JST" Interest="507.134" Kind="propagation" Navigation="org.eclipse.mylyn.core.model.edges.containment" OriginId="org.eclipse.mylyn.core.model.interest.propagation" StartDate="2014-10-16 10:21:37.622 JST" StructureHandle="/Cake_NR5/app" StructureKind="resource" NumEvents="720" CreationCount="2"/><InteractionEvent Delta="null" EndDate="2014-10-16 11:01:07.999 JST" Interest="1.0" Kind="selection" Navigation="null" OriginId="org.eclipse.ui.views.ResourceNavigator" StartDate="2014-10-16 11:01:07.999 JST" StructureHandle="/Cake_NR5/app/View/Eqs" StructureKind="resource"/><InteractionEvent Delta="null" EndDate="2014-10-16 11:25:32.542 JST" Interest="39.717" Kind="propagation" Navigation="org.eclipse.mylyn.core.model.edges.containment" OriginId="org.eclipse.mylyn.core.model.interest.propagation" StartDate="2014-10-16 11:01:09.210 JST" StructureHandle="/Cake_NR5/app/View/Eqs" StructureKind="resource" NumEvents="53" CreationCount="420"/><InteractionEvent Delta="null" EndDate="2014-10-16 11:24:50.366 JST" Interest="1.0" Kind="selection" Navigation="null" OriginId="org.eclipse.ui.views.ResourceNavigator" StartDate="2014-10-16 11:24:50.366 JST" StructureHandle="/Cake_NR5/app/View/Articles" StructureKind="resource"/><InteractionEvent Delta="null" EndDate="2014-10-16 11:02:52.483 JST" Interest="1.0" Kind="selection" Navigation="null" OriginId="org.eclipse.ui.views.ResourceNavigator" StartDate="2014-10-16 11:02:52.483 JST" StructureHandle="/Cake_NR5/app/webroot/css" StructureKind="resource"/><InteractionEvent Delta="null" EndDate="2014-10-16 11:21:55.260 JST" Interest="25.416998" Kind="propagation" Navigation="org.eclipse.mylyn.core.model.edges.containment" OriginId="org.eclipse.mylyn.core.model.interest.propagation" StartDate="2014-10-16 11:02:54.348 JST" StructureHandle="/Cake_NR5/app/webroot/css" StructureKind="resource" NumEvents="36" CreationCount="450"/><InteractionEvent Delta="null" EndDate="2014-10-16 11:25:32.506 JST" Interest="12.0" Kind="selection" Navigation="null" OriginId="org.eclipse.php.editor" StartDate="2014-10-16 11:01:09.210 JST" StructureHandle="/Cake_NR5/app/View/Eqs/index.ctp" StructureKind="resource" NumEvents="12" CreationCount="421"/><InteractionEvent Delta="null" EndDate="2014-10-16 11:25:32.541 JST" Interest="41.0" Kind="edit" Navigation="null" OriginId="org.eclipse.php.editor" StartDate="2014-10-16 11:01:09.295 JST" StructureHandle="/Cake_NR5/app/View/Eqs/index.ctp" StructureKind="resource" NumEvents="41" CreationCount="421"/><InteractionEvent Delta="null" EndDate="2014-10-16 11:24:57.208 JST" Interest="2.0" Kind="selection" Navigation="null" OriginId="org.eclipse.ui.views.ResourceNavigator" StartDate="2014-10-16 11:24:57.205 JST" StructureHandle="/Cake_NR5/app/View/Elements/articles/index" StructureKind="resource" NumEvents="2" CreationCount="808"/><InteractionEvent Delta="null" EndDate="2014-10-16 11:25:31.929 JST" Interest="7.333999" Kind="propagation" Navigation="org.eclipse.mylyn.core.model.edges.containment" OriginId="org.eclipse.mylyn.core.model.interest.propagation" StartDate="2014-10-16 11:25:02.839 JST" StructureHandle="/Cake_NR5/app/View/Elements/articles/index" StructureKind="resource" NumEvents="11" CreationCount="808"/><InteractionEvent Delta="null" EndDate="2014-10-16 10:46:01.349 JST" Interest="1.0" Kind="selection" Navigation="null" OriginId="org.eclipse.ui.views.ResourceNavigator" StartDate="2014-10-16 10:46:01.349 JST" StructureHandle="/Cake_NR5/app/View/Historys" StructureKind="resource"/><InteractionEvent Delta="null" EndDate="2014-10-16 11:01:05.562 JST" Interest="1.0" Kind="selection" Navigation="null" OriginId="org.eclipse.ui.views.ResourceNavigator" StartDate="2014-10-16 11:01:05.562 JST" StructureHandle="/Cake_NR5/app/View/Pages" StructureKind="resource"/><InteractionEvent Delta="null" EndDate="2014-10-16 11:49:49.310 JST" Interest="990.0" Kind="propagation" Navigation="org.eclipse.mylyn.core.model.edges.containment" OriginId="org.eclipse.mylyn.core.model.interest.propagation" StartDate="2014-10-16 10:21:24.409 JST" StructureHandle="/" StructureKind="resource" NumEvents="990" CreationCount="1"/><InteractionEvent Delta="null" EndDate="2014-10-16 10:21:24.409 JST" Interest="1.0" Kind="selection" Navigation="null" OriginId="org.eclipse.ui.views.ResourceNavigator" StartDate="2014-10-16 10:21:24.409 JST" StructureHandle="=Cake_NR5" StructureKind="c/c++"/><InteractionEvent Delta="null" EndDate="2014-10-16 11:49:49.309 JST" Interest="507.151" Kind="propagation" Navigation="org.eclipse.mylyn.core.model.edges.containment" OriginId="org.eclipse.mylyn.core.model.interest.propagation" StartDate="2014-10-16 10:21:35.222 JST" StructureHandle="=Cake_NR5" StructureKind="c/c++" NumEvents="726" CreationCount="1"/><InteractionEvent Delta="null" EndDate="2014-10-16 10:45:57.428 JST" Interest="1.0" Kind="selection" Navigation="null" OriginId="org.eclipse.ui.views.ResourceNavigator" StartDate="2014-10-16 10:45:57.428 JST" StructureHandle="/Cake_NR5/app/Vendor" StructureKind="resource"/><InteractionEvent Delta="null" EndDate="2014-10-16 11:02:49.113 JST" Interest="1.0" Kind="selection" Navigation="null" OriginId="org.eclipse.ui.views.ResourceNavigator" StartDate="2014-10-16 11:02:49.113 JST" StructureHandle="/Cake_NR5/a.bat" StructureKind="resource"/><InteractionEvent Delta="null" EndDate="2014-10-16 11:21:55.207 JST" Interest="4.0" Kind="selection" Navigation="null" OriginId="org.eclipse.wst.css.core.csssource.source" StartDate="2014-10-16 11:02:54.346 JST" StructureHandle="/Cake_NR5/app/webroot/css/main.css" StructureKind="resource" NumEvents="4" CreationCount="451"/><InteractionEvent Delta="null" EndDate="2014-10-16 11:21:55.260 JST" Interest="32.0" Kind="edit" Navigation="null" OriginId="org.eclipse.wst.css.core.csssource.source" StartDate="2014-10-16 11:02:54.499 JST" StructureHandle="/Cake_NR5/app/webroot/css/main.css" StructureKind="resource" NumEvents="32" CreationCount="451"/><InteractionEvent Delta="null" EndDate="2014-10-16 10:46:04.108 JST" Interest="1.0" Kind="selection" Navigation="null" OriginId="org.eclipse.ui.views.ResourceNavigator" StartDate="2014-10-16 10:46:04.108 JST" StructureHandle="/Cake_NR5/app/View/Elements/eqs" StructureKind="resource"/><InteractionEvent Delta="null" EndDate="2014-10-16 11:25:53.400 JST" Interest="54.038" Kind="propagation" Navigation="org.eclipse.mylyn.core.model.edges.containment" OriginId="org.eclipse.mylyn.core.model.interest.propagation" StartDate="2014-10-16 10:46:05.812 JST" StructureHandle="/Cake_NR5/app/View/Elements/eqs" StructureKind="resource" NumEvents="74" CreationCount="168"/><InteractionEvent Delta="null" EndDate="2014-10-16 10:21:37.620 JST" Interest="1.0" Kind="selection" Navigation="null" OriginId="org.eclipse.ui.views.ResourceNavigator" StartDate="2014-10-16 10:21:37.620 JST" StructureHandle="/Cake_NR5/app/Controller" StructureKind="resource"/><InteractionEvent Delta="null" EndDate="2014-10-16 11:49:49.309 JST" Interest="507.117" Kind="propagation" Navigation="org.eclipse.mylyn.core.model.edges.containment" OriginId="org.eclipse.mylyn.core.model.interest.propagation" StartDate="2014-10-16 10:21:55.85 JST" StructureHandle="/Cake_NR5/app/Controller" StructureKind="resource" NumEvents="716" CreationCount="3"/><InteractionEvent Delta="null" EndDate="2014-10-16 11:25:26.772 JST" Interest="3.0" Kind="selection" Navigation="null" OriginId="org.eclipse.php.editor" StartDate="2014-10-16 11:25:02.301 JST" StructureHandle="/Cake_NR5/app/View/Elements/articles/index/_idx_articles_line.ctp" StructureKind="resource" NumEvents="3" CreationCount="810"/><InteractionEvent Delta="null" EndDate="2014-10-16 11:25:31.927 JST" Interest="9.0" Kind="edit" Navigation="null" OriginId="org.eclipse.php.editor" StartDate="2014-10-16 11:25:02.927 JST" StructureHandle="/Cake_NR5/app/View/Elements/articles/index/_idx_articles_line.ctp" StructureKind="resource" NumEvents="9" CreationCount="810"/><InteractionEvent Delta="null" EndDate="2014-10-16 11:09:50.31 JST" Interest="1.0" Kind="selection" Navigation="null" OriginId="org.eclipse.ui.views.ResourceNavigator" StartDate="2014-10-16 11:09:50.31 JST" StructureHandle="/Cake_NR5/app/View/Tokens" StructureKind="resource"/><InteractionEvent Delta="null" EndDate="2014-10-16 11:22:30.805 JST" Interest="9.0" Kind="selection" Navigation="null" OriginId="org.eclipse.php.editor" StartDate="2014-10-16 10:46:05.811 JST" StructureHandle="/Cake_NR5/app/View/Elements/eqs/index_t_headers.ctp" StructureKind="resource" NumEvents="9" CreationCount="169"/><InteractionEvent Delta="null" EndDate="2014-10-16 11:22:30.873 JST" Interest="18.0" Kind="edit" Navigation="null" OriginId="org.eclipse.php.editor" StartDate="2014-10-16 10:46:05.929 JST" StructureHandle="/Cake_NR5/app/View/Elements/eqs/index_t_headers.ctp" StructureKind="resource" NumEvents="18" CreationCount="169"/><InteractionEvent Delta="null" EndDate="2014-10-16 11:26:11.373 JST" Interest="23.0" Kind="selection" Navigation="null" OriginId="org.eclipse.php.editor" StartDate="2014-10-16 10:21:55.82 JST" StructureHandle="/Cake_NR5/app/Controller/EqsController.php" StructureKind="resource" NumEvents="23" CreationCount="4"/><InteractionEvent Delta="null" EndDate="2014-10-16 11:49:49.308 JST" Interest="693.0" Kind="edit" Navigation="null" OriginId="org.eclipse.php.editor" StartDate="2014-10-16 10:21:59.997 JST" StructureHandle="/Cake_NR5/app/Controller/EqsController.php" StructureKind="resource" NumEvents="693" CreationCount="4"/></InteractionHistory>