<?xml version="1.0" encoding="UTF-8"?><InteractionHistory Id="local-139" Version="1"><InteractionEvent Delta="null" EndDate="2015-01-21 12:51:55.324 JST" Interest="317.60202" Kind="propagation" Navigation="org.eclipse.mylyn.core.model.edges.containment" OriginId="org.eclipse.mylyn.core.model.interest.propagation" StartDate="2015-01-21 11:37:05.946 JST" StructureHandle="" StructureKind="c/c++" NumEvents="448" CreationCount="1"/><InteractionEvent Delta="null" EndDate="2015-01-21 11:55:36.577 JST" Interest="68.1" Kind="propagation" Navigation="org.eclipse.mylyn.core.model.edges.containment" OriginId="org.eclipse.mylyn.core.model.interest.propagation" StartDate="2015-01-21 11:42:31.609 JST" StructureHandle="/Cake_NR5/app/Lib" StructureKind="resource" NumEvents="93" CreationCount="109"/><InteractionEvent Delta="null" EndDate="2015-01-21 11:55:36.577 JST" Interest="83.0" Kind="edit" Navigation="null" OriginId="org.eclipse.php.editor" StartDate="2015-01-21 11:42:31.608 JST" StructureHandle="/Cake_NR5/app/Lib/utils/utils.php" StructureKind="resource" NumEvents="83" CreationCount="109"/><InteractionEvent Delta="null" EndDate="2015-01-21 11:55:36.555 JST" Interest="10.0" Kind="selection" Navigation="null" OriginId="org.eclipse.php.editor" StartDate="2015-01-21 11:42:31.742 JST" StructureHandle="/Cake_NR5/app/Lib/utils/utils.php" StructureKind="resource" NumEvents="10" CreationCount="109"/><InteractionEvent Delta="null" EndDate="2015-01-21 12:51:55.323 JST" Interest="315.534" Kind="propagation" Navigation="org.eclipse.mylyn.core.model.edges.containment" OriginId="org.eclipse.mylyn.core.model.interest.propagation" StartDate="2015-01-21 11:37:26.493 JST" StructureHandle="/Cake_NR5/app/Controller" StructureKind="resource" NumEvents="447" CreationCount="5"/><InteractionEvent Delta="null" EndDate="2015-01-21 11:37:23.163 JST" Interest="2.0" Kind="selection" Navigation="null" OriginId="org.eclipse.ui.views.ResourceNavigator" StartDate="2015-01-21 11:37:23.161 JST" StructureHandle="/Cake_NR5/app/Controller" StructureKind="resource" NumEvents="2" CreationCount="5"/><InteractionEvent Delta="null" EndDate="2015-01-21 12:51:55.324 JST" Interest="547.0" Kind="propagation" Navigation="null" OriginId="org.eclipse.php.editor" StartDate="2015-01-21 11:37:05.946 JST" StructureHandle="/Cake_NR5" StructureKind="resource" NumEvents="547" CreationCount="1"/><InteractionEvent Delta="null" EndDate="2015-01-21 12:51:55.324 JST" Interest="313.60202" Kind="propagation" Navigation="org.eclipse.mylyn.core.model.edges.containment" OriginId="org.eclipse.mylyn.core.model.interest.propagation" StartDate="2015-01-21 11:37:28.207 JST" StructureHandle="/Cake_NR5/app" StructureKind="resource" NumEvents="444" CreationCount="1"/><InteractionEvent Delta="null" EndDate="2015-01-21 11:37:20.583 JST" Interest="4.0" Kind="selection" Navigation="null" OriginId="org.eclipse.ui.views.ResourceNavigator" StartDate="2015-01-21 11:37:05.945 JST" StructureHandle="/Cake_NR5/app" StructureKind="resource" NumEvents="4" CreationCount="1"/><InteractionEvent Delta="null" EndDate="2015-01-21 12:51:55.324 JST" Interest="547.0" Kind="propagation" Navigation="org.eclipse.mylyn.core.model.edges.containment" OriginId="org.eclipse.mylyn.core.model.interest.propagation" StartDate="2015-01-21 11:37:05.946 JST" StructureHandle="/" StructureKind="resource" NumEvents="547" CreationCount="1"/><InteractionEvent Delta="null" EndDate="2015-01-21 12:51:55.324 JST" Interest="317.60202" Kind="propagation" Navigation="org.eclipse.mylyn.core.model.edges.containment" OriginId="org.eclipse.mylyn.core.model.interest.propagation" StartDate="2015-01-21 11:37:05.946 JST" StructureHandle="=Cake_NR5" StructureKind="c/c++" NumEvents="448" CreationCount="1"/><InteractionEvent Delta="null" EndDate="2015-01-21 11:55:36.577 JST" Interest="68.1" Kind="propagation" Navigation="org.eclipse.mylyn.core.model.edges.containment" OriginId="org.eclipse.mylyn.core.model.interest.propagation" StartDate="2015-01-21 11:42:31.609 JST" StructureHandle="/Cake_NR5/app/Lib/utils" StructureKind="resource" NumEvents="93" CreationCount="109"/><InteractionEvent Delta="null" EndDate="2015-01-21 12:51:55.322 JST" Interest="435.0" Kind="edit" Navigation="null" OriginId="org.eclipse.php.editor" StartDate="2015-01-21 11:37:27.585 JST" StructureHandle="/Cake_NR5/app/Controller/TokensController.php" StructureKind="resource" NumEvents="435" CreationCount="7"/><InteractionEvent Delta="null" EndDate="2015-01-21 11:55:38.411 JST" Interest="13.0" Kind="selection" Navigation="null" OriginId="org.eclipse.php.editor" StartDate="2015-01-21 11:37:26.489 JST" StructureHandle="/Cake_NR5/app/Controller/TokensController.php" StructureKind="resource" NumEvents="13" CreationCount="7"/></InteractionHistory>