<?xml version="1.0" encoding="UTF-8"?><InteractionHistory Id="local-88" Version="1"><InteractionEvent Delta="null" EndDate="2014-10-30 10:25:34.379 JST" Interest="75.93601" Kind="propagation" Navigation="org.eclipse.mylyn.core.model.edges.containment" OriginId="org.eclipse.mylyn.core.model.interest.propagation" StartDate="2014-10-30 10:02:05.587 JST" StructureHandle="" StructureKind="c/c++" NumEvents="108" CreationCount="1"/><InteractionEvent Delta="null" EndDate="2014-10-30 10:07:18.412 JST" Interest="1.0" Kind="prediction" Navigation="null" OriginId="org.eclipse.mylyn.resources.ui.interest.updater" StartDate="2014-10-30 10:07:18.412 JST" StructureHandle="/Cake_SL3/app/tmp/cache/persistent/myapp_cake_core_file_map" StructureKind="resource"/><InteractionEvent Delta="null" EndDate="2014-10-30 10:07:18.415 JST" Interest="1.0" Kind="prediction" Navigation="null" OriginId="org.eclipse.mylyn.resources.ui.interest.updater" StartDate="2014-10-30 10:07:18.415 JST" StructureHandle="/Cake_SL3/app/tmp/cache/models/myapp_cake_model_default_stores" StructureKind="resource"/><InteractionEvent Delta="null" EndDate="2014-10-30 10:07:21.537 JST" Interest="1.0" Kind="selection" Navigation="null" OriginId="org.eclipse.ui.views.ResourceNavigator" StartDate="2014-10-30 10:07:21.537 JST" StructureHandle="/Cake_SL3/app/View/Elements/categories" StructureKind="resource"/><InteractionEvent Delta="null" EndDate="2014-10-30 10:15:30.678 JST" Interest="49.0" Kind="propagation" Navigation="null" OriginId="org.eclipse.php.editor" StartDate="2014-10-30 10:03:45.3 JST" StructureHandle="/Cake_NR5" StructureKind="resource" NumEvents="49" CreationCount="2"/><InteractionEvent Delta="null" EndDate="2014-10-30 10:07:28.636 JST" Interest="1.0" Kind="selection" Navigation="null" OriginId="org.eclipse.ui.views.ResourceNavigator" StartDate="2014-10-30 10:07:28.636 JST" StructureHandle="/Cake_SL3/app/View/Scaffolds" StructureKind="resource"/><InteractionEvent Delta="null" EndDate="2014-10-30 10:07:18.418 JST" Interest="1.0" Kind="propagation" Navigation="org.eclipse.mylyn.core.model.edges.containment" OriginId="org.eclipse.mylyn.core.model.interest.propagation" StartDate="2014-10-30 10:07:18.418 JST" StructureHandle="/Cake_SL3/app/tmp/cache" StructureKind="resource"/><InteractionEvent Delta="null" EndDate="2014-10-30 10:15:12.933 JST" Interest="14.4" Kind="propagation" Navigation="org.eclipse.mylyn.core.model.edges.containment" OriginId="org.eclipse.mylyn.core.model.interest.propagation" StartDate="2014-10-30 10:07:45.820 JST" StructureHandle="/Cake_NR5/app/View" StructureKind="resource" NumEvents="18" CreationCount="97"/><InteractionEvent Delta="null" EndDate="2014-10-30 10:07:18.418 JST" Interest="1.0" Kind="propagation" Navigation="org.eclipse.mylyn.core.model.edges.containment" OriginId="org.eclipse.mylyn.core.model.interest.propagation" StartDate="2014-10-30 10:07:18.418 JST" StructureHandle="/Cake_SL3/app/tmp" StructureKind="resource"/><InteractionEvent Delta="null" EndDate="2014-10-30 10:07:30.665 JST" Interest="1.0" Kind="selection" Navigation="null" OriginId="org.eclipse.ui.views.ResourceNavigator" StartDate="2014-10-30 10:07:30.665 JST" StructureHandle="/Cake_SL3/app/View/Sis" StructureKind="resource"/><InteractionEvent Delta="null" EndDate="2014-10-30 10:14:57.985 JST" Interest="31.216997" Kind="propagation" Navigation="org.eclipse.mylyn.core.model.edges.containment" OriginId="org.eclipse.mylyn.core.model.interest.propagation" StartDate="2014-10-30 10:07:32.137 JST" StructureHandle="/Cake_SL3/app/View/Sis" StructureKind="resource" NumEvents="40" CreationCount="91"/><InteractionEvent Delta="null" EndDate="2014-10-30 10:15:30.676 JST" Interest="23.0" Kind="edit" Navigation="null" OriginId="org.eclipse.php.editor" StartDate="2014-10-30 10:03:46.646 JST" StructureHandle="/Cake_NR5/app/Controller/TokensController.php" StructureKind="resource" NumEvents="23" CreationCount="2"/><InteractionEvent Delta="null" EndDate="2014-10-30 10:15:30.661 JST" Interest="8.0" Kind="selection" Navigation="null" OriginId="org.eclipse.php.editor" StartDate="2014-10-30 10:03:45.0 JST" StructureHandle="/Cake_NR5/app/Controller/TokensController.php" StructureKind="resource" NumEvents="8" CreationCount="2"/><InteractionEvent Delta="null" EndDate="2014-10-30 10:07:18.415 JST" Interest="1.0" Kind="prediction" Navigation="null" OriginId="org.eclipse.mylyn.resources.ui.interest.updater" StartDate="2014-10-30 10:07:18.415 JST" StructureHandle="/Cake_SL3/app/tmp/cache/persistent/myapp_cake_core_default_en-us" StructureKind="resource"/><InteractionEvent Delta="null" EndDate="2014-10-30 10:03:59.12 JST" Interest="1.0" Kind="selection" Navigation="null" OriginId="org.eclipse.ui.views.ResourceNavigator" StartDate="2014-10-30 10:03:59.12 JST" StructureHandle="/Cake_SL3/app/Config" StructureKind="resource"/><InteractionEvent Delta="null" EndDate="2014-10-30 10:15:30.678 JST" Interest="24.1" Kind="propagation" Navigation="org.eclipse.mylyn.core.model.edges.containment" OriginId="org.eclipse.mylyn.core.model.interest.propagation" StartDate="2014-10-30 10:03:45.2 JST" StructureHandle="/Cake_NR5/app" StructureKind="resource" NumEvents="31" CreationCount="2"/><InteractionEvent Delta="null" EndDate="2014-10-30 10:07:29.962 JST" Interest="2.0" Kind="selection" Navigation="null" OriginId="org.eclipse.ui.views.ResourceNavigator" StartDate="2014-10-30 10:07:27.887 JST" StructureHandle="/Cake_SL3/app/View/Stores" StructureKind="resource" NumEvents="2" CreationCount="88"/><InteractionEvent Delta="null" EndDate="2014-10-30 10:07:18.416 JST" Interest="1.0" Kind="prediction" Navigation="null" OriginId="org.eclipse.mylyn.resources.ui.interest.updater" StartDate="2014-10-30 10:07:18.416 JST" StructureHandle="/Cake_SL3/app/tmp/cache/models/myapp_cake_model_default_sis" StructureKind="resource"/><InteractionEvent Delta="null" EndDate="2014-10-30 10:07:18.420 JST" Interest="1.0" Kind="propagation" Navigation="org.eclipse.mylyn.core.model.edges.containment" OriginId="org.eclipse.mylyn.core.model.interest.propagation" StartDate="2014-10-30 10:07:18.420 JST" StructureHandle="/Cake_SL3/app/tmp/cache/models" StructureKind="resource"/><InteractionEvent Delta="null" EndDate="2014-10-30 10:07:18.413 JST" Interest="1.0" Kind="prediction" Navigation="null" OriginId="org.eclipse.mylyn.resources.ui.interest.updater" StartDate="2014-10-30 10:07:18.413 JST" StructureHandle="/Cake_SL3/app/tmp/cache/persistent/myapp_cake_core_cake_dev_en-us" StructureKind="resource"/><InteractionEvent Delta="null" EndDate="2014-10-30 10:07:18.414 JST" Interest="1.0" Kind="prediction" Navigation="null" OriginId="org.eclipse.mylyn.resources.ui.interest.updater" StartDate="2014-10-30 10:07:18.414 JST" StructureHandle="/Cake_SL3/app/tmp/cache/persistent/myapp_cake_core_method_cache" StructureKind="resource"/><InteractionEvent Delta="null" EndDate="2014-10-30 10:23:04.342 JST" Interest="1.0" Kind="selection" Navigation="null" OriginId="org.eclipse.ui.views.ResourceNavigator" StartDate="2014-10-30 10:23:04.342 JST" StructureHandle="/Cake_SL3/app/View/Admins" StructureKind="resource"/><InteractionEvent Delta="null" EndDate="2014-10-30 10:08:24.391 JST" Interest="1.0" Kind="selection" Navigation="null" OriginId="org.eclipse.ui.views.ResourceNavigator" StartDate="2014-10-30 10:08:24.391 JST" StructureHandle="/Cake_SL3/app/View/Elements/sis" StructureKind="resource"/><InteractionEvent Delta="null" EndDate="2014-10-30 10:23:04.245 JST" Interest="11.299999" Kind="propagation" Navigation="org.eclipse.mylyn.core.model.edges.containment" OriginId="org.eclipse.mylyn.core.model.interest.propagation" StartDate="2014-10-30 10:08:26.82 JST" StructureHandle="/Cake_SL3/app/View/Elements/sis" StructureKind="resource" NumEvents="14" CreationCount="115"/><InteractionEvent Delta="null" EndDate="2014-10-30 10:07:18.416 JST" Interest="1.0" Kind="prediction" Navigation="null" OriginId="org.eclipse.mylyn.resources.ui.interest.updater" StartDate="2014-10-30 10:07:18.416 JST" StructureHandle="/Cake_SL3/app/tmp/cache/models/myapp_cake_model_default_pur_histories" StructureKind="resource"/><InteractionEvent Delta="null" EndDate="2014-10-30 10:03:57.876 JST" Interest="3.0" Kind="selection" Navigation="null" OriginId="org.eclipse.ui.views.ResourceNavigator" StartDate="2014-10-30 10:02:05.554 JST" StructureHandle="/Cake_SL3/app" StructureKind="resource" NumEvents="3" CreationCount="1"/><InteractionEvent Delta="null" EndDate="2014-10-30 10:25:34.379 JST" Interest="72.93601" Kind="propagation" Navigation="org.eclipse.mylyn.core.model.edges.containment" OriginId="org.eclipse.mylyn.core.model.interest.propagation" StartDate="2014-10-30 10:04:06.652 JST" StructureHandle="/Cake_SL3/app" StructureKind="resource" NumEvents="101" CreationCount="1"/><InteractionEvent Delta="null" EndDate="2014-10-30 10:07:18.417 JST" Interest="1.0" Kind="propagation" Navigation="org.eclipse.mylyn.core.model.edges.containment" OriginId="org.eclipse.mylyn.core.model.interest.propagation" StartDate="2014-10-30 10:07:18.417 JST" StructureHandle="/Cake_SL3/app/tmp/cache/persistent" StructureKind="resource"/><InteractionEvent Delta="null" EndDate="2014-10-30 10:08:21.381 JST" Interest="3.0" Kind="selection" Navigation="null" OriginId="org.eclipse.ui.views.ResourceNavigator" StartDate="2014-10-30 10:07:20.274 JST" StructureHandle="/Cake_SL3/app/View/Elements" StructureKind="resource" NumEvents="3" CreationCount="85"/><InteractionEvent Delta="null" EndDate="2014-10-30 10:23:04.246 JST" Interest="9.809999" Kind="propagation" Navigation="org.eclipse.mylyn.core.model.edges.containment" OriginId="org.eclipse.mylyn.core.model.interest.propagation" StartDate="2014-10-30 10:07:21.538 JST" StructureHandle="/Cake_SL3/app/View/Elements" StructureKind="resource" NumEvents="14" CreationCount="85"/><InteractionEvent Delta="null" EndDate="2014-10-30 10:15:12.931 JST" Interest="12.0" Kind="edit" Navigation="null" OriginId="org.eclipse.php.editor" StartDate="2014-10-30 10:07:45.866 JST" StructureHandle="/Cake_NR5/app/View/Tokens/index.ctp" StructureKind="resource" NumEvents="12" CreationCount="97"/><InteractionEvent Delta="null" EndDate="2014-10-30 10:15:12.916 JST" Interest="6.0" Kind="selection" Navigation="null" OriginId="org.eclipse.php.editor" StartDate="2014-10-30 10:07:45.818 JST" StructureHandle="/Cake_NR5/app/View/Tokens/index.ctp" StructureKind="resource" NumEvents="6" CreationCount="97"/><InteractionEvent Delta="null" EndDate="2014-10-30 10:07:19.182 JST" Interest="1.0" Kind="selection" Navigation="null" OriginId="org.eclipse.ui.views.ResourceNavigator" StartDate="2014-10-30 10:07:19.182 JST" StructureHandle="/Cake_SL3/app/View" StructureKind="resource"/><InteractionEvent Delta="null" EndDate="2014-10-30 10:14:57.986 JST" Interest="31.335999" Kind="propagation" Navigation="org.eclipse.mylyn.core.model.edges.containment" OriginId="org.eclipse.mylyn.core.model.interest.propagation" StartDate="2014-10-30 10:07:20.275 JST" StructureHandle="/Cake_SL3/app/View" StructureKind="resource" NumEvents="42" CreationCount="84"/><InteractionEvent Delta="null" EndDate="2014-10-30 10:15:30.678 JST" Interest="24.1" Kind="propagation" Navigation="org.eclipse.mylyn.core.model.edges.containment" OriginId="org.eclipse.mylyn.core.model.interest.propagation" StartDate="2014-10-30 10:03:45.3 JST" StructureHandle="=Cake_NR5" StructureKind="c/c++" NumEvents="31" CreationCount="2"/><InteractionEvent Delta="null" EndDate="2014-10-30 10:27:59.532 JST" Interest="243.017" Kind="propagation" Navigation="null" OriginId="org.eclipse.php.editor" StartDate="2014-10-30 10:02:05.586 JST" StructureHandle="/" StructureKind="resource" NumEvents="244" CreationCount="1"/><InteractionEvent Delta="null" EndDate="2014-10-30 10:23:22.915 JST" Interest="5.0" Kind="selection" Navigation="null" OriginId="org.eclipse.ui.views.ResourceNavigator" StartDate="2014-10-30 10:04:01.638 JST" StructureHandle="/Cake_SL3/app/Controller" StructureKind="resource" NumEvents="5" CreationCount="8"/><InteractionEvent Delta="null" EndDate="2014-10-30 10:23:23.16 JST" Interest="70.81701" Kind="propagation" Navigation="org.eclipse.mylyn.core.model.edges.containment" OriginId="org.eclipse.mylyn.core.model.interest.propagation" StartDate="2014-10-30 10:04:03.923 JST" StructureHandle="/Cake_SL3/app/Controller" StructureKind="resource" NumEvents="99" CreationCount="8"/><InteractionEvent Delta="null" EndDate="2014-10-30 10:08:23.252 JST" Interest="1.0" Kind="selection" Navigation="null" OriginId="org.eclipse.ui.views.ResourceNavigator" StartDate="2014-10-30 10:08:23.252 JST" StructureHandle="/Cake_SL3/app/View/Elements/skimmedtokens" StructureKind="resource"/><InteractionEvent Delta="null" EndDate="2014-10-30 10:25:34.379 JST" Interest="75.93601" Kind="propagation" Navigation="org.eclipse.mylyn.core.model.edges.containment" OriginId="org.eclipse.mylyn.core.model.interest.propagation" StartDate="2014-10-30 10:02:05.583 JST" StructureHandle="=Cake_SL3" StructureKind="c/c++" NumEvents="105" CreationCount="1"/><InteractionEvent Delta="null" EndDate="2014-10-30 10:07:18.413 JST" Interest="1.0" Kind="prediction" Navigation="null" OriginId="org.eclipse.mylyn.resources.ui.interest.updater" StartDate="2014-10-30 10:07:18.413 JST" StructureHandle="/Cake_SL3/app/tmp/cache/models/myapp_cake_model_default_genres" StructureKind="resource"/><InteractionEvent Delta="null" EndDate="2014-10-30 10:07:18.414 JST" Interest="1.0" Kind="prediction" Navigation="null" OriginId="org.eclipse.mylyn.resources.ui.interest.updater" StartDate="2014-10-30 10:07:18.414 JST" StructureHandle="/Cake_SL3/app/tmp/cache/models/myapp_cake_model_default_development_sqlite3_list" StructureKind="resource"/><InteractionEvent Delta="null" EndDate="2014-10-30 10:15:28.186 JST" Interest="9.0" Kind="edit" Navigation="null" OriginId="org.eclipse.php.editor" StartDate="2014-10-30 10:08:26.118 JST" StructureHandle="/Cake_SL3/app/View/Elements/sis/_index_pagination.ctp" StructureKind="resource" NumEvents="9" CreationCount="115"/><InteractionEvent Delta="null" EndDate="2014-10-30 10:23:04.244 JST" Interest="5.0" Kind="selection" Navigation="null" OriginId="org.eclipse.ui.views.ResourceNavigator" StartDate="2014-10-30 10:08:26.82 JST" StructureHandle="/Cake_SL3/app/View/Elements/sis/_index_pagination.ctp" StructureKind="resource" NumEvents="5" CreationCount="115"/><InteractionEvent Delta="null" EndDate="2014-10-30 10:08:25.219 JST" Interest="1.0" Kind="propagation" Navigation="null" OriginId="org.eclipse.mylyn.resources.ui.interest.updater" StartDate="2014-10-30 10:08:25.219 JST" StructureHandle="/Cake_SL3/app/View/Elements/sis/_index_pagination.ctp" StructureKind="resource"/><InteractionEvent Delta="null" EndDate="2014-10-30 10:15:30.677 JST" Interest="24.1" Kind="propagation" Navigation="org.eclipse.mylyn.core.model.edges.containment" OriginId="org.eclipse.mylyn.core.model.interest.propagation" StartDate="2014-10-30 10:03:45.2 JST" StructureHandle="/Cake_NR5/app/Controller" StructureKind="resource" NumEvents="31" CreationCount="2"/><InteractionEvent Delta="null" EndDate="2014-10-30 10:15:12.932 JST" Interest="14.4" Kind="propagation" Navigation="org.eclipse.mylyn.core.model.edges.containment" OriginId="org.eclipse.mylyn.core.model.interest.propagation" StartDate="2014-10-30 10:07:45.819 JST" StructureHandle="/Cake_NR5/app/View/Tokens" StructureKind="resource" NumEvents="18" CreationCount="97"/><InteractionEvent Delta="null" EndDate="2014-10-30 10:14:57.984 JST" Interest="26.0" Kind="edit" Navigation="null" OriginId="org.eclipse.php.editor" StartDate="2014-10-30 10:07:32.174 JST" StructureHandle="/Cake_SL3/app/View/Sis/index.ctp" StructureKind="resource" NumEvents="26" CreationCount="92"/><InteractionEvent Delta="null" EndDate="2014-10-30 10:14:55.88 JST" Interest="14.0" Kind="selection" Navigation="null" OriginId="org.eclipse.php.editor" StartDate="2014-10-30 10:07:32.136 JST" StructureHandle="/Cake_SL3/app/View/Sis/index.ctp" StructureKind="resource" NumEvents="14" CreationCount="92"/><InteractionEvent Delta="null" EndDate="2014-10-30 10:27:59.532 JST" Interest="195.0" Kind="propagation" Navigation="null" OriginId="org.eclipse.php.editor" StartDate="2014-10-30 10:02:05.586 JST" StructureHandle="/Cake_SL3" StructureKind="resource" NumEvents="195" CreationCount="1"/><InteractionEvent Delta="null" EndDate="2014-10-30 10:23:22.585 JST" Interest="84.0" Kind="edit" Navigation="null" OriginId="org.eclipse.php.editor" StartDate="2014-10-30 10:04:06.58 JST" StructureHandle="/Cake_SL3/app/Controller/SIsController.php" StructureKind="resource" NumEvents="84" CreationCount="9"/><InteractionEvent Delta="null" EndDate="2014-10-30 10:23:23.15 JST" Interest="17.0" Kind="selection" Navigation="null" OriginId="org.eclipse.ui.views.ResourceNavigator" StartDate="2014-10-30 10:04:03.923 JST" StructureHandle="/Cake_SL3/app/Controller/SIsController.php" StructureKind="resource" NumEvents="17" CreationCount="9"/><InteractionEvent Delta="null" EndDate="2014-10-30 10:27:59.531 JST" Interest="7.0" Kind="edit" Navigation="null" OriginId="org.eclipse.php.editor" StartDate="2014-10-30 10:25:34.361 JST" StructureHandle="/Cake_SL3/app/Controller/SisController.php" StructureKind="resource" NumEvents="7" CreationCount="225"/><InteractionEvent Delta="null" EndDate="2014-10-30 10:27:59.474 JST" Interest="1.0" Kind="selection" Navigation="null" OriginId="org.eclipse.php.editor" StartDate="2014-10-30 10:27:59.474 JST" StructureHandle="/Cake_SL3/app/Controller/SisController.php" StructureKind="resource"/><InteractionEvent Delta="null" EndDate="2014-10-30 10:23:28.71 JST" Interest="1.0" Kind="propagation" Navigation="null" OriginId="org.eclipse.mylyn.resources.ui.interest.updater" StartDate="2014-10-30 10:23:28.71 JST" StructureHandle="/Cake_SL3/app/Controller/SisController.php" StructureKind="resource"/></InteractionHistory>