<?xml version="1.0" encoding="UTF-8"?><InteractionHistory Id="local-107" Version="1"><InteractionEvent Delta="null" EndDate="2014-12-04 16:28:06.970 JST" Interest="510.97195" Kind="propagation" Navigation="org.eclipse.mylyn.core.model.edges.containment" OriginId="org.eclipse.mylyn.core.model.interest.propagation" StartDate="2014-12-04 15:35:08.748 JST" StructureHandle="" StructureKind="c/c++" NumEvents="646" CreationCount="1"/><InteractionEvent Delta="null" EndDate="2014-12-04 15:48:02.683 JST" Interest="7.0" Kind="selection" Navigation="null" OriginId="org.eclipse.cdt.ui.editor.CEditor" StartDate="2014-12-04 15:43:38.338 JST" StructureHandle="=Embedded{D-100~\/D-110\/D-110_v_1_0\/D-110_v_1_0.X\/lib_D-108_v_2_5_3.h[conv_Hex_to_Decimal_String#74(int(char\[]" StructureKind="c/c++" NumEvents="7" CreationCount="391"/><InteractionEvent Delta="null" EndDate="2014-12-04 15:47:27.364 JST" Interest="51.0" Kind="edit" Navigation="null" OriginId="org.eclipse.cdt.ui.editor.CEditor" StartDate="2014-12-04 15:43:41.303 JST" StructureHandle="=Embedded{D-100~\/D-110\/D-110_v_1_0\/D-110_v_1_0.X\/lib_D-108_v_2_5_3.h[conv_Hex_to_Decimal_String#74(int(char\[]" StructureKind="c/c++" NumEvents="51" CreationCount="391"/><InteractionEvent Delta="null" EndDate="2014-12-04 16:00:45.7 JST" Interest="2.0" Kind="selection" Navigation="null" OriginId="org.eclipse.ui.views.ContentOutline" StartDate="2014-12-04 16:00:09.878 JST" StructureHandle="=Embedded{D-100~\/D-110\/D-110_v_1_0\/D-110_v_1_0.X\/D-110_v_1_0.c[intr__INT#74(void" StructureKind="c/c++" NumEvents="2" CreationCount="1167"/><InteractionEvent Delta="null" EndDate="2014-12-04 16:00:12.658 JST" Interest="4.0" Kind="edit" Navigation="null" OriginId="org.eclipse.cdt.ui.editor.CEditor" StartDate="2014-12-04 16:00:10.553 JST" StructureHandle="=Embedded{D-100~\/D-110\/D-110_v_1_0\/D-110_v_1_0.X\/D-110_v_1_0.c[intr__INT#74(void" StructureKind="c/c++" NumEvents="4" CreationCount="1167"/><InteractionEvent Delta="null" EndDate="2014-12-04 15:42:46.313 JST" Interest="3.0" Kind="selection" Navigation="null" OriginId="org.eclipse.cdt.ui.editor.CEditor" StartDate="2014-12-04 15:41:05.264 JST" StructureHandle="=Embedded{TEST\/D-108\/v_2-7-0\/D-108_v-2-7-0.c[stdlib.h#75" StructureKind="c/c++" NumEvents="3" CreationCount="256"/><InteractionEvent Delta="null" EndDate="2014-12-04 15:42:33.358 JST" Interest="2.0" Kind="selection" Navigation="null" OriginId="org.eclipse.cdt.ui.editor.CEditor" StartDate="2014-12-04 15:42:04.192 JST" StructureHandle="=Embedded{TEST\/D-108\/v_2-7-0\/D-108_v-2-7-0.c[conv_2Hex_to_String#73(int(int(char\[]" StructureKind="c/c++" NumEvents="2" CreationCount="308"/><InteractionEvent Delta="null" EndDate="2014-12-04 15:42:37.561 JST" Interest="2.0" Kind="edit" Navigation="null" OriginId="org.eclipse.cdt.ui.editor.CEditor" StartDate="2014-12-04 15:42:05.658 JST" StructureHandle="=Embedded{TEST\/D-108\/v_2-7-0\/D-108_v-2-7-0.c[conv_2Hex_to_String#73(int(int(char\[]" StructureKind="c/c++" NumEvents="2" CreationCount="308"/><InteractionEvent Delta="null" EndDate="2014-12-04 15:40:52.113 JST" Interest="2.1820002" Kind="manipulation" Navigation="null" OriginId="org.eclipse.mylyn.core.model.interest.decay.correction" StartDate="2014-12-04 15:40:52.113 JST" StructureHandle="/Embedded/D-100~/D-108_Aoki_TMR0" StructureKind="resource"/><InteractionEvent Delta="null" EndDate="2014-12-04 15:40:55.350 JST" Interest="4.0" Kind="selection" Navigation="null" OriginId="org.eclipse.ui.views.ResourceNavigator" StartDate="2014-12-04 15:35:08.736 JST" StructureHandle="/Embedded/D-100~/D-108_Aoki_TMR0" StructureKind="resource" NumEvents="4" CreationCount="1"/><InteractionEvent Delta="null" EndDate="2014-12-04 15:42:28.498 JST" Interest="2.6800008" Kind="propagation" Navigation="org.eclipse.mylyn.core.model.edges.containment" OriginId="org.eclipse.mylyn.core.model.interest.propagation" StartDate="2014-12-04 15:42:09.543 JST" StructureHandle="/Embedded/D-100~/D-108_Aoki_TMR0" StructureKind="resource" NumEvents="3" CreationCount="1"/><InteractionEvent Delta="null" EndDate="2014-12-04 15:38:55.134 JST" Interest="1.0" Kind="selection" Navigation="null" OriginId="org.eclipse.cdt.ui.editor.CEditor" StartDate="2014-12-04 15:38:55.134 JST" StructureHandle="=Embedded{D-100~\/D-110\/D-110_v_1_0\/D-110_v_1_0.X\/D-110_v_1_0.c[binary_display#76" StructureKind="c/c++"/><InteractionEvent Delta="null" EndDate="2014-12-04 15:47:30.843 JST" Interest="1.6750002" Kind="manipulation" Navigation="null" OriginId="org.eclipse.mylyn.core.model.interest.decay.correction" StartDate="2014-12-04 15:47:30.843 JST" StructureHandle="=Embedded{D-100~\/D-110\/D-110_v_1_0\/D-110_v_1_0.X\/lib_D-108_v_2_5_3.h[conv_2Hex_to_String#74(int(int(char\[]" StructureKind="c/c++"/><InteractionEvent Delta="null" EndDate="2014-12-04 15:56:00.999 JST" Interest="13.0" Kind="selection" Navigation="null" OriginId="org.eclipse.cdt.ui.editor.CEditor" StartDate="2014-12-04 15:41:58.15 JST" StructureHandle="=Embedded{D-100~\/D-110\/D-110_v_1_0\/D-110_v_1_0.X\/lib_D-108_v_2_5_3.h[conv_2Hex_to_String#74(int(int(char\[]" StructureKind="c/c++" NumEvents="13" CreationCount="299"/><InteractionEvent Delta="null" EndDate="2014-12-04 15:50:34.175 JST" Interest="50.0" Kind="edit" Navigation="null" OriginId="org.eclipse.cdt.ui.editor.CEditor" StartDate="2014-12-04 15:47:31.857 JST" StructureHandle="=Embedded{D-100~\/D-110\/D-110_v_1_0\/D-110_v_1_0.X\/lib_D-108_v_2_5_3.h[conv_2Hex_to_String#74(int(int(char\[]" StructureKind="c/c++" NumEvents="50" CreationCount="299"/><InteractionEvent Delta="null" EndDate="2014-12-04 16:23:47.206 JST" Interest="1.0" Kind="selection" Navigation="null" OriginId="org.eclipse.ui.views.ContentOutline" StartDate="2014-12-04 16:23:47.206 JST" StructureHandle="=Embedded{D-100~\/D-110\/D-110_v_1_0\/D-110_v_1_0.X\/D-110_v_1_0.c[i#76" StructureKind="c/c++"/><InteractionEvent Delta="null" EndDate="2014-12-04 15:56:39.984 JST" Interest="2.1590002" Kind="manipulation" Navigation="null" OriginId="org.eclipse.mylyn.core.model.interest.decay.correction" StartDate="2014-12-04 15:56:39.984 JST" StructureHandle="=Embedded{D-100~\/D-110\/D-110_v_1_0\/D-110_v_1_0.X\/D-110_v_1_0.c[main#74(void" StructureKind="c/c++"/><InteractionEvent Delta="null" EndDate="2014-12-04 16:00:48.400 JST" Interest="5.0" Kind="selection" Navigation="null" OriginId="org.eclipse.ui.views.ContentOutline" StartDate="2014-12-04 15:52:03.532 JST" StructureHandle="=Embedded{D-100~\/D-110\/D-110_v_1_0\/D-110_v_1_0.X\/D-110_v_1_0.c[main#74(void" StructureKind="c/c++" NumEvents="5" CreationCount="805"/><InteractionEvent Delta="null" EndDate="2014-12-04 16:01:18.304 JST" Interest="36.0" Kind="edit" Navigation="null" OriginId="org.eclipse.cdt.ui.editor.CEditor" StartDate="2014-12-04 15:52:04.858 JST" StructureHandle="=Embedded{D-100~\/D-110\/D-110_v_1_0\/D-110_v_1_0.X\/D-110_v_1_0.c[main#74(void" StructureKind="c/c++" NumEvents="36" CreationCount="805"/><InteractionEvent Delta="null" EndDate="2014-12-04 15:40:55.369 JST" Interest="4.0" Kind="selection" Navigation="null" OriginId="org.eclipse.ui.views.ResourceNavigator" StartDate="2014-12-04 15:35:39.536 JST" StructureHandle="/Embedded/D-100~" StructureKind="resource" NumEvents="4" CreationCount="1"/><InteractionEvent Delta="null" EndDate="2014-12-04 16:28:06.970 JST" Interest="506.97195" Kind="propagation" Navigation="org.eclipse.mylyn.core.model.edges.containment" OriginId="org.eclipse.mylyn.core.model.interest.propagation" StartDate="2014-12-04 15:35:08.748 JST" StructureHandle="/Embedded/D-100~" StructureKind="resource" NumEvents="642" CreationCount="1"/><InteractionEvent Delta="null" EndDate="2014-12-04 15:36:07.329 JST" Interest="2.0" Kind="selection" Navigation="null" OriginId="org.eclipse.ui.navigator.ProjectExplorer" StartDate="2014-12-04 15:36:04.654 JST" StructureHandle="/Embedded/D-100~/D-110/D-110_v_1_0/D-110_v_1_0.X/build" StructureKind="resource" NumEvents="2" CreationCount="15"/><InteractionEvent Delta="null" EndDate="2014-12-04 15:42:42.39 JST" Interest="3.0" Kind="selection" Navigation="null" OriginId="org.eclipse.cdt.ui.editor.CEditor" StartDate="2014-12-04 15:41:18.811 JST" StructureHandle="=Embedded{TEST\/D-108\/v_2-7-0\/D-108_v-2-7-0.c" StructureKind="c/c++" NumEvents="3" CreationCount="256"/><InteractionEvent Delta="null" EndDate="2014-12-04 15:56:05.691 JST" Interest="9.967001" Kind="propagation" Navigation="org.eclipse.mylyn.core.model.edges.containment" OriginId="org.eclipse.mylyn.core.model.interest.propagation" StartDate="2014-12-04 15:41:05.325 JST" StructureHandle="=Embedded{TEST\/D-108\/v_2-7-0\/D-108_v-2-7-0.c" StructureKind="c/c++" NumEvents="12" CreationCount="256"/><InteractionEvent Delta="null" EndDate="2014-12-04 15:42:44.706 JST" Interest="3.0" Kind="edit" Navigation="null" OriginId="org.eclipse.cdt.ui.editor.CEditor" StartDate="2014-12-04 15:41:20.138 JST" StructureHandle="=Embedded{TEST\/D-108\/v_2-7-0\/D-108_v-2-7-0.c" StructureKind="c/c++" NumEvents="3" CreationCount="256"/><InteractionEvent Delta="null" EndDate="2014-12-04 15:42:28.498 JST" Interest="8.1710005" Kind="propagation" Navigation="org.eclipse.mylyn.core.model.edges.containment" OriginId="org.eclipse.mylyn.core.model.interest.propagation" StartDate="2014-12-04 15:36:35.760 JST" StructureHandle="=Embedded{D-100~\/D-108_Aoki_TMR0\/D-108_v_2_5_3\/D-108_v_2_5_3.X\/lib_D-108_v_2_5_3.h" StructureKind="c/c++" NumEvents="5" CreationCount="24"/><InteractionEvent Delta="null" EndDate="2014-12-04 15:41:03.808 JST" Interest="2.0" Kind="selection" Navigation="null" OriginId="org.eclipse.ui.views.ResourceNavigator" StartDate="2014-12-04 15:40:59.128 JST" StructureHandle="/Embedded/TEST/D-108/v_2-7-0" StructureKind="resource" NumEvents="2" CreationCount="251"/><InteractionEvent Delta="null" EndDate="2014-12-04 15:56:05.693 JST" Interest="74.25099" Kind="propagation" Navigation="org.eclipse.mylyn.core.model.edges.containment" OriginId="org.eclipse.mylyn.core.model.interest.propagation" StartDate="2014-12-04 15:41:05.165 JST" StructureHandle="/Embedded/TEST/D-108/v_2-7-0" StructureKind="resource" NumEvents="86" CreationCount="251"/><InteractionEvent Delta="null" EndDate="2014-12-04 15:53:24.839 JST" Interest="4.179" Kind="manipulation" Navigation="null" OriginId="org.eclipse.mylyn.core.model.interest.decay.correction" StartDate="2014-12-04 15:53:24.839 JST" StructureHandle="=Embedded{TEST\/D-108\/v_2-7-0\/D-108_v-2-7-0.c[conv_2Hex_to_String#74(int(int(char\[]" StructureKind="c/c++"/><InteractionEvent Delta="null" EndDate="2014-12-04 15:53:24.839 JST" Interest="4.0" Kind="selection" Navigation="null" OriginId="org.eclipse.ui.views.ContentOutline" StartDate="2014-12-04 15:41:10.311 JST" StructureHandle="=Embedded{TEST\/D-108\/v_2-7-0\/D-108_v-2-7-0.c[conv_2Hex_to_String#74(int(int(char\[]" StructureKind="c/c++" NumEvents="4" CreationCount="259"/><InteractionEvent Delta="null" EndDate="2014-12-04 15:41:16.970 JST" Interest="4.0" Kind="edit" Navigation="null" OriginId="org.eclipse.cdt.ui.editor.CEditor" StartDate="2014-12-04 15:41:10.974 JST" StructureHandle="=Embedded{TEST\/D-108\/v_2-7-0\/D-108_v-2-7-0.c[conv_2Hex_to_String#74(int(int(char\[]" StructureKind="c/c++" NumEvents="4" CreationCount="259"/><InteractionEvent Delta="null" EndDate="2014-12-04 15:36:36.815 JST" Interest="1.0" Kind="selection" Navigation="null" OriginId="org.eclipse.ui.views.ContentOutline" StartDate="2014-12-04 15:36:36.815 JST" StructureHandle="=Embedded{D-100~\/D-110\/D-110_v_1_0\/D-110_v_1_0.X\/D-110_v_1_0.c[_XTAL_FREQ#79" StructureKind="c/c++"/><InteractionEvent Delta="null" EndDate="2014-12-04 15:41:01.433 JST" Interest="1.0" Kind="selection" Navigation="null" OriginId="org.eclipse.ui.views.ResourceNavigator" StartDate="2014-12-04 15:41:01.433 JST" StructureHandle="/Embedded/TEST" StructureKind="resource"/><InteractionEvent Delta="null" EndDate="2014-12-04 15:56:05.694 JST" Interest="75.25099" Kind="propagation" Navigation="org.eclipse.mylyn.core.model.edges.containment" OriginId="org.eclipse.mylyn.core.model.interest.propagation" StartDate="2014-12-04 15:40:59.129 JST" StructureHandle="/Embedded/TEST" StructureKind="resource" NumEvents="87" CreationCount="251"/><InteractionEvent Delta="null" EndDate="2014-12-04 16:23:47.676 JST" Interest="1.0" Kind="selection" Navigation="null" OriginId="org.eclipse.ui.views.ContentOutline" StartDate="2014-12-04 16:23:47.676 JST" StructureHandle="=Embedded{D-100~\/D-110\/D-110_v_1_0\/D-110_v_1_0.X\/D-110_v_1_0.c[msg_1#76" StructureKind="c/c++"/><InteractionEvent Delta="null" EndDate="2014-12-04 16:23:58.23 JST" Interest="7.0" Kind="edit" Navigation="null" OriginId="org.eclipse.cdt.ui.editor.CEditor" StartDate="2014-12-04 16:23:49.206 JST" StructureHandle="=Embedded{D-100~\/D-110\/D-110_v_1_0\/D-110_v_1_0.X\/D-110_v_1_0.c[msg_1#76" StructureKind="c/c++" NumEvents="7" CreationCount="1350"/><InteractionEvent Delta="null" EndDate="2014-12-04 16:24:27.95 JST" Interest="32.0" Kind="selection" Navigation="null" OriginId="org.eclipse.cdt.ui.editor.CEditor" StartDate="2014-12-04 15:36:22.428 JST" StructureHandle="=Embedded{D-100~\/D-110\/D-110_v_1_0\/D-110_v_1_0.X\/D-110_v_1_0.c" StructureKind="c/c++" NumEvents="32" CreationCount="18"/><InteractionEvent Delta="null" EndDate="2014-12-04 15:36:55.841 JST" Interest="3.653" Kind="propagation" Navigation="org.eclipse.mylyn.core.model.edges.containment" OriginId="org.eclipse.mylyn.core.model.interest.propagation" StartDate="2014-12-04 15:36:43.852 JST" StructureHandle="=Embedded{D-100~\/D-110\/D-110_v_1_0\/D-110_v_1_0.X\/D-110_v_1_0.c" StructureKind="c/c++" NumEvents="6" CreationCount="18"/><InteractionEvent Delta="null" EndDate="2014-12-04 16:28:06.967 JST" Interest="63.0" Kind="edit" Navigation="null" OriginId="org.eclipse.cdt.ui.editor.CEditor" StartDate="2014-12-04 15:36:23.585 JST" StructureHandle="=Embedded{D-100~\/D-110\/D-110_v_1_0\/D-110_v_1_0.X\/D-110_v_1_0.c" StructureKind="c/c++" NumEvents="63" CreationCount="18"/><InteractionEvent Delta="null" EndDate="2014-12-04 15:36:01.813 JST" Interest="1.0" Kind="selection" Navigation="null" OriginId="org.eclipse.ui.navigator.ProjectExplorer" StartDate="2014-12-04 15:36:01.813 JST" StructureHandle="/Embedded/D-100~/D-110" StructureKind="resource"/><InteractionEvent Delta="null" EndDate="2014-12-04 16:28:06.970 JST" Interest="509.78497" Kind="propagation" Navigation="org.eclipse.mylyn.core.model.edges.containment" OriginId="org.eclipse.mylyn.core.model.interest.propagation" StartDate="2014-12-04 15:36:03.163 JST" StructureHandle="/Embedded/D-100~/D-110" StructureKind="resource" NumEvents="646" CreationCount="12"/><InteractionEvent Delta="null" EndDate="2014-12-04 15:42:38.934 JST" Interest="1.0" Kind="selection" Navigation="null" OriginId="org.eclipse.cdt.ui.editor.CEditor" StartDate="2014-12-04 15:42:38.934 JST" StructureHandle="=Embedded{TEST\/D-108\/v_2-7-0\/D-108_v-2-7-0.c[main#74(int(char**" StructureKind="c/c++"/><InteractionEvent Delta="null" EndDate="2014-12-04 15:36:03.762 JST" Interest="1.0" Kind="selection" Navigation="null" OriginId="org.eclipse.ui.navigator.ProjectExplorer" StartDate="2014-12-04 15:36:03.762 JST" StructureHandle="/Embedded/D-100~/D-110/D-110_v_1_0/D-110_v_1_0.X" StructureKind="resource"/><InteractionEvent Delta="null" EndDate="2014-12-04 16:28:06.969 JST" Interest="509.75098" Kind="propagation" Navigation="org.eclipse.mylyn.core.model.edges.containment" OriginId="org.eclipse.mylyn.core.model.interest.propagation" StartDate="2014-12-04 15:36:04.655 JST" StructureHandle="/Embedded/D-100~/D-110/D-110_v_1_0/D-110_v_1_0.X" StructureKind="resource" NumEvents="636" CreationCount="14"/><InteractionEvent Delta="null" EndDate="2014-12-04 16:28:06.970 JST" Interest="1040.0" Kind="propagation" Navigation="org.eclipse.mylyn.core.model.edges.containment" OriginId="org.eclipse.mylyn.core.model.interest.propagation" StartDate="2014-12-04 15:35:08.748 JST" StructureHandle="/" StructureKind="resource" NumEvents="1040" CreationCount="1"/><InteractionEvent Delta="null" EndDate="2014-12-04 15:42:59.255 JST" Interest="2.0" Kind="selection" Navigation="null" OriginId="org.eclipse.cdt.ui.editor.CEditor" StartDate="2014-12-04 15:42:47.857 JST" StructureHandle="=Embedded{TEST\/D-108\/v_2-7-0\/D-108_v-2-7-0.c[conv_Hex_to_Decimal_String#73(int(char\[]" StructureKind="c/c++" NumEvents="2" CreationCount="354"/><InteractionEvent Delta="null" EndDate="2014-12-04 15:43:02.888 JST" Interest="2.0" Kind="edit" Navigation="null" OriginId="org.eclipse.cdt.ui.editor.CEditor" StartDate="2014-12-04 15:42:51.29 JST" StructureHandle="=Embedded{TEST\/D-108\/v_2-7-0\/D-108_v-2-7-0.c[conv_Hex_to_Decimal_String#73(int(char\[]" StructureKind="c/c++" NumEvents="2" CreationCount="354"/><InteractionEvent Delta="null" EndDate="2014-12-04 16:06:28.278 JST" Interest="1.0" Kind="selection" Navigation="null" OriginId="org.eclipse.cdt.ui.editor.CEditor" StartDate="2014-12-04 16:06:28.278 JST" StructureHandle="=Embedded{D-100~\/D-110\/D-110_v_1_0\/D-110_v_1_0.X\/D-110_v_1_0.c[binary_display_9#76" StructureKind="c/c++"/><InteractionEvent Delta="null" EndDate="2014-12-04 15:35:56.157 JST" Interest="3.0" Kind="selection" Navigation="null" OriginId="org.eclipse.ui.navigator.ProjectExplorer" StartDate="2014-12-04 15:35:32.155 JST" StructureHandle="=Embedded" StructureKind="c/c++" NumEvents="3" CreationCount="1"/><InteractionEvent Delta="null" EndDate="2014-12-04 16:28:06.970 JST" Interest="507.97195" Kind="propagation" Navigation="org.eclipse.mylyn.core.model.edges.containment" OriginId="org.eclipse.mylyn.core.model.interest.propagation" StartDate="2014-12-04 15:35:08.748 JST" StructureHandle="=Embedded" StructureKind="c/c++" NumEvents="643" CreationCount="1"/><InteractionEvent Delta="null" EndDate="2014-12-04 15:37:37.493 JST" Interest="1.0" Kind="selection" Navigation="null" OriginId="org.eclipse.cdt.ui.editor.CEditor" StartDate="2014-12-04 15:37:37.493 JST" StructureHandle="=Embedded{D-100~\/D-110\/D-110_v_1_0\/D-110_v_1_0.X\/D-110_v_1_0.c[_Display__Hex#74(int" StructureKind="c/c++"/><InteractionEvent Delta="null" EndDate="2014-12-04 15:40:00.725 JST" Interest="1.0" Kind="selection" Navigation="null" OriginId="org.eclipse.ui.views.ContentOutline" StartDate="2014-12-04 15:40:00.725 JST" StructureHandle="=Embedded{D-100~\/D-110\/D-110_v_1_0\/D-110_v_1_0.X\/D-110_v_1_0.c[_Display__Hex_3Items#74(int" StructureKind="c/c++"/><InteractionEvent Delta="null" EndDate="2014-12-04 15:41:35.222 JST" Interest="1.0" Kind="selection" Navigation="null" OriginId="org.eclipse.ui.views.ResourceNavigator" StartDate="2014-12-04 15:41:35.222 JST" StructureHandle="/Embedded/TEST/D-108/v_2-7-0/D-108_v-2-7-0.exe" StructureKind="resource"/><InteractionEvent Delta="null" EndDate="2014-12-04 15:56:03.462 JST" Interest="21.0" Kind="selection" Navigation="null" OriginId="org.eclipse.cdt.ui.editor.CEditor" StartDate="2014-12-04 15:41:40.543 JST" StructureHandle="=Embedded{D-100~\/D-110\/D-110_v_1_0\/D-110_v_1_0.X\/lib_D-108_v_2_5_3.h" StructureKind="c/c++" NumEvents="21" CreationCount="283"/><InteractionEvent Delta="null" EndDate="2014-12-04 15:50:39.620 JST" Interest="58.0" Kind="edit" Navigation="null" OriginId="org.eclipse.cdt.ui.editor.CEditor" StartDate="2014-12-04 15:41:41.729 JST" StructureHandle="=Embedded{D-100~\/D-110\/D-110_v_1_0\/D-110_v_1_0.X\/lib_D-108_v_2_5_3.h" StructureKind="c/c++" NumEvents="58" CreationCount="283"/><InteractionEvent Delta="null" EndDate="2014-12-04 15:59:28.147 JST" Interest="1.0" Kind="selection" Navigation="null" OriginId="org.eclipse.cdt.ui.editor.CEditor" StartDate="2014-12-04 15:59:28.147 JST" StructureHandle="=Embedded{D-100~\/D-110\/D-110_v_1_0\/D-110_v_1_0.X\/D-110_v_1_0.c[s#76" StructureKind="c/c++"/><InteractionEvent Delta="null" EndDate="2014-12-04 15:36:00.362 JST" Interest="3.0" Kind="selection" Navigation="null" OriginId="org.eclipse.ui.navigator.ProjectExplorer" StartDate="2014-12-04 15:35:43.318 JST" StructureHandle="/Embedded/D-100~/D-101" StructureKind="resource" NumEvents="3" CreationCount="5"/><InteractionEvent Delta="null" EndDate="2014-12-04 15:56:05.524 JST" Interest="13.0" Kind="selection" Navigation="null" OriginId="org.eclipse.cdt.ui.editor.CEditor" StartDate="2014-12-04 15:41:04.921 JST" StructureHandle="/Embedded/TEST/D-108/v_2-7-0/D-108_v-2-7-0.c" StructureKind="resource" NumEvents="13" CreationCount="254"/><InteractionEvent Delta="null" EndDate="2014-12-04 15:56:05.691 JST" Interest="38.0" Kind="propagation" Navigation="null" OriginId="org.eclipse.cdt.ui.editor.CEditor" StartDate="2014-12-04 15:41:05.325 JST" StructureHandle="/Embedded/TEST/D-108/v_2-7-0/D-108_v-2-7-0.c" StructureKind="resource" NumEvents="38" CreationCount="254"/><InteractionEvent Delta="null" EndDate="2014-12-04 15:56:05.693 JST" Interest="36.0" Kind="edit" Navigation="null" OriginId="org.eclipse.cdt.ui.editor.CEditor" StartDate="2014-12-04 15:41:05.327 JST" StructureHandle="/Embedded/TEST/D-108/v_2-7-0/D-108_v-2-7-0.c" StructureKind="resource" NumEvents="36" CreationCount="254"/><InteractionEvent Delta="null" EndDate="2014-12-04 15:56:05.693 JST" Interest="76.25099" Kind="propagation" Navigation="org.eclipse.mylyn.core.model.edges.containment" OriginId="org.eclipse.mylyn.core.model.interest.propagation" StartDate="2014-12-04 15:40:59.128 JST" StructureHandle="/Embedded/TEST/D-108" StructureKind="resource" NumEvents="88" CreationCount="251"/><InteractionEvent Delta="null" EndDate="2014-12-04 15:37:50.276 JST" Interest="2.0" Kind="selection" Navigation="null" OriginId="org.eclipse.cdt.ui.editor.CEditor" StartDate="2014-12-04 15:37:33.564 JST" StructureHandle="=Embedded{D-100~\/D-110\/D-110_v_1_0\/D-110_v_1_0.X\/D-110_v_1_0.c[_While#74(void" StructureKind="c/c++" NumEvents="2" CreationCount="74"/><InteractionEvent Delta="null" EndDate="2014-12-04 15:37:52.752 JST" Interest="1.0" Kind="edit" Navigation="null" OriginId="org.eclipse.cdt.ui.editor.CEditor" StartDate="2014-12-04 15:37:52.752 JST" StructureHandle="=Embedded{D-100~\/D-110\/D-110_v_1_0\/D-110_v_1_0.X\/D-110_v_1_0.c[_While#74(void" StructureKind="c/c++"/><InteractionEvent Delta="null" EndDate="2014-12-04 15:38:00.940 JST" Interest="1.0" Kind="selection" Navigation="null" OriginId="org.eclipse.cdt.ui.editor.CEditor" StartDate="2014-12-04 15:38:00.940 JST" StructureHandle="=Embedded{D-100~\/D-110\/D-110_v_1_0\/D-110_v_1_0.X\/D-110_v_1_0.c[_Display#74(void" StructureKind="c/c++"/><InteractionEvent Delta="null" EndDate="2014-12-04 15:36:35.620 JST" Interest="1.0" Kind="selection" Navigation="null" OriginId="org.eclipse.ui.views.ContentOutline" StartDate="2014-12-04 15:36:35.620 JST" StructureHandle="=Embedded{D-100~\/D-108_Aoki_TMR0\/D-108_v_2_5_3\/D-108_v_2_5_3.X\/lib_D-108_v_2_5_3.h[conv_Dex_to_Binary#74(int(char\[]" StructureKind="c/c++"/><InteractionEvent Delta="null" EndDate="2014-12-04 15:59:57.768 JST" Interest="3.4880004" Kind="manipulation" Navigation="null" OriginId="org.eclipse.mylyn.core.model.interest.decay.correction" StartDate="2014-12-04 15:59:57.768 JST" StructureHandle="=Embedded{D-100~\/D-110\/D-110_v_1_0\/D-110_v_1_0.X\/D-110_v_1_0.c[intr#74" StructureKind="c/c++"/><InteractionEvent Delta="null" EndDate="2014-12-04 15:59:57.768 JST" Interest="2.0" Kind="selection" Navigation="null" OriginId="org.eclipse.ui.views.ContentOutline" StartDate="2014-12-04 15:54:19.940 JST" StructureHandle="=Embedded{D-100~\/D-110\/D-110_v_1_0\/D-110_v_1_0.X\/D-110_v_1_0.c[intr#74" StructureKind="c/c++" NumEvents="2" CreationCount="895"/><InteractionEvent Delta="null" EndDate="2014-12-04 15:59:59.55 JST" Interest="3.0" Kind="edit" Navigation="null" OriginId="org.eclipse.cdt.ui.editor.CEditor" StartDate="2014-12-04 15:59:58.444 JST" StructureHandle="=Embedded{D-100~\/D-110\/D-110_v_1_0\/D-110_v_1_0.X\/D-110_v_1_0.c[intr#74" StructureKind="c/c++" NumEvents="3" CreationCount="895"/><InteractionEvent Delta="null" EndDate="2014-12-04 16:07:10.85 JST" Interest="21.0" Kind="selection" Navigation="null" OriginId="org.eclipse.cdt.ui.editor.CEditor" StartDate="2014-12-04 15:38:06.57 JST" StructureHandle="=Embedded{D-100~\/D-110\/D-110_v_1_0\/D-110_v_1_0.X\/D-110_v_1_0.c[_Display__Hex_2Items#74(int" StructureKind="c/c++" NumEvents="21" CreationCount="106"/><InteractionEvent Delta="null" EndDate="2014-12-04 16:07:11.240 JST" Interest="163.0" Kind="edit" Navigation="null" OriginId="org.eclipse.cdt.ui.editor.CEditor" StartDate="2014-12-04 15:38:18.225 JST" StructureHandle="=Embedded{D-100~\/D-110\/D-110_v_1_0\/D-110_v_1_0.X\/D-110_v_1_0.c[_Display__Hex_2Items#74(int" StructureKind="c/c++" NumEvents="163" CreationCount="106"/><InteractionEvent Delta="null" EndDate="2014-12-04 15:36:03.162 JST" Interest="1.0" Kind="selection" Navigation="null" OriginId="org.eclipse.ui.navigator.ProjectExplorer" StartDate="2014-12-04 15:36:03.162 JST" StructureHandle="/Embedded/D-100~/D-110/D-110_v_1_0" StructureKind="resource"/><InteractionEvent Delta="null" EndDate="2014-12-04 16:28:06.969 JST" Interest="509.76797" Kind="propagation" Navigation="org.eclipse.mylyn.core.model.edges.containment" OriginId="org.eclipse.mylyn.core.model.interest.propagation" StartDate="2014-12-04 15:36:03.763 JST" StructureHandle="/Embedded/D-100~/D-110/D-110_v_1_0" StructureKind="resource" NumEvents="642" CreationCount="13"/><InteractionEvent Delta="null" EndDate="2014-12-04 16:06:24.970 JST" Interest="15.788002" Kind="manipulation" Navigation="null" OriginId="org.eclipse.mylyn.core.model.interest.decay.correction" StartDate="2014-12-04 15:51:53.424 JST" StructureHandle="=Embedded{D-100~\/D-110\/D-110_v_1_0\/D-110_v_1_0.X\/D-110_v_1_0.c[intr__INT#73(void" StructureKind="c/c++" NumEvents="4" CreationCount="138"/><InteractionEvent Delta="null" EndDate="2014-12-04 16:06:24.970 JST" Interest="5.0" Kind="selection" Navigation="null" OriginId="org.eclipse.cdt.ui.editor.CEditor" StartDate="2014-12-04 15:38:54.74 JST" StructureHandle="=Embedded{D-100~\/D-110\/D-110_v_1_0\/D-110_v_1_0.X\/D-110_v_1_0.c[intr__INT#73(void" StructureKind="c/c++" NumEvents="5" CreationCount="138"/><InteractionEvent Delta="null" EndDate="2014-12-04 15:58:04.736 JST" Interest="1.0" Kind="selection" Navigation="null" OriginId="org.eclipse.ui.views.ContentOutline" StartDate="2014-12-04 15:58:04.736 JST" StructureHandle="=Embedded{D-100~\/D-110\/D-110_v_1_0\/D-110_v_1_0.X\/D-110_v_1_0.c[adcH#76" StructureKind="c/c++"/><InteractionEvent Delta="null" EndDate="2014-12-04 15:58:08.493 JST" Interest="2.0" Kind="edit" Navigation="null" OriginId="org.eclipse.cdt.ui.editor.CEditor" StartDate="2014-12-04 15:58:08.462 JST" StructureHandle="=Embedded{D-100~\/D-110\/D-110_v_1_0\/D-110_v_1_0.X\/D-110_v_1_0.c[adcH#76" StructureKind="c/c++" NumEvents="2" CreationCount="1091"/><InteractionEvent Delta="null" EndDate="2014-12-04 15:40:38.109 JST" Interest="1.9750001" Kind="manipulation" Navigation="null" OriginId="org.eclipse.mylyn.core.model.interest.decay.correction" StartDate="2014-12-04 15:40:38.109 JST" StructureHandle="=Embedded{D-100~\/D-110\/D-110_v_1_0\/D-110_v_1_0.X\/D-110_v_1_0.c[_Display__Hex_2Items#73(int" StructureKind="c/c++"/><InteractionEvent Delta="null" EndDate="2014-12-04 15:40:38.109 JST" Interest="2.0" Kind="selection" Navigation="null" OriginId="org.eclipse.ui.views.ContentOutline" StartDate="2014-12-04 15:37:20.161 JST" StructureHandle="=Embedded{D-100~\/D-110\/D-110_v_1_0\/D-110_v_1_0.X\/D-110_v_1_0.c[_Display__Hex_2Items#73(int" StructureKind="c/c++" NumEvents="2" CreationCount="58"/><InteractionEvent Delta="null" EndDate="2014-12-04 15:40:44.30 JST" Interest="2.0" Kind="edit" Navigation="null" OriginId="org.eclipse.cdt.ui.editor.CEditor" StartDate="2014-12-04 15:40:44.7 JST" StructureHandle="=Embedded{D-100~\/D-110\/D-110_v_1_0\/D-110_v_1_0.X\/D-110_v_1_0.c[_Display__Hex_2Items#73(int" StructureKind="c/c++" NumEvents="2" CreationCount="58"/><InteractionEvent Delta="null" EndDate="2014-12-04 15:58:09.496 JST" Interest="1.2520003" Kind="manipulation" Navigation="null" OriginId="org.eclipse.mylyn.core.model.interest.decay.correction" StartDate="2014-12-04 15:58:09.496 JST" StructureHandle="=Embedded{D-100~\/D-110\/D-110_v_1_0\/D-110_v_1_0.X\/D-110_v_1_0.c[adcL#76" StructureKind="c/c++"/><InteractionEvent Delta="null" EndDate="2014-12-04 15:58:09.496 JST" Interest="2.0" Kind="selection" Navigation="null" OriginId="org.eclipse.cdt.ui.editor.CEditor" StartDate="2014-12-04 15:52:39.194 JST" StructureHandle="=Embedded{D-100~\/D-110\/D-110_v_1_0\/D-110_v_1_0.X\/D-110_v_1_0.c[adcL#76" StructureKind="c/c++" NumEvents="2" CreationCount="839"/><InteractionEvent Delta="null" EndDate="2014-12-04 15:52:43.532 JST" Interest="3.0" Kind="edit" Navigation="null" OriginId="org.eclipse.cdt.ui.editor.CEditor" StartDate="2014-12-04 15:52:41.496 JST" StructureHandle="=Embedded{D-100~\/D-110\/D-110_v_1_0\/D-110_v_1_0.X\/D-110_v_1_0.c[adcL#76" StructureKind="c/c++" NumEvents="3" CreationCount="839"/><InteractionEvent Delta="null" EndDate="2014-12-04 15:41:42.479 JST" Interest="3.4710002" Kind="manipulation" Navigation="null" OriginId="org.eclipse.mylyn.core.model.interest.decay.correction" StartDate="2014-12-04 15:41:42.479 JST" StructureHandle="/Embedded/D-100~/D-108_Aoki_TMR0/D-108_v_2_5_3/D-108_v_2_5_3.X/lib_D-108_v_2_5_3.h" StructureKind="resource"/><InteractionEvent Delta="null" EndDate="2014-12-04 15:42:28.498 JST" Interest="5.0" Kind="propagation" Navigation="null" OriginId="org.eclipse.cdt.ui.editor.CEditor" StartDate="2014-12-04 15:36:35.760 JST" StructureHandle="/Embedded/D-100~/D-108_Aoki_TMR0/D-108_v_2_5_3/D-108_v_2_5_3.X/lib_D-108_v_2_5_3.h" StructureKind="resource" NumEvents="5" CreationCount="24"/><InteractionEvent Delta="null" EndDate="2014-12-04 15:53:53.436 JST" Interest="1.0" Kind="selection" Navigation="null" OriginId="org.eclipse.cdt.ui.editor.CEditor" StartDate="2014-12-04 15:53:53.436 JST" StructureHandle="=Embedded{D-100~\/D-110\/D-110_v_1_0\/D-110_v_1_0.X\/D-110_v_1_0.c[temp_5#76" StructureKind="c/c++"/><InteractionEvent Delta="null" EndDate="2014-12-04 15:54:28.515 JST" Interest="2.2610006" Kind="manipulation" Navigation="null" OriginId="org.eclipse.mylyn.core.model.interest.decay.correction" StartDate="2014-12-04 15:50:43.154 JST" StructureHandle="=Embedded{TEST\/D-108\/v_2-7-0\/D-108_v-2-7-0.c[conv_Hex_to_Decimal_String#74(int(char\[]" StructureKind="c/c++" NumEvents="2" CreationCount="374"/><InteractionEvent Delta="null" EndDate="2014-12-04 15:56:05.690 JST" Interest="8.0" Kind="selection" Navigation="null" OriginId="org.eclipse.cdt.ui.editor.CEditor" StartDate="2014-12-04 15:43:04.206 JST" StructureHandle="=Embedded{TEST\/D-108\/v_2-7-0\/D-108_v-2-7-0.c[conv_Hex_to_Decimal_String#74(int(char\[]" StructureKind="c/c++" NumEvents="8" CreationCount="374"/><InteractionEvent Delta="null" EndDate="2014-12-04 15:43:29.338 JST" Interest="4.0" Kind="edit" Navigation="null" OriginId="org.eclipse.cdt.ui.editor.CEditor" StartDate="2014-12-04 15:43:06.905 JST" StructureHandle="=Embedded{TEST\/D-108\/v_2-7-0\/D-108_v-2-7-0.c[conv_Hex_to_Decimal_String#74(int(char\[]" StructureKind="c/c++" NumEvents="4" CreationCount="374"/><InteractionEvent Delta="null" EndDate="2014-12-04 16:03:17.270 JST" Interest="5.2050004" Kind="manipulation" Navigation="null" OriginId="org.eclipse.mylyn.core.model.interest.decay.correction" StartDate="2014-12-04 16:03:17.270 JST" StructureHandle="=Embedded{D-100~\/D-110\/D-110_v_1_0\/D-110_v_1_0.X\/D-110_v_1_0.c[binary_display_16#76" StructureKind="c/c++"/><InteractionEvent Delta="null" EndDate="2014-12-04 16:03:17.270 JST" Interest="2.0" Kind="selection" Navigation="null" OriginId="org.eclipse.cdt.ui.editor.CEditor" StartDate="2014-12-04 15:53:43.141 JST" StructureHandle="=Embedded{D-100~\/D-110\/D-110_v_1_0\/D-110_v_1_0.X\/D-110_v_1_0.c[binary_display_16#76" StructureKind="c/c++" NumEvents="2" CreationCount="865"/><InteractionEvent Delta="null" EndDate="2014-12-04 15:42:28.497 JST" Interest="3.0" Kind="selection" Navigation="null" OriginId="org.eclipse.cdt.ui.editor.CEditor" StartDate="2014-12-04 15:41:42.478 JST" StructureHandle="=Embedded{D-100~\/D-110\/D-110_v_1_0\/D-110_v_1_0.X\/lib_D-108_v_2_5_3.h[conv_Hex_to_CharCode#74(signed char" StructureKind="c/c++" NumEvents="3" CreationCount="287"/><InteractionEvent Delta="null" EndDate="2014-12-04 15:42:10.966 JST" Interest="1.0" Kind="edit" Navigation="null" OriginId="org.eclipse.cdt.ui.editor.CEditor" StartDate="2014-12-04 15:42:10.966 JST" StructureHandle="=Embedded{D-100~\/D-110\/D-110_v_1_0\/D-110_v_1_0.X\/lib_D-108_v_2_5_3.h[conv_Hex_to_CharCode#74(signed char" StructureKind="c/c++"/><InteractionEvent Delta="null" EndDate="2014-12-04 15:42:28.498 JST" Interest="8.471001" Kind="propagation" Navigation="org.eclipse.mylyn.core.model.edges.containment" OriginId="org.eclipse.mylyn.core.model.interest.propagation" StartDate="2014-12-04 15:36:35.760 JST" StructureHandle="/Embedded/D-100~/D-108_Aoki_TMR0/D-108_v_2_5_3" StructureKind="resource" NumEvents="5" CreationCount="24"/><InteractionEvent Delta="null" EndDate="2014-12-04 15:56:00.960 JST" Interest="8.0" Kind="selection" Navigation="null" OriginId="org.eclipse.cdt.ui.editor.CEditor" StartDate="2014-12-04 15:41:40.215 JST" StructureHandle="/Embedded/D-100~/D-110/D-110_v_1_0/D-110_v_1_0.X/lib_D-108_v_2_5_3.h" StructureKind="resource" NumEvents="8" CreationCount="281"/><InteractionEvent Delta="null" EndDate="2014-12-04 15:56:03.463 JST" Interest="79.0" Kind="propagation" Navigation="null" OriginId="org.eclipse.cdt.ui.editor.CEditor" StartDate="2014-12-04 15:41:40.544 JST" StructureHandle="/Embedded/D-100~/D-110/D-110_v_1_0/D-110_v_1_0.X/lib_D-108_v_2_5_3.h" StructureKind="resource" NumEvents="79" CreationCount="281"/><InteractionEvent Delta="null" EndDate="2014-12-04 15:56:03.464 JST" Interest="204.0" Kind="edit" Navigation="null" OriginId="org.eclipse.cdt.ui.editor.CEditor" StartDate="2014-12-04 15:41:40.545 JST" StructureHandle="/Embedded/D-100~/D-110/D-110_v_1_0/D-110_v_1_0.X/lib_D-108_v_2_5_3.h" StructureKind="resource" NumEvents="204" CreationCount="281"/><InteractionEvent Delta="null" EndDate="2014-12-04 16:28:06.970 JST" Interest="1040.0" Kind="propagation" Navigation="null" OriginId="org.eclipse.cdt.ui.editor.CEditor" StartDate="2014-12-04 15:35:08.748 JST" StructureHandle="/Embedded" StructureKind="resource" NumEvents="1040" CreationCount="1"/><InteractionEvent Delta="null" EndDate="2014-12-04 16:23:40.568 JST" Interest="6.6670003" Kind="manipulation" Navigation="null" OriginId="org.eclipse.mylyn.core.model.interest.decay.correction" StartDate="2014-12-04 16:23:40.568 JST" StructureHandle="=Embedded{D-100~\/D-110\/D-110_v_1_0\/D-110_v_1_0.X\/D-110_v_1_0.c[_Setup#74(void" StructureKind="c/c++"/><InteractionEvent Delta="null" EndDate="2014-12-04 16:23:40.567 JST" Interest="2.0" Kind="selection" Navigation="null" OriginId="org.eclipse.cdt.ui.editor.CEditor" StartDate="2014-12-04 15:54:19.51 JST" StructureHandle="=Embedded{D-100~\/D-110\/D-110_v_1_0\/D-110_v_1_0.X\/D-110_v_1_0.c[_Setup#74(void" StructureKind="c/c++" NumEvents="2" CreationCount="893"/><InteractionEvent Delta="null" EndDate="2014-12-04 15:42:28.498 JST" Interest="8.471001" Kind="propagation" Navigation="org.eclipse.mylyn.core.model.edges.containment" OriginId="org.eclipse.mylyn.core.model.interest.propagation" StartDate="2014-12-04 15:36:35.760 JST" StructureHandle="/Embedded/D-100~/D-108_Aoki_TMR0/D-108_v_2_5_3/D-108_v_2_5_3.X" StructureKind="resource" NumEvents="5" CreationCount="24"/><InteractionEvent Delta="null" EndDate="2014-12-04 15:59:31.476 JST" Interest="1.0" Kind="selection" Navigation="null" OriginId="org.eclipse.cdt.ui.editor.CEditor" StartDate="2014-12-04 15:59:31.476 JST" StructureHandle="=Embedded{D-100~\/D-110\/D-110_v_1_0\/D-110_v_1_0.X\/D-110_v_1_0.c[hex#76" StructureKind="c/c++"/><InteractionEvent Delta="null" EndDate="2014-12-04 15:59:42.190 JST" Interest="6.0" Kind="edit" Navigation="null" OriginId="org.eclipse.cdt.ui.editor.CEditor" StartDate="2014-12-04 15:59:32.255 JST" StructureHandle="=Embedded{D-100~\/D-110\/D-110_v_1_0\/D-110_v_1_0.X\/D-110_v_1_0.c[hex#76" StructureKind="c/c++" NumEvents="6" CreationCount="1142"/><InteractionEvent Delta="null" EndDate="2014-12-04 16:28:06.920 JST" Interest="9.0" Kind="selection" Navigation="null" OriginId="org.eclipse.cdt.ui.editor.CEditor" StartDate="2014-12-04 15:36:21.894 JST" StructureHandle="/Embedded/D-100~/D-110/D-110_v_1_0/D-110_v_1_0.X/D-110_v_1_0.c" StructureKind="resource" NumEvents="9" CreationCount="17"/><InteractionEvent Delta="null" EndDate="2014-12-04 16:28:06.967 JST" Interest="214.0" Kind="propagation" Navigation="null" OriginId="org.eclipse.cdt.ui.editor.CEditor" StartDate="2014-12-04 15:36:22.428 JST" StructureHandle="/Embedded/D-100~/D-110/D-110_v_1_0/D-110_v_1_0.X/D-110_v_1_0.c" StructureKind="resource" NumEvents="214" CreationCount="17"/><InteractionEvent Delta="null" EndDate="2014-12-04 16:28:06.968 JST" Interest="411.0" Kind="edit" Navigation="null" OriginId="org.eclipse.cdt.ui.editor.CEditor" StartDate="2014-12-04 15:36:22.429 JST" StructureHandle="/Embedded/D-100~/D-110/D-110_v_1_0/D-110_v_1_0.X/D-110_v_1_0.c" StructureKind="resource" NumEvents="411" CreationCount="17"/></InteractionHistory>