<?xml version="1.0" encoding="UTF-8"?><InteractionHistory Id="local-57" Version="1"><InteractionEvent Delta="null" EndDate="2014-10-02 11:22:48.645 JST" Interest="1246.351" Kind="propagation" Navigation="org.eclipse.mylyn.core.model.edges.containment" OriginId="org.eclipse.mylyn.core.model.interest.propagation" StartDate="2014-10-02 08:20:57.762 JST" StructureHandle="" StructureKind="c/c++" NumEvents="1783" CreationCount="1"/><InteractionEvent Delta="null" EndDate="2014-10-02 11:13:38.577 JST" Interest="276.19998" Kind="propagation" Navigation="org.eclipse.mylyn.core.model.edges.containment" OriginId="org.eclipse.mylyn.core.model.interest.propagation" StartDate="2014-10-02 08:42:25.75 JST" StructureHandle="/Cake_NR5/app/Lib" StructureKind="resource" NumEvents="386" CreationCount="515"/><InteractionEvent Delta="null" EndDate="2014-10-02 08:40:26.426 JST" Interest="7.0" Kind="selection" Navigation="null" OriginId="org.eclipse.php.editor" StartDate="2014-10-02 08:22:25.678 JST" StructureHandle="/Cake_NR5/app/View/Historys/content_multilines.ctp" StructureKind="resource" NumEvents="7" CreationCount="29"/><InteractionEvent Delta="null" EndDate="2014-10-02 08:40:26.449 JST" Interest="7.0" Kind="edit" Navigation="null" OriginId="org.eclipse.php.editor" StartDate="2014-10-02 08:22:25.989 JST" StructureHandle="/Cake_NR5/app/View/Historys/content_multilines.ctp" StructureKind="resource" NumEvents="7" CreationCount="29"/><InteractionEvent Delta="null" EndDate="2014-10-02 09:05:15.89 JST" Interest="1.0" Kind="selection" Navigation="null" OriginId="org.eclipse.ui.views.ResourceNavigator" StartDate="2014-10-02 09:05:15.89 JST" StructureHandle="/Cake_NR5/README.md" StructureKind="org.eclipse.mylyn.wikitext"/><InteractionEvent Delta="null" EndDate="2014-10-02 11:22:48.645 JST" Interest="2366.0" Kind="propagation" Navigation="null" OriginId="org.eclipse.php.editor" StartDate="2014-10-02 08:20:57.762 JST" StructureHandle="/Cake_NR5" StructureKind="resource" NumEvents="2366" CreationCount="1"/><InteractionEvent Delta="null" EndDate="2014-10-02 08:22:00.782 JST" Interest="1.0" Kind="selection" Navigation="null" OriginId="org.eclipse.ui.views.ResourceNavigator" StartDate="2014-10-02 08:22:00.782 JST" StructureHandle="/Cake_NR5/app/View/Historys" StructureKind="resource"/><InteractionEvent Delta="null" EndDate="2014-10-02 11:03:17.688 JST" Interest="41.817" Kind="propagation" Navigation="org.eclipse.mylyn.core.model.edges.containment" OriginId="org.eclipse.mylyn.core.model.interest.propagation" StartDate="2014-10-02 08:22:02.692 JST" StructureHandle="/Cake_NR5/app/View/Historys" StructureKind="resource" NumEvents="56" CreationCount="21"/><InteractionEvent Delta="null" EndDate="2014-10-02 08:40:09.645 JST" Interest="2.0" Kind="selection" Navigation="null" OriginId="org.eclipse.php.editor" StartDate="2014-10-02 08:40:06.373 JST" StructureHandle="/Cake_NR5/app/Controller/ArticlesController.php" StructureKind="resource" NumEvents="2" CreationCount="407"/><InteractionEvent Delta="null" EndDate="2014-10-02 08:40:15.139 JST" Interest="4.0" Kind="edit" Navigation="null" OriginId="org.eclipse.php.editor" StartDate="2014-10-02 08:40:09.838 JST" StructureHandle="/Cake_NR5/app/Controller/ArticlesController.php" StructureKind="resource" NumEvents="4" CreationCount="407"/><InteractionEvent Delta="null" EndDate="2014-10-02 08:20:57.762 JST" Interest="1.0" Kind="selection" Navigation="null" OriginId="org.eclipse.ui.views.ResourceNavigator" StartDate="2014-10-02 08:20:57.762 JST" StructureHandle="=Cake_NR5" StructureKind="c/c++"/><InteractionEvent Delta="null" EndDate="2014-10-02 11:22:48.645 JST" Interest="1245.351" Kind="propagation" Navigation="org.eclipse.mylyn.core.model.edges.containment" OriginId="org.eclipse.mylyn.core.model.interest.propagation" StartDate="2014-10-02 08:21:04.283 JST" StructureHandle="=Cake_NR5" StructureKind="c/c++" NumEvents="1791" CreationCount="1"/><InteractionEvent Delta="null" EndDate="2014-10-02 11:22:48.645 JST" Interest="2366.0" Kind="propagation" Navigation="org.eclipse.mylyn.core.model.edges.containment" OriginId="org.eclipse.mylyn.core.model.interest.propagation" StartDate="2014-10-02 08:20:57.762 JST" StructureHandle="/" StructureKind="resource" NumEvents="2366" CreationCount="1"/><InteractionEvent Delta="null" EndDate="2014-10-02 08:27:06.219 JST" Interest="2.0" Kind="selection" Navigation="null" OriginId="org.eclipse.ui.views.ResourceNavigator" StartDate="2014-10-02 08:21:58.499 JST" StructureHandle="/Cake_NR5/app/View" StructureKind="resource" NumEvents="2" CreationCount="20"/><InteractionEvent Delta="null" EndDate="2014-10-02 11:03:17.689 JST" Interest="40.834" Kind="propagation" Navigation="org.eclipse.mylyn.core.model.edges.containment" OriginId="org.eclipse.mylyn.core.model.interest.propagation" StartDate="2014-10-02 08:22:00.782 JST" StructureHandle="/Cake_NR5/app/View" StructureKind="resource" NumEvents="58" CreationCount="20"/><InteractionEvent Delta="null" EndDate="2014-10-02 11:13:38.576 JST" Interest="276.19998" Kind="propagation" Navigation="org.eclipse.mylyn.core.model.edges.containment" OriginId="org.eclipse.mylyn.core.model.interest.propagation" StartDate="2014-10-02 08:42:25.74 JST" StructureHandle="/Cake_NR5/app/Lib/utils" StructureKind="resource" NumEvents="386" CreationCount="515"/><InteractionEvent Delta="null" EndDate="2014-10-02 08:27:30.399 JST" Interest="1.0" Kind="propagation" Navigation="null" OriginId="org.eclipse.mylyn.resources.ui.interest.updater" StartDate="2014-10-02 08:27:30.399 JST" StructureHandle="/Cake_NR5/app/View/Elements/historys/content_multilines.ctp" StructureKind="resource"/><InteractionEvent Delta="null" EndDate="2014-10-02 08:27:21.46 JST" Interest="2.0" Kind="selection" Navigation="null" OriginId="org.eclipse.ui.views.ResourceNavigator" StartDate="2014-10-02 08:27:10.948 JST" StructureHandle="/Cake_NR5/app/View/Elements" StructureKind="resource" NumEvents="2" CreationCount="165"/><InteractionEvent Delta="null" EndDate="2014-10-02 09:05:12.394 JST" Interest="12.974001" Kind="propagation" Navigation="org.eclipse.mylyn.core.model.edges.containment" OriginId="org.eclipse.mylyn.core.model.interest.propagation" StartDate="2014-10-02 09:05:11.171 JST" StructureHandle="/Cake_NR5/app/View/Elements" StructureKind="resource" NumEvents="2" CreationCount="165"/><InteractionEvent Delta="null" EndDate="2014-10-02 11:13:13.857 JST" Interest="20.0" Kind="selection" Navigation="null" OriginId="org.eclipse.php.editor" StartDate="2014-10-02 08:42:25.73 JST" StructureHandle="/Cake_NR5/app/Lib/utils/utils.php" StructureKind="resource" NumEvents="20" CreationCount="515"/><InteractionEvent Delta="null" EndDate="2014-10-02 11:13:38.575 JST" Interest="366.0" Kind="edit" Navigation="null" OriginId="org.eclipse.php.editor" StartDate="2014-10-02 08:42:25.142 JST" StructureHandle="/Cake_NR5/app/Lib/utils/utils.php" StructureKind="resource" NumEvents="366" CreationCount="515"/><InteractionEvent Delta="null" EndDate="2014-10-02 11:03:17.662 JST" Interest="12.0" Kind="selection" Navigation="null" OriginId="org.eclipse.php.editor" StartDate="2014-10-02 08:22:02.692 JST" StructureHandle="/Cake_NR5/app/View/Historys/view.ctp" StructureKind="resource" NumEvents="12" CreationCount="22"/><InteractionEvent Delta="null" EndDate="2014-10-02 11:03:17.688 JST" Interest="44.0" Kind="edit" Navigation="null" OriginId="org.eclipse.php.editor" StartDate="2014-10-02 08:22:03.298 JST" StructureHandle="/Cake_NR5/app/View/Historys/view.ctp" StructureKind="resource" NumEvents="44" CreationCount="22"/><InteractionEvent Delta="null" EndDate="2014-10-02 08:21:07.837 JST" Interest="1.0" Kind="selection" Navigation="null" OriginId="org.eclipse.ui.views.ResourceNavigator" StartDate="2014-10-02 08:21:07.837 JST" StructureHandle="/Cake_NR5/app/Controller" StructureKind="resource"/><InteractionEvent Delta="null" EndDate="2014-10-02 11:22:48.644 JST" Interest="1245.317" Kind="propagation" Navigation="org.eclipse.mylyn.core.model.edges.containment" OriginId="org.eclipse.mylyn.core.model.interest.propagation" StartDate="2014-10-02 08:21:09.965 JST" StructureHandle="/Cake_NR5/app/Controller" StructureKind="resource" NumEvents="1768" CreationCount="3"/><InteractionEvent Delta="null" EndDate="2014-10-02 09:05:11.171 JST" Interest="2.0" Kind="selection" Navigation="null" OriginId="org.eclipse.ui.views.ResourceNavigator" StartDate="2014-10-02 08:27:27.783 JST" StructureHandle="/Cake_NR5/app/View/Elements/historys" StructureKind="resource" NumEvents="2" CreationCount="171"/><InteractionEvent Delta="null" EndDate="2014-10-02 09:05:12.393 JST" Interest="0.034000397" Kind="propagation" Navigation="org.eclipse.mylyn.core.model.edges.containment" OriginId="org.eclipse.mylyn.core.model.interest.propagation" StartDate="2014-10-02 09:05:12.393 JST" StructureHandle="/Cake_NR5/app/View/Elements/historys" StructureKind="resource"/><InteractionEvent Delta="null" EndDate="2014-10-02 09:05:11.171 JST" Interest="12.838" Kind="manipulation" Navigation="null" OriginId="org.eclipse.mylyn.core.model.interest.decay.correction" StartDate="2014-10-02 09:05:11.171 JST" StructureHandle="/Cake_NR5/app/View/Elements/historys" StructureKind="resource"/><InteractionEvent Delta="null" EndDate="2014-10-02 08:21:04.282 JST" Interest="1.0" Kind="selection" Navigation="null" OriginId="org.eclipse.ui.views.ResourceNavigator" StartDate="2014-10-02 08:21:04.282 JST" StructureHandle="/Cake_NR5/app" StructureKind="resource"/><InteractionEvent Delta="null" EndDate="2014-10-02 11:22:48.645 JST" Interest="1245.334" Kind="propagation" Navigation="org.eclipse.mylyn.core.model.edges.containment" OriginId="org.eclipse.mylyn.core.model.interest.propagation" StartDate="2014-10-02 08:21:07.852 JST" StructureHandle="/Cake_NR5/app" StructureKind="resource" NumEvents="1770" CreationCount="2"/><InteractionEvent Delta="null" EndDate="2014-10-02 08:21:53.365 JST" Interest="1.0" Kind="selection" Navigation="null" OriginId="org.eclipse.ui.views.ResourceNavigator" StartDate="2014-10-02 08:21:53.365 JST" StructureHandle="/Cake_NR5/app/Controller/TemplateController.php" StructureKind="resource"/><InteractionEvent Delta="null" EndDate="2014-10-02 10:56:46.234 JST" Interest="13.0" Kind="selection" Navigation="null" OriginId="org.eclipse.php.editor" StartDate="2014-10-02 09:05:07.617 JST" StructureHandle="/Cake_NR5/test.php" StructureKind="resource" NumEvents="13" CreationCount="985"/><InteractionEvent Delta="null" EndDate="2014-10-02 10:56:46.270 JST" Interest="109.0" Kind="edit" Navigation="null" OriginId="org.eclipse.php.editor" StartDate="2014-10-02 09:05:16.133 JST" StructureHandle="/Cake_NR5/test.php" StructureKind="resource" NumEvents="109" CreationCount="985"/><InteractionEvent Delta="null" EndDate="2014-10-02 09:05:12.391 JST" Interest="1.0" Kind="selection" Navigation="null" OriginId="org.eclipse.ui.views.ResourceNavigator" StartDate="2014-10-02 09:05:12.391 JST" StructureHandle="/Cake_NR5/app/View/Elements/historys/_index_pagination.ctp" StructureKind="resource"/><InteractionEvent Delta="null" EndDate="2014-10-02 11:14:28.121 JST" Interest="29.0" Kind="selection" Navigation="null" OriginId="org.eclipse.php.editor" StartDate="2014-10-02 08:21:09.964 JST" StructureHandle="/Cake_NR5/app/Controller/HistorysController.php" StructureKind="resource" NumEvents="29" CreationCount="4"/><InteractionEvent Delta="null" EndDate="2014-10-02 11:22:48.644 JST" Interest="1739.0" Kind="edit" Navigation="null" OriginId="org.eclipse.php.editor" StartDate="2014-10-02 08:21:18.336 JST" StructureHandle="/Cake_NR5/app/Controller/HistorysController.php" StructureKind="resource" NumEvents="1739" CreationCount="4"/></InteractionHistory>