<?xml version="1.0" encoding="UTF-8"?><InteractionHistory Id="local-28" Version="1"><InteractionEvent Delta="null" EndDate="2014-09-21 08:18:52.32 JST" Interest="24.0" Kind="propagation" Navigation="org.eclipse.mylyn.core.model.edges.containment" OriginId="org.eclipse.mylyn.core.model.interest.propagation" StartDate="2014-09-21 08:03:41.835 JST" StructureHandle="" StructureKind="c/c++" NumEvents="34" CreationCount="1"/><InteractionEvent Delta="null" EndDate="2014-09-21 08:03:46.94 JST" Interest="1.0" Kind="selection" Navigation="null" OriginId="org.eclipse.ui.views.ResourceNavigator" StartDate="2014-09-21 08:03:46.94 JST" StructureHandle="/Cake_NR5/.settings" StructureKind="resource"/><InteractionEvent Delta="null" EndDate="2014-09-21 08:18:52.30 JST" Interest="24.0" Kind="propagation" Navigation="org.eclipse.mylyn.core.model.edges.containment" OriginId="org.eclipse.mylyn.core.model.interest.propagation" StartDate="2014-09-21 08:03:41.830 JST" StructureHandle="/Cake_NR5/app/View/Elements/articles/index" StructureKind="resource" NumEvents="33" CreationCount="1"/><InteractionEvent Delta="null" EndDate="2014-09-21 08:18:52.30 JST" Interest="24.0" Kind="propagation" Navigation="org.eclipse.mylyn.core.model.edges.containment" OriginId="org.eclipse.mylyn.core.model.interest.propagation" StartDate="2014-09-21 08:03:41.831 JST" StructureHandle="/Cake_NR5/app/View/Elements/articles" StructureKind="resource" NumEvents="33" CreationCount="1"/><InteractionEvent Delta="null" EndDate="2014-09-21 08:18:52.32 JST" Interest="59.0" Kind="propagation" Navigation="null" OriginId="org.eclipse.php.editor" StartDate="2014-09-21 08:03:41.835 JST" StructureHandle="/Cake_NR5" StructureKind="resource" NumEvents="59" CreationCount="1"/><InteractionEvent Delta="null" EndDate="2014-09-21 08:03:52.542 JST" Interest="2.0" Kind="selection" Navigation="null" OriginId="org.eclipse.php.editor" StartDate="2014-09-21 08:03:51.631 JST" StructureHandle="/Cake_NR5/app/Controller/ArticlesController.php" StructureKind="resource" NumEvents="2" CreationCount="6"/><InteractionEvent Delta="null" EndDate="2014-09-21 08:05:02.763 JST" Interest="21.0" Kind="edit" Navigation="null" OriginId="org.eclipse.php.editor" StartDate="2014-09-21 08:03:52.604 JST" StructureHandle="/Cake_NR5/app/Controller/ArticlesController.php" StructureKind="resource" NumEvents="21" CreationCount="6"/><InteractionEvent Delta="null" EndDate="2014-09-21 08:18:52.31 JST" Interest="24.0" Kind="propagation" Navigation="org.eclipse.mylyn.core.model.edges.containment" OriginId="org.eclipse.mylyn.core.model.interest.propagation" StartDate="2014-09-21 08:03:41.832 JST" StructureHandle="/Cake_NR5/app/View" StructureKind="resource" NumEvents="33" CreationCount="1"/><InteractionEvent Delta="null" EndDate="2014-09-21 08:18:52.32 JST" Interest="24.0" Kind="propagation" Navigation="org.eclipse.mylyn.core.model.edges.containment" OriginId="org.eclipse.mylyn.core.model.interest.propagation" StartDate="2014-09-21 08:03:41.834 JST" StructureHandle="=Cake_NR5" StructureKind="c/c++" NumEvents="34" CreationCount="1"/><InteractionEvent Delta="null" EndDate="2014-09-21 08:18:52.32 JST" Interest="59.0" Kind="propagation" Navigation="org.eclipse.mylyn.core.model.edges.containment" OriginId="org.eclipse.mylyn.core.model.interest.propagation" StartDate="2014-09-21 08:03:41.835 JST" StructureHandle="/" StructureKind="resource" NumEvents="59" CreationCount="1"/><InteractionEvent Delta="null" EndDate="2014-09-21 08:18:52.31 JST" Interest="24.0" Kind="propagation" Navigation="org.eclipse.mylyn.core.model.edges.containment" OriginId="org.eclipse.mylyn.core.model.interest.propagation" StartDate="2014-09-21 08:03:41.831 JST" StructureHandle="/Cake_NR5/app/View/Elements" StructureKind="resource" NumEvents="33" CreationCount="1"/><InteractionEvent Delta="null" EndDate="2014-09-21 08:05:02.764 JST" Interest="15.717" Kind="propagation" Navigation="org.eclipse.mylyn.core.model.edges.containment" OriginId="org.eclipse.mylyn.core.model.interest.propagation" StartDate="2014-09-21 08:03:51.632 JST" StructureHandle="/Cake_NR5/app/Controller" StructureKind="resource" NumEvents="23" CreationCount="5"/><InteractionEvent Delta="null" EndDate="2014-09-21 08:03:49.906 JST" Interest="1.0" Kind="selection" Navigation="null" OriginId="org.eclipse.ui.views.ResourceNavigator" StartDate="2014-09-21 08:03:49.906 JST" StructureHandle="/Cake_NR5/app/Controller" StructureKind="resource"/><InteractionEvent Delta="null" EndDate="2014-09-21 08:03:48.767 JST" Interest="1.0" Kind="selection" Navigation="null" OriginId="org.eclipse.ui.views.ResourceNavigator" StartDate="2014-09-21 08:03:48.767 JST" StructureHandle="/Cake_NR5/app" StructureKind="resource"/><InteractionEvent Delta="null" EndDate="2014-09-21 08:18:52.32 JST" Interest="23.0" Kind="propagation" Navigation="org.eclipse.mylyn.core.model.edges.containment" OriginId="org.eclipse.mylyn.core.model.interest.propagation" StartDate="2014-09-21 08:03:41.833 JST" StructureHandle="/Cake_NR5/app" StructureKind="resource" NumEvents="33" CreationCount="1"/><InteractionEvent Delta="null" EndDate="2014-09-21 08:18:52.18 JST" Interest="3.0" Kind="selection" Navigation="null" OriginId="org.eclipse.php.editor" StartDate="2014-09-21 08:03:41.875 JST" StructureHandle="/Cake_NR5/app/View/Elements/articles/index/_header.ctp" StructureKind="resource" NumEvents="3" CreationCount="1"/><InteractionEvent Delta="null" EndDate="2014-09-21 08:18:52.29 JST" Interest="30.0" Kind="edit" Navigation="null" OriginId="org.eclipse.php.editor" StartDate="2014-09-21 08:03:41.824 JST" StructureHandle="/Cake_NR5/app/View/Elements/articles/index/_header.ctp" StructureKind="resource" NumEvents="30" CreationCount="1"/></InteractionHistory>