<?xml version="1.0" encoding="UTF-8"?><InteractionHistory Id="local-33" Version="1"><InteractionEvent Delta="null" EndDate="2014-09-21 16:22:36.381 JST" Interest="464.151" Kind="propagation" Navigation="org.eclipse.mylyn.core.model.edges.containment" OriginId="org.eclipse.mylyn.core.model.interest.propagation" StartDate="2014-09-21 15:15:54.396 JST" StructureHandle="" StructureKind="c/c++" NumEvents="658" CreationCount="1"/><InteractionEvent Delta="null" EndDate="2014-09-21 16:15:03.844 JST" Interest="20.396002" Kind="propagation" Navigation="org.eclipse.mylyn.core.model.edges.containment" OriginId="org.eclipse.mylyn.core.model.interest.propagation" StartDate="2014-09-21 15:17:58.671 JST" StructureHandle="/Cake_NR5/app/Lib" StructureKind="resource" NumEvents="28" CreationCount="56"/><InteractionEvent Delta="null" EndDate="2014-09-21 15:18:37.359 JST" Interest="3.0" Kind="selection" Navigation="null" OriginId="org.eclipse.ui.views.ResourceNavigator" StartDate="2014-09-21 15:17:56.969 JST" StructureHandle="/Cake_NR5/app/Lib" StructureKind="resource" NumEvents="3" CreationCount="56"/><InteractionEvent Delta="null" EndDate="2014-09-21 15:23:23.113 JST" Interest="1.0" Kind="selection" Navigation="null" OriginId="org.eclipse.ui.views.ResourceNavigator" StartDate="2014-09-21 15:23:23.113 JST" StructureHandle="/Cake_NR5/app/Lib/empty" StructureKind="resource"/><InteractionEvent Delta="null" EndDate="2014-09-21 15:17:50.925 JST" Interest="1.0" Kind="selection" Navigation="null" OriginId="org.eclipse.ui.views.ResourceNavigator" StartDate="2014-09-21 15:17:50.925 JST" StructureHandle="/Cake_NR5/app/Controller/GenresController.php" StructureKind="resource"/><InteractionEvent Delta="null" EndDate="2014-09-21 16:11:56.710 JST" Interest="5.2" Kind="propagation" Navigation="org.eclipse.mylyn.core.model.edges.containment" OriginId="org.eclipse.mylyn.core.model.interest.propagation" StartDate="2014-09-21 16:09:47.338 JST" StructureHandle="=Cake_IFM11" StructureKind="c/c++" NumEvents="7" CreationCount="535"/><InteractionEvent Delta="null" EndDate="2014-09-21 16:22:36.381 JST" Interest="752.0" Kind="propagation" Navigation="null" OriginId="org.eclipse.php.editor" StartDate="2014-09-21 15:15:54.395 JST" StructureHandle="/Cake_NR5" StructureKind="resource" NumEvents="752" CreationCount="1"/><InteractionEvent Delta="null" EndDate="2014-09-21 16:09:47.337 JST" Interest="1.0" Kind="selection" Navigation="null" OriginId="org.eclipse.php.editor" StartDate="2014-09-21 16:09:47.337 JST" StructureHandle="/Cake_IFM11/app/Controller/ImagesController.php" StructureKind="resource"/><InteractionEvent Delta="null" EndDate="2014-09-21 16:11:56.707 JST" Interest="6.0" Kind="edit" Navigation="null" OriginId="org.eclipse.php.editor" StartDate="2014-09-21 16:09:47.419 JST" StructureHandle="/Cake_IFM11/app/Controller/ImagesController.php" StructureKind="resource" NumEvents="6" CreationCount="535"/><InteractionEvent Delta="null" EndDate="2014-09-21 15:17:52.809 JST" Interest="1.0" Kind="selection" Navigation="null" OriginId="org.eclipse.ui.views.ResourceNavigator" StartDate="2014-09-21 15:17:52.809 JST" StructureHandle="/Cake_NR5/app/webroot" StructureKind="resource"/><InteractionEvent Delta="null" EndDate="2014-09-21 16:11:56.709 JST" Interest="5.2" Kind="propagation" Navigation="org.eclipse.mylyn.core.model.edges.containment" OriginId="org.eclipse.mylyn.core.model.interest.propagation" StartDate="2014-09-21 16:09:47.338 JST" StructureHandle="/Cake_IFM11/app" StructureKind="resource" NumEvents="7" CreationCount="535"/><InteractionEvent Delta="null" EndDate="2014-09-21 16:22:36.381 JST" Interest="464.151" Kind="propagation" Navigation="org.eclipse.mylyn.core.model.edges.containment" OriginId="org.eclipse.mylyn.core.model.interest.propagation" StartDate="2014-09-21 15:15:54.395 JST" StructureHandle="=Cake_NR5" StructureKind="c/c++" NumEvents="658" CreationCount="1"/><InteractionEvent Delta="null" EndDate="2014-09-21 16:22:36.381 JST" Interest="759.0" Kind="propagation" Navigation="null" OriginId="org.eclipse.php.editor" StartDate="2014-09-21 15:15:54.395 JST" StructureHandle="/" StructureKind="resource" NumEvents="759" CreationCount="1"/><InteractionEvent Delta="null" EndDate="2014-09-21 15:53:01.47 JST" Interest="0.14500022" Kind="manipulation" Navigation="null" OriginId="org.eclipse.mylyn.core.model.interest.decay.correction" StartDate="2014-09-21 15:53:01.47 JST" StructureHandle="/Cake_NR5/app/Lib/utils" StructureKind="resource"/><InteractionEvent Delta="null" EndDate="2014-09-21 16:15:03.844 JST" Interest="19.234001" Kind="propagation" Navigation="org.eclipse.mylyn.core.model.edges.containment" OriginId="org.eclipse.mylyn.core.model.interest.propagation" StartDate="2014-09-21 15:53:02.945 JST" StructureHandle="/Cake_NR5/app/Lib/utils" StructureKind="resource" NumEvents="25" CreationCount="57"/><InteractionEvent Delta="null" EndDate="2014-09-21 15:53:01.47 JST" Interest="4.0" Kind="selection" Navigation="null" OriginId="org.eclipse.ui.views.ResourceNavigator" StartDate="2014-09-21 15:17:58.670 JST" StructureHandle="/Cake_NR5/app/Lib/utils" StructureKind="resource" NumEvents="4" CreationCount="57"/><InteractionEvent Delta="null" EndDate="2014-09-21 15:31:07.478 JST" Interest="1.0" Kind="selection" Navigation="null" OriginId="org.eclipse.ui.views.ResourceNavigator" StartDate="2014-09-21 15:31:07.478 JST" StructureHandle="/Cake_NR5/app/Vendor" StructureKind="resource"/><InteractionEvent Delta="null" EndDate="2014-09-21 16:15:03.817 JST" Interest="9.0" Kind="selection" Navigation="null" OriginId="org.eclipse.php.editor" StartDate="2014-09-21 15:53:02.944 JST" StructureHandle="/Cake_NR5/app/Lib/utils/utils.php" StructureKind="resource" NumEvents="9" CreationCount="244"/><InteractionEvent Delta="null" EndDate="2014-09-21 16:15:03.843 JST" Interest="16.0" Kind="edit" Navigation="null" OriginId="org.eclipse.php.editor" StartDate="2014-09-21 15:53:03.310 JST" StructureHandle="/Cake_NR5/app/Lib/utils/utils.php" StructureKind="resource" NumEvents="16" CreationCount="244"/><InteractionEvent Delta="null" EndDate="2014-09-21 15:18:40.806 JST" Interest="4.0" Kind="selection" Navigation="null" OriginId="org.eclipse.ui.views.ResourceNavigator" StartDate="2014-09-21 15:18:19.866 JST" StructureHandle="/Cake_NR5/app/Lib/data" StructureKind="resource" NumEvents="4" CreationCount="58"/><InteractionEvent Delta="null" EndDate="2014-09-21 15:18:19.781 JST" Interest="1.0" Kind="propagation" Navigation="null" OriginId="org.eclipse.mylyn.resources.ui.interest.updater" StartDate="2014-09-21 15:18:19.781 JST" StructureHandle="/Cake_NR5/app/Lib/data" StructureKind="resource"/><InteractionEvent Delta="null" EndDate="2014-09-21 16:22:36.380 JST" Interest="462.117" Kind="propagation" Navigation="org.eclipse.mylyn.core.model.edges.containment" OriginId="org.eclipse.mylyn.core.model.interest.propagation" StartDate="2014-09-21 15:15:59.359 JST" StructureHandle="/Cake_NR5/app/Controller" StructureKind="resource" NumEvents="656" CreationCount="3"/><InteractionEvent Delta="null" EndDate="2014-09-21 15:31:05.623 JST" Interest="2.0" Kind="selection" Navigation="null" OriginId="org.eclipse.ui.views.ResourceNavigator" StartDate="2014-09-21 15:15:56.421 JST" StructureHandle="/Cake_NR5/app/Controller" StructureKind="resource" NumEvents="2" CreationCount="3"/><InteractionEvent Delta="null" EndDate="2014-09-21 16:22:36.381 JST" Interest="462.151" Kind="propagation" Navigation="org.eclipse.mylyn.core.model.edges.containment" OriginId="org.eclipse.mylyn.core.model.interest.propagation" StartDate="2014-09-21 15:15:59.564 JST" StructureHandle="/Cake_NR5/app" StructureKind="resource" NumEvents="656" CreationCount="1"/><InteractionEvent Delta="null" EndDate="2014-09-21 15:15:54.543 JST" Interest="2.0" Kind="selection" Navigation="null" OriginId="org.eclipse.ui.views.ResourceNavigator" StartDate="2014-09-21 15:15:54.395 JST" StructureHandle="/Cake_NR5/app" StructureKind="resource" NumEvents="2" CreationCount="1"/><InteractionEvent Delta="null" EndDate="2014-09-21 16:11:56.710 JST" Interest="7.0" Kind="propagation" Navigation="null" OriginId="org.eclipse.php.editor" StartDate="2014-09-21 16:09:47.338 JST" StructureHandle="/Cake_IFM11" StructureKind="resource" NumEvents="7" CreationCount="535"/><InteractionEvent Delta="null" EndDate="2014-09-21 16:11:56.709 JST" Interest="5.2" Kind="propagation" Navigation="org.eclipse.mylyn.core.model.edges.containment" OriginId="org.eclipse.mylyn.core.model.interest.propagation" StartDate="2014-09-21 16:09:47.337 JST" StructureHandle="/Cake_IFM11/app/Controller" StructureKind="resource" NumEvents="7" CreationCount="535"/><InteractionEvent Delta="null" EndDate="2014-09-21 16:15:05.100 JST" Interest="13.0" Kind="selection" Navigation="null" OriginId="org.eclipse.php.editor" StartDate="2014-09-21 15:23:25.123 JST" StructureHandle="/Cake_NR5/app/Controller/AppController.php" StructureKind="resource" NumEvents="13" CreationCount="103"/><InteractionEvent Delta="null" EndDate="2014-09-21 16:15:05.123 JST" Interest="32.0" Kind="edit" Navigation="null" OriginId="org.eclipse.php.editor" StartDate="2014-09-21 15:23:25.389 JST" StructureHandle="/Cake_NR5/app/Controller/AppController.php" StructureKind="resource" NumEvents="32" CreationCount="103"/><InteractionEvent Delta="null" EndDate="2014-09-21 15:17:55.176 JST" Interest="1.0" Kind="selection" Navigation="null" OriginId="org.eclipse.ui.views.ResourceNavigator" StartDate="2014-09-21 15:17:55.176 JST" StructureHandle="/Cake_NR5/.htaccess" StructureKind="resource"/><InteractionEvent Delta="null" EndDate="2014-09-21 15:53:00.968 JST" Interest="0.04300022" Kind="manipulation" Navigation="null" OriginId="org.eclipse.mylyn.core.model.interest.decay.correction" StartDate="2014-09-21 15:53:00.968 JST" StructureHandle="/Cake_NR5/app/Lib/data/Category_backup.csv" StructureKind="resource"/><InteractionEvent Delta="null" EndDate="2014-09-21 15:53:00.968 JST" Interest="3.0" Kind="selection" Navigation="null" OriginId="org.eclipse.ui.views.ResourceNavigator" StartDate="2014-09-21 15:18:41.839 JST" StructureHandle="/Cake_NR5/app/Lib/data/Category_backup.csv" StructureKind="resource" NumEvents="3" CreationCount="62"/><InteractionEvent Delta="null" EndDate="2014-09-21 15:18:39.33 JST" Interest="1.0" Kind="propagation" Navigation="null" OriginId="org.eclipse.mylyn.resources.ui.interest.updater" StartDate="2014-09-21 15:18:39.33 JST" StructureHandle="/Cake_NR5/app/Lib/data/Category_backup.csv" StructureKind="resource"/><InteractionEvent Delta="null" EndDate="2014-09-21 16:15:05.282 JST" Interest="14.0" Kind="selection" Navigation="null" OriginId="org.eclipse.php.editor" StartDate="2014-09-21 15:15:59.358 JST" StructureHandle="/Cake_NR5/app/Controller/CategorysController.php" StructureKind="resource" NumEvents="14" CreationCount="4"/><InteractionEvent Delta="null" EndDate="2014-09-21 16:22:36.380 JST" Interest="643.0" Kind="edit" Navigation="null" OriginId="org.eclipse.php.editor" StartDate="2014-09-21 15:15:59.624 JST" StructureHandle="/Cake_NR5/app/Controller/CategorysController.php" StructureKind="resource" NumEvents="643" CreationCount="4"/></InteractionHistory>