<?xml version="1.0" encoding="UTF-8"?><InteractionHistory Id="local-114" Version="1"><InteractionEvent Delta="null" EndDate="2014-12-11 20:27:42.922 JST" Interest="58.150997" Kind="propagation" Navigation="org.eclipse.mylyn.core.model.edges.containment" OriginId="org.eclipse.mylyn.core.model.interest.propagation" StartDate="2014-12-11 20:07:34.816 JST" StructureHandle="" StructureKind="c/c++" NumEvents="84" CreationCount="1"/><InteractionEvent Delta="null" EndDate="2014-12-11 20:11:19.446 JST" Interest="8.299999" Kind="propagation" Navigation="org.eclipse.mylyn.core.model.edges.containment" OriginId="org.eclipse.mylyn.core.model.interest.propagation" StartDate="2014-12-11 20:09:13.189 JST" StructureHandle="=CR6_cake" StructureKind="c/c++" NumEvents="11" CreationCount="7"/><InteractionEvent Delta="null" EndDate="2014-12-11 20:28:31.24 JST" Interest="3.0" Kind="propagation" Navigation="org.eclipse.mylyn.core.model.edges.containment" OriginId="org.eclipse.mylyn.core.model.interest.propagation" StartDate="2014-12-11 20:28:19.889 JST" StructureHandle="/IFM_CAKE_1/lib/Cake/Test/test_app" StructureKind="resource" NumEvents="3" CreationCount="139"/><InteractionEvent Delta="null" EndDate="2014-12-11 20:37:55.152 JST" Interest="10.0" Kind="propagation" Navigation="null" OriginId="org.eclipse.php.editor" StartDate="2014-12-11 20:28:31.317 JST" StructureHandle="/Cake_NR5" StructureKind="resource" NumEvents="10" CreationCount="142"/><InteractionEvent Delta="null" EndDate="2014-12-11 20:28:36.428 JST" Interest="3.0" Kind="edit" Navigation="null" OriginId="org.eclipse.php.editor" StartDate="2014-12-11 20:28:34.793 JST" StructureHandle="/Cake_NR5/app/Model/Eq.php" StructureKind="resource" NumEvents="3" CreationCount="142"/><InteractionEvent Delta="null" EndDate="2014-12-11 20:28:34.670 JST" Interest="3.0" Kind="selection" Navigation="null" OriginId="org.eclipse.php.editor" StartDate="2014-12-11 20:28:31.315 JST" StructureHandle="/Cake_NR5/app/Model/Eq.php" StructureKind="resource" NumEvents="3" CreationCount="142"/><InteractionEvent Delta="null" EndDate="2014-12-11 20:11:19.446 JST" Interest="11.0" Kind="propagation" Navigation="null" OriginId="org.eclipse.php.editor" StartDate="2014-12-11 20:09:13.189 JST" StructureHandle="/CR6_cake" StructureKind="resource" NumEvents="11" CreationCount="7"/><InteractionEvent Delta="null" EndDate="2014-12-11 20:24:06.860 JST" Interest="1.0" Kind="selection" Navigation="null" OriginId="org.eclipse.php.ui.explorer" StartDate="2014-12-11 20:24:06.860 JST" StructureHandle="=sample4" StructureKind="c/c++"/><InteractionEvent Delta="null" EndDate="2014-12-11 20:28:31.25 JST" Interest="3.0" Kind="propagation" Navigation="org.eclipse.mylyn.core.model.edges.containment" OriginId="org.eclipse.mylyn.core.model.interest.propagation" StartDate="2014-12-11 20:28:19.890 JST" StructureHandle="/IFM_CAKE_1/lib/Cake/Test" StructureKind="resource" NumEvents="3" CreationCount="139"/><InteractionEvent Delta="null" EndDate="2014-12-11 20:28:19.889 JST" Interest="1.0" Kind="propagation" Navigation="org.eclipse.mylyn.core.model.edges.containment" OriginId="org.eclipse.mylyn.core.model.interest.propagation" StartDate="2014-12-11 20:28:19.889 JST" StructureHandle="/IFM_CAKE_1/lib/Cake/Test/test_app/Controller" StructureKind="resource"/><InteractionEvent Delta="null" EndDate="2014-12-11 20:28:31.24 JST" Interest="2.0" Kind="selection" Navigation="null" OriginId="org.eclipse.search.ui.views.SearchView" StartDate="2014-12-11 20:28:20.416 JST" StructureHandle="/IFM_CAKE_1/lib/Cake/Test/test_app/Controller" StructureKind="resource" NumEvents="2" CreationCount="139"/><InteractionEvent Delta="null" EndDate="2014-12-11 20:28:36.430 JST" Interest="5.1" Kind="propagation" Navigation="org.eclipse.mylyn.core.model.edges.containment" OriginId="org.eclipse.mylyn.core.model.interest.propagation" StartDate="2014-12-11 20:28:31.317 JST" StructureHandle="/Cake_NR5/app" StructureKind="resource" NumEvents="6" CreationCount="142"/><InteractionEvent Delta="null" EndDate="2014-12-11 20:28:36.429 JST" Interest="5.1" Kind="propagation" Navigation="org.eclipse.mylyn.core.model.edges.containment" OriginId="org.eclipse.mylyn.core.model.interest.propagation" StartDate="2014-12-11 20:28:31.316 JST" StructureHandle="/Cake_NR5/app/Model" StructureKind="resource" NumEvents="6" CreationCount="142"/><InteractionEvent Delta="null" EndDate="2014-12-11 20:26:30.600 JST" Interest="38.0" Kind="edit" Navigation="null" OriginId="org.eclipse.wst.jsdt.ui.CompilationUnitEditor" StartDate="2014-12-11 20:19:27.920 JST" StructureHandle="/VM_Cake/app/webroot/js/main.js" StructureKind="resource" NumEvents="38" CreationCount="89"/><InteractionEvent Delta="null" EndDate="2014-12-11 20:26:33.372 JST" Interest="3.0" Kind="selection" Navigation="null" OriginId="org.eclipse.ui.views.ResourceNavigator" StartDate="2014-12-11 20:19:25.55 JST" StructureHandle="/VM_Cake/app/webroot/js/main.js" StructureKind="resource" NumEvents="3" CreationCount="89"/><InteractionEvent Delta="null" EndDate="2014-12-11 20:11:19.445 JST" Interest="8.299999" Kind="propagation" Navigation="org.eclipse.mylyn.core.model.edges.containment" OriginId="org.eclipse.mylyn.core.model.interest.propagation" StartDate="2014-12-11 20:09:13.188 JST" StructureHandle="/CR6_cake/app/View" StructureKind="resource" NumEvents="11" CreationCount="7"/><InteractionEvent Delta="null" EndDate="2014-12-11 20:27:42.921 JST" Interest="57.117" Kind="propagation" Navigation="org.eclipse.mylyn.core.model.edges.containment" OriginId="org.eclipse.mylyn.core.model.interest.propagation" StartDate="2014-12-11 20:08:52.410 JST" StructureHandle="/VM_Cake/app/View/Videos" StructureKind="resource" NumEvents="80" CreationCount="3"/><InteractionEvent Delta="null" EndDate="2014-12-11 20:08:50.755 JST" Interest="1.0" Kind="selection" Navigation="null" OriginId="org.eclipse.ui.views.ResourceNavigator" StartDate="2014-12-11 20:08:50.755 JST" StructureHandle="/VM_Cake/app/View/Videos" StructureKind="resource"/><InteractionEvent Delta="null" EndDate="2014-12-11 20:11:19.443 JST" Interest="9.0" Kind="edit" Navigation="null" OriginId="org.eclipse.php.editor" StartDate="2014-12-11 20:09:13.627 JST" StructureHandle="/CR6_cake/app/View/Words/add.ctp" StructureKind="resource" NumEvents="9" CreationCount="7"/><InteractionEvent Delta="null" EndDate="2014-12-11 20:11:12.278 JST" Interest="2.0" Kind="selection" Navigation="null" OriginId="org.eclipse.php.editor" StartDate="2014-12-11 20:09:13.187 JST" StructureHandle="/CR6_cake/app/View/Words/add.ctp" StructureKind="resource" NumEvents="2" CreationCount="7"/><InteractionEvent Delta="null" EndDate="2014-12-11 20:26:33.374 JST" Interest="28.634" Kind="propagation" Navigation="org.eclipse.mylyn.core.model.edges.containment" OriginId="org.eclipse.mylyn.core.model.interest.propagation" StartDate="2014-12-11 20:19:23.288 JST" StructureHandle="/VM_Cake/app/webroot" StructureKind="resource" NumEvents="42" CreationCount="87"/><InteractionEvent Delta="null" EndDate="2014-12-11 20:19:21.291 JST" Interest="1.0" Kind="selection" Navigation="null" OriginId="org.eclipse.ui.views.ResourceNavigator" StartDate="2014-12-11 20:19:21.291 JST" StructureHandle="/VM_Cake/app/webroot" StructureKind="resource"/><InteractionEvent Delta="null" EndDate="2014-12-11 20:26:33.373 JST" Interest="28.617" Kind="propagation" Navigation="org.eclipse.mylyn.core.model.edges.containment" OriginId="org.eclipse.mylyn.core.model.interest.propagation" StartDate="2014-12-11 20:19:25.56 JST" StructureHandle="/VM_Cake/app/webroot/js" StructureKind="resource" NumEvents="41" CreationCount="88"/><InteractionEvent Delta="null" EndDate="2014-12-11 20:19:23.288 JST" Interest="1.0" Kind="selection" Navigation="null" OriginId="org.eclipse.ui.views.ResourceNavigator" StartDate="2014-12-11 20:19:23.288 JST" StructureHandle="/VM_Cake/app/webroot/js" StructureKind="resource"/><InteractionEvent Delta="null" EndDate="2014-12-11 20:27:42.922 JST" Interest="58.150997" Kind="propagation" Navigation="org.eclipse.mylyn.core.model.edges.containment" OriginId="org.eclipse.mylyn.core.model.interest.propagation" StartDate="2014-12-11 20:07:34.815 JST" StructureHandle="=VM_Cake" StructureKind="c/c++" NumEvents="83" CreationCount="1"/><InteractionEvent Delta="null" EndDate="2014-12-11 20:28:31.26 JST" Interest="3.0" Kind="propagation" Navigation="org.eclipse.mylyn.core.model.edges.containment" OriginId="org.eclipse.mylyn.core.model.interest.propagation" StartDate="2014-12-11 20:28:19.892 JST" StructureHandle="=IFM_CAKE_1" StructureKind="c/c++" NumEvents="3" CreationCount="139"/><InteractionEvent Delta="null" EndDate="2014-12-11 20:28:36.430 JST" Interest="5.1" Kind="propagation" Navigation="org.eclipse.mylyn.core.model.edges.containment" OriginId="org.eclipse.mylyn.core.model.interest.propagation" StartDate="2014-12-11 20:28:31.317 JST" StructureHandle="=Cake_NR5" StructureKind="c/c++" NumEvents="6" CreationCount="142"/><InteractionEvent Delta="null" EndDate="2014-12-11 20:37:55.153 JST" Interest="151.0" Kind="propagation" Navigation="null" OriginId="org.eclipse.php.editor" StartDate="2014-12-11 20:07:34.815 JST" StructureHandle="/" StructureKind="resource" NumEvents="151" CreationCount="1"/><InteractionEvent Delta="null" EndDate="2014-12-11 20:27:42.922 JST" Interest="126.0" Kind="propagation" Navigation="null" OriginId="org.eclipse.php.editor" StartDate="2014-12-11 20:07:34.815 JST" StructureHandle="/VM_Cake" StructureKind="resource" NumEvents="126" CreationCount="1"/><InteractionEvent Delta="null" EndDate="2014-12-11 20:11:19.444 JST" Interest="8.299999" Kind="propagation" Navigation="org.eclipse.mylyn.core.model.edges.containment" OriginId="org.eclipse.mylyn.core.model.interest.propagation" StartDate="2014-12-11 20:09:13.188 JST" StructureHandle="/CR6_cake/app/View/Words" StructureKind="resource" NumEvents="11" CreationCount="7"/><InteractionEvent Delta="null" EndDate="2014-12-11 20:27:42.921 JST" Interest="57.134" Kind="propagation" Navigation="org.eclipse.mylyn.core.model.edges.containment" OriginId="org.eclipse.mylyn.core.model.interest.propagation" StartDate="2014-12-11 20:08:50.756 JST" StructureHandle="/VM_Cake/app/View" StructureKind="resource" NumEvents="81" CreationCount="2"/><InteractionEvent Delta="null" EndDate="2014-12-11 20:08:48.437 JST" Interest="1.0" Kind="selection" Navigation="null" OriginId="org.eclipse.ui.views.ResourceNavigator" StartDate="2014-12-11 20:08:48.437 JST" StructureHandle="/VM_Cake/app/View" StructureKind="resource"/><InteractionEvent Delta="null" EndDate="2014-12-11 20:27:42.920 JST" Interest="73.0" Kind="edit" Navigation="null" OriginId="org.eclipse.php.editor" StartDate="2014-12-11 20:08:58.181 JST" StructureHandle="/VM_Cake/app/View/Videos/add.ctp" StructureKind="resource" NumEvents="73" CreationCount="4"/><InteractionEvent Delta="null" EndDate="2014-12-11 20:26:37.944 JST" Interest="7.0" Kind="selection" Navigation="null" OriginId="org.eclipse.php.editor" StartDate="2014-12-11 20:08:52.409 JST" StructureHandle="/VM_Cake/app/View/Videos/add.ctp" StructureKind="resource" NumEvents="7" CreationCount="4"/><InteractionEvent Delta="null" EndDate="2014-12-11 20:28:31.26 JST" Interest="3.0" Kind="propagation" Navigation="null" OriginId="org.eclipse.search.ui.views.SearchView" StartDate="2014-12-11 20:28:19.892 JST" StructureHandle="/IFM_CAKE_1" StructureKind="resource" NumEvents="3" CreationCount="139"/><InteractionEvent Delta="null" EndDate="2014-12-11 20:28:31.26 JST" Interest="3.0" Kind="propagation" Navigation="org.eclipse.mylyn.core.model.edges.containment" OriginId="org.eclipse.mylyn.core.model.interest.propagation" StartDate="2014-12-11 20:28:19.892 JST" StructureHandle="/IFM_CAKE_1/lib" StructureKind="resource" NumEvents="3" CreationCount="139"/><InteractionEvent Delta="null" EndDate="2014-12-11 20:37:55.151 JST" Interest="3.1" Kind="propagation" Navigation="org.eclipse.mylyn.core.model.edges.containment" OriginId="org.eclipse.mylyn.core.model.interest.propagation" StartDate="2014-12-11 20:28:52.420 JST" StructureHandle="/Cake_NR5/app/Controller" StructureKind="resource" NumEvents="4" CreationCount="148"/><InteractionEvent Delta="null" EndDate="2014-12-11 20:11:19.445 JST" Interest="8.299999" Kind="propagation" Navigation="org.eclipse.mylyn.core.model.edges.containment" OriginId="org.eclipse.mylyn.core.model.interest.propagation" StartDate="2014-12-11 20:09:13.189 JST" StructureHandle="/CR6_cake/app" StructureKind="resource" NumEvents="11" CreationCount="7"/><InteractionEvent Delta="null" EndDate="2014-12-11 20:24:06.860 JST" Interest="1.0" Kind="propagation" Navigation="null" OriginId="org.eclipse.php.ui.explorer" StartDate="2014-12-11 20:24:06.860 JST" StructureHandle="/sample4" StructureKind="resource"/><InteractionEvent Delta="null" EndDate="2014-12-11 20:28:19.888 JST" Interest="1.0" Kind="selection" Navigation="null" OriginId="org.eclipse.search.ui.views.SearchView" StartDate="2014-12-11 20:28:19.888 JST" StructureHandle="/IFM_CAKE_1/lib/Cake/Test/test_app/Controller/TestsAppsController.php" StructureKind="resource"/><InteractionEvent Delta="null" EndDate="2014-12-11 20:28:31.25 JST" Interest="3.0" Kind="propagation" Navigation="org.eclipse.mylyn.core.model.edges.containment" OriginId="org.eclipse.mylyn.core.model.interest.propagation" StartDate="2014-12-11 20:28:19.891 JST" StructureHandle="/IFM_CAKE_1/lib/Cake" StructureKind="resource" NumEvents="3" CreationCount="139"/><InteractionEvent Delta="null" EndDate="2014-12-11 20:27:42.922 JST" Interest="57.150997" Kind="propagation" Navigation="org.eclipse.mylyn.core.model.edges.containment" OriginId="org.eclipse.mylyn.core.model.interest.propagation" StartDate="2014-12-11 20:08:48.438 JST" StructureHandle="/VM_Cake/app" StructureKind="resource" NumEvents="82" CreationCount="1"/><InteractionEvent Delta="null" EndDate="2014-12-11 20:07:34.815 JST" Interest="1.0" Kind="selection" Navigation="null" OriginId="org.eclipse.ui.views.ResourceNavigator" StartDate="2014-12-11 20:07:34.815 JST" StructureHandle="/VM_Cake/app" StructureKind="resource"/><InteractionEvent Delta="null" EndDate="2014-12-11 20:37:55.150 JST" Interest="3.0" Kind="edit" Navigation="null" OriginId="org.eclipse.php.editor" StartDate="2014-12-11 20:28:52.509 JST" StructureHandle="/Cake_NR5/app/Controller/EqsController.php" StructureKind="resource" NumEvents="3" CreationCount="148"/><InteractionEvent Delta="null" EndDate="2014-12-11 20:28:52.419 JST" Interest="1.0" Kind="selection" Navigation="null" OriginId="org.eclipse.php.editor" StartDate="2014-12-11 20:28:52.419 JST" StructureHandle="/Cake_NR5/app/Controller/EqsController.php" StructureKind="resource"/></InteractionHistory>