<?xml version="1.0" encoding="UTF-8"?><InteractionHistory Id="local-29" Version="1"><InteractionEvent Delta="null" EndDate="2014-09-21 08:50:04.466 JST" Interest="99.752" Kind="propagation" Navigation="org.eclipse.mylyn.core.model.edges.containment" OriginId="org.eclipse.mylyn.core.model.interest.propagation" StartDate="2014-09-21 08:19:01.635 JST" StructureHandle="" StructureKind="c/c++" NumEvents="145" CreationCount="1"/><InteractionEvent Delta="null" EndDate="2014-09-21 08:49:54.597 JST" Interest="18.0" Kind="selection" Navigation="null" OriginId="org.eclipse.ui.views.ResourceNavigator" StartDate="2014-09-21 08:23:03.654 JST" StructureHandle="/Cake_NR5/app/Controller/CategoriesController.php" StructureKind="resource" NumEvents="18" CreationCount="57"/><InteractionEvent Delta="null" EndDate="2014-09-21 08:23:01.509 JST" Interest="1.0" Kind="propagation" Navigation="null" OriginId="org.eclipse.mylyn.resources.ui.interest.updater" StartDate="2014-09-21 08:23:01.509 JST" StructureHandle="/Cake_NR5/app/Controller/CategoriesController.php" StructureKind="resource"/><InteractionEvent Delta="null" EndDate="2014-09-21 08:49:51.892 JST" Interest="114.0" Kind="edit" Navigation="null" OriginId="org.eclipse.php.editor" StartDate="2014-09-21 08:23:03.943 JST" StructureHandle="/Cake_NR5/app/Controller/CategoriesController.php" StructureKind="resource" NumEvents="114" CreationCount="57"/><InteractionEvent Delta="null" EndDate="2014-09-21 08:50:56.415 JST" Interest="4.0" Kind="selection" Navigation="null" OriginId="org.eclipse.ui.views.ResourceNavigator" StartDate="2014-09-21 08:31:18.603 JST" StructureHandle="/Cake_NR5/app/View/Categories" StructureKind="resource" NumEvents="4" CreationCount="217"/><InteractionEvent Delta="null" EndDate="2014-09-21 08:41:04.905 JST" Interest="73.709" Kind="propagation" Navigation="org.eclipse.mylyn.core.model.edges.containment" OriginId="org.eclipse.mylyn.core.model.interest.propagation" StartDate="2014-09-21 08:31:17.359 JST" StructureHandle="/Cake_NR5/app/View/Categories" StructureKind="resource" NumEvents="105" CreationCount="217"/><InteractionEvent Delta="null" EndDate="2014-09-21 08:51:15.976 JST" Interest="20.017" Kind="propagation" Navigation="org.eclipse.mylyn.core.model.edges.containment" OriginId="org.eclipse.mylyn.core.model.interest.propagation" StartDate="2014-09-21 08:35:04.717 JST" StructureHandle="/Cake_NR5/app/View/Elements/layouts" StructureKind="resource" NumEvents="27" CreationCount="272"/><InteractionEvent Delta="null" EndDate="2014-09-21 08:35:02.228 JST" Interest="1.0" Kind="selection" Navigation="null" OriginId="org.eclipse.ui.views.ResourceNavigator" StartDate="2014-09-21 08:35:02.228 JST" StructureHandle="/Cake_NR5/app/View/Elements/layouts" StructureKind="resource"/><InteractionEvent Delta="null" EndDate="2014-09-21 08:41:08.424 JST" Interest="5.5339994" Kind="propagation" Navigation="org.eclipse.mylyn.core.model.edges.containment" OriginId="org.eclipse.mylyn.core.model.interest.propagation" StartDate="2014-09-21 08:37:44.661 JST" StructureHandle="/Cake_NR5/app/View/Elements/articles" StructureKind="resource" NumEvents="9" CreationCount="313"/><InteractionEvent Delta="null" EndDate="2014-09-21 08:37:43.504 JST" Interest="1.0" Kind="selection" Navigation="null" OriginId="org.eclipse.ui.views.ResourceNavigator" StartDate="2014-09-21 08:37:43.504 JST" StructureHandle="/Cake_NR5/app/View/Elements/articles" StructureKind="resource"/><InteractionEvent Delta="null" EndDate="2014-09-21 08:26:30.901 JST" Interest="31.0" Kind="propagation" Navigation="null" OriginId="org.eclipse.php.editor" StartDate="2014-09-21 08:24:55.490 JST" StructureHandle="/CR6_cake" StructureKind="resource" NumEvents="31" CreationCount="111"/><InteractionEvent Delta="null" EndDate="2014-09-21 08:27:10.157 JST" Interest="2.0" Kind="selection" Navigation="null" OriginId="org.eclipse.ui.views.ResourceNavigator" StartDate="2014-09-21 08:26:46.583 JST" StructureHandle="/Cake_NR5/app/Model/User.php" StructureKind="resource" NumEvents="2" CreationCount="194"/><InteractionEvent Delta="null" EndDate="2014-09-21 08:42:55.854 JST" Interest="3.0" Kind="selection" Navigation="null" OriginId="org.eclipse.ui.views.ResourceNavigator" StartDate="2014-09-21 08:41:41.638 JST" StructureHandle="/Cake_NR5/app/Controller/ArticlesController.php" StructureKind="resource" NumEvents="3" CreationCount="436"/><InteractionEvent Delta="null" EndDate="2014-09-21 08:42:06.103 JST" Interest="9.0" Kind="edit" Navigation="null" OriginId="org.eclipse.php.editor" StartDate="2014-09-21 08:41:41.967 JST" StructureHandle="/Cake_NR5/app/Controller/ArticlesController.php" StructureKind="resource" NumEvents="9" CreationCount="436"/><InteractionEvent Delta="null" EndDate="2014-09-21 08:51:35.195 JST" Interest="5.0" Kind="selection" Navigation="null" OriginId="org.eclipse.ui.views.ResourceNavigator" StartDate="2014-09-21 08:32:49.635 JST" StructureHandle="/Cake_NR5/app/View/Elements/categories/index_t_headers.ctp" StructureKind="resource" NumEvents="5" CreationCount="236"/><InteractionEvent Delta="null" EndDate="2014-09-21 08:32:46.895 JST" Interest="1.0" Kind="propagation" Navigation="null" OriginId="org.eclipse.mylyn.resources.ui.interest.updater" StartDate="2014-09-21 08:32:46.895 JST" StructureHandle="/Cake_NR5/app/View/Elements/categories/index_t_headers.ctp" StructureKind="resource"/><InteractionEvent Delta="null" EndDate="2014-09-21 08:32:58.103 JST" Interest="6.0" Kind="edit" Navigation="null" OriginId="org.eclipse.php.editor" StartDate="2014-09-21 08:32:49.662 JST" StructureHandle="/Cake_NR5/app/View/Elements/categories/index_t_headers.ctp" StructureKind="resource" NumEvents="6" CreationCount="236"/><InteractionEvent Delta="null" EndDate="2014-09-21 08:36:41.447 JST" Interest="0.30900002" Kind="manipulation" Navigation="null" OriginId="org.eclipse.mylyn.core.model.interest.decay.correction" StartDate="2014-09-21 08:36:41.447 JST" StructureHandle="/Cake_NR5/app/View/Categories/add.ctp" StructureKind="resource"/><InteractionEvent Delta="null" EndDate="2014-09-21 08:37:55.251 JST" Interest="4.0" Kind="selection" Navigation="null" OriginId="org.eclipse.php.editor" StartDate="2014-09-21 08:36:41.447 JST" StructureHandle="/Cake_NR5/app/View/Categories/add.ctp" StructureKind="resource" NumEvents="4" CreationCount="217"/><InteractionEvent Delta="null" EndDate="2014-09-21 08:31:17.358 JST" Interest="1.0" Kind="propagation" Navigation="null" OriginId="org.eclipse.mylyn.resources.ui.interest.updater" StartDate="2014-09-21 08:31:17.358 JST" StructureHandle="/Cake_NR5/app/View/Categories/add.ctp" StructureKind="resource"/><InteractionEvent Delta="null" EndDate="2014-09-21 08:41:04.904 JST" Interest="102.0" Kind="edit" Navigation="null" OriginId="org.eclipse.php.editor" StartDate="2014-09-21 08:36:41.472 JST" StructureHandle="/Cake_NR5/app/View/Categories/add.ctp" StructureKind="resource" NumEvents="102" CreationCount="217"/><InteractionEvent Delta="null" EndDate="2014-09-21 08:42:57.753 JST" Interest="1.0" Kind="selection" Navigation="null" OriginId="org.eclipse.ui.views.ResourceNavigator" StartDate="2014-09-21 08:42:57.753 JST" StructureHandle="/Cake_NR5/app/Model/AppModel.php" StructureKind="resource"/><InteractionEvent Delta="null" EndDate="2014-09-21 08:32:33.655 JST" Interest="1.0" Kind="selection" Navigation="null" OriginId="org.eclipse.ui.views.ResourceNavigator" StartDate="2014-09-21 08:32:33.655 JST" StructureHandle="/Cake_NR5/app/View/Elements/genres" StructureKind="resource"/><InteractionEvent Delta="null" EndDate="2014-09-21 08:50:18.17 JST" Interest="1.0" Kind="selection" Navigation="null" OriginId="org.eclipse.ui.views.ResourceNavigator" StartDate="2014-09-21 08:50:18.17 JST" StructureHandle="/Cake_NR5/app/Controller/UsersController.php" StructureKind="resource"/><InteractionEvent Delta="null" EndDate="2014-09-21 08:52:53.261 JST" Interest="6.0" Kind="selection" Navigation="null" OriginId="org.eclipse.ui.views.ResourceNavigator" StartDate="2014-09-21 08:33:03.528 JST" StructureHandle="/Cake_NR5/app/View/Elements/categories/index_t_entries.ctp" StructureKind="resource" NumEvents="6" CreationCount="236"/><InteractionEvent Delta="null" EndDate="2014-09-21 08:32:46.896 JST" Interest="1.0" Kind="propagation" Navigation="null" OriginId="org.eclipse.mylyn.resources.ui.interest.updater" StartDate="2014-09-21 08:32:46.896 JST" StructureHandle="/Cake_NR5/app/View/Elements/categories/index_t_entries.ctp" StructureKind="resource"/><InteractionEvent Delta="null" EndDate="2014-09-21 08:52:04.288 JST" Interest="26.0" Kind="edit" Navigation="null" OriginId="org.eclipse.php.editor" StartDate="2014-09-21 08:33:03.558 JST" StructureHandle="/Cake_NR5/app/View/Elements/categories/index_t_entries.ctp" StructureKind="resource" NumEvents="26" CreationCount="236"/><InteractionEvent Delta="null" EndDate="2014-09-21 08:31:13.767 JST" Interest="1.0" Kind="selection" Navigation="null" OriginId="org.eclipse.ui.views.ResourceNavigator" StartDate="2014-09-21 08:31:13.767 JST" StructureHandle="/Cake_NR5/app/View/Category" StructureKind="resource"/><InteractionEvent Delta="null" EndDate="2014-09-21 08:31:09.168 JST" Interest="2.0" Kind="propagation" Navigation="null" OriginId="org.eclipse.mylyn.resources.ui.interest.updater" StartDate="2014-09-21 08:31:09.171 JST" StructureHandle="/Cake_NR5/app/View/Category" StructureKind="resource" NumEvents="2" CreationCount="215"/><InteractionEvent Delta="null" EndDate="2014-09-21 08:32:40.763 JST" Interest="1.0" Kind="propagation" Navigation="null" OriginId="org.eclipse.mylyn.resources.ui.interest.updater" StartDate="2014-09-21 08:32:40.763 JST" StructureHandle="/Cake_NR5/app/View/Elements/TEMPLATE/index_t_entries.ctp" StructureKind="resource"/><InteractionEvent Delta="null" EndDate="2014-09-21 08:41:08.423 JST" Interest="5.5169997" Kind="propagation" Navigation="org.eclipse.mylyn.core.model.edges.containment" OriginId="org.eclipse.mylyn.core.model.interest.propagation" StartDate="2014-09-21 08:37:45.802 JST" StructureHandle="/Cake_NR5/app/View/Elements/articles/index" StructureKind="resource" NumEvents="8" CreationCount="314"/><InteractionEvent Delta="null" EndDate="2014-09-21 08:37:44.660 JST" Interest="1.0" Kind="selection" Navigation="null" OriginId="org.eclipse.ui.views.ResourceNavigator" StartDate="2014-09-21 08:37:44.660 JST" StructureHandle="/Cake_NR5/app/View/Elements/articles/index" StructureKind="resource"/><InteractionEvent Delta="null" EndDate="2014-09-21 08:50:04.465 JST" Interest="99.752" Kind="propagation" Navigation="org.eclipse.mylyn.core.model.edges.containment" OriginId="org.eclipse.mylyn.core.model.interest.propagation" StartDate="2014-09-21 08:19:01.635 JST" StructureHandle="=Cake_NR5" StructureKind="c/c++" NumEvents="145" CreationCount="1"/><InteractionEvent Delta="null" EndDate="2014-09-21 09:21:30.916 JST" Interest="660.0" Kind="propagation" Navigation="null" OriginId="org.eclipse.php.editor" StartDate="2014-09-21 08:19:01.635 JST" StructureHandle="/" StructureKind="resource" NumEvents="660" CreationCount="1"/><InteractionEvent Delta="null" EndDate="2014-09-21 08:36:40.980 JST" Interest="5.0" Kind="selection" Navigation="null" OriginId="org.eclipse.ui.views.ResourceNavigator" StartDate="2014-09-21 08:31:20.101 JST" StructureHandle="/Cake_NR5/app/View/Categories/index.ctp" StructureKind="resource" NumEvents="5" CreationCount="217"/><InteractionEvent Delta="null" EndDate="2014-09-21 08:31:17.357 JST" Interest="1.0" Kind="propagation" Navigation="null" OriginId="org.eclipse.mylyn.resources.ui.interest.updater" StartDate="2014-09-21 08:31:17.357 JST" StructureHandle="/Cake_NR5/app/View/Categories/index.ctp" StructureKind="resource"/><InteractionEvent Delta="null" EndDate="2014-09-21 08:32:59.647 JST" Interest="11.0" Kind="edit" Navigation="null" OriginId="org.eclipse.php.editor" StartDate="2014-09-21 08:31:20.615 JST" StructureHandle="/Cake_NR5/app/View/Categories/index.ctp" StructureKind="resource" NumEvents="11" CreationCount="217"/><InteractionEvent Delta="null" EndDate="2014-09-21 08:42:12.15 JST" Interest="7.0" Kind="selection" Navigation="null" OriginId="org.eclipse.ui.DefaultTextEditor" StartDate="2014-09-21 08:19:07.441 JST" StructureHandle="/Cake_NR5/sql.txt" StructureKind="resource" NumEvents="7" CreationCount="5"/><InteractionEvent Delta="null" EndDate="2014-09-21 08:42:12.26 JST" Interest="45.0" Kind="edit" Navigation="null" OriginId="org.eclipse.ui.DefaultTextEditor" StartDate="2014-09-21 08:19:07.725 JST" StructureHandle="/Cake_NR5/sql.txt" StructureKind="resource" NumEvents="45" CreationCount="5"/><InteractionEvent Delta="null" EndDate="2014-09-21 08:30:44.781 JST" Interest="3.0" Kind="selection" Navigation="null" OriginId="org.eclipse.ui.views.ResourceNavigator" StartDate="2014-09-21 08:27:12.324 JST" StructureHandle="/Cake_NR5/app/Model/Article.php" StructureKind="resource" NumEvents="3" CreationCount="200"/><InteractionEvent Delta="null" EndDate="2014-09-21 08:27:13.998 JST" Interest="2.0" Kind="edit" Navigation="null" OriginId="org.eclipse.php.editor" StartDate="2014-09-21 08:27:12.565 JST" StructureHandle="/Cake_NR5/app/Model/Article.php" StructureKind="resource" NumEvents="2" CreationCount="200"/><InteractionEvent Delta="null" EndDate="2014-09-21 08:26:30.901 JST" Interest="13.0" Kind="propagation" Navigation="org.eclipse.mylyn.core.model.edges.containment" OriginId="org.eclipse.mylyn.core.model.interest.propagation" StartDate="2014-09-21 08:24:55.490 JST" StructureHandle="/CR6_cake/app" StructureKind="resource" NumEvents="17" CreationCount="111"/><InteractionEvent Delta="null" EndDate="2014-09-21 08:22:49.735 JST" Interest="2.0" Kind="selection" Navigation="null" OriginId="org.eclipse.ui.views.ResourceNavigator" StartDate="2014-09-21 08:22:49.732 JST" StructureHandle="/Cake_NR5/app/Controller/TemplateController.php" StructureKind="resource" NumEvents="2" CreationCount="54"/><InteractionEvent Delta="null" EndDate="2014-09-21 08:26:30.893 JST" Interest="6.0" Kind="selection" Navigation="null" OriginId="org.eclipse.php.editor" StartDate="2014-09-21 08:24:55.489 JST" StructureHandle="/CR6_cake/app/Model/Text.php" StructureKind="resource" NumEvents="6" CreationCount="111"/><InteractionEvent Delta="null" EndDate="2014-09-21 08:26:30.900 JST" Interest="10.0" Kind="edit" Navigation="null" OriginId="org.eclipse.php.editor" StartDate="2014-09-21 08:24:55.519 JST" StructureHandle="/CR6_cake/app/Model/Text.php" StructureKind="resource" NumEvents="10" CreationCount="111"/><InteractionEvent Delta="null" EndDate="2014-09-21 08:30:51.931 JST" Interest="1.0" Kind="selection" Navigation="null" OriginId="org.eclipse.ui.views.ResourceNavigator" StartDate="2014-09-21 08:30:51.931 JST" StructureHandle="/Cake_NR5/app/View/Genres" StructureKind="resource"/><InteractionEvent Delta="null" EndDate="2014-09-21 08:31:09.168 JST" Interest="1.0" Kind="propagation" Navigation="null" OriginId="org.eclipse.mylyn.resources.ui.interest.updater" StartDate="2014-09-21 08:31:09.168 JST" StructureHandle="/Cake_NR5/app/View/Category/add.ctp" StructureKind="resource"/><InteractionEvent Delta="null" EndDate="2014-09-21 08:43:01.939 JST" Interest="3.131" Kind="manipulation" Navigation="null" OriginId="org.eclipse.mylyn.core.model.interest.decay.correction" StartDate="2014-09-21 08:43:01.939 JST" StructureHandle="/Cake_NR5/app/View/Categories/view.ctp" StructureKind="resource"/><InteractionEvent Delta="null" EndDate="2014-09-21 08:47:31.668 JST" Interest="6.0" Kind="selection" Navigation="null" OriginId="org.eclipse.php.editor" StartDate="2014-09-21 08:43:01.939 JST" StructureHandle="/Cake_NR5/app/View/Categories/view.ctp" StructureKind="resource" NumEvents="6" CreationCount="217"/><InteractionEvent Delta="null" EndDate="2014-09-21 08:31:17.357 JST" Interest="1.0" Kind="propagation" Navigation="null" OriginId="org.eclipse.mylyn.resources.ui.interest.updater" StartDate="2014-09-21 08:31:17.357 JST" StructureHandle="/Cake_NR5/app/View/Categories/view.ctp" StructureKind="resource"/><InteractionEvent Delta="null" EndDate="2014-09-21 08:47:35.545 JST" Interest="39.0" Kind="edit" Navigation="null" OriginId="org.eclipse.php.editor" StartDate="2014-09-21 08:43:02.231 JST" StructureHandle="/Cake_NR5/app/View/Categories/view.ctp" StructureKind="resource" NumEvents="39" CreationCount="217"/><InteractionEvent Delta="null" EndDate="2014-09-21 08:31:01.23 JST" Interest="1.0" Kind="propagation" Navigation="null" OriginId="org.eclipse.mylyn.resources.ui.interest.updater" StartDate="2014-09-21 08:31:01.23 JST" StructureHandle="/Cake_NR5/app/View/Template/view.ctp" StructureKind="resource"/><InteractionEvent Delta="null" EndDate="2014-09-21 08:31:09.167 JST" Interest="1.0" Kind="propagation" Navigation="null" OriginId="org.eclipse.mylyn.resources.ui.interest.updater" StartDate="2014-09-21 08:31:09.167 JST" StructureHandle="/Cake_NR5/app/View/Category/view.ctp" StructureKind="resource"/><InteractionEvent Delta="null" EndDate="2014-09-21 08:26:30.610 JST" Interest="6.0" Kind="selection" Navigation="null" OriginId="org.eclipse.php.editor" StartDate="2014-09-21 08:25:25.417 JST" StructureHandle="/CR6_cake/app/Model/Lang.php" StructureKind="resource" NumEvents="6" CreationCount="128"/><InteractionEvent Delta="null" EndDate="2014-09-21 08:26:30.622 JST" Interest="9.0" Kind="edit" Navigation="null" OriginId="org.eclipse.php.editor" StartDate="2014-09-21 08:25:25.443 JST" StructureHandle="/CR6_cake/app/Model/Lang.php" StructureKind="resource" NumEvents="9" CreationCount="128"/><InteractionEvent Delta="null" EndDate="2014-09-21 08:26:30.901 JST" Interest="13.0" Kind="propagation" Navigation="org.eclipse.mylyn.core.model.edges.containment" OriginId="org.eclipse.mylyn.core.model.interest.propagation" StartDate="2014-09-21 08:24:55.490 JST" StructureHandle="=CR6_cake" StructureKind="c/c++" NumEvents="17" CreationCount="111"/><InteractionEvent Delta="null" EndDate="2014-09-21 08:31:09.170 JST" Interest="1.0" Kind="propagation" Navigation="null" OriginId="org.eclipse.mylyn.resources.ui.interest.updater" StartDate="2014-09-21 08:31:09.170 JST" StructureHandle="/Cake_NR5/app/View/Category/index.ctp" StructureKind="resource"/><InteractionEvent Delta="null" EndDate="2014-09-21 08:51:25.337 JST" Interest="1.0" Kind="selection" Navigation="null" OriginId="org.eclipse.ui.views.ResourceNavigator" StartDate="2014-09-21 08:51:25.337 JST" StructureHandle="/Cake_NR5/app/View/Articles/edit.ctp" StructureKind="resource"/><InteractionEvent Delta="null" EndDate="2014-09-21 08:30:46.713 JST" Interest="11.0" Kind="selection" Navigation="null" OriginId="org.eclipse.ui.views.ResourceNavigator" StartDate="2014-09-21 08:24:37.64 JST" StructureHandle="/Cake_NR5/app/Model/Category.php" StructureKind="resource" NumEvents="11" CreationCount="105"/><InteractionEvent Delta="null" EndDate="2014-09-21 08:24:35.133 JST" Interest="1.0" Kind="propagation" Navigation="null" OriginId="org.eclipse.mylyn.resources.ui.interest.updater" StartDate="2014-09-21 08:24:35.133 JST" StructureHandle="/Cake_NR5/app/Model/Category.php" StructureKind="resource"/><InteractionEvent Delta="null" EndDate="2014-09-21 08:26:33.421 JST" Interest="19.0" Kind="edit" Navigation="null" OriginId="org.eclipse.php.editor" StartDate="2014-09-21 08:24:37.95 JST" StructureHandle="/Cake_NR5/app/Model/Category.php" StructureKind="resource" NumEvents="19" CreationCount="105"/><InteractionEvent Delta="null" EndDate="2014-09-21 09:21:30.916 JST" Interest="629.0" Kind="propagation" Navigation="null" OriginId="org.eclipse.php.editor" StartDate="2014-09-21 08:19:01.635 JST" StructureHandle="/Cake_NR5" StructureKind="resource" NumEvents="629" CreationCount="1"/><InteractionEvent Delta="null" EndDate="2014-09-21 08:36:34.286 JST" Interest="1.0" Kind="selection" Navigation="null" OriginId="org.eclipse.ui.views.ResourceNavigator" StartDate="2014-09-21 08:36:34.286 JST" StructureHandle="/Cake_NR5/app/View/Elements/positions" StructureKind="resource"/><InteractionEvent Delta="null" EndDate="2014-09-21 08:31:01.24 JST" Interest="1.0" Kind="propagation" Navigation="null" OriginId="org.eclipse.mylyn.resources.ui.interest.updater" StartDate="2014-09-21 08:31:01.24 JST" StructureHandle="/Cake_NR5/app/View/Template/add.ctp" StructureKind="resource"/><InteractionEvent Delta="null" EndDate="2014-09-21 08:50:56.416 JST" Interest="74.811005" Kind="propagation" Navigation="org.eclipse.mylyn.core.model.edges.containment" OriginId="org.eclipse.mylyn.core.model.interest.propagation" StartDate="2014-09-21 08:30:51.932 JST" StructureHandle="/Cake_NR5/app/View" StructureKind="resource" NumEvents="111" CreationCount="211"/><InteractionEvent Delta="null" EndDate="2014-09-21 08:31:04.680 JST" Interest="3.0" Kind="selection" Navigation="null" OriginId="org.eclipse.ui.views.ResourceNavigator" StartDate="2014-09-21 08:30:48.908 JST" StructureHandle="/Cake_NR5/app/View" StructureKind="resource" NumEvents="3" CreationCount="211"/><InteractionEvent Delta="null" EndDate="2014-09-21 08:52:53.263 JST" Interest="19.268" Kind="propagation" Navigation="org.eclipse.mylyn.core.model.edges.containment" OriginId="org.eclipse.mylyn.core.model.interest.propagation" StartDate="2014-09-21 08:32:33.656 JST" StructureHandle="/Cake_NR5/app/View/Elements" StructureKind="resource" NumEvents="30" CreationCount="232"/><InteractionEvent Delta="null" EndDate="2014-09-21 08:52:53.402 JST" Interest="7.0" Kind="selection" Navigation="null" OriginId="org.eclipse.ui.views.ResourceNavigator" StartDate="2014-09-21 08:32:31.484 JST" StructureHandle="/Cake_NR5/app/View/Elements" StructureKind="resource" NumEvents="7" CreationCount="232"/><InteractionEvent Delta="null" EndDate="2014-09-21 08:31:04.360 JST" Interest="1.0" Kind="selection" Navigation="null" OriginId="org.eclipse.ui.views.ResourceNavigator" StartDate="2014-09-21 08:31:04.360 JST" StructureHandle="/Cake_NR5/app/View/Template" StructureKind="resource"/><InteractionEvent Delta="null" EndDate="2014-09-21 08:31:01.20 JST" Interest="1.0" Kind="propagation" Navigation="null" OriginId="org.eclipse.mylyn.resources.ui.interest.updater" StartDate="2014-09-21 08:31:01.20 JST" StructureHandle="/Cake_NR5/app/View/Template" StructureKind="resource"/><InteractionEvent Delta="null" EndDate="2014-09-21 08:50:04.465 JST" Interest="97.752" Kind="propagation" Navigation="org.eclipse.mylyn.core.model.edges.containment" OriginId="org.eclipse.mylyn.core.model.interest.propagation" StartDate="2014-09-21 08:19:05.195 JST" StructureHandle="/Cake_NR5/app" StructureKind="resource" NumEvents="145" CreationCount="1"/><InteractionEvent Delta="null" EndDate="2014-09-21 08:19:01.635 JST" Interest="2.0" Kind="selection" Navigation="null" OriginId="org.eclipse.ui.views.ResourceNavigator" StartDate="2014-09-21 08:19:01.634 JST" StructureHandle="/Cake_NR5/app" StructureKind="resource" NumEvents="2" CreationCount="1"/><InteractionEvent Delta="null" EndDate="2014-09-21 08:41:08.422 JST" Interest="3.0" Kind="selection" Navigation="null" OriginId="org.eclipse.ui.views.ResourceNavigator" StartDate="2014-09-21 08:37:45.801 JST" StructureHandle="/Cake_NR5/app/View/Elements/articles/index/_header.ctp" StructureKind="resource" NumEvents="3" CreationCount="315"/><InteractionEvent Delta="null" EndDate="2014-09-21 08:37:53.522 JST" Interest="5.0" Kind="edit" Navigation="null" OriginId="org.eclipse.php.editor" StartDate="2014-09-21 08:37:46.51 JST" StructureHandle="/Cake_NR5/app/View/Elements/articles/index/_header.ctp" StructureKind="resource" NumEvents="5" CreationCount="315"/><InteractionEvent Delta="null" EndDate="2014-09-21 08:51:25.337 JST" Interest="4.743" Kind="propagation" Navigation="org.eclipse.mylyn.core.model.edges.containment" OriginId="org.eclipse.mylyn.core.model.interest.propagation" StartDate="2014-09-21 08:41:08.663 JST" StructureHandle="/Cake_NR5/app/View/Articles" StructureKind="resource" NumEvents="3" CreationCount="311"/><InteractionEvent Delta="null" EndDate="2014-09-21 08:37:38.921 JST" Interest="1.0" Kind="selection" Navigation="null" OriginId="org.eclipse.ui.views.ResourceNavigator" StartDate="2014-09-21 08:37:38.921 JST" StructureHandle="/Cake_NR5/app/View/Articles" StructureKind="resource"/><InteractionEvent Delta="null" EndDate="2014-09-21 08:30:45.63 JST" Interest="20.219" Kind="propagation" Navigation="org.eclipse.mylyn.core.model.edges.containment" OriginId="org.eclipse.mylyn.core.model.interest.propagation" StartDate="2014-09-21 08:25:10.860 JST" StructureHandle="/Cake_NR5/app/Model" StructureKind="resource" NumEvents="28" CreationCount="95"/><InteractionEvent Delta="null" EndDate="2014-09-21 08:27:10.319 JST" Interest="8.0" Kind="selection" Navigation="null" OriginId="org.eclipse.ui.views.ResourceNavigator" StartDate="2014-09-21 08:24:21.766 JST" StructureHandle="/Cake_NR5/app/Model" StructureKind="resource" NumEvents="8" CreationCount="95"/><InteractionEvent Delta="null" EndDate="2014-09-21 08:36:31.307 JST" Interest="1.0" Kind="selection" Navigation="null" OriginId="org.eclipse.ui.views.ResourceNavigator" StartDate="2014-09-21 08:36:31.307 JST" StructureHandle="/Cake_NR5/app/View/Elements/videos" StructureKind="resource"/><InteractionEvent Delta="null" EndDate="2014-09-21 08:52:54.980 JST" Interest="2.0" Kind="selection" Navigation="null" OriginId="org.eclipse.php.editor" StartDate="2014-09-21 08:52:54.779 JST" StructureHandle="/Cake_NR5/app/View/Categorys/add.ctp" StructureKind="resource" NumEvents="2" CreationCount="585"/><InteractionEvent Delta="null" EndDate="2014-09-21 08:51:02.408 JST" Interest="1.0" Kind="propagation" Navigation="null" OriginId="org.eclipse.mylyn.resources.ui.interest.updater" StartDate="2014-09-21 08:51:02.408 JST" StructureHandle="/Cake_NR5/app/View/Categorys/add.ctp" StructureKind="resource"/><InteractionEvent Delta="null" EndDate="2014-09-21 08:53:25.643 JST" Interest="9.0" Kind="edit" Navigation="null" OriginId="org.eclipse.php.editor" StartDate="2014-09-21 08:52:55.19 JST" StructureHandle="/Cake_NR5/app/View/Categorys/add.ctp" StructureKind="resource" NumEvents="9" CreationCount="585"/><InteractionEvent Delta="null" EndDate="2014-09-21 08:52:50.726 JST" Interest="1.0" Kind="selection" Navigation="null" OriginId="org.eclipse.php.editor" StartDate="2014-09-21 08:52:50.726 JST" StructureHandle="/Cake_NR5/app/View/Categorys/view.ctp" StructureKind="resource"/><InteractionEvent Delta="null" EndDate="2014-09-21 08:51:02.409 JST" Interest="1.0" Kind="propagation" Navigation="null" OriginId="org.eclipse.mylyn.resources.ui.interest.updater" StartDate="2014-09-21 08:51:02.409 JST" StructureHandle="/Cake_NR5/app/View/Categorys/view.ctp" StructureKind="resource"/><InteractionEvent Delta="null" EndDate="2014-09-21 08:52:50.749 JST" Interest="2.0" Kind="edit" Navigation="null" OriginId="org.eclipse.php.editor" StartDate="2014-09-21 08:52:50.746 JST" StructureHandle="/Cake_NR5/app/View/Categorys/view.ctp" StructureKind="resource" NumEvents="2" CreationCount="585"/><InteractionEvent Delta="null" EndDate="2014-09-21 08:30:45.63 JST" Interest="12.0" Kind="selection" Navigation="null" OriginId="org.eclipse.ui.views.ResourceNavigator" StartDate="2014-09-21 08:24:28.774 JST" StructureHandle="/Cake_NR5/app/Model/Genre.php" StructureKind="resource" NumEvents="12" CreationCount="102"/><InteractionEvent Delta="null" EndDate="2014-09-21 08:30:44.238 JST" Interest="23.0" Kind="edit" Navigation="null" OriginId="org.eclipse.php.editor" StartDate="2014-09-21 08:25:32.224 JST" StructureHandle="/Cake_NR5/app/Model/Genre.php" StructureKind="resource" NumEvents="23" CreationCount="102"/><InteractionEvent Delta="null" EndDate="2014-09-21 08:50:54.697 JST" Interest="7.0" Kind="selection" Navigation="null" OriginId="org.eclipse.ui.views.ResourceNavigator" StartDate="2014-09-21 08:35:04.716 JST" StructureHandle="/Cake_NR5/app/View/Elements/layouts/links.ctp" StructureKind="resource" NumEvents="7" CreationCount="273"/><InteractionEvent Delta="null" EndDate="2014-09-21 08:51:15.976 JST" Interest="20.0" Kind="edit" Navigation="null" OriginId="org.eclipse.php.editor" StartDate="2014-09-21 08:35:04.739 JST" StructureHandle="/Cake_NR5/app/View/Elements/layouts/links.ctp" StructureKind="resource" NumEvents="20" CreationCount="273"/><InteractionEvent Delta="null" EndDate="2014-09-21 08:52:04.892 JST" Interest="4.0" Kind="selection" Navigation="null" OriginId="org.eclipse.php.editor" StartDate="2014-09-21 08:51:30.820 JST" StructureHandle="/Cake_NR5/app/View/Categorys/index.ctp" StructureKind="resource" NumEvents="4" CreationCount="585"/><InteractionEvent Delta="null" EndDate="2014-09-21 08:51:02.407 JST" Interest="1.0" Kind="propagation" Navigation="null" OriginId="org.eclipse.mylyn.resources.ui.interest.updater" StartDate="2014-09-21 08:51:02.407 JST" StructureHandle="/Cake_NR5/app/View/Categorys/index.ctp" StructureKind="resource"/><InteractionEvent Delta="null" EndDate="2014-09-21 08:52:13.510 JST" Interest="8.0" Kind="edit" Navigation="null" OriginId="org.eclipse.php.editor" StartDate="2014-09-21 08:51:31.55 JST" StructureHandle="/Cake_NR5/app/View/Categorys/index.ctp" StructureKind="resource" NumEvents="8" CreationCount="585"/><InteractionEvent Delta="null" EndDate="2014-09-21 08:41:08.663 JST" Interest="1.0" Kind="selection" Navigation="null" OriginId="org.eclipse.ui.views.ResourceNavigator" StartDate="2014-09-21 08:41:08.663 JST" StructureHandle="/Cake_NR5/app/View/Articles/index.ctp" StructureKind="resource"/><InteractionEvent Delta="null" EndDate="2014-09-21 08:51:29.19 JST" Interest="1.0" Kind="selection" Navigation="null" OriginId="org.eclipse.ui.views.ResourceNavigator" StartDate="2014-09-21 08:51:29.19 JST" StructureHandle="/Cake_NR5/app/View/Categorys" StructureKind="resource"/><InteractionEvent Delta="null" EndDate="2014-09-21 08:52:13.511 JST" Interest="9.6" Kind="propagation" Navigation="org.eclipse.mylyn.core.model.edges.containment" OriginId="org.eclipse.mylyn.core.model.interest.propagation" StartDate="2014-09-21 08:51:02.406 JST" StructureHandle="/Cake_NR5/app/View/Categorys" StructureKind="resource" NumEvents="12" CreationCount="585"/><InteractionEvent Delta="null" EndDate="2014-09-21 08:31:12.256 JST" Interest="1.0" Kind="selection" Navigation="null" OriginId="org.eclipse.ui.views.ResourceNavigator" StartDate="2014-09-21 08:31:12.256 JST" StructureHandle="/Cake_NR5/app/View/Pages" StructureKind="resource"/><InteractionEvent Delta="null" EndDate="2014-09-21 08:45:45.375 JST" Interest="1.0" Kind="selection" Navigation="null" OriginId="org.eclipse.ui.views.ResourceNavigator" StartDate="2014-09-21 08:45:45.375 JST" StructureHandle="/Cake_NR5/app/View/Articles/add.ctp" StructureKind="resource"/><InteractionEvent Delta="null" EndDate="2014-09-21 08:22:43.952 JST" Interest="2.0" Kind="selection" Navigation="null" OriginId="org.eclipse.ui.views.ResourceNavigator" StartDate="2014-09-21 08:22:43.951 JST" StructureHandle="/Cake_NR5/app/Vendor" StructureKind="resource" NumEvents="2" CreationCount="50"/><InteractionEvent Delta="null" EndDate="2014-09-21 08:26:30.901 JST" Interest="13.0" Kind="propagation" Navigation="org.eclipse.mylyn.core.model.edges.containment" OriginId="org.eclipse.mylyn.core.model.interest.propagation" StartDate="2014-09-21 08:24:55.489 JST" StructureHandle="/CR6_cake/app/Model" StructureKind="resource" NumEvents="17" CreationCount="111"/><InteractionEvent Delta="null" EndDate="2014-09-21 08:32:42.703 JST" Interest="1.0" Kind="selection" Navigation="null" OriginId="org.eclipse.ui.views.ResourceNavigator" StartDate="2014-09-21 08:32:42.703 JST" StructureHandle="/Cake_NR5/app/View/Elements/TEMPLATE" StructureKind="resource"/><InteractionEvent Delta="null" EndDate="2014-09-21 08:32:40.761 JST" Interest="1.0" Kind="propagation" Navigation="null" OriginId="org.eclipse.mylyn.resources.ui.interest.updater" StartDate="2014-09-21 08:32:40.761 JST" StructureHandle="/Cake_NR5/app/View/Elements/TEMPLATE" StructureKind="resource"/><InteractionEvent Delta="null" EndDate="2014-09-21 08:49:54.597 JST" Interest="93.717995" Kind="propagation" Navigation="org.eclipse.mylyn.core.model.edges.containment" OriginId="org.eclipse.mylyn.core.model.interest.propagation" StartDate="2014-09-21 08:23:05.356 JST" StructureHandle="/Cake_NR5/app/Controller" StructureKind="resource" NumEvents="128" CreationCount="3"/><InteractionEvent Delta="null" EndDate="2014-09-21 08:22:50.926 JST" Interest="6.0" Kind="selection" Navigation="null" OriginId="org.eclipse.ui.views.ResourceNavigator" StartDate="2014-09-21 08:19:05.193 JST" StructureHandle="/Cake_NR5/app/Controller" StructureKind="resource" NumEvents="6" CreationCount="3"/><InteractionEvent Delta="null" EndDate="2014-09-21 08:32:40.762 JST" Interest="1.0" Kind="propagation" Navigation="null" OriginId="org.eclipse.mylyn.resources.ui.interest.updater" StartDate="2014-09-21 08:32:40.762 JST" StructureHandle="/Cake_NR5/app/View/Elements/TEMPLATE/index_t_headers.ctp" StructureKind="resource"/><InteractionEvent Delta="null" EndDate="2014-09-21 08:32:48.289 JST" Interest="1.0" Kind="selection" Navigation="null" OriginId="org.eclipse.ui.views.ResourceNavigator" StartDate="2014-09-21 08:32:48.289 JST" StructureHandle="/Cake_NR5/app/View/Elements/categories" StructureKind="resource"/><InteractionEvent Delta="null" EndDate="2014-09-21 08:52:53.262 JST" Interest="24.2" Kind="propagation" Navigation="org.eclipse.mylyn.core.model.edges.containment" OriginId="org.eclipse.mylyn.core.model.interest.propagation" StartDate="2014-09-21 08:32:46.894 JST" StructureHandle="/Cake_NR5/app/View/Elements/categories" StructureKind="resource" NumEvents="32" CreationCount="236"/><InteractionEvent Delta="null" EndDate="2014-09-21 08:31:01.22 JST" Interest="1.0" Kind="propagation" Navigation="null" OriginId="org.eclipse.mylyn.resources.ui.interest.updater" StartDate="2014-09-21 08:31:01.22 JST" StructureHandle="/Cake_NR5/app/View/Template/index.ctp" StructureKind="resource"/><InteractionEvent Delta="null" EndDate="2014-09-21 09:21:30.899 JST" Interest="3.0" Kind="selection" Navigation="null" OriginId="org.eclipse.php.editor" StartDate="2014-09-21 08:51:20.405 JST" StructureHandle="/Cake_NR5/app/Controller/CategorysController.php" StructureKind="resource" NumEvents="3" CreationCount="570"/><InteractionEvent Delta="null" EndDate="2014-09-21 08:50:02.579 JST" Interest="1.0" Kind="propagation" Navigation="null" OriginId="org.eclipse.mylyn.resources.ui.interest.updater" StartDate="2014-09-21 08:50:02.579 JST" StructureHandle="/Cake_NR5/app/Controller/CategorysController.php" StructureKind="resource"/><InteractionEvent Delta="null" EndDate="2014-09-21 09:21:30.914 JST" Interest="9.0" Kind="edit" Navigation="null" OriginId="org.eclipse.php.editor" StartDate="2014-09-21 08:50:04.464 JST" StructureHandle="/Cake_NR5/app/Controller/CategorysController.php" StructureKind="resource" NumEvents="9" CreationCount="570"/></InteractionHistory>