<?xml version="1.0" encoding="UTF-8"?><InteractionHistory Id="local-99" Version="1"><InteractionEvent Delta="null" EndDate="2014-11-22 21:21:36.346 JST" Interest="4.3999996" Kind="propagation" Navigation="org.eclipse.mylyn.core.model.edges.containment" OriginId="org.eclipse.mylyn.core.model.interest.propagation" StartDate="2014-11-22 21:21:34.397 JST" StructureHandle="" StructureKind="c/c++" NumEvents="5" CreationCount="1"/><InteractionEvent Delta="null" EndDate="2014-11-22 21:21:36.346 JST" Interest="4.3999996" Kind="propagation" Navigation="org.eclipse.mylyn.core.model.edges.containment" OriginId="org.eclipse.mylyn.core.model.interest.propagation" StartDate="2014-11-22 21:21:34.396 JST" StructureHandle="/Embedded/TEST/D-108/v_2-5-3" StructureKind="resource" NumEvents="5" CreationCount="1"/><InteractionEvent Delta="null" EndDate="2014-11-22 21:21:36.346 JST" Interest="4.3999996" Kind="propagation" Navigation="org.eclipse.mylyn.core.model.edges.containment" OriginId="org.eclipse.mylyn.core.model.interest.propagation" StartDate="2014-11-22 21:21:34.397 JST" StructureHandle="/Embedded/TEST/D-108" StructureKind="resource" NumEvents="5" CreationCount="1"/><InteractionEvent Delta="null" EndDate="2014-11-22 21:21:36.346 JST" Interest="4.3999996" Kind="propagation" Navigation="org.eclipse.mylyn.core.model.edges.containment" OriginId="org.eclipse.mylyn.core.model.interest.propagation" StartDate="2014-11-22 21:21:34.397 JST" StructureHandle="=Embedded" StructureKind="c/c++" NumEvents="5" CreationCount="1"/><InteractionEvent Delta="null" EndDate="2014-11-22 21:21:34.460 JST" Interest="1.0" Kind="selection" Navigation="null" OriginId="org.eclipse.cdt.ui.editor.CEditor" StartDate="2014-11-22 21:21:34.460 JST" StructureHandle="=Embedded{TEST\/D-108\/v_2-5-3\/D-108_v-2-5-3.c[RRF_2#74(int" StructureKind="c/c++"/><InteractionEvent Delta="null" EndDate="2014-11-22 21:21:36.331 JST" Interest="1.0" Kind="edit" Navigation="null" OriginId="org.eclipse.cdt.ui.editor.CEditor" StartDate="2014-11-22 21:21:36.331 JST" StructureHandle="=Embedded{TEST\/D-108\/v_2-5-3\/D-108_v-2-5-3.c[RRF_2#74(int" StructureKind="c/c++"/><InteractionEvent Delta="null" EndDate="2014-11-22 21:21:37.642 JST" Interest="8.0" Kind="propagation" Navigation="org.eclipse.mylyn.core.model.edges.containment" OriginId="org.eclipse.mylyn.core.model.interest.propagation" StartDate="2014-11-22 21:21:34.397 JST" StructureHandle="/" StructureKind="resource" NumEvents="8" CreationCount="1"/><InteractionEvent Delta="null" EndDate="2014-11-22 21:21:37.642 JST" Interest="8.0" Kind="propagation" Navigation="null" OriginId="org.eclipse.ui.DefaultTextEditor" StartDate="2014-11-22 21:21:34.397 JST" StructureHandle="/Embedded" StructureKind="resource" NumEvents="8" CreationCount="1"/><InteractionEvent Delta="null" EndDate="2014-11-22 21:21:36.346 JST" Interest="4.3999996" Kind="propagation" Navigation="org.eclipse.mylyn.core.model.edges.containment" OriginId="org.eclipse.mylyn.core.model.interest.propagation" StartDate="2014-11-22 21:21:34.397 JST" StructureHandle="/Embedded/TEST" StructureKind="resource" NumEvents="5" CreationCount="1"/><InteractionEvent Delta="null" EndDate="2014-11-22 21:21:34.315 JST" Interest="1.0" Kind="selection" Navigation="null" OriginId="org.eclipse.cdt.ui.editor.CEditor" StartDate="2014-11-22 21:21:34.315 JST" StructureHandle="/Embedded/TEST/D-108/v_2-5-3/D-108_v-2-5-3.c" StructureKind="resource"/><InteractionEvent Delta="null" EndDate="2014-11-22 21:21:36.331 JST" Interest="2.0" Kind="propagation" Navigation="null" OriginId="org.eclipse.cdt.ui.editor.CEditor" StartDate="2014-11-22 21:21:34.522 JST" StructureHandle="/Embedded/TEST/D-108/v_2-5-3/D-108_v-2-5-3.c" StructureKind="resource" NumEvents="2" CreationCount="1"/><InteractionEvent Delta="null" EndDate="2014-11-22 21:21:36.346 JST" Interest="2.0" Kind="edit" Navigation="null" OriginId="org.eclipse.cdt.ui.editor.CEditor" StartDate="2014-11-22 21:21:34.522 JST" StructureHandle="/Embedded/TEST/D-108/v_2-5-3/D-108_v-2-5-3.c" StructureKind="resource" NumEvents="2" CreationCount="1"/><InteractionEvent Delta="null" EndDate="2014-11-22 21:21:36.331 JST" Interest="1.7" Kind="propagation" Navigation="org.eclipse.mylyn.core.model.edges.containment" OriginId="org.eclipse.mylyn.core.model.interest.propagation" StartDate="2014-11-22 21:21:34.522 JST" StructureHandle="=Embedded{TEST\/D-108\/v_2-5-3\/D-108_v-2-5-3.c" StructureKind="c/c++" NumEvents="2" CreationCount="2"/><InteractionEvent Delta="null" EndDate="2014-11-22 21:21:37.611 JST" Interest="1.0" Kind="selection" Navigation="null" OriginId="org.eclipse.ui.DefaultTextEditor" StartDate="2014-11-22 21:21:37.611 JST" StructureHandle="/Embedded/TEST/memos.txt" StructureKind="resource"/><InteractionEvent Delta="null" EndDate="2014-11-22 21:21:37.642 JST" Interest="2.0" Kind="edit" Navigation="null" OriginId="org.eclipse.ui.DefaultTextEditor" StartDate="2014-11-22 21:21:37.627 JST" StructureHandle="/Embedded/TEST/memos.txt" StructureKind="resource" NumEvents="2" CreationCount="6"/></InteractionHistory>