<?xml version="1.0" encoding="UTF-8"?><InteractionHistory Id="local-80" Version="1"><InteractionEvent Delta="null" EndDate="2014-10-27 09:22:02.653 JST" Interest="55.168" Kind="propagation" Navigation="org.eclipse.mylyn.core.model.edges.containment" OriginId="org.eclipse.mylyn.core.model.interest.propagation" StartDate="2014-10-27 08:59:03.143 JST" StructureHandle="" StructureKind="c/c++" NumEvents="81" CreationCount="1"/><InteractionEvent Delta="null" EndDate="2014-10-27 09:22:02.593 JST" Interest="4.0" Kind="selection" Navigation="null" OriginId="org.eclipse.ui.DefaultTextEditor" StartDate="2014-10-27 08:59:11.124 JST" StructureHandle="/Cake_SL3/sql.txt" StructureKind="resource" NumEvents="4" CreationCount="5"/><InteractionEvent Delta="null" EndDate="2014-10-27 09:22:02.652 JST" Interest="73.0" Kind="edit" Navigation="null" OriginId="org.eclipse.ui.DefaultTextEditor" StartDate="2014-10-27 08:59:11.608 JST" StructureHandle="/Cake_SL3/sql.txt" StructureKind="resource" NumEvents="73" CreationCount="5"/><InteractionEvent Delta="null" EndDate="2014-10-27 09:23:32.871 JST" Interest="1.0" Kind="selection" Navigation="null" OriginId="org.eclipse.ui.views.ResourceNavigator" StartDate="2014-10-27 09:23:32.871 JST" StructureHandle="/Cake_SL3/app/View/Elements/layouts" StructureKind="resource"/><InteractionEvent Delta="null" EndDate="2014-10-27 09:24:48.687 JST" Interest="9.3169985" Kind="propagation" Navigation="org.eclipse.mylyn.core.model.edges.containment" OriginId="org.eclipse.mylyn.core.model.interest.propagation" StartDate="2014-10-27 09:23:34.622 JST" StructureHandle="/Cake_SL3/app/View/Elements/layouts" StructureKind="resource" NumEvents="13" CreationCount="246"/><InteractionEvent Delta="null" EndDate="2014-10-27 09:22:31.704 JST" Interest="1.0" Kind="selection" Navigation="null" OriginId="org.eclipse.ui.views.ResourceNavigator" StartDate="2014-10-27 09:22:31.704 JST" StructureHandle="/Cake_SL3/app/View/Pages" StructureKind="resource"/><InteractionEvent Delta="null" EndDate="2014-10-27 09:44:17.416 JST" Interest="9.0" Kind="selection" Navigation="null" OriginId="org.eclipse.php.editor" StartDate="2014-10-27 09:08:12.283 JST" StructureHandle="/Cake_SL3/app/Model/Store.php" StructureKind="resource" NumEvents="9" CreationCount="85"/><InteractionEvent Delta="null" EndDate="2014-10-27 09:07:50.802 JST" Interest="1.0" Kind="propagation" Navigation="null" OriginId="org.eclipse.mylyn.resources.ui.interest.updater" StartDate="2014-10-27 09:07:50.802 JST" StructureHandle="/Cake_SL3/app/Model/Store.php" StructureKind="resource"/><InteractionEvent Delta="null" EndDate="2014-10-27 09:44:17.449 JST" Interest="18.0" Kind="edit" Navigation="null" OriginId="org.eclipse.php.editor" StartDate="2014-10-27 09:08:18.3 JST" StructureHandle="/Cake_SL3/app/Model/Store.php" StructureKind="resource" NumEvents="18" CreationCount="85"/><InteractionEvent Delta="null" EndDate="2014-10-27 09:23:28.383 JST" Interest="1.0" Kind="selection" Navigation="null" OriginId="org.eclipse.ui.views.ResourceNavigator" StartDate="2014-10-27 09:23:28.383 JST" StructureHandle="/Cake_SL3/app/View/Commons" StructureKind="resource"/><InteractionEvent Delta="null" EndDate="2014-10-27 09:46:14.604 JST" Interest="7.0" Kind="selection" Navigation="null" OriginId="org.eclipse.ui.views.ResourceNavigator" StartDate="2014-10-27 09:19:51.824 JST" StructureHandle="/Cake_SL3/app/View/Stores/index.ctp" StructureKind="resource" NumEvents="7" CreationCount="153"/><InteractionEvent Delta="null" EndDate="2014-10-27 09:19:47.530 JST" Interest="1.0" Kind="propagation" Navigation="null" OriginId="org.eclipse.mylyn.resources.ui.interest.updater" StartDate="2014-10-27 09:19:47.530 JST" StructureHandle="/Cake_SL3/app/View/Stores/index.ctp" StructureKind="resource"/><InteractionEvent Delta="null" EndDate="2014-10-27 09:46:08.944 JST" Interest="24.0" Kind="edit" Navigation="null" OriginId="org.eclipse.php.editor" StartDate="2014-10-27 09:19:51.997 JST" StructureHandle="/Cake_SL3/app/View/Stores/index.ctp" StructureKind="resource" NumEvents="24" CreationCount="153"/><InteractionEvent Delta="null" EndDate="2014-10-27 09:41:26.756 JST" Interest="6.0" Kind="selection" Navigation="null" OriginId="org.eclipse.php.editor" StartDate="2014-10-27 09:25:08.953 JST" StructureHandle="/Cake_SL3/app/Controller/StoresController.php" StructureKind="resource" NumEvents="6" CreationCount="272"/><InteractionEvent Delta="null" EndDate="2014-10-27 09:25:06.297 JST" Interest="1.0" Kind="propagation" Navigation="null" OriginId="org.eclipse.mylyn.resources.ui.interest.updater" StartDate="2014-10-27 09:25:06.297 JST" StructureHandle="/Cake_SL3/app/Controller/StoresController.php" StructureKind="resource"/><InteractionEvent Delta="null" EndDate="2014-10-27 09:42:11.259 JST" Interest="33.0" Kind="edit" Navigation="null" OriginId="org.eclipse.php.editor" StartDate="2014-10-27 09:25:08.998 JST" StructureHandle="/Cake_SL3/app/Controller/StoresController.php" StructureKind="resource" NumEvents="33" CreationCount="272"/><InteractionEvent Delta="null" EndDate="2014-10-27 09:19:38.418 JST" Interest="2.0" Kind="selection" Navigation="null" OriginId="org.eclipse.ui.views.ResourceNavigator" StartDate="2014-10-27 09:14:27.40 JST" StructureHandle="/Cake_SL3/app/Locale" StructureKind="resource" NumEvents="2" CreationCount="127"/><InteractionEvent Delta="null" EndDate="2014-10-27 09:46:34.569 JST" Interest="1.0" Kind="selection" Navigation="null" OriginId="org.eclipse.ui.views.ResourceNavigator" StartDate="2014-10-27 09:46:34.569 JST" StructureHandle="/Cake_SL3/app/Controller/PurhistorysController.php" StructureKind="resource"/><InteractionEvent Delta="null" EndDate="2014-10-27 09:14:29.490 JST" Interest="1.0" Kind="selection" Navigation="null" OriginId="org.eclipse.ui.views.ResourceNavigator" StartDate="2014-10-27 09:14:29.490 JST" StructureHandle="/Cake_SL3/app/Controller/TemplateController.php" StructureKind="resource"/><InteractionEvent Delta="null" EndDate="2014-10-27 09:44:18.53 JST" Interest="5.0" Kind="selection" Navigation="null" OriginId="org.eclipse.php.editor" StartDate="2014-10-27 09:38:42.926 JST" StructureHandle="/Cake_SL3/app/View/Stores/add.ctp" StructureKind="resource" NumEvents="5" CreationCount="153"/><InteractionEvent Delta="null" EndDate="2014-10-27 09:19:47.532 JST" Interest="1.0" Kind="propagation" Navigation="null" OriginId="org.eclipse.mylyn.resources.ui.interest.updater" StartDate="2014-10-27 09:19:47.532 JST" StructureHandle="/Cake_SL3/app/View/Stores/add.ctp" StructureKind="resource"/><InteractionEvent Delta="null" EndDate="2014-10-27 09:44:18.96 JST" Interest="23.0" Kind="edit" Navigation="null" OriginId="org.eclipse.php.editor" StartDate="2014-10-27 09:38:42.987 JST" StructureHandle="/Cake_SL3/app/View/Stores/add.ctp" StructureKind="resource" NumEvents="23" CreationCount="153"/><InteractionEvent Delta="null" EndDate="2014-10-27 09:38:42.926 JST" Interest="1.4650002" Kind="manipulation" Navigation="null" OriginId="org.eclipse.mylyn.core.model.interest.decay.correction" StartDate="2014-10-27 09:38:42.926 JST" StructureHandle="/Cake_SL3/app/View/Stores/add.ctp" StructureKind="resource"/><InteractionEvent Delta="null" EndDate="2014-10-27 09:42:40.30 JST" Interest="1.0" Kind="selection" Navigation="null" OriginId="org.eclipse.ui.views.ResourceNavigator" StartDate="2014-10-27 09:42:40.30 JST" StructureHandle="/Cake_SL3/app/View/Admins" StructureKind="resource"/><InteractionEvent Delta="null" EndDate="2014-10-27 08:59:03.85 JST" Interest="1.0" Kind="selection" Navigation="null" OriginId="org.eclipse.ui.views.ResourceNavigator" StartDate="2014-10-27 08:59:03.85 JST" StructureHandle="/Cake_SL3/app" StructureKind="resource"/><InteractionEvent Delta="null" EndDate="2014-10-27 09:42:11.260 JST" Interest="33.707" Kind="propagation" Navigation="org.eclipse.mylyn.core.model.edges.containment" OriginId="org.eclipse.mylyn.core.model.interest.propagation" StartDate="2014-10-27 08:59:05.249 JST" StructureHandle="/Cake_SL3/app" StructureKind="resource" NumEvents="52" CreationCount="1"/><InteractionEvent Delta="null" EndDate="2014-10-27 09:24:48.686 JST" Interest="4.0" Kind="selection" Navigation="null" OriginId="org.eclipse.ui.views.ResourceNavigator" StartDate="2014-10-27 09:23:34.622 JST" StructureHandle="/Cake_SL3/app/View/Elements/layouts/links.ctp" StructureKind="resource" NumEvents="4" CreationCount="247"/><InteractionEvent Delta="null" EndDate="2014-10-27 09:24:46.992 JST" Interest="9.0" Kind="edit" Navigation="null" OriginId="org.eclipse.php.editor" StartDate="2014-10-27 09:23:55.380 JST" StructureHandle="/Cake_SL3/app/View/Elements/layouts/links.ctp" StructureKind="resource" NumEvents="9" CreationCount="247"/><InteractionEvent Delta="null" EndDate="2014-10-27 09:22:22.201 JST" Interest="5.0" Kind="selection" Navigation="null" OriginId="org.eclipse.ui.views.ResourceNavigator" StartDate="2014-10-27 09:20:43.721 JST" StructureHandle="/Cake_SL3/app/View/Elements/stores/index_t_entries.ctp" StructureKind="resource" NumEvents="5" CreationCount="171"/><InteractionEvent Delta="null" EndDate="2014-10-27 09:20:40.568 JST" Interest="1.0" Kind="propagation" Navigation="null" OriginId="org.eclipse.mylyn.resources.ui.interest.updater" StartDate="2014-10-27 09:20:40.568 JST" StructureHandle="/Cake_SL3/app/View/Elements/stores/index_t_entries.ctp" StructureKind="resource"/><InteractionEvent Delta="null" EndDate="2014-10-27 09:22:09.181 JST" Interest="28.0" Kind="edit" Navigation="null" OriginId="org.eclipse.php.editor" StartDate="2014-10-27 09:21:00.629 JST" StructureHandle="/Cake_SL3/app/View/Elements/stores/index_t_entries.ctp" StructureKind="resource" NumEvents="28" CreationCount="171"/><InteractionEvent Delta="null" EndDate="2014-10-27 09:43:48.182 JST" Interest="1.0" Kind="propagation" Navigation="null" OriginId="org.eclipse.php.ui.explorer" StartDate="2014-10-27 09:43:48.182 JST" StructureHandle="/ode-0.11.1" StructureKind="resource"/><InteractionEvent Delta="null" EndDate="2014-10-27 09:45:06.469 JST" Interest="11.113001" Kind="propagation" Navigation="org.eclipse.mylyn.core.model.edges.containment" OriginId="org.eclipse.mylyn.core.model.interest.propagation" StartDate="2014-10-27 09:09:58.166 JST" StructureHandle="=Cake_NR5" StructureKind="c/c++" NumEvents="10" CreationCount="107"/><InteractionEvent Delta="null" EndDate="2014-10-27 09:50:45.707 JST" Interest="502.0" Kind="propagation" Navigation="null" OriginId="org.eclipse.php.editor" StartDate="2014-10-27 08:59:03.142 JST" StructureHandle="/" StructureKind="resource" NumEvents="502" CreationCount="1"/><InteractionEvent Delta="null" EndDate="2014-10-27 09:20:36.498 JST" Interest="1.0" Kind="selection" Navigation="null" OriginId="org.eclipse.ui.views.ResourceNavigator" StartDate="2014-10-27 09:20:36.498 JST" StructureHandle="/Cake_SL3/app/View/Elements/TEMPLATE" StructureKind="resource"/><InteractionEvent Delta="null" EndDate="2014-10-27 09:22:02.653 JST" Interest="55.168" Kind="propagation" Navigation="org.eclipse.mylyn.core.model.edges.containment" OriginId="org.eclipse.mylyn.core.model.interest.propagation" StartDate="2014-10-27 08:59:03.140 JST" StructureHandle="=Cake_SL3" StructureKind="c/c++" NumEvents="81" CreationCount="1"/><InteractionEvent Delta="null" EndDate="2014-10-27 09:09:58.165 JST" Interest="1.0" Kind="propagation" Navigation="org.eclipse.mylyn.core.model.edges.containment" OriginId="org.eclipse.mylyn.core.model.interest.propagation" StartDate="2014-10-27 09:09:58.165 JST" StructureHandle="/Cake_NR5/lib/Cake" StructureKind="resource"/><InteractionEvent Delta="null" EndDate="2014-10-27 09:07:34.512 JST" Interest="1.0" Kind="selection" Navigation="null" OriginId="org.eclipse.ui.views.ResourceNavigator" StartDate="2014-10-27 09:07:34.512 JST" StructureHandle="/Cake_SL3/SkimmedTokensController.php" StructureKind="resource"/><InteractionEvent Delta="null" EndDate="2014-10-27 09:24:49.141 JST" Interest="1.0" Kind="selection" Navigation="null" OriginId="org.eclipse.ui.views.ResourceNavigator" StartDate="2014-10-27 09:24:49.141 JST" StructureHandle="/Cake_SL3/app/View/Elements/articles" StructureKind="resource"/><InteractionEvent Delta="null" EndDate="2014-10-27 09:43:48.181 JST" Interest="1.0" Kind="selection" Navigation="null" OriginId="org.eclipse.php.ui.explorer" StartDate="2014-10-27 09:43:48.181 JST" StructureHandle="=ode-0.11.1" StructureKind="c/c++"/><InteractionEvent Delta="null" EndDate="2014-10-27 09:50:45.707 JST" Interest="491.0" Kind="propagation" Navigation="null" OriginId="org.eclipse.php.editor" StartDate="2014-10-27 08:59:03.142 JST" StructureHandle="/Cake_SL3" StructureKind="resource" NumEvents="491" CreationCount="1"/><InteractionEvent Delta="null" EndDate="2014-10-27 08:59:09.972 JST" Interest="1.0" Kind="selection" Navigation="null" OriginId="org.eclipse.ui.views.ResourceNavigator" StartDate="2014-10-27 08:59:09.972 JST" StructureHandle="/Cake_SL3/test.php" StructureKind="resource"/><InteractionEvent Delta="null" EndDate="2014-10-27 09:46:35.74 JST" Interest="3.0" Kind="selection" Navigation="null" OriginId="org.eclipse.ui.views.ResourceNavigator" StartDate="2014-10-27 09:07:36.24 JST" StructureHandle="/Cake_SL3/.git" StructureKind="resource" NumEvents="3" CreationCount="81"/><InteractionEvent Delta="null" EndDate="2014-10-27 09:46:35.74 JST" Interest="4.7320004" Kind="manipulation" Navigation="null" OriginId="org.eclipse.mylyn.core.model.interest.decay.correction" StartDate="2014-10-27 09:46:35.74 JST" StructureHandle="/Cake_SL3/.git" StructureKind="resource"/><InteractionEvent Delta="null" EndDate="2014-10-27 09:14:25.33 JST" Interest="4.0" Kind="selection" Navigation="null" OriginId="org.eclipse.ui.views.ResourceNavigator" StartDate="2014-10-27 09:09:19.126 JST" StructureHandle="/Cake_SL3/app/Model/Si.php" StructureKind="resource" NumEvents="4" CreationCount="99"/><InteractionEvent Delta="null" EndDate="2014-10-27 09:13:10.496 JST" Interest="17.0" Kind="edit" Navigation="null" OriginId="org.eclipse.php.editor" StartDate="2014-10-27 09:09:19.368 JST" StructureHandle="/Cake_SL3/app/Model/Si.php" StructureKind="resource" NumEvents="17" CreationCount="99"/><InteractionEvent Delta="null" EndDate="2014-10-27 09:19:47.529 JST" Interest="1.0" Kind="propagation" Navigation="null" OriginId="org.eclipse.mylyn.resources.ui.interest.updater" StartDate="2014-10-27 09:19:47.529 JST" StructureHandle="/Cake_SL3/app/View/Stores/edit.ctp" StructureKind="resource"/><InteractionEvent Delta="null" EndDate="2014-10-27 09:45:06.469 JST" Interest="10.0" Kind="propagation" Navigation="null" OriginId="org.eclipse.php.editor" StartDate="2014-10-27 09:09:58.166 JST" StructureHandle="/Cake_NR5" StructureKind="resource" NumEvents="10" CreationCount="107"/><InteractionEvent Delta="null" EndDate="2014-10-27 09:43:59.223 JST" Interest="2.913" Kind="manipulation" Navigation="null" OriginId="org.eclipse.mylyn.core.model.interest.decay.correction" StartDate="2014-10-27 09:43:59.223 JST" StructureHandle="/Cake_NR5" StructureKind="resource"/><InteractionEvent Delta="null" EndDate="2014-10-27 09:45:06.469 JST" Interest="6.2" Kind="propagation" Navigation="org.eclipse.mylyn.core.model.edges.containment" OriginId="org.eclipse.mylyn.core.model.interest.propagation" StartDate="2014-10-27 09:43:59.223 JST" StructureHandle="/Cake_NR5/app/View" StructureKind="resource" NumEvents="8" CreationCount="396"/><InteractionEvent Delta="null" EndDate="2014-10-27 09:09:58.164 JST" Interest="1.0" Kind="selection" Navigation="null" OriginId="org.eclipse.search.ui.views.SearchView" StartDate="2014-10-27 09:09:58.164 JST" StructureHandle="/Cake_NR5/lib/Cake/Test" StructureKind="resource"/><InteractionEvent Delta="null" EndDate="2014-10-27 09:42:35.872 JST" Interest="13.0" Kind="selection" Navigation="null" OriginId="org.eclipse.php.editor" StartDate="2014-10-27 09:18:48.228 JST" StructureHandle="/Cake_SL3/app/Controller/TEMPLATEController.php" StructureKind="resource" NumEvents="13" CreationCount="129"/><InteractionEvent Delta="null" EndDate="2014-10-27 09:14:48.291 JST" Interest="1.0" Kind="propagation" Navigation="null" OriginId="org.eclipse.mylyn.resources.ui.interest.updater" StartDate="2014-10-27 09:14:48.291 JST" StructureHandle="/Cake_SL3/app/Controller/TEMPLATEController.php" StructureKind="resource"/><InteractionEvent Delta="null" EndDate="2014-10-27 09:42:35.899 JST" Interest="22.0" Kind="edit" Navigation="null" OriginId="org.eclipse.php.editor" StartDate="2014-10-27 09:18:52.573 JST" StructureHandle="/Cake_SL3/app/Controller/TEMPLATEController.php" StructureKind="resource" NumEvents="22" CreationCount="129"/><InteractionEvent Delta="null" EndDate="2014-10-27 09:46:17.456 JST" Interest="3.0" Kind="selection" Navigation="null" OriginId="org.eclipse.ui.views.ResourceNavigator" StartDate="2014-10-27 09:22:33.233 JST" StructureHandle="/Cake_SL3/app/View/Sis" StructureKind="resource" NumEvents="3" CreationCount="224"/><InteractionEvent Delta="null" EndDate="2014-10-27 09:46:33.302 JST" Interest="25.817" Kind="propagation" Navigation="org.eclipse.mylyn.core.model.edges.containment" OriginId="org.eclipse.mylyn.core.model.interest.propagation" StartDate="2014-10-27 09:22:34.426 JST" StructureHandle="/Cake_SL3/app/View/Sis" StructureKind="resource" NumEvents="34" CreationCount="224"/><InteractionEvent Delta="null" EndDate="2014-10-27 09:20:42.659 JST" Interest="1.0" Kind="selection" Navigation="null" OriginId="org.eclipse.ui.views.ResourceNavigator" StartDate="2014-10-27 09:20:42.659 JST" StructureHandle="/Cake_SL3/app/View/Elements/stores" StructureKind="resource"/><InteractionEvent Delta="null" EndDate="2014-10-27 09:22:22.201 JST" Interest="24.6" Kind="propagation" Navigation="org.eclipse.mylyn.core.model.edges.containment" OriginId="org.eclipse.mylyn.core.model.interest.propagation" StartDate="2014-10-27 09:20:40.569 JST" StructureHandle="/Cake_SL3/app/View/Elements/stores" StructureKind="resource" NumEvents="33" CreationCount="171"/><InteractionEvent Delta="null" EndDate="2014-10-27 09:22:27.679 JST" Interest="1.0" Kind="selection" Navigation="null" OriginId="org.eclipse.ui.views.ResourceNavigator" StartDate="2014-10-27 09:22:27.679 JST" StructureHandle="/Cake_SL3/app/View/Elements/sis/index_t_headers.ctp" StructureKind="resource"/><InteractionEvent Delta="null" EndDate="2014-10-27 09:45:06.469 JST" Interest="6.2" Kind="propagation" Navigation="org.eclipse.mylyn.core.model.edges.containment" OriginId="org.eclipse.mylyn.core.model.interest.propagation" StartDate="2014-10-27 09:43:59.223 JST" StructureHandle="/Cake_NR5/app" StructureKind="resource" NumEvents="8" CreationCount="396"/><InteractionEvent Delta="null" EndDate="2014-10-27 09:38:40.236 JST" Interest="2.0" Kind="selection" Navigation="null" OriginId="org.eclipse.ui.views.ResourceNavigator" StartDate="2014-10-27 09:19:49.728 JST" StructureHandle="/Cake_SL3/app/View/Stores" StructureKind="resource" NumEvents="2" CreationCount="153"/><InteractionEvent Delta="null" EndDate="2014-10-27 09:44:18.328 JST" Interest="25.772999" Kind="propagation" Navigation="org.eclipse.mylyn.core.model.edges.containment" OriginId="org.eclipse.mylyn.core.model.interest.propagation" StartDate="2014-10-27 09:19:47.533 JST" StructureHandle="/Cake_SL3/app/View/Stores" StructureKind="resource" NumEvents="33" CreationCount="153"/><InteractionEvent Delta="null" EndDate="2014-10-27 09:38:37.304 JST" Interest="3.0" Kind="selection" Navigation="null" OriginId="org.eclipse.ui.views.ResourceNavigator" StartDate="2014-10-27 09:23:15.972 JST" StructureHandle="/Cake_SL3/app/View/Layouts" StructureKind="resource" NumEvents="3" CreationCount="236"/><InteractionEvent Delta="null" EndDate="2014-10-27 09:23:26.372 JST" Interest="4.1169996" Kind="propagation" Navigation="org.eclipse.mylyn.core.model.edges.containment" OriginId="org.eclipse.mylyn.core.model.interest.propagation" StartDate="2014-10-27 09:23:18.112 JST" StructureHandle="/Cake_SL3/app/View/Layouts" StructureKind="resource" NumEvents="6" CreationCount="236"/><InteractionEvent Delta="null" EndDate="2014-10-27 09:20:59.436 JST" Interest="3.0" Kind="selection" Navigation="null" OriginId="org.eclipse.ui.views.ResourceNavigator" StartDate="2014-10-27 09:20:44.495 JST" StructureHandle="/Cake_SL3/app/View/Elements/stores/index_t_headers.ctp" StructureKind="resource" NumEvents="3" CreationCount="171"/><InteractionEvent Delta="null" EndDate="2014-10-27 09:20:40.568 JST" Interest="1.0" Kind="propagation" Navigation="null" OriginId="org.eclipse.mylyn.resources.ui.interest.updater" StartDate="2014-10-27 09:20:40.568 JST" StructureHandle="/Cake_SL3/app/View/Elements/stores/index_t_headers.ctp" StructureKind="resource"/><InteractionEvent Delta="null" EndDate="2014-10-27 09:20:56.450 JST" Interest="7.0" Kind="edit" Navigation="null" OriginId="org.eclipse.php.editor" StartDate="2014-10-27 09:20:44.606 JST" StructureHandle="/Cake_SL3/app/View/Elements/stores/index_t_headers.ctp" StructureKind="resource" NumEvents="7" CreationCount="171"/><InteractionEvent Delta="null" EndDate="2014-10-27 09:22:28.40 JST" Interest="2.0" Kind="selection" Navigation="null" OriginId="org.eclipse.ui.views.ResourceNavigator" StartDate="2014-10-27 09:22:25.557 JST" StructureHandle="/Cake_SL3/app/View/Elements/sis" StructureKind="resource" NumEvents="2" CreationCount="218"/><InteractionEvent Delta="null" EndDate="2014-10-27 09:22:27.680 JST" Interest="0.03399998" Kind="propagation" Navigation="org.eclipse.mylyn.core.model.edges.containment" OriginId="org.eclipse.mylyn.core.model.interest.propagation" StartDate="2014-10-27 09:22:26.901 JST" StructureHandle="/Cake_SL3/app/View/Elements/sis" StructureKind="resource" NumEvents="2" CreationCount="218"/><InteractionEvent Delta="null" EndDate="2014-10-27 09:07:50.563 JST" Interest="1.0" Kind="selection" Navigation="null" OriginId="org.eclipse.ui.views.ResourceNavigator" StartDate="2014-10-27 09:07:50.563 JST" StructureHandle="/Cake_SL3/app/Model/Datasource" StructureKind="resource"/><InteractionEvent Delta="null" EndDate="2014-10-27 09:38:35.573 JST" Interest="5.0" Kind="selection" Navigation="null" OriginId="org.eclipse.ui.views.ResourceNavigator" StartDate="2014-10-27 09:20:34.734 JST" StructureHandle="/Cake_SL3/app/View/Elements" StructureKind="resource" NumEvents="5" CreationCount="169"/><InteractionEvent Delta="null" EndDate="2014-10-27 09:22:22.202 JST" Interest="23.634" Kind="propagation" Navigation="org.eclipse.mylyn.core.model.edges.containment" OriginId="org.eclipse.mylyn.core.model.interest.propagation" StartDate="2014-10-27 09:20:36.498 JST" StructureHandle="/Cake_SL3/app/View/Elements" StructureKind="resource" NumEvents="35" CreationCount="169"/><InteractionEvent Delta="null" EndDate="2014-10-27 09:44:18.297 JST" Interest="6.0" Kind="selection" Navigation="null" OriginId="org.eclipse.php.editor" StartDate="2014-10-27 09:40:07.540 JST" StructureHandle="/Cake_SL3/app/View/Stores/view.ctp" StructureKind="resource" NumEvents="6" CreationCount="153"/><InteractionEvent Delta="null" EndDate="2014-10-27 09:19:47.531 JST" Interest="1.0" Kind="propagation" Navigation="null" OriginId="org.eclipse.mylyn.resources.ui.interest.updater" StartDate="2014-10-27 09:19:47.531 JST" StructureHandle="/Cake_SL3/app/View/Stores/view.ctp" StructureKind="resource"/><InteractionEvent Delta="null" EndDate="2014-10-27 09:44:18.328 JST" Interest="27.0" Kind="edit" Navigation="null" OriginId="org.eclipse.php.editor" StartDate="2014-10-27 09:40:07.584 JST" StructureHandle="/Cake_SL3/app/View/Stores/view.ctp" StructureKind="resource" NumEvents="27" CreationCount="153"/><InteractionEvent Delta="null" EndDate="2014-10-27 09:40:07.540 JST" Interest="1.8730001" Kind="manipulation" Navigation="null" OriginId="org.eclipse.mylyn.core.model.interest.decay.correction" StartDate="2014-10-27 09:40:07.540 JST" StructureHandle="/Cake_SL3/app/View/Stores/view.ctp" StructureKind="resource"/><InteractionEvent Delta="null" EndDate="2014-10-27 09:22:26.900 JST" Interest="1.0" Kind="selection" Navigation="null" OriginId="org.eclipse.ui.views.ResourceNavigator" StartDate="2014-10-27 09:22:26.900 JST" StructureHandle="/Cake_SL3/app/View/Elements/sis/index_t_entries.ctp" StructureKind="resource"/><InteractionEvent Delta="null" EndDate="2014-10-27 09:46:14.788 JST" Interest="3.0" Kind="selection" Navigation="null" OriginId="org.eclipse.ui.views.ResourceNavigator" StartDate="2014-10-27 09:19:40.820 JST" StructureHandle="/Cake_SL3/app/View" StructureKind="resource" NumEvents="3" CreationCount="151"/><InteractionEvent Delta="null" EndDate="2014-10-27 09:46:33.302 JST" Interest="27.057999" Kind="propagation" Navigation="org.eclipse.mylyn.core.model.edges.containment" OriginId="org.eclipse.mylyn.core.model.interest.propagation" StartDate="2014-10-27 09:19:43.177 JST" StructureHandle="/Cake_SL3/app/View" StructureKind="resource" NumEvents="40" CreationCount="151"/><InteractionEvent Delta="null" EndDate="2014-10-27 09:45:37.228 JST" Interest="8.0" Kind="selection" Navigation="null" OriginId="org.eclipse.php.editor" StartDate="2014-10-27 09:42:45.764 JST" StructureHandle="/Cake_SL3/app/View/TEMPLATES/index.ctp" StructureKind="resource" NumEvents="8" CreationCount="385"/><InteractionEvent Delta="null" EndDate="2014-10-27 09:45:37.261 JST" Interest="20.0" Kind="edit" Navigation="null" OriginId="org.eclipse.php.editor" StartDate="2014-10-27 09:42:45.944 JST" StructureHandle="/Cake_SL3/app/View/TEMPLATES/index.ctp" StructureKind="resource" NumEvents="20" CreationCount="385"/><InteractionEvent Delta="null" EndDate="2014-10-27 09:24:59.110 JST" Interest="3.0" Kind="selection" Navigation="null" OriginId="org.eclipse.ui.views.ResourceNavigator" StartDate="2014-10-27 08:59:05.247 JST" StructureHandle="/Cake_SL3/app/Controller" StructureKind="resource" NumEvents="3" CreationCount="2"/><InteractionEvent Delta="null" EndDate="2014-10-27 09:42:11.260 JST" Interest="31.347" Kind="propagation" Navigation="org.eclipse.mylyn.core.model.edges.containment" OriginId="org.eclipse.mylyn.core.model.interest.propagation" StartDate="2014-10-27 09:14:29.559 JST" StructureHandle="/Cake_SL3/app/Controller" StructureKind="resource" NumEvents="40" CreationCount="2"/><InteractionEvent Delta="null" EndDate="2014-10-27 09:07:38.333 JST" Interest="0.34300005" Kind="manipulation" Navigation="null" OriginId="org.eclipse.mylyn.core.model.interest.decay.correction" StartDate="2014-10-27 09:07:38.333 JST" StructureHandle="/Cake_SL3/app/Controller" StructureKind="resource"/><InteractionEvent Delta="null" EndDate="2014-10-27 09:42:42.523 JST" Interest="2.0" Kind="selection" Navigation="null" OriginId="org.eclipse.ui.views.ResourceNavigator" StartDate="2014-10-27 09:19:43.176 JST" StructureHandle="/Cake_SL3/app/View/TEMPLATES" StructureKind="resource" NumEvents="2" CreationCount="152"/><InteractionEvent Delta="null" EndDate="2014-10-27 09:45:37.261 JST" Interest="21.034" Kind="propagation" Navigation="org.eclipse.mylyn.core.model.edges.containment" OriginId="org.eclipse.mylyn.core.model.interest.propagation" StartDate="2014-10-27 09:42:45.764 JST" StructureHandle="/Cake_SL3/app/View/TEMPLATES" StructureKind="resource" NumEvents="28" CreationCount="152"/><InteractionEvent Delta="null" EndDate="2014-10-27 09:42:42.523 JST" Interest="2.9270003" Kind="manipulation" Navigation="null" OriginId="org.eclipse.mylyn.core.model.interest.decay.correction" StartDate="2014-10-27 09:42:42.523 JST" StructureHandle="/Cake_SL3/app/View/TEMPLATES" StructureKind="resource"/><InteractionEvent Delta="null" EndDate="2014-10-27 09:38:32.830 JST" Interest="5.0" Kind="selection" Navigation="null" OriginId="org.eclipse.ui.views.ResourceNavigator" StartDate="2014-10-27 08:59:07.536 JST" StructureHandle="/Cake_SL3/app/Model" StructureKind="resource" NumEvents="5" CreationCount="3"/><InteractionEvent Delta="null" EndDate="2014-10-27 09:44:17.449 JST" Interest="18.994" Kind="propagation" Navigation="org.eclipse.mylyn.core.model.edges.containment" OriginId="org.eclipse.mylyn.core.model.interest.propagation" StartDate="2014-10-27 09:07:42.672 JST" StructureHandle="/Cake_SL3/app/Model" StructureKind="resource" NumEvents="26" CreationCount="3"/><InteractionEvent Delta="null" EndDate="2014-10-27 09:09:17.165 JST" Interest="1.0" Kind="selection" Navigation="null" OriginId="org.eclipse.ui.views.ResourceNavigator" StartDate="2014-10-27 09:09:17.165 JST" StructureHandle="/Cake_SL3/app/Model/Keyword.php" StructureKind="resource"/><InteractionEvent Delta="null" EndDate="2014-10-27 09:07:42.671 JST" Interest="1.0" Kind="selection" Navigation="null" OriginId="org.eclipse.ui.views.ResourceNavigator" StartDate="2014-10-27 09:07:42.671 JST" StructureHandle="/Cake_SL3/app/Model/TEMPLATE.php" StructureKind="resource"/><InteractionEvent Delta="null" EndDate="2014-10-27 09:46:33.301 JST" Interest="12.0" Kind="selection" Navigation="null" OriginId="org.eclipse.ui.views.ResourceNavigator" StartDate="2014-10-27 09:22:34.425 JST" StructureHandle="/Cake_SL3/app/View/Sis/index.ctp" StructureKind="resource" NumEvents="12" CreationCount="225"/><InteractionEvent Delta="null" EndDate="2014-10-27 09:46:29.145 JST" Interest="24.0" Kind="edit" Navigation="null" OriginId="org.eclipse.php.editor" StartDate="2014-10-27 09:22:34.469 JST" StructureHandle="/Cake_SL3/app/View/Sis/index.ctp" StructureKind="resource" NumEvents="24" CreationCount="225"/><InteractionEvent Delta="null" EndDate="2014-10-27 09:23:26.371 JST" Interest="3.0" Kind="selection" Navigation="null" OriginId="org.eclipse.ui.views.ResourceNavigator" StartDate="2014-10-27 09:23:18.111 JST" StructureHandle="/Cake_SL3/app/View/Layouts/default.ctp" StructureKind="resource" NumEvents="3" CreationCount="237"/><InteractionEvent Delta="null" EndDate="2014-10-27 09:23:23.966 JST" Interest="3.0" Kind="edit" Navigation="null" OriginId="org.eclipse.php.editor" StartDate="2014-10-27 09:23:18.439 JST" StructureHandle="/Cake_SL3/app/View/Layouts/default.ctp" StructureKind="resource" NumEvents="3" CreationCount="237"/><InteractionEvent Delta="null" EndDate="2014-10-27 09:45:06.426 JST" Interest="2.0" Kind="selection" Navigation="null" OriginId="org.eclipse.php.editor" StartDate="2014-10-27 09:43:59.222 JST" StructureHandle="/Cake_NR5/app/View/Keywords/index.ctp" StructureKind="resource" NumEvents="2" CreationCount="396"/><InteractionEvent Delta="null" EndDate="2014-10-27 09:45:06.467 JST" Interest="6.0" Kind="edit" Navigation="null" OriginId="org.eclipse.php.editor" StartDate="2014-10-27 09:43:59.489 JST" StructureHandle="/Cake_NR5/app/View/Keywords/index.ctp" StructureKind="resource" NumEvents="6" CreationCount="396"/><InteractionEvent Delta="null" EndDate="2014-10-27 09:45:06.468 JST" Interest="6.2" Kind="propagation" Navigation="org.eclipse.mylyn.core.model.edges.containment" OriginId="org.eclipse.mylyn.core.model.interest.propagation" StartDate="2014-10-27 09:43:59.222 JST" StructureHandle="/Cake_NR5/app/View/Keywords" StructureKind="resource" NumEvents="8" CreationCount="396"/><InteractionEvent Delta="null" EndDate="2014-10-27 09:10:02.220 JST" Interest="1.0" Kind="selection" Navigation="null" OriginId="org.eclipse.search.ui.views.SearchView" StartDate="2014-10-27 09:10:02.220 JST" StructureHandle="/Cake_NR5/lib" StructureKind="resource"/><InteractionEvent Delta="null" EndDate="2014-10-27 09:09:58.165 JST" Interest="1.0" Kind="propagation" Navigation="org.eclipse.mylyn.core.model.edges.containment" OriginId="org.eclipse.mylyn.core.model.interest.propagation" StartDate="2014-10-27 09:09:58.165 JST" StructureHandle="/Cake_NR5/lib" StructureKind="resource"/><InteractionEvent Delta="null" EndDate="2014-10-27 09:50:45.686 JST" Interest="2.0" Kind="selection" Navigation="null" OriginId="org.eclipse.php.editor" StartDate="2014-10-27 09:46:37.493 JST" StructureHandle="/Cake_SL3/app/Controller/SIsController.php" StructureKind="resource" NumEvents="2" CreationCount="479"/><InteractionEvent Delta="null" EndDate="2014-10-27 09:50:45.706 JST" Interest="11.0" Kind="edit" Navigation="null" OriginId="org.eclipse.php.editor" StartDate="2014-10-27 09:46:37.559 JST" StructureHandle="/Cake_SL3/app/Controller/SIsController.php" StructureKind="resource" NumEvents="11" CreationCount="479"/></InteractionHistory>