<?xml version="1.0" encoding="UTF-8"?><InteractionHistory Id="local-129" Version="1"><InteractionEvent Delta="null" EndDate="2015-01-14 17:03:18.550 JST" Interest="711.651" Kind="propagation" Navigation="org.eclipse.mylyn.core.model.edges.containment" OriginId="org.eclipse.mylyn.core.model.interest.propagation" StartDate="2015-01-14 11:16:31.959 JST" StructureHandle="" StructureKind="c/c++" NumEvents="1016" CreationCount="1"/><InteractionEvent Delta="null" EndDate="2015-01-14 11:26:46.290 JST" Interest="1.0" Kind="selection" Navigation="null" OriginId="org.eclipse.search.ui.views.SearchView" StartDate="2015-01-14 11:26:46.290 JST" StructureHandle="/Cake_NR5/app/View/Admins/edit.ctp" StructureKind="resource"/><InteractionEvent Delta="null" EndDate="2015-01-14 11:26:39.200 JST" Interest="1.0" Kind="selection" Navigation="null" OriginId="org.eclipse.search.ui.views.SearchView" StartDate="2015-01-14 11:26:39.200 JST" StructureHandle="/Cake_NR5/app/View/Admins" StructureKind="resource"/><InteractionEvent Delta="null" EndDate="2015-01-14 11:58:44.295 JST" Interest="19.599998" Kind="propagation" Navigation="org.eclipse.mylyn.core.model.edges.containment" OriginId="org.eclipse.mylyn.core.model.interest.propagation" StartDate="2015-01-14 11:23:42.402 JST" StructureHandle="/Cake_NR5/app/View/Admins" StructureKind="resource" NumEvents="25" CreationCount="63"/><InteractionEvent Delta="null" EndDate="2015-01-14 16:14:26.859 JST" Interest="4.5169997" Kind="propagation" Navigation="org.eclipse.mylyn.core.model.edges.containment" OriginId="org.eclipse.mylyn.core.model.interest.propagation" StartDate="2015-01-14 16:14:21.45 JST" StructureHandle="/Cake_NR5/app/View/Elements/layouts" StructureKind="resource" NumEvents="7" CreationCount="1510"/><InteractionEvent Delta="null" EndDate="2015-01-14 16:14:19.232 JST" Interest="1.0" Kind="selection" Navigation="null" OriginId="org.eclipse.ui.views.ResourceNavigator" StartDate="2015-01-14 16:14:19.232 JST" StructureHandle="/Cake_NR5/app/View/Elements/layouts" StructureKind="resource"/><InteractionEvent Delta="null" EndDate="2015-01-14 17:03:18.549 JST" Interest="1779.0" Kind="propagation" Navigation="null" OriginId="org.eclipse.php.editor" StartDate="2015-01-14 11:16:31.959 JST" StructureHandle="/Cake_NR5" StructureKind="resource" NumEvents="1779" CreationCount="1"/><InteractionEvent Delta="null" EndDate="2015-01-14 12:27:43.392 JST" Interest="1.0" Kind="selection" Navigation="null" OriginId="org.eclipse.ui.views.ResourceNavigator" StartDate="2015-01-14 12:27:43.392 JST" StructureHandle="/Cake_NR5/app/View/Elements/keywords" StructureKind="resource"/><InteractionEvent Delta="null" EndDate="2015-01-14 11:47:54.771 JST" Interest="1.0" Kind="selection" Navigation="null" OriginId="org.eclipse.ui.views.ResourceNavigator" StartDate="2015-01-14 11:47:54.771 JST" StructureHandle="/Cake_NR5/app/webroot/css/jquery-ui.theme.css" StructureKind="resource"/><InteractionEvent Delta="null" EndDate="2015-01-14 11:47:52.198 JST" Interest="3.216" Kind="manipulation" Navigation="null" OriginId="org.eclipse.mylyn.core.model.interest.decay.correction" StartDate="2015-01-14 11:47:52.198 JST" StructureHandle="/Cake_NR5/app/webroot" StructureKind="resource"/><InteractionEvent Delta="null" EndDate="2015-01-14 16:14:30.270 JST" Interest="90.868" Kind="propagation" Navigation="org.eclipse.mylyn.core.model.edges.containment" OriginId="org.eclipse.mylyn.core.model.interest.propagation" StartDate="2015-01-14 11:47:53.480 JST" StructureHandle="/Cake_NR5/app/webroot" StructureKind="resource" NumEvents="125" CreationCount="41"/><InteractionEvent Delta="null" EndDate="2015-01-14 11:47:52.198 JST" Interest="2.0" Kind="selection" Navigation="null" OriginId="org.eclipse.ui.views.ResourceNavigator" StartDate="2015-01-14 11:21:57.399 JST" StructureHandle="/Cake_NR5/app/webroot" StructureKind="resource" NumEvents="2" CreationCount="41"/><InteractionEvent Delta="null" EndDate="2015-01-14 16:34:53.633 JST" Interest="341.46997" Kind="propagation" Navigation="org.eclipse.mylyn.core.model.edges.containment" OriginId="org.eclipse.mylyn.core.model.interest.propagation" StartDate="2015-01-14 11:22:01.441 JST" StructureHandle="/Cake_NR5/app/View" StructureKind="resource" NumEvents="484" CreationCount="42"/><InteractionEvent Delta="null" EndDate="2015-01-14 11:21:58.569 JST" Interest="1.0" Kind="selection" Navigation="null" OriginId="org.eclipse.ui.views.ResourceNavigator" StartDate="2015-01-14 11:21:58.569 JST" StructureHandle="/Cake_NR5/app/View" StructureKind="resource"/><InteractionEvent Delta="null" EndDate="2015-01-14 11:26:59.697 JST" Interest="0.03399998" Kind="propagation" Navigation="org.eclipse.mylyn.core.model.edges.containment" OriginId="org.eclipse.mylyn.core.model.interest.propagation" StartDate="2015-01-14 11:26:55.323 JST" StructureHandle="/Cake_NR5/app/View/Elements/skimmedtokens" StructureKind="resource" NumEvents="2" CreationCount="139"/><InteractionEvent Delta="null" EndDate="2015-01-14 11:26:53.677 JST" Interest="1.0" Kind="selection" Navigation="null" OriginId="org.eclipse.search.ui.views.SearchView" StartDate="2015-01-14 11:26:53.677 JST" StructureHandle="/Cake_NR5/app/View/Elements/skimmedtokens" StructureKind="resource"/><InteractionEvent Delta="null" EndDate="2015-01-14 16:34:53.633 JST" Interest="340.33398" Kind="propagation" Navigation="org.eclipse.mylyn.core.model.edges.containment" OriginId="org.eclipse.mylyn.core.model.interest.propagation" StartDate="2015-01-14 11:22:15.665 JST" StructureHandle="/Cake_NR5/app/View/Elements" StructureKind="resource" NumEvents="482" CreationCount="50"/><InteractionEvent Delta="null" EndDate="2015-01-14 11:26:50.522 JST" Interest="2.0" Kind="selection" Navigation="null" OriginId="org.eclipse.search.ui.views.SearchView" StartDate="2015-01-14 11:22:13.521 JST" StructureHandle="/Cake_NR5/app/View/Elements" StructureKind="resource" NumEvents="2" CreationCount="50"/><InteractionEvent Delta="null" EndDate="2015-01-14 11:58:44.294 JST" Interest="18.0" Kind="edit" Navigation="null" OriginId="org.eclipse.php.editor" StartDate="2015-01-14 11:23:42.462 JST" StructureHandle="/Cake_NR5/app/View/Admins/add.ctp" StructureKind="resource" NumEvents="18" CreationCount="63"/><InteractionEvent Delta="null" EndDate="2015-01-14 11:58:44.243 JST" Interest="8.0" Kind="selection" Navigation="null" OriginId="org.eclipse.php.editor" StartDate="2015-01-14 11:23:42.401 JST" StructureHandle="/Cake_NR5/app/View/Admins/add.ctp" StructureKind="resource" NumEvents="8" CreationCount="63"/><InteractionEvent Delta="null" EndDate="2015-01-14 17:03:18.549 JST" Interest="710.651" Kind="propagation" Navigation="org.eclipse.mylyn.core.model.edges.containment" OriginId="org.eclipse.mylyn.core.model.interest.propagation" StartDate="2015-01-14 11:16:34.131 JST" StructureHandle="/Cake_NR5/app" StructureKind="resource" NumEvents="1015" CreationCount="1"/><InteractionEvent Delta="null" EndDate="2015-01-14 11:16:31.908 JST" Interest="1.0" Kind="selection" Navigation="null" OriginId="org.eclipse.ui.views.ResourceNavigator" StartDate="2015-01-14 11:16:31.908 JST" StructureHandle="/Cake_NR5/app" StructureKind="resource"/><InteractionEvent Delta="null" EndDate="2015-01-14 16:34:53.633 JST" Interest="341.317" Kind="propagation" Navigation="org.eclipse.mylyn.core.model.edges.containment" OriginId="org.eclipse.mylyn.core.model.interest.propagation" StartDate="2015-01-14 11:22:18.675 JST" StructureHandle="/Cake_NR5/app/View/Elements/historys" StructureKind="resource" NumEvents="480" CreationCount="51"/><InteractionEvent Delta="null" EndDate="2015-01-14 11:22:15.664 JST" Interest="1.0" Kind="selection" Navigation="null" OriginId="org.eclipse.ui.views.ResourceNavigator" StartDate="2015-01-14 11:22:15.664 JST" StructureHandle="/Cake_NR5/app/View/Elements/historys" StructureKind="resource"/><InteractionEvent Delta="null" EndDate="2015-01-14 11:26:46.858 JST" Interest="2.0" Kind="selection" Navigation="null" OriginId="org.eclipse.search.ui.views.SearchView" StartDate="2015-01-14 11:26:45.329 JST" StructureHandle="/Cake_NR5/app/View/Articles" StructureKind="resource" NumEvents="2" CreationCount="134"/><InteractionEvent Delta="null" EndDate="2015-01-14 11:58:43.79 JST" Interest="21.0" Kind="edit" Navigation="null" OriginId="org.eclipse.wst.css.core.csssource.source" StartDate="2015-01-14 11:56:06.852 JST" StructureHandle="/Cake_NR5/app/webroot/css/cake.generic.css" StructureKind="resource" NumEvents="21" CreationCount="377"/><InteractionEvent Delta="null" EndDate="2015-01-14 12:10:38.740 JST" Interest="7.0" Kind="selection" Navigation="null" OriginId="org.eclipse.ui.views.ResourceNavigator" StartDate="2015-01-14 11:56:06.274 JST" StructureHandle="/Cake_NR5/app/webroot/css/cake.generic.css" StructureKind="resource" NumEvents="7" CreationCount="377"/><InteractionEvent Delta="null" EndDate="2015-01-14 16:14:30.269 JST" Interest="90.83399" Kind="propagation" Navigation="org.eclipse.mylyn.core.model.edges.containment" OriginId="org.eclipse.mylyn.core.model.interest.propagation" StartDate="2015-01-14 11:47:54.772 JST" StructureHandle="/Cake_NR5/app/webroot/css" StructureKind="resource" NumEvents="124" CreationCount="291"/><InteractionEvent Delta="null" EndDate="2015-01-14 11:47:53.479 JST" Interest="1.0" Kind="selection" Navigation="null" OriginId="org.eclipse.ui.views.ResourceNavigator" StartDate="2015-01-14 11:47:53.479 JST" StructureHandle="/Cake_NR5/app/webroot/css" StructureKind="resource"/><InteractionEvent Delta="null" EndDate="2015-01-14 11:47:47.110 JST" Interest="1.0" Kind="selection" Navigation="null" OriginId="org.eclipse.ui.views.ResourceNavigator" StartDate="2015-01-14 11:47:47.110 JST" StructureHandle="/Cake_NR5/app/View/Elements/videos" StructureKind="resource"/><InteractionEvent Delta="null" EndDate="2015-01-14 16:14:26.858 JST" Interest="5.0" Kind="edit" Navigation="null" OriginId="org.eclipse.php.editor" StartDate="2015-01-14 16:14:22.123 JST" StructureHandle="/Cake_NR5/app/View/Elements/layouts/links.ctp" StructureKind="resource" NumEvents="5" CreationCount="1511"/><InteractionEvent Delta="null" EndDate="2015-01-14 16:14:22.6 JST" Interest="2.0" Kind="selection" Navigation="null" OriginId="org.eclipse.php.editor" StartDate="2015-01-14 16:14:21.44 JST" StructureHandle="/Cake_NR5/app/View/Elements/layouts/links.ctp" StructureKind="resource" NumEvents="2" CreationCount="1511"/><InteractionEvent Delta="null" EndDate="2015-01-14 11:16:34.130 JST" Interest="1.0" Kind="selection" Navigation="null" OriginId="org.eclipse.ui.views.ResourceNavigator" StartDate="2015-01-14 11:16:34.130 JST" StructureHandle="/Cake_NR5/app/Console" StructureKind="resource"/><InteractionEvent Delta="null" EndDate="2015-01-14 16:14:27.532 JST" Interest="50.837997" Kind="propagation" Navigation="org.eclipse.mylyn.core.model.edges.containment" OriginId="org.eclipse.mylyn.core.model.interest.propagation" StartDate="2015-01-14 11:22:02.719 JST" StructureHandle="/Cake_NR5/app/View/Historys" StructureKind="resource" NumEvents="58" CreationCount="43"/><InteractionEvent Delta="null" EndDate="2015-01-14 11:22:01.439 JST" Interest="1.0" Kind="selection" Navigation="null" OriginId="org.eclipse.ui.views.ResourceNavigator" StartDate="2015-01-14 11:22:01.439 JST" StructureHandle="/Cake_NR5/app/View/Historys" StructureKind="resource"/><InteractionEvent Delta="null" EndDate="2015-01-14 16:03:16.937 JST" Interest="3.3630009" Kind="manipulation" Navigation="null" OriginId="org.eclipse.mylyn.core.model.interest.decay.correction" StartDate="2015-01-14 15:53:58.174 JST" StructureHandle="/Cake_NR5/app/View/Elements/historys/index_t_entries.ctp" StructureKind="resource" NumEvents="2" CreationCount="576"/><InteractionEvent Delta="null" EndDate="2015-01-14 16:14:31.315 JST" Interest="12.0" Kind="edit" Navigation="null" OriginId="org.eclipse.php.editor" StartDate="2015-01-14 12:10:42.581 JST" StructureHandle="/Cake_NR5/app/View/Elements/historys/index_t_entries.ctp" StructureKind="resource" NumEvents="12" CreationCount="576"/><InteractionEvent Delta="null" EndDate="2015-01-14 16:14:31.272 JST" Interest="11.0" Kind="selection" Navigation="null" OriginId="org.eclipse.php.editor" StartDate="2015-01-14 12:10:42.93 JST" StructureHandle="/Cake_NR5/app/View/Elements/historys/index_t_entries.ctp" StructureKind="resource" NumEvents="11" CreationCount="576"/><InteractionEvent Delta="null" EndDate="2015-01-14 17:03:18.549 JST" Interest="1779.0" Kind="propagation" Navigation="org.eclipse.mylyn.core.model.edges.containment" OriginId="org.eclipse.mylyn.core.model.interest.propagation" StartDate="2015-01-14 11:16:31.959 JST" StructureHandle="/" StructureKind="resource" NumEvents="1779" CreationCount="1"/><InteractionEvent Delta="null" EndDate="2015-01-14 17:03:18.549 JST" Interest="711.651" Kind="propagation" Navigation="org.eclipse.mylyn.core.model.edges.containment" OriginId="org.eclipse.mylyn.core.model.interest.propagation" StartDate="2015-01-14 11:16:31.923 JST" StructureHandle="=Cake_NR5" StructureKind="c/c++" NumEvents="1016" CreationCount="1"/><InteractionEvent Delta="null" EndDate="2015-01-14 16:34:53.632 JST" Interest="459.0" Kind="edit" Navigation="null" OriginId="org.eclipse.php.editor" StartDate="2015-01-14 11:22:18.961 JST" StructureHandle="/Cake_NR5/app/View/Elements/historys/index_t_headers.ctp" StructureKind="resource" NumEvents="459" CreationCount="52"/><InteractionEvent Delta="null" EndDate="2015-01-14 16:22:42.66 JST" Interest="21.0" Kind="selection" Navigation="null" OriginId="org.eclipse.php.editor" StartDate="2015-01-14 11:22:18.674 JST" StructureHandle="/Cake_NR5/app/View/Elements/historys/index_t_headers.ctp" StructureKind="resource" NumEvents="21" CreationCount="52"/><InteractionEvent Delta="null" EndDate="2015-01-14 16:14:30.269 JST" Interest="104.0" Kind="edit" Navigation="null" OriginId="org.eclipse.wst.css.core.csssource.source" StartDate="2015-01-14 11:47:56.670 JST" StructureHandle="/Cake_NR5/app/webroot/css/main.css" StructureKind="resource" NumEvents="104" CreationCount="293"/><InteractionEvent Delta="null" EndDate="2015-01-14 16:14:30.237 JST" Interest="19.0" Kind="selection" Navigation="null" OriginId="org.eclipse.wst.css.core.csssource.source" StartDate="2015-01-14 11:47:55.335 JST" StructureHandle="/Cake_NR5/app/webroot/css/main.css" StructureKind="resource" NumEvents="19" CreationCount="293"/><InteractionEvent Delta="null" EndDate="2015-01-14 12:27:45.864 JST" Interest="7.0210004" Kind="manipulation" Navigation="null" OriginId="org.eclipse.mylyn.core.model.interest.decay.correction" StartDate="2015-01-14 12:27:45.864 JST" StructureHandle="/Cake_NR5/app/View/Historys/index.ctp" StructureKind="resource"/><InteractionEvent Delta="null" EndDate="2015-01-14 16:14:27.532 JST" Interest="44.0" Kind="edit" Navigation="null" OriginId="org.eclipse.php.editor" StartDate="2015-01-14 11:22:03.704 JST" StructureHandle="/Cake_NR5/app/View/Historys/index.ctp" StructureKind="resource" NumEvents="44" CreationCount="44"/><InteractionEvent Delta="null" EndDate="2015-01-14 16:14:27.497 JST" Interest="14.0" Kind="selection" Navigation="null" OriginId="org.eclipse.php.editor" StartDate="2015-01-14 11:22:02.718 JST" StructureHandle="/Cake_NR5/app/View/Historys/index.ctp" StructureKind="resource" NumEvents="14" CreationCount="44"/><InteractionEvent Delta="null" EndDate="2015-01-14 17:03:18.549 JST" Interest="709.617" Kind="propagation" Navigation="org.eclipse.mylyn.core.model.edges.containment" OriginId="org.eclipse.mylyn.core.model.interest.propagation" StartDate="2015-01-14 11:16:36.817 JST" StructureHandle="/Cake_NR5/app/Controller" StructureKind="resource" NumEvents="1007" CreationCount="3"/><InteractionEvent Delta="null" EndDate="2015-01-14 11:21:53.742 JST" Interest="2.0" Kind="selection" Navigation="null" OriginId="org.eclipse.ui.views.ResourceNavigator" StartDate="2015-01-14 11:16:34.611 JST" StructureHandle="/Cake_NR5/app/Controller" StructureKind="resource" NumEvents="2" CreationCount="3"/><InteractionEvent Delta="null" EndDate="2015-01-14 16:14:12.210 JST" Interest="1.0" Kind="selection" Navigation="null" OriginId="org.eclipse.ui.views.ResourceNavigator" StartDate="2015-01-14 16:14:12.210 JST" StructureHandle="/Cake_NR5/app/View/Historys/error.ctp" StructureKind="resource"/><InteractionEvent Delta="null" EndDate="2015-01-14 11:26:55.323 JST" Interest="1.0" Kind="selection" Navigation="null" OriginId="org.eclipse.search.ui.views.SearchView" StartDate="2015-01-14 11:26:55.323 JST" StructureHandle="/Cake_NR5/app/View/Elements/skimmedtokens/index_t_headers.ctp" StructureKind="resource"/><InteractionEvent Delta="null" EndDate="2015-01-14 11:26:59.696 JST" Interest="1.0" Kind="selection" Navigation="null" OriginId="org.eclipse.search.ui.views.SearchView" StartDate="2015-01-14 11:26:59.696 JST" StructureHandle="/Cake_NR5/app/View/Elements/skimmedtokens/index_t_entries.ctp" StructureKind="resource"/><InteractionEvent Delta="null" EndDate="2015-01-14 11:47:50.713 JST" Interest="3.216" Kind="manipulation" Navigation="null" OriginId="org.eclipse.mylyn.core.model.interest.decay.correction" StartDate="2015-01-14 11:47:50.713 JST" StructureHandle="/Cake_NR5/app/.htaccess" StructureKind="resource"/><InteractionEvent Delta="null" EndDate="2015-01-14 11:47:50.713 JST" Interest="2.0" Kind="selection" Navigation="null" OriginId="org.eclipse.ui.views.ResourceNavigator" StartDate="2015-01-14 11:21:55.824 JST" StructureHandle="/Cake_NR5/app/.htaccess" StructureKind="resource" NumEvents="2" CreationCount="40"/><InteractionEvent Delta="null" EndDate="2015-01-14 17:03:18.548 JST" Interest="988.0" Kind="edit" Navigation="null" OriginId="org.eclipse.php.editor" StartDate="2015-01-14 11:16:43.641 JST" StructureHandle="/Cake_NR5/app/Controller/HistorysController.php" StructureKind="resource" NumEvents="988" CreationCount="4"/><InteractionEvent Delta="null" EndDate="2015-01-14 17:03:18.476 JST" Interest="20.0" Kind="selection" Navigation="null" OriginId="org.eclipse.php.editor" StartDate="2015-01-14 11:16:36.816 JST" StructureHandle="/Cake_NR5/app/Controller/HistorysController.php" StructureKind="resource" NumEvents="20" CreationCount="4"/></InteractionHistory>