<?xml version="1.0" encoding="UTF-8"?><InteractionHistory Id="local-5" Version="1"><InteractionEvent Delta="null" EndDate="2014-08-26 22:33:04.580 JST" Interest="402.094" Kind="propagation" Navigation="org.eclipse.mylyn.core.model.edges.containment" OriginId="org.eclipse.mylyn.core.model.interest.propagation" StartDate="2014-08-26 21:00:21.994 JST" StructureHandle="" StructureKind="c/c++" NumEvents="426" CreationCount="1"/><InteractionEvent Delta="null" EndDate="2014-08-26 21:47:34.244 JST" Interest="14.0" Kind="selection" Navigation="null" OriginId="org.eclipse.ui.DefaultTextEditor" StartDate="2014-08-26 21:00:31.78 JST" StructureHandle="/step1/step1.cbp" StructureKind="resource" NumEvents="14" CreationCount="5"/><InteractionEvent Delta="null" EndDate="2014-08-26 21:47:34.251 JST" Interest="31.0" Kind="edit" Navigation="null" OriginId="org.eclipse.ui.DefaultTextEditor" StartDate="2014-08-26 21:00:45.737 JST" StructureHandle="/step1/step1.cbp" StructureKind="resource" NumEvents="31" CreationCount="5"/><InteractionEvent Delta="null" EndDate="2014-08-26 21:47:31.579 JST" Interest="8.0" Kind="selection" Navigation="null" OriginId="org.eclipse.ui.DefaultTextEditor" StartDate="2014-08-26 21:05:33.257 JST" StructureHandle="/ODE_Tut_10/ODE_Tut_10.cbp" StructureKind="resource" NumEvents="8" CreationCount="72"/><InteractionEvent Delta="null" EndDate="2014-08-26 21:47:31.590 JST" Interest="14.0" Kind="edit" Navigation="null" OriginId="org.eclipse.ui.DefaultTextEditor" StartDate="2014-08-26 21:06:04.386 JST" StructureHandle="/ODE_Tut_10/ODE_Tut_10.cbp" StructureKind="resource" NumEvents="14" CreationCount="72"/><InteractionEvent Delta="null" EndDate="2014-08-26 22:12:51.588 JST" Interest="27.0" Kind="selection" Navigation="null" OriginId="org.eclipse.cdt.ui.editor.CEditor" StartDate="2014-08-26 21:02:45.13 JST" StructureHandle="=step1/{dm1.h" StructureKind="c/c++" NumEvents="27" CreationCount="22"/><InteractionEvent Delta="null" EndDate="2014-08-26 22:12:51.590 JST" Interest="53.0" Kind="edit" Navigation="null" OriginId="org.eclipse.cdt.ui.editor.CEditor" StartDate="2014-08-26 21:02:45.287 JST" StructureHandle="=step1/{dm1.h" StructureKind="c/c++" NumEvents="53" CreationCount="22"/><InteractionEvent Delta="null" EndDate="2014-08-26 21:48:40.123 JST" Interest="4.0" Kind="selection" Navigation="null" OriginId="org.eclipse.cdt.ui.editor.CEditor" StartDate="2014-08-26 21:22:46.462 JST" StructureHandle="=step1/{step1.cpp[r#76" StructureKind="c/c++" NumEvents="4" CreationCount="191"/><InteractionEvent Delta="null" EndDate="2014-08-26 21:22:49.410 JST" Interest="1.0" Kind="edit" Navigation="null" OriginId="org.eclipse.cdt.ui.editor.CEditor" StartDate="2014-08-26 21:22:49.410 JST" StructureHandle="=step1/{step1.cpp[r#76" StructureKind="c/c++"/><InteractionEvent Delta="null" EndDate="2014-08-26 21:18:44.355 JST" Interest="1.0" Kind="selection" Navigation="null" OriginId="org.eclipse.ui.navigator.ProjectExplorer" StartDate="2014-08-26 21:18:44.355 JST" StructureHandle="=step1/&amp;lt;obj&amp;lt;drawstuff" StructureKind="c/c++"/><InteractionEvent Delta="null" EndDate="2014-08-26 21:18:44.731 JST" Interest="0.01700002" Kind="propagation" Navigation="org.eclipse.mylyn.core.model.edges.containment" OriginId="org.eclipse.mylyn.core.model.interest.propagation" StartDate="2014-08-26 21:18:44.731 JST" StructureHandle="=step1/&amp;lt;obj&amp;lt;drawstuff" StructureKind="c/c++"/><InteractionEvent Delta="null" EndDate="2014-08-26 22:12:49.341 JST" Interest="6.0" Kind="selection" Navigation="null" OriginId="org.eclipse.cdt.ui.editor.CEditor" StartDate="2014-08-26 21:48:21.606 JST" StructureHandle="=step1/{dm1.h[setDrawStuff#73(void\(*)\(int)(void\(*)\(int)" StructureKind="c/c++" NumEvents="6" CreationCount="352"/><InteractionEvent Delta="null" EndDate="2014-08-26 22:11:42.981 JST" Interest="2.3410006" Kind="manipulation" Navigation="null" OriginId="org.eclipse.mylyn.core.model.interest.decay.correction" StartDate="2014-08-26 22:11:42.981 JST" StructureHandle="=step1/{dm1.h[setDrawStuff#73(void\(*)\(int)(void\(*)\(int)" StructureKind="c/c++"/><InteractionEvent Delta="null" EndDate="2014-08-26 22:10:48.542 JST" Interest="1.0" Kind="selection" Navigation="null" OriginId="org.eclipse.ui.views.ContentOutline" StartDate="2014-08-26 22:10:48.542 JST" StructureHandle="=ODE_Tut_10/{main.cpp[main#74(int(char**" StructureKind="c/c++"/><InteractionEvent Delta="null" EndDate="2014-08-26 22:11:15.509 JST" Interest="12.0" Kind="edit" Navigation="null" OriginId="org.eclipse.cdt.ui.editor.CEditor" StartDate="2014-08-26 22:10:48.991 JST" StructureHandle="=ODE_Tut_10/{main.cpp[main#74(int(char**" StructureKind="c/c++" NumEvents="12" CreationCount="686"/><InteractionEvent Delta="null" EndDate="2014-08-26 22:10:20.413 JST" Interest="6.5370007" Kind="manipulation" Navigation="null" OriginId="org.eclipse.mylyn.core.model.interest.decay.correction" StartDate="2014-08-26 22:10:20.413 JST" StructureHandle="/step1/obj/myprog" StructureKind="resource"/><InteractionEvent Delta="null" EndDate="2014-08-26 22:10:20.413 JST" Interest="4.0" Kind="propagation" Navigation="null" OriginId="org.eclipse.ui.navigator.ProjectExplorer" StartDate="2014-08-26 21:18:42.132 JST" StructureHandle="/step1/obj/myprog" StructureKind="resource" NumEvents="4" CreationCount="110"/><InteractionEvent Delta="null" EndDate="2014-08-26 22:11:02.660 JST" Interest="1.0" Kind="selection" Navigation="null" OriginId="org.eclipse.ui.views.ResourceNavigator" StartDate="2014-08-26 22:11:02.660 JST" StructureHandle="=ODE_Tut_10" StructureKind="c/c++"/><InteractionEvent Delta="null" EndDate="2014-08-26 22:11:15.511 JST" Interest="46.492" Kind="propagation" Navigation="org.eclipse.mylyn.core.model.edges.containment" OriginId="org.eclipse.mylyn.core.model.interest.propagation" StartDate="2014-08-26 21:00:21.993 JST" StructureHandle="=ODE_Tut_10" StructureKind="resource" NumEvents="52" CreationCount="1"/><InteractionEvent Delta="null" EndDate="2014-08-27 11:57:10.221 JST" Interest="708.0" Kind="propagation" Navigation="null" OriginId="org.eclipse.cdt.ui.editor.CEditor" StartDate="2014-08-26 21:00:27.767 JST" StructureHandle="/step1" StructureKind="resource" NumEvents="708" CreationCount="4"/><InteractionEvent Delta="null" EndDate="2014-08-26 21:48:19.51 JST" Interest="1.0" Kind="selection" Navigation="null" OriginId="org.eclipse.cdt.ui.editor.CEditor" StartDate="2014-08-26 21:48:19.51 JST" StructureHandle="=step1/{dm1.h[R#77" StructureKind="c/c++"/><InteractionEvent Delta="null" EndDate="2014-08-26 21:21:03.375 JST" Interest="1.0" Kind="selection" Navigation="null" OriginId="org.eclipse.cdt.ui.editor.CEditor" StartDate="2014-08-26 21:21:03.375 JST" StructureHandle="=step1/{dm1.h[dsDrawTriangle#79" StructureKind="c/c++"/><InteractionEvent Delta="null" EndDate="2014-08-26 22:12:57.858 JST" Interest="1.0" Kind="selection" Navigation="null" OriginId="org.eclipse.cdt.ui.editor.CEditor" StartDate="2014-08-26 22:12:57.858 JST" StructureHandle="=step1/{dm1.cpp[dmLoop#74(int(int(void\(*)\(int)" StructureKind="c/c++"/><InteractionEvent Delta="null" EndDate="2014-08-26 22:11:15.512 JST" Interest="16.5" Kind="propagation" Navigation="org.eclipse.mylyn.core.model.edges.containment" OriginId="org.eclipse.mylyn.core.model.interest.propagation" StartDate="2014-08-26 22:10:41.139 JST" StructureHandle="=ODE_Tut_10/" StructureKind="c/c++" NumEvents="21" CreationCount="677"/><InteractionEvent Delta="null" EndDate="2014-08-26 22:10:42.949 JST" Interest="1.0" Kind="selection" Navigation="null" OriginId="org.eclipse.cdt.ui.editor.CEditor" StartDate="2014-08-26 22:10:42.949 JST" StructureHandle="=ODE_Tut_10/{main.cpp[texturepath.h#75" StructureKind="c/c++"/><InteractionEvent Delta="null" EndDate="2014-08-26 22:10:46.36 JST" Interest="1.0" Kind="edit" Navigation="null" OriginId="org.eclipse.cdt.ui.editor.CEditor" StartDate="2014-08-26 22:10:46.36 JST" StructureHandle="=ODE_Tut_10/{main.cpp[texturepath.h#75" StructureKind="c/c++"/><InteractionEvent Delta="null" EndDate="2014-08-26 21:47:59.560 JST" Interest="9.0" Kind="selection" Navigation="null" OriginId="org.eclipse.ui.navigator.ProjectExplorer" StartDate="2014-08-26 21:18:48.311 JST" StructureHandle="/step1/Debug/subdir.mk" StructureKind="resource" NumEvents="9" CreationCount="113"/><InteractionEvent Delta="null" EndDate="2014-08-26 21:47:27.37 JST" Interest="10.0" Kind="edit" Navigation="null" OriginId="org.eclipse.cdt.make.editor" StartDate="2014-08-26 21:18:48.625 JST" StructureHandle="/step1/Debug/subdir.mk" StructureKind="resource" NumEvents="10" CreationCount="113"/><InteractionEvent Delta="null" EndDate="2014-08-26 22:10:46.105 JST" Interest="1.0" Kind="propagation" Navigation="org.eclipse.mylyn.core.model.edges.containment" OriginId="org.eclipse.mylyn.core.model.interest.propagation" StartDate="2014-08-26 22:10:46.105 JST" StructureHandle="=demo" StructureKind="resource"/><InteractionEvent Delta="null" EndDate="2014-08-26 21:19:32.813 JST" Interest="6.0" Kind="selection" Navigation="null" OriginId="org.eclipse.ui.navigator.ProjectExplorer" StartDate="2014-08-26 21:17:50.527 JST" StructureHandle="/step1/Debug/makefile" StructureKind="resource" NumEvents="6" CreationCount="107"/><InteractionEvent Delta="null" EndDate="2014-08-26 22:13:30.337 JST" Interest="27.0" Kind="selection" Navigation="null" OriginId="org.eclipse.cdt.ui.editor.CEditor" StartDate="2014-08-26 21:02:23.437 JST" StructureHandle="=step1/{dm1.cpp" StructureKind="c/c++" NumEvents="27" CreationCount="16"/><InteractionEvent Delta="null" EndDate="2014-08-26 22:13:30.339 JST" Interest="32.0" Kind="edit" Navigation="null" OriginId="org.eclipse.cdt.ui.editor.CEditor" StartDate="2014-08-26 21:02:24.849 JST" StructureHandle="=step1/{dm1.cpp" StructureKind="c/c++" NumEvents="32" CreationCount="16"/><InteractionEvent Delta="null" EndDate="2014-08-26 22:11:00.181 JST" Interest="6.0" Kind="selection" Navigation="null" OriginId="org.eclipse.ui.views.ResourceNavigator" StartDate="2014-08-26 22:10:41.139 JST" StructureHandle="=ODE_Tut_10/{main.cpp" StructureKind="c/c++" NumEvents="6" CreationCount="677"/><InteractionEvent Delta="null" EndDate="2014-08-26 22:11:15.511 JST" Interest="15.0" Kind="edit" Navigation="null" OriginId="org.eclipse.cdt.ui.editor.CEditor" StartDate="2014-08-26 22:10:41.572 JST" StructureHandle="=ODE_Tut_10/{main.cpp" StructureKind="c/c++" NumEvents="15" CreationCount="677"/><InteractionEvent Delta="null" EndDate="2014-08-26 22:10:39.504 JST" Interest="4.0" Kind="selection" Navigation="null" OriginId="org.eclipse.ui.views.ResourceNavigator" StartDate="2014-08-26 21:00:21.929 JST" StructureHandle="/ODE_Tut_10/ODE_Tut_10.layout" StructureKind="resource" NumEvents="4" CreationCount="1"/><InteractionEvent Delta="null" EndDate="2014-08-26 22:10:39.504 JST" Interest="8.458" Kind="manipulation" Navigation="null" OriginId="org.eclipse.mylyn.core.model.interest.decay.correction" StartDate="2014-08-26 22:10:39.504 JST" StructureHandle="/ODE_Tut_10/ODE_Tut_10.layout" StructureKind="resource"/><InteractionEvent Delta="null" EndDate="2014-08-26 21:01:17.504 JST" Interest="1.0" Kind="selection" Navigation="null" OriginId="org.eclipse.ui.navigator.ProjectExplorer" StartDate="2014-08-26 21:01:17.504 JST" StructureHandle="/step1/step1.layout" StructureKind="resource"/><InteractionEvent Delta="null" EndDate="2014-08-27 11:57:10.221 JST" Interest="195.822" Kind="propagation" Navigation="org.eclipse.mylyn.core.model.edges.containment" OriginId="org.eclipse.mylyn.core.model.interest.propagation" StartDate="2014-08-26 21:02:23.438 JST" StructureHandle="=step1/" StructureKind="c/c++" NumEvents="295" CreationCount="16"/><InteractionEvent Delta="null" EndDate="2014-08-26 21:20:14.233 JST" Interest="5.0" Kind="selection" Navigation="null" OriginId="org.eclipse.cdt.ui.editor.CEditor" StartDate="2014-08-26 21:02:42.541 JST" StructureHandle="=step1/{dm1.cpp[start#74" StructureKind="c/c++" NumEvents="5" CreationCount="20"/><InteractionEvent Delta="null" EndDate="2014-08-26 21:20:16.238 JST" Interest="1.0" Kind="edit" Navigation="null" OriginId="org.eclipse.cdt.ui.editor.CEditor" StartDate="2014-08-26 21:20:16.238 JST" StructureHandle="=step1/{dm1.cpp[start#74" StructureKind="c/c++"/><InteractionEvent Delta="null" EndDate="2014-08-26 21:25:33.245 JST" Interest="1.0" Kind="prediction" Navigation="null" OriginId="org.eclipse.mylyn.resources.ui.interest.updater" StartDate="2014-08-26 21:25:33.245 JST" StructureHandle="/ODE_Tut_10/ODE_Tut_10.depend" StructureKind="resource"/><InteractionEvent Delta="null" EndDate="2014-08-26 21:48:17.472 JST" Interest="3.0" Kind="selection" Navigation="null" OriginId="org.eclipse.cdt.ui.editor.CEditor" StartDate="2014-08-26 21:02:45.274 JST" StructureHandle="=step1/{dm1.h[ode\/ode.h#75" StructureKind="c/c++" NumEvents="3" CreationCount="24"/><InteractionEvent Delta="null" EndDate="2014-08-26 21:48:17.472 JST" Interest="3.4910002" Kind="manipulation" Navigation="null" OriginId="org.eclipse.mylyn.core.model.interest.decay.correction" StartDate="2014-08-26 21:48:17.472 JST" StructureHandle="=step1/{dm1.h[ode\/ode.h#75" StructureKind="c/c++"/><InteractionEvent Delta="null" EndDate="2014-08-26 22:10:46.105 JST" Interest="1.0" Kind="propagation" Navigation="null" OriginId="org.eclipse.ui.views.ContentOutline" StartDate="2014-08-26 22:10:46.105 JST" StructureHandle="/demo/demo_buggy.cpp" StructureKind="resource"/><InteractionEvent Delta="null" EndDate="2014-08-26 22:33:04.580 JST" Interest="767.0" Kind="propagation" Navigation="null" OriginId="org.eclipse.cdt.ui.editor.CEditor" StartDate="2014-08-26 21:00:21.994 JST" StructureHandle="/" StructureKind="resource" NumEvents="767" CreationCount="1"/><InteractionEvent Delta="null" EndDate="2014-08-26 21:22:34.611 JST" Interest="1.125" Kind="manipulation" Navigation="null" OriginId="org.eclipse.mylyn.core.model.interest.decay.correction" StartDate="2014-08-26 21:22:34.611 JST" StructureHandle="/step1/step1.cpp" StructureKind="resource"/><InteractionEvent Delta="null" EndDate="2014-08-27 11:57:10.220 JST" Interest="406.0" Kind="propagation" Navigation="null" OriginId="org.eclipse.cdt.ui.editor.CEditor" StartDate="2014-08-26 21:04:51.810 JST" StructureHandle="/step1/step1.cpp" StructureKind="resource" NumEvents="406" CreationCount="58"/><InteractionEvent Delta="null" EndDate="2014-08-26 22:32:46.480 JST" Interest="6.0" Kind="selection" Navigation="null" OriginId="org.eclipse.cdt.ui.editor.CEditor" StartDate="2014-08-26 21:43:58.729 JST" StructureHandle="=step1/{step1.cpp[main#74" StructureKind="c/c++" NumEvents="6" CreationCount="280"/><InteractionEvent Delta="null" EndDate="2014-08-26 22:11:32.666 JST" Interest="1.0" Kind="edit" Navigation="null" OriginId="org.eclipse.cdt.ui.editor.CEditor" StartDate="2014-08-26 22:11:32.666 JST" StructureHandle="=step1/{step1.cpp[main#74" StructureKind="c/c++"/><InteractionEvent Delta="null" EndDate="2014-08-26 22:11:30.477 JST" Interest="5.4800005" Kind="manipulation" Navigation="null" OriginId="org.eclipse.mylyn.core.model.interest.decay.correction" StartDate="2014-08-26 22:10:02.108 JST" StructureHandle="=step1/{step1.cpp[main#74" StructureKind="c/c++" NumEvents="2" CreationCount="280"/><InteractionEvent Delta="null" EndDate="2014-08-26 21:40:42.879 JST" Interest="3.0" Kind="propagation" Navigation="null" OriginId="org.eclipse.mylyn.resources.ui.interest.updater" StartDate="2014-08-26 21:18:42.132 JST" StructureHandle="/step1/obj/myprog/step1" StructureKind="resource" NumEvents="3" CreationCount="110"/><InteractionEvent Delta="null" EndDate="2014-08-26 22:13:30.339 JST" Interest="75.0" Kind="propagation" Navigation="null" OriginId="org.eclipse.cdt.ui.editor.CEditor" StartDate="2014-08-26 21:02:23.438 JST" StructureHandle="/step1/dm1.cpp" StructureKind="resource" NumEvents="75" CreationCount="16"/><InteractionEvent Delta="null" EndDate="2014-08-26 22:10:46.74 JST" Interest="1.0" Kind="selection" Navigation="null" OriginId="org.eclipse.ui.views.ContentOutline" StartDate="2014-08-26 22:10:46.74 JST" StructureHandle="=demo{demo_buggy.cpp[main#74(int(char**" StructureKind="c/c++"/><InteractionEvent Delta="null" EndDate="2014-08-26 21:18:42.131 JST" Interest="1.0" Kind="selection" Navigation="null" OriginId="org.eclipse.ui.navigator.ProjectExplorer" StartDate="2014-08-26 21:18:42.131 JST" StructureHandle="=step1/&amp;lt;obj&amp;lt;myprog&amp;lt;step1" StructureKind="c/c++"/><InteractionEvent Delta="null" EndDate="2014-08-26 21:40:42.879 JST" Interest="2.4480002" Kind="propagation" Navigation="org.eclipse.mylyn.core.model.edges.containment" OriginId="org.eclipse.mylyn.core.model.interest.propagation" StartDate="2014-08-26 21:25:36.813 JST" StructureHandle="=step1/&amp;lt;obj&amp;lt;myprog&amp;lt;step1" StructureKind="c/c++" NumEvents="2" CreationCount="110"/><InteractionEvent Delta="null" EndDate="2014-08-26 21:59:17.812 JST" Interest="1.0" Kind="selection" Navigation="null" OriginId="org.eclipse.cdt.ui.editor.CEditor" StartDate="2014-08-26 21:59:17.812 JST" StructureHandle="=step1/{step1.cpp[i#76" StructureKind="c/c++"/><InteractionEvent Delta="null" EndDate="2014-08-26 22:12:51.590 JST" Interest="100.0" Kind="propagation" Navigation="null" OriginId="org.eclipse.cdt.ui.editor.CEditor" StartDate="2014-08-26 21:02:45.13 JST" StructureHandle="/step1/dm1.h" StructureKind="resource" NumEvents="100" CreationCount="22"/><InteractionEvent Delta="null" EndDate="2014-08-26 21:18:44.731 JST" Interest="1.0" Kind="propagation" Navigation="null" OriginId="org.eclipse.ui.navigator.ProjectExplorer" StartDate="2014-08-26 21:18:44.731 JST" StructureHandle="/step1/obj/drawstuff/src" StructureKind="resource"/><InteractionEvent Delta="null" EndDate="2014-08-26 21:25:36.813 JST" Interest="1.0" Kind="prediction" Navigation="null" OriginId="org.eclipse.mylyn.resources.ui.interest.updater" StartDate="2014-08-26 21:25:36.813 JST" StructureHandle="/step1/obj/myprog/step1/dm1.o" StructureKind="resource"/><InteractionEvent Delta="null" EndDate="2014-08-26 22:10:20.413 JST" Interest="10.622001" Kind="propagation" Navigation="org.eclipse.mylyn.core.model.edges.containment" OriginId="org.eclipse.mylyn.core.model.interest.propagation" StartDate="2014-08-26 21:17:47.925 JST" StructureHandle="/step1/obj" StructureKind="resource" NumEvents="8" CreationCount="105"/><InteractionEvent Delta="null" EndDate="2014-08-26 21:26:03.124 JST" Interest="2.0" Kind="selection" Navigation="null" OriginId="org.eclipse.ui.navigator.ProjectExplorer" StartDate="2014-08-26 21:17:47.925 JST" StructureHandle="=step1/&amp;lt;obj" StructureKind="c/c++" NumEvents="2" CreationCount="105"/><InteractionEvent Delta="null" EndDate="2014-08-26 22:10:20.413 JST" Interest="8.6050005" Kind="propagation" Navigation="org.eclipse.mylyn.core.model.edges.containment" OriginId="org.eclipse.mylyn.core.model.interest.propagation" StartDate="2014-08-26 21:18:42.132 JST" StructureHandle="=step1/&amp;lt;obj" StructureKind="c/c++" NumEvents="5" CreationCount="105"/><InteractionEvent Delta="null" EndDate="2014-08-26 22:32:49.878 JST" Interest="6.0" Kind="selection" Navigation="null" OriginId="org.eclipse.cdt.ui.editor.CEditor" StartDate="2014-08-26 21:59:27.996 JST" StructureHandle="=step1/{step1.cpp[simLoop#74(int" StructureKind="c/c++" NumEvents="6" CreationCount="572"/><InteractionEvent Delta="null" EndDate="2014-08-27 11:57:05.721 JST" Interest="50.0" Kind="edit" Navigation="null" OriginId="org.eclipse.cdt.ui.editor.CEditor" StartDate="2014-08-26 21:59:31.148 JST" StructureHandle="=step1/{step1.cpp[simLoop#74(int" StructureKind="c/c++" NumEvents="50" CreationCount="572"/><InteractionEvent Delta="null" EndDate="2014-08-26 21:40:42.879 JST" Interest="1.0" Kind="prediction" Navigation="null" OriginId="org.eclipse.mylyn.resources.ui.interest.updater" StartDate="2014-08-26 21:40:42.879 JST" StructureHandle="/step1/obj/myprog/step1/step1.o" StructureKind="resource"/><InteractionEvent Delta="null" EndDate="2014-08-26 22:11:15.511 JST" Interest="36.0" Kind="propagation" Navigation="null" OriginId="org.eclipse.cdt.ui.editor.CEditor" StartDate="2014-08-26 22:10:41.139 JST" StructureHandle="/ODE_Tut_10/main.cpp" StructureKind="resource" NumEvents="36" CreationCount="677"/><InteractionEvent Delta="null" EndDate="2014-08-26 21:58:51.101 JST" Interest="1.0" Kind="selection" Navigation="null" OriginId="org.eclipse.cdt.ui.editor.CEditor" StartDate="2014-08-26 21:58:51.101 JST" StructureHandle="=step1/{step1.cpp[math.h&amp;#x09;#75" StructureKind="c/c++"/><InteractionEvent Delta="null" EndDate="2014-08-26 21:52:19.21 JST" Interest="1.0" Kind="prediction" Navigation="null" OriginId="org.eclipse.mylyn.resources.ui.interest.updater" StartDate="2014-08-26 21:52:19.21 JST" StructureHandle="/step1/step1.depend" StructureKind="resource"/><InteractionEvent Delta="null" EndDate="2014-08-26 21:25:36.815 JST" Interest="1.0" Kind="propagation" Navigation="null" OriginId="org.eclipse.mylyn.resources.ui.interest.updater" StartDate="2014-08-26 21:25:36.815 JST" StructureHandle="/step1/step1.depend" StructureKind="resource"/><InteractionEvent Delta="null" EndDate="2014-08-26 21:18:44.731 JST" Interest="1.017" Kind="propagation" Navigation="org.eclipse.mylyn.core.model.edges.containment" OriginId="org.eclipse.mylyn.core.model.interest.propagation" StartDate="2014-08-26 21:18:44.355 JST" StructureHandle="/step1/obj/drawstuff" StructureKind="resource" NumEvents="2" CreationCount="111"/><InteractionEvent Delta="null" EndDate="2014-08-26 21:02:24.839 JST" Interest="1.0" Kind="selection" Navigation="null" OriginId="org.eclipse.cdt.ui.editor.CEditor" StartDate="2014-08-26 21:02:24.839 JST" StructureHandle="=step1/{dm1.cpp[dm1.h#75" StructureKind="c/c++"/><InteractionEvent Delta="null" EndDate="2014-08-26 22:11:15.512 JST" Interest="65.0" Kind="propagation" Navigation="null" OriginId="org.eclipse.cdt.ui.editor.CEditor" StartDate="2014-08-26 21:00:21.993 JST" StructureHandle="/ODE_Tut_10" StructureKind="resource" NumEvents="65" CreationCount="1"/><InteractionEvent Delta="null" EndDate="2014-08-26 22:12:54.949 JST" Interest="6.0" Kind="selection" Navigation="null" OriginId="org.eclipse.cdt.ui.editor.CEditor" StartDate="2014-08-26 21:48:08.408 JST" StructureHandle="=step1/{dm1.cpp[setDrawStuff#74(void\(*)\(int)" StructureKind="c/c++" NumEvents="6" CreationCount="344"/><InteractionEvent Delta="null" EndDate="2014-08-26 21:51:13.504 JST" Interest="2.0" Kind="edit" Navigation="null" OriginId="org.eclipse.cdt.ui.editor.CEditor" StartDate="2014-08-26 21:49:55.971 JST" StructureHandle="=step1/{dm1.cpp[setDrawStuff#74(void\(*)\(int)" StructureKind="c/c++" NumEvents="2" CreationCount="344"/><InteractionEvent Delta="null" EndDate="2014-08-26 22:11:47.360 JST" Interest="1.1280003" Kind="manipulation" Navigation="null" OriginId="org.eclipse.mylyn.core.model.interest.decay.correction" StartDate="2014-08-26 22:11:47.360 JST" StructureHandle="=step1/{dm1.cpp[setDrawStuff#74(void\(*)\(int)" StructureKind="c/c++"/><InteractionEvent Delta="null" EndDate="2014-08-26 21:45:34.816 JST" Interest="1.0" Kind="selection" Navigation="null" OriginId="org.eclipse.ui.navigator.ProjectExplorer" StartDate="2014-08-26 21:45:34.816 JST" StructureHandle="/step1/Debug/objects.mk" StructureKind="resource"/><InteractionEvent Delta="null" EndDate="2014-08-26 22:11:00.273 JST" Interest="1.0" Kind="selection" Navigation="null" OriginId="org.eclipse.ui.views.ResourceNavigator" StartDate="2014-08-26 22:11:00.273 JST" StructureHandle="/ODE_Tut_10/ODE_Tut_10.cbp.orig" StructureKind="resource"/><InteractionEvent Delta="null" EndDate="2014-08-26 21:17:48.362 JST" Interest="1.0" Kind="selection" Navigation="null" OriginId="org.eclipse.ui.navigator.ProjectExplorer" StartDate="2014-08-26 21:17:48.362 JST" StructureHandle="=step1/&amp;lt;Debug" StructureKind="c/c++"/><InteractionEvent Delta="null" EndDate="2014-08-26 21:47:59.561 JST" Interest="15.1189995" Kind="propagation" Navigation="org.eclipse.mylyn.core.model.edges.containment" OriginId="org.eclipse.mylyn.core.model.interest.propagation" StartDate="2014-08-26 21:17:50.527 JST" StructureHandle="=step1/&amp;lt;Debug" StructureKind="c/c++" NumEvents="19" CreationCount="106"/><InteractionEvent Delta="null" EndDate="2014-08-26 21:18:44.731 JST" Interest="1.0" Kind="selection" Navigation="null" OriginId="org.eclipse.ui.navigator.ProjectExplorer" StartDate="2014-08-26 21:18:44.731 JST" StructureHandle="=step1/&amp;lt;obj&amp;lt;drawstuff&amp;lt;src" StructureKind="c/c++"/><InteractionEvent Delta="null" EndDate="2014-08-26 21:47:59.561 JST" Interest="38.0" Kind="propagation" Navigation="null" OriginId="org.eclipse.ui.navigator.ProjectExplorer" StartDate="2014-08-26 21:17:48.362 JST" StructureHandle="/step1/Debug" StructureKind="resource" NumEvents="38" CreationCount="106"/><InteractionEvent Delta="null" EndDate="2014-08-26 22:10:46.105 JST" Interest="1.0" Kind="propagation" Navigation="org.eclipse.mylyn.core.model.edges.containment" OriginId="org.eclipse.mylyn.core.model.interest.propagation" StartDate="2014-08-26 22:10:46.105 JST" StructureHandle="=demo{demo_buggy.cpp" StructureKind="c/c++"/><InteractionEvent Delta="null" EndDate="2014-08-26 21:51:01.714 JST" Interest="1.0" Kind="selection" Navigation="null" OriginId="org.eclipse.search.ui.views.SearchView" StartDate="2014-08-26 21:51:01.714 JST" StructureHandle="/step1/step1.exe" StructureKind="resource"/><InteractionEvent Delta="null" EndDate="2014-08-26 22:10:02.662 JST" Interest="4.0" Kind="prediction" Navigation="null" OriginId="org.eclipse.mylyn.resources.ui.interest.updater" StartDate="2014-08-26 21:40:42.320 JST" StructureHandle="/step1/step1.exe" StructureKind="resource" NumEvents="4" CreationCount="254"/><InteractionEvent Delta="null" EndDate="2014-08-26 21:51:01.714 JST" Interest="1.6010001" Kind="manipulation" Navigation="null" OriginId="org.eclipse.mylyn.core.model.interest.decay.correction" StartDate="2014-08-26 21:51:01.714 JST" StructureHandle="/step1/step1.exe" StructureKind="resource"/><InteractionEvent Delta="null" EndDate="2014-08-26 21:51:04.591 JST" Interest="2.0" Kind="selection" Navigation="null" OriginId="org.eclipse.cdt.ui.editor.CEditor" StartDate="2014-08-26 21:49:37.220 JST" StructureHandle="=step1/{dm1.h[dsDrawSphere#79" StructureKind="c/c++" NumEvents="2" CreationCount="394"/><InteractionEvent Delta="null" EndDate="2014-08-26 21:49:39.590 JST" Interest="1.0" Kind="edit" Navigation="null" OriginId="org.eclipse.cdt.ui.editor.CEditor" StartDate="2014-08-26 21:49:39.590 JST" StructureHandle="=step1/{dm1.h[dsDrawSphere#79" StructureKind="c/c++"/><InteractionEvent Delta="null" EndDate="2014-08-26 22:10:20.413 JST" Interest="1.0" Kind="selection" Navigation="null" OriginId="org.eclipse.ui.navigator.ProjectExplorer" StartDate="2014-08-26 22:10:20.413 JST" StructureHandle="=step1/&amp;lt;obj&amp;lt;myprog" StructureKind="c/c++"/><InteractionEvent Delta="null" EndDate="2014-08-26 22:10:20.413 JST" Interest="6.0720005" Kind="manipulation" Navigation="null" OriginId="org.eclipse.mylyn.core.model.interest.decay.correction" StartDate="2014-08-26 22:10:20.413 JST" StructureHandle="=step1/&amp;lt;obj&amp;lt;myprog" StructureKind="c/c++"/><InteractionEvent Delta="null" EndDate="2014-08-26 21:40:42.879 JST" Interest="3.4480002" Kind="propagation" Navigation="org.eclipse.mylyn.core.model.edges.containment" OriginId="org.eclipse.mylyn.core.model.interest.propagation" StartDate="2014-08-26 21:18:42.132 JST" StructureHandle="=step1/&amp;lt;obj&amp;lt;myprog" StructureKind="c/c++" NumEvents="3" CreationCount="110"/><InteractionEvent Delta="null" EndDate="2014-08-26 21:47:59.728 JST" Interest="30.0" Kind="selection" Navigation="null" OriginId="org.eclipse.ui.navigator.ProjectExplorer" StartDate="2014-08-26 21:00:27.767 JST" StructureHandle="=step1" StructureKind="c/c++" NumEvents="30" CreationCount="4"/><InteractionEvent Delta="null" EndDate="2014-08-27 11:57:10.220 JST" Interest="378.043" Kind="propagation" Navigation="org.eclipse.mylyn.core.model.edges.containment" OriginId="org.eclipse.mylyn.core.model.interest.propagation" StartDate="2014-08-26 21:00:31.78 JST" StructureHandle="=step1" StructureKind="resource" NumEvents="385" CreationCount="4"/><InteractionEvent Delta="null" EndDate="2014-08-26 21:45:40.366 JST" Interest="7.0" Kind="selection" Navigation="null" OriginId="org.eclipse.ui.navigator.ProjectExplorer" StartDate="2014-08-26 21:19:14.819 JST" StructureHandle="/step1/Debug/sources.mk" StructureKind="resource" NumEvents="7" CreationCount="121"/><InteractionEvent Delta="null" EndDate="2014-08-26 21:45:37.804 JST" Interest="4.0" Kind="edit" Navigation="null" OriginId="org.eclipse.cdt.make.editor" StartDate="2014-08-26 21:19:15.23 JST" StructureHandle="/step1/Debug/sources.mk" StructureKind="resource" NumEvents="4" CreationCount="121"/><InteractionEvent Delta="null" EndDate="2014-08-27 11:57:10.215 JST" Interest="40.0" Kind="selection" Navigation="null" OriginId="org.eclipse.cdt.ui.editor.CEditor" StartDate="2014-08-26 21:04:51.809 JST" StructureHandle="=step1/{step1.cpp" StructureKind="c/c++" NumEvents="40" CreationCount="58"/><InteractionEvent Delta="null" EndDate="2014-08-27 11:57:10.219 JST" Interest="220.0" Kind="edit" Navigation="null" OriginId="org.eclipse.cdt.ui.editor.CEditor" StartDate="2014-08-26 21:22:34.920 JST" StructureHandle="=step1/{step1.cpp" StructureKind="c/c++" NumEvents="220" CreationCount="58"/><InteractionEvent Delta="null" EndDate="2014-08-26 21:22:34.611 JST" Interest="1.108" Kind="manipulation" Navigation="null" OriginId="org.eclipse.mylyn.core.model.interest.decay.correction" StartDate="2014-08-26 21:22:34.611 JST" StructureHandle="=step1/{step1.cpp" StructureKind="c/c++"/></InteractionHistory>