<?xml version="1.0" encoding="UTF-8"?><InteractionHistory Id="local-55" Version="1"><InteractionEvent Delta="null" EndDate="2014-10-01 08:29:21.761 JST" Interest="135.734" Kind="propagation" Navigation="org.eclipse.mylyn.core.model.edges.containment" OriginId="org.eclipse.mylyn.core.model.interest.propagation" StartDate="2014-10-01 07:38:30.932 JST" StructureHandle="" StructureKind="c/c++" NumEvents="196" CreationCount="1"/><InteractionEvent Delta="null" EndDate="2014-10-01 07:49:43.64 JST" Interest="1.0" Kind="propagation" Navigation="null" OriginId="org.eclipse.mylyn.resources.ui.interest.updater" StartDate="2014-10-01 07:49:43.64 JST" StructureHandle="/Cake_NR5/app/View/Admins/edit.ctp" StructureKind="resource"/><InteractionEvent Delta="null" EndDate="2014-10-01 08:29:23.655 JST" Interest="10.0" Kind="selection" Navigation="null" OriginId="org.eclipse.php.editor" StartDate="2014-10-01 07:49:44.727 JST" StructureHandle="/Cake_NR5/app/View/Admins/edit.ctp" StructureKind="resource" NumEvents="10" CreationCount="134"/><InteractionEvent Delta="null" EndDate="2014-10-01 08:29:30.371 JST" Interest="52.0" Kind="edit" Navigation="null" OriginId="org.eclipse.php.editor" StartDate="2014-10-01 07:49:44.997 JST" StructureHandle="/Cake_NR5/app/View/Admins/edit.ctp" StructureKind="resource" NumEvents="52" CreationCount="134"/><InteractionEvent Delta="null" EndDate="2014-10-01 08:13:49.750 JST" Interest="24.294" Kind="propagation" Navigation="org.eclipse.mylyn.core.model.edges.containment" OriginId="org.eclipse.mylyn.core.model.interest.propagation" StartDate="2014-10-01 07:48:16.258 JST" StructureHandle="=CR6_cake" StructureKind="c/c++" NumEvents="33" CreationCount="129"/><InteractionEvent Delta="null" EndDate="2014-10-01 08:43:04.689 JST" Interest="82.517" Kind="propagation" Navigation="org.eclipse.mylyn.core.model.edges.containment" OriginId="org.eclipse.mylyn.core.model.interest.propagation" StartDate="2014-10-01 07:38:50.846 JST" StructureHandle="/Cake_NR5/app/View/Admins" StructureKind="resource" NumEvents="117" CreationCount="11"/><InteractionEvent Delta="null" EndDate="2014-10-01 07:49:42.127 JST" Interest="3.0" Kind="selection" Navigation="null" OriginId="org.eclipse.ui.views.ResourceNavigator" StartDate="2014-10-01 07:38:47.961 JST" StructureHandle="/Cake_NR5/app/View/Admins" StructureKind="resource" NumEvents="3" CreationCount="11"/><InteractionEvent Delta="null" EndDate="2014-10-01 08:12:35.47 JST" Interest="4.0" Kind="selection" Navigation="null" OriginId="org.eclipse.ui.views.ResourceNavigator" StartDate="2014-10-01 08:05:04.889 JST" StructureHandle="/Cake_NR5/app/Controller/TEMPLATEController.php" StructureKind="resource" NumEvents="4" CreationCount="243"/><InteractionEvent Delta="null" EndDate="2014-10-01 08:05:10.623 JST" Interest="4.0" Kind="edit" Navigation="null" OriginId="org.eclipse.php.editor" StartDate="2014-10-01 08:05:04.945 JST" StructureHandle="/Cake_NR5/app/Controller/TEMPLATEController.php" StructureKind="resource" NumEvents="4" CreationCount="243"/><InteractionEvent Delta="null" EndDate="2014-10-01 07:38:44.972 JST" Interest="1.0" Kind="selection" Navigation="null" OriginId="org.eclipse.ui.views.ResourceNavigator" StartDate="2014-10-01 07:38:44.972 JST" StructureHandle="/Cake_NR5/app/Controller/PagesController.php" StructureKind="resource"/><InteractionEvent Delta="null" EndDate="2014-10-01 08:15:21.928 JST" Interest="54.0" Kind="propagation" Navigation="null" OriginId="org.eclipse.php.editor" StartDate="2014-10-01 07:48:16.258 JST" StructureHandle="/CR6_cake" StructureKind="resource" NumEvents="54" CreationCount="129"/><InteractionEvent Delta="null" EndDate="2014-10-01 08:43:04.691 JST" Interest="474.0" Kind="propagation" Navigation="null" OriginId="org.eclipse.php.editor" StartDate="2014-10-01 07:38:30.932 JST" StructureHandle="/Cake_NR5" StructureKind="resource" NumEvents="474" CreationCount="1"/><InteractionEvent Delta="null" EndDate="2014-10-01 08:12:33.781 JST" Interest="2.0" Kind="selection" Navigation="null" OriginId="org.eclipse.ui.views.ResourceNavigator" StartDate="2014-10-01 08:10:50.995 JST" StructureHandle="/Cake_NR5/app/Controller/CategorysController.php" StructureKind="resource" NumEvents="2" CreationCount="355"/><InteractionEvent Delta="null" EndDate="2014-10-01 08:43:04.690 JST" Interest="84.534004" Kind="propagation" Navigation="org.eclipse.mylyn.core.model.edges.containment" OriginId="org.eclipse.mylyn.core.model.interest.propagation" StartDate="2014-10-01 07:38:47.961 JST" StructureHandle="/Cake_NR5/app/View" StructureKind="resource" NumEvents="126" CreationCount="10"/><InteractionEvent Delta="null" EndDate="2014-10-01 07:38:46.987 JST" Interest="1.0" Kind="selection" Navigation="null" OriginId="org.eclipse.ui.views.ResourceNavigator" StartDate="2014-10-01 07:38:46.987 JST" StructureHandle="/Cake_NR5/app/View" StructureKind="resource"/><InteractionEvent Delta="null" EndDate="2014-10-01 07:43:57.312 JST" Interest="7.6510005" Kind="propagation" Navigation="org.eclipse.mylyn.core.model.edges.containment" OriginId="org.eclipse.mylyn.core.model.interest.propagation" StartDate="2014-10-01 07:43:20.74 JST" StructureHandle="/Cake_NR5/app/View/Elements" StructureKind="resource" NumEvents="13" CreationCount="70"/><InteractionEvent Delta="null" EndDate="2014-10-01 07:50:04.526 JST" Interest="2.0" Kind="selection" Navigation="null" OriginId="org.eclipse.ui.views.ResourceNavigator" StartDate="2014-10-01 07:43:19.152 JST" StructureHandle="/Cake_NR5/app/View/Elements" StructureKind="resource" NumEvents="2" CreationCount="70"/><InteractionEvent Delta="null" EndDate="2014-10-01 07:43:57.311 JST" Interest="3.0" Kind="selection" Navigation="null" OriginId="org.eclipse.ui.views.ResourceNavigator" StartDate="2014-10-01 07:43:21.133 JST" StructureHandle="/Cake_NR5/app/View/Elements/admins/index_t_headers.ctp" StructureKind="resource" NumEvents="3" CreationCount="73"/><InteractionEvent Delta="null" EndDate="2014-10-01 07:43:31.953 JST" Interest="8.0" Kind="edit" Navigation="null" OriginId="org.eclipse.php.editor" StartDate="2014-10-01 07:43:21.544 JST" StructureHandle="/Cake_NR5/app/View/Elements/admins/index_t_headers.ctp" StructureKind="resource" NumEvents="8" CreationCount="73"/><InteractionEvent Delta="null" EndDate="2014-10-01 07:43:57.311 JST" Interest="7.6340003" Kind="propagation" Navigation="org.eclipse.mylyn.core.model.edges.containment" OriginId="org.eclipse.mylyn.core.model.interest.propagation" StartDate="2014-10-01 07:43:20.590 JST" StructureHandle="/Cake_NR5/app/View/Elements/admins" StructureKind="resource" NumEvents="12" CreationCount="71"/><InteractionEvent Delta="null" EndDate="2014-10-01 07:43:20.73 JST" Interest="1.0" Kind="selection" Navigation="null" OriginId="org.eclipse.ui.views.ResourceNavigator" StartDate="2014-10-01 07:43:20.73 JST" StructureHandle="/Cake_NR5/app/View/Elements/admins" StructureKind="resource"/><InteractionEvent Delta="null" EndDate="2014-10-01 07:50:47.718 JST" Interest="5.0" Kind="selection" Navigation="null" OriginId="org.eclipse.php.editor" StartDate="2014-10-01 07:45:46.568 JST" StructureHandle="/Cake_NR5/app/View/Admins/add.ctp" StructureKind="resource" NumEvents="5" CreationCount="98"/><InteractionEvent Delta="null" EndDate="2014-10-01 07:51:13.943 JST" Interest="37.0" Kind="edit" Navigation="null" OriginId="org.eclipse.php.editor" StartDate="2014-10-01 07:45:46.602 JST" StructureHandle="/Cake_NR5/app/View/Admins/add.ctp" StructureKind="resource" NumEvents="37" CreationCount="98"/><InteractionEvent Delta="null" EndDate="2014-10-01 08:29:21.760 JST" Interest="134.734" Kind="propagation" Navigation="org.eclipse.mylyn.core.model.edges.containment" OriginId="org.eclipse.mylyn.core.model.interest.propagation" StartDate="2014-10-01 07:38:34.199 JST" StructureHandle="/Cake_NR5/app" StructureKind="resource" NumEvents="196" CreationCount="1"/><InteractionEvent Delta="null" EndDate="2014-10-01 07:38:30.903 JST" Interest="1.0" Kind="selection" Navigation="null" OriginId="org.eclipse.ui.views.ResourceNavigator" StartDate="2014-10-01 07:38:30.903 JST" StructureHandle="/Cake_NR5/app" StructureKind="resource"/><InteractionEvent Delta="null" EndDate="2014-10-01 08:04:59.510 JST" Interest="2.0" Kind="selection" Navigation="null" OriginId="org.eclipse.ui.views.ResourceNavigator" StartDate="2014-10-01 08:03:25.673 JST" StructureHandle="/Cake_NR5/app/View/Articles" StructureKind="resource" NumEvents="2" CreationCount="210"/><InteractionEvent Delta="null" EndDate="2014-10-01 07:49:39.401 JST" Interest="2.0" Kind="selection" Navigation="null" OriginId="org.eclipse.ui.views.ResourceNavigator" StartDate="2014-10-01 07:48:00.203 JST" StructureHandle="/Cake_NR5/app/View/Layouts" StructureKind="resource" NumEvents="2" CreationCount="128"/><InteractionEvent Delta="null" EndDate="2014-10-01 07:43:57.630 JST" Interest="1.0" Kind="selection" Navigation="null" OriginId="org.eclipse.ui.views.ResourceNavigator" StartDate="2014-10-01 07:43:57.630 JST" StructureHandle="/Cake_NR5/test.php" StructureKind="resource"/><InteractionEvent Delta="null" EndDate="2014-10-01 08:05:01.761 JST" Interest="4.0" Kind="selection" Navigation="null" OriginId="org.eclipse.ui.views.ResourceNavigator" StartDate="2014-10-01 07:43:12.592 JST" StructureHandle="/Cake_NR5/app/View/Admins/index.ctp" StructureKind="resource" NumEvents="4" CreationCount="64"/><InteractionEvent Delta="null" EndDate="2014-10-01 07:43:13.179 JST" Interest="2.0" Kind="edit" Navigation="null" OriginId="org.eclipse.php.editor" StartDate="2014-10-01 07:43:12.623 JST" StructureHandle="/Cake_NR5/app/View/Admins/index.ctp" StructureKind="resource" NumEvents="2" CreationCount="64"/><InteractionEvent Delta="null" EndDate="2014-10-01 08:15:21.927 JST" Interest="13.859" Kind="propagation" Navigation="org.eclipse.mylyn.core.model.edges.containment" OriginId="org.eclipse.mylyn.core.model.interest.propagation" StartDate="2014-10-01 07:48:16.257 JST" StructureHandle="/CR6_cake/app/View" StructureKind="resource" NumEvents="19" CreationCount="129"/><InteractionEvent Delta="null" EndDate="2014-10-01 07:45:39.230 JST" Interest="1.0" Kind="selection" Navigation="null" OriginId="org.eclipse.ui.views.ResourceNavigator" StartDate="2014-10-01 07:45:39.230 JST" StructureHandle="/Cake_NR5/.git" StructureKind="resource"/><InteractionEvent Delta="null" EndDate="2014-10-01 08:03:25.83 JST" Interest="0.05400002" Kind="manipulation" Navigation="null" OriginId="org.eclipse.mylyn.core.model.interest.decay.correction" StartDate="2014-10-01 08:03:25.83 JST" StructureHandle="/Cake_NR5/app/View/Helper" StructureKind="resource"/><InteractionEvent Delta="null" EndDate="2014-10-01 08:03:25.83 JST" Interest="2.0" Kind="selection" Navigation="null" OriginId="org.eclipse.ui.views.ResourceNavigator" StartDate="2014-10-01 07:50:13.44 JST" StructureHandle="/Cake_NR5/app/View/Helper" StructureKind="resource" NumEvents="2" CreationCount="146"/><InteractionEvent Delta="null" EndDate="2014-10-01 07:50:12.445 JST" Interest="1.0" Kind="selection" Navigation="null" OriginId="org.eclipse.ui.views.ResourceNavigator" StartDate="2014-10-01 07:50:12.445 JST" StructureHandle="/Cake_NR5/app/View/Historys" StructureKind="resource"/><InteractionEvent Delta="null" EndDate="2014-10-01 07:50:02.822 JST" Interest="1.0" Kind="selection" Navigation="null" OriginId="org.eclipse.ui.views.ResourceNavigator" StartDate="2014-10-01 07:50:02.822 JST" StructureHandle="/Cake_NR5/app/View/Elements/empty" StructureKind="resource"/><InteractionEvent Delta="null" EndDate="2014-10-01 08:16:38.688 JST" Interest="16.0" Kind="selection" Navigation="null" OriginId="org.eclipse.php.editor" StartDate="2014-10-01 07:38:36.734 JST" StructureHandle="/Cake_NR5/app/Controller/AdminsController.php" StructureKind="resource" NumEvents="16" CreationCount="3"/><InteractionEvent Delta="null" EndDate="2014-10-01 08:29:21.759 JST" Interest="171.0" Kind="edit" Navigation="null" OriginId="org.eclipse.php.editor" StartDate="2014-10-01 07:38:42.700 JST" StructureHandle="/Cake_NR5/app/Controller/AdminsController.php" StructureKind="resource" NumEvents="171" CreationCount="3"/><InteractionEvent Delta="null" EndDate="2014-10-01 08:13:20.995 JST" Interest="4.0" Kind="selection" Navigation="null" OriginId="org.eclipse.php.editor" StartDate="2014-10-01 08:03:36.70 JST" StructureHandle="/CR6_cake/app/Controller/TextsController.php" StructureKind="resource" NumEvents="4" CreationCount="211"/><InteractionEvent Delta="null" EndDate="2014-10-01 08:13:49.748 JST" Interest="27.0" Kind="edit" Navigation="null" OriginId="org.eclipse.php.editor" StartDate="2014-10-01 08:03:36.322 JST" StructureHandle="/CR6_cake/app/Controller/TextsController.php" StructureKind="resource" NumEvents="27" CreationCount="211"/><InteractionEvent Delta="null" EndDate="2014-10-01 08:15:21.927 JST" Interest="13.859" Kind="propagation" Navigation="org.eclipse.mylyn.core.model.edges.containment" OriginId="org.eclipse.mylyn.core.model.interest.propagation" StartDate="2014-10-01 07:48:16.257 JST" StructureHandle="/CR6_cake/app/View/Texts" StructureKind="resource" NumEvents="19" CreationCount="129"/><InteractionEvent Delta="null" EndDate="2014-10-01 07:50:03.648 JST" Interest="1.0" Kind="selection" Navigation="null" OriginId="org.eclipse.ui.views.ResourceNavigator" StartDate="2014-10-01 07:50:03.648 JST" StructureHandle="/Cake_NR5/app/View/Elements/tokens" StructureKind="resource"/><InteractionEvent Delta="null" EndDate="2014-10-01 08:43:04.691 JST" Interest="528.0" Kind="propagation" Navigation="null" OriginId="org.eclipse.php.editor" StartDate="2014-10-01 07:38:30.932 JST" StructureHandle="/" StructureKind="resource" NumEvents="528" CreationCount="1"/><InteractionEvent Delta="null" EndDate="2014-10-01 08:29:21.760 JST" Interest="135.734" Kind="propagation" Navigation="org.eclipse.mylyn.core.model.edges.containment" OriginId="org.eclipse.mylyn.core.model.interest.propagation" StartDate="2014-10-01 07:38:30.912 JST" StructureHandle="=Cake_NR5" StructureKind="c/c++" NumEvents="196" CreationCount="1"/><InteractionEvent Delta="null" EndDate="2014-10-01 08:15:21.898 JST" Interest="3.0" Kind="selection" Navigation="null" OriginId="org.eclipse.php.editor" StartDate="2014-10-01 08:11:00.232 JST" StructureHandle="/CR6_cake/app/View/Texts/view.ctp" StructureKind="resource" NumEvents="3" CreationCount="356"/><InteractionEvent Delta="null" EndDate="2014-10-01 08:15:21.926 JST" Interest="10.0" Kind="edit" Navigation="null" OriginId="org.eclipse.php.editor" StartDate="2014-10-01 08:11:00.281 JST" StructureHandle="/CR6_cake/app/View/Texts/view.ctp" StructureKind="resource" NumEvents="10" CreationCount="356"/><InteractionEvent Delta="null" EndDate="2014-10-01 07:45:39.963 JST" Interest="1.0" Kind="selection" Navigation="null" OriginId="org.eclipse.ui.views.ResourceNavigator" StartDate="2014-10-01 07:45:39.963 JST" StructureHandle="/Cake_NR5/app/Vendor" StructureKind="resource"/><InteractionEvent Delta="null" EndDate="2014-10-01 08:13:49.749 JST" Interest="22.9" Kind="propagation" Navigation="org.eclipse.mylyn.core.model.edges.containment" OriginId="org.eclipse.mylyn.core.model.interest.propagation" StartDate="2014-10-01 08:03:36.70 JST" StructureHandle="/CR6_cake/app/Controller" StructureKind="resource" NumEvents="31" CreationCount="211"/><InteractionEvent Delta="null" EndDate="2014-10-01 07:50:09.134 JST" Interest="1.0" Kind="propagation" Navigation="null" OriginId="org.eclipse.mylyn.resources.ui.interest.updater" StartDate="2014-10-01 07:50:09.134 JST" StructureHandle="/Cake_NR5/app/View/TEMPLATES/edit.ctp" StructureKind="resource"/><InteractionEvent Delta="null" EndDate="2014-10-01 07:45:39.39 JST" Interest="1.0" Kind="selection" Navigation="null" OriginId="org.eclipse.ui.views.ResourceNavigator" StartDate="2014-10-01 07:45:39.39 JST" StructureHandle="/Cake_NR5/memos.txt" StructureKind="resource"/><InteractionEvent Delta="null" EndDate="2014-10-01 07:50:07.814 JST" Interest="1.0" Kind="selection" Navigation="null" OriginId="org.eclipse.ui.views.ResourceNavigator" StartDate="2014-10-01 07:50:07.814 JST" StructureHandle="/Cake_NR5/app/View/TEMPLATES" StructureKind="resource"/><InteractionEvent Delta="null" EndDate="2014-10-01 07:47:47.10 JST" Interest="2.0" Kind="selection" Navigation="null" OriginId="org.eclipse.ui.views.ResourceNavigator" StartDate="2014-10-01 07:43:20.588 JST" StructureHandle="/Cake_NR5/app/View/Elements/admins/index_t_entries.ctp" StructureKind="resource" NumEvents="2" CreationCount="72"/><InteractionEvent Delta="null" EndDate="2014-10-01 08:12:25.373 JST" Interest="3.0" Kind="selection" Navigation="null" OriginId="org.eclipse.php.editor" StartDate="2014-10-01 07:48:16.256 JST" StructureHandle="/CR6_cake/app/View/Texts/edit.ctp" StructureKind="resource" NumEvents="3" CreationCount="129"/><InteractionEvent Delta="null" EndDate="2014-10-01 08:12:27.35 JST" Interest="7.0" Kind="edit" Navigation="null" OriginId="org.eclipse.php.editor" StartDate="2014-10-01 07:48:16.484 JST" StructureHandle="/CR6_cake/app/View/Texts/edit.ctp" StructureKind="resource" NumEvents="7" CreationCount="129"/><InteractionEvent Delta="null" EndDate="2014-10-01 07:45:37.857 JST" Interest="3.0" Kind="selection" Navigation="null" OriginId="org.eclipse.ui.views.ResourceNavigator" StartDate="2014-10-01 07:43:58.904 JST" StructureHandle="/Cake_NR5/sql.txt" StructureKind="resource" NumEvents="3" CreationCount="85"/><InteractionEvent Delta="null" EndDate="2014-10-01 07:44:06.329 JST" Interest="6.0" Kind="edit" Navigation="null" OriginId="org.eclipse.ui.DefaultTextEditor" StartDate="2014-10-01 07:43:58.935 JST" StructureHandle="/Cake_NR5/sql.txt" StructureKind="resource" NumEvents="6" CreationCount="85"/><InteractionEvent Delta="null" EndDate="2014-10-01 08:29:21.760 JST" Interest="134.717" Kind="propagation" Navigation="org.eclipse.mylyn.core.model.edges.containment" OriginId="org.eclipse.mylyn.core.model.interest.propagation" StartDate="2014-10-01 07:38:36.735 JST" StructureHandle="/Cake_NR5/app/Controller" StructureKind="resource" NumEvents="187" CreationCount="2"/><InteractionEvent Delta="null" EndDate="2014-10-01 07:38:34.186 JST" Interest="1.0" Kind="selection" Navigation="null" OriginId="org.eclipse.ui.views.ResourceNavigator" StartDate="2014-10-01 07:38:34.186 JST" StructureHandle="/Cake_NR5/app/Controller" StructureKind="resource"/><InteractionEvent Delta="null" EndDate="2014-10-01 08:13:49.750 JST" Interest="24.294" Kind="propagation" Navigation="org.eclipse.mylyn.core.model.edges.containment" OriginId="org.eclipse.mylyn.core.model.interest.propagation" StartDate="2014-10-01 07:48:16.258 JST" StructureHandle="/CR6_cake/app" StructureKind="resource" NumEvents="33" CreationCount="129"/><InteractionEvent Delta="null" EndDate="2014-10-01 07:47:56.531 JST" Interest="1.0" Kind="selection" Navigation="null" OriginId="org.eclipse.ui.views.ResourceNavigator" StartDate="2014-10-01 07:47:56.531 JST" StructureHandle="/Cake_NR5/app/View/Keywords" StructureKind="resource"/><InteractionEvent Delta="null" EndDate="2014-10-01 07:45:41.114 JST" Interest="1.0" Kind="selection" Navigation="null" OriginId="org.eclipse.ui.views.ResourceNavigator" StartDate="2014-10-01 07:45:41.114 JST" StructureHandle="/Cake_NR5/app/View/Genres" StructureKind="resource"/><InteractionEvent Delta="null" EndDate="2014-10-01 08:43:04.458 JST" Interest="12.0" Kind="selection" Navigation="null" OriginId="org.eclipse.php.editor" StartDate="2014-10-01 07:38:50.845 JST" StructureHandle="/Cake_NR5/app/View/Admins/view.ctp" StructureKind="resource" NumEvents="12" CreationCount="12"/><InteractionEvent Delta="null" EndDate="2014-10-01 08:43:04.688 JST" Interest="105.0" Kind="edit" Navigation="null" OriginId="org.eclipse.php.editor" StartDate="2014-10-01 07:38:51.547 JST" StructureHandle="/Cake_NR5/app/View/Admins/view.ctp" StructureKind="resource" NumEvents="105" CreationCount="12"/></InteractionHistory>