<?xml version="1.0" encoding="UTF-8"?><InteractionHistory Id="local-18" Version="1"><InteractionEvent Delta="null" EndDate="2014-09-08 19:06:16.5 JST" Interest="476.38803" Kind="propagation" Navigation="org.eclipse.mylyn.core.model.edges.containment" OriginId="org.eclipse.mylyn.core.model.interest.propagation" StartDate="2014-09-08 11:05:59.617 JST" StructureHandle="" StructureKind="c/c++" NumEvents="562" CreationCount="1"/><InteractionEvent Delta="null" EndDate="2014-09-08 11:28:56.914 JST" Interest="2.0" Kind="selection" Navigation="null" OriginId="org.eclipse.cdt.ui.editor.CEditor" StartDate="2014-09-08 11:26:08.43 JST" StructureHandle="=Embedded{D-90~\/D-91_PIC16_color_changer\/D-91_PIC16_color_changer_v-5.0_rcv\/D-91_PIC16_color_changer_v-5.0_rcv.c[_judge_TMR_#74(int(int" StructureKind="c/c++" NumEvents="2" CreationCount="187"/><InteractionEvent Delta="null" EndDate="2014-09-08 11:28:58.613 JST" Interest="1.0" Kind="edit" Navigation="null" OriginId="org.eclipse.cdt.ui.editor.CEditor" StartDate="2014-09-08 11:28:58.613 JST" StructureHandle="=Embedded{D-90~\/D-91_PIC16_color_changer\/D-91_PIC16_color_changer_v-5.0_rcv\/D-91_PIC16_color_changer_v-5.0_rcv.c[_judge_TMR_#74(int(int" StructureKind="c/c++"/><InteractionEvent Delta="null" EndDate="2014-09-08 11:28:56.914 JST" Interest="0.39400005" Kind="manipulation" Navigation="null" OriginId="org.eclipse.mylyn.core.model.interest.decay.correction" StartDate="2014-09-08 11:28:56.914 JST" StructureHandle="=Embedded{D-90~\/D-91_PIC16_color_changer\/D-91_PIC16_color_changer_v-5.0_rcv\/D-91_PIC16_color_changer_v-5.0_rcv.c[_judge_TMR_#74(int(int" StructureKind="c/c++"/><InteractionEvent Delta="null" EndDate="2014-09-08 11:06:13.887 JST" Interest="1.0" Kind="propagation" Navigation="org.eclipse.mylyn.core.model.edges.containment" OriginId="org.eclipse.mylyn.core.model.interest.propagation" StartDate="2014-09-08 11:06:13.887 JST" StructureHandle="/Embedded/D-90~/D-91_PIC16_color_changer/D-91_PIC16_color_changer_v-4.1" StructureKind="resource"/><InteractionEvent Delta="null" EndDate="2014-09-08 11:06:02.203 JST" Interest="1.0" Kind="selection" Navigation="null" OriginId="org.eclipse.ui.navigator.ProjectExplorer" StartDate="2014-09-08 11:06:02.203 JST" StructureHandle="/Embedded/D-90~" StructureKind="resource"/><InteractionEvent Delta="null" EndDate="2014-09-08 19:06:16.4 JST" Interest="475.354" Kind="propagation" Navigation="org.eclipse.mylyn.core.model.edges.containment" OriginId="org.eclipse.mylyn.core.model.interest.propagation" StartDate="2014-09-08 11:06:02.502 JST" StructureHandle="/Embedded/D-90~" StructureKind="resource" NumEvents="557" CreationCount="3"/><InteractionEvent Delta="null" EndDate="2014-09-08 11:36:11.706 JST" Interest="2.0" Kind="selection" Navigation="null" OriginId="org.eclipse.cdt.ui.editor.CEditor" StartDate="2014-09-08 11:36:11.471 JST" StructureHandle="/Embedded/D-90~/D-91_PIC16_color_changer/D-91_PIC16_color_changer_v-3.1/D-91_PIC16_color_changer_v-3.1.c" StructureKind="resource" NumEvents="2" CreationCount="367"/><InteractionEvent Delta="null" EndDate="2014-09-08 11:41:00.271 JST" Interest="24.0" Kind="edit" Navigation="null" OriginId="org.eclipse.cdt.ui.editor.CEditor" StartDate="2014-09-08 11:36:11.921 JST" StructureHandle="/Embedded/D-90~/D-91_PIC16_color_changer/D-91_PIC16_color_changer_v-3.1/D-91_PIC16_color_changer_v-3.1.c" StructureKind="resource" NumEvents="24" CreationCount="367"/><InteractionEvent Delta="null" EndDate="2014-09-08 11:41:00.268 JST" Interest="28.0" Kind="propagation" Navigation="null" OriginId="org.eclipse.cdt.ui.editor.CEditor" StartDate="2014-09-08 11:36:11.919 JST" StructureHandle="/Embedded/D-90~/D-91_PIC16_color_changer/D-91_PIC16_color_changer_v-3.1/D-91_PIC16_color_changer_v-3.1.c" StructureKind="resource" NumEvents="28" CreationCount="367"/><InteractionEvent Delta="null" EndDate="2014-09-08 11:32:33.989 JST" Interest="1.0" Kind="selection" Navigation="null" OriginId="org.eclipse.cdt.ui.editor.CEditor" StartDate="2014-09-08 11:32:33.989 JST" StructureHandle="=Embedded{D-90~\/D-91_PIC16_color_changer\/D-91_PIC16_color_changer_v-5.0_rcv\/D-91_PIC16_color_changer_v-5.0_rcv.c[_response_2#73(void" StructureKind="c/c++"/><InteractionEvent Delta="null" EndDate="2014-09-08 11:28:55.387 JST" Interest="4.0" Kind="selection" Navigation="null" OriginId="org.eclipse.cdt.ui.editor.CEditor" StartDate="2014-09-08 11:16:04.507 JST" StructureHandle="=Embedded{D-90~\/D-91_PIC16_color_changer\/D-91_PIC16_color_changer_v-5.0_rcv\/D-91_PIC16_color_changer_v-5.0_rcv.c[_pulse_u_50#74(int" StructureKind="c/c++" NumEvents="4" CreationCount="95"/><InteractionEvent Delta="null" EndDate="2014-09-08 11:28:53.169 JST" Interest="5.0" Kind="edit" Navigation="null" OriginId="org.eclipse.cdt.ui.editor.CEditor" StartDate="2014-09-08 11:17:42.980 JST" StructureHandle="=Embedded{D-90~\/D-91_PIC16_color_changer\/D-91_PIC16_color_changer_v-5.0_rcv\/D-91_PIC16_color_changer_v-5.0_rcv.c[_pulse_u_50#74(int" StructureKind="c/c++" NumEvents="5" CreationCount="95"/><InteractionEvent Delta="null" EndDate="2014-09-08 11:41:00.273 JST" Interest="46.8" Kind="propagation" Navigation="org.eclipse.mylyn.core.model.edges.containment" OriginId="org.eclipse.mylyn.core.model.interest.propagation" StartDate="2014-09-08 11:36:11.472 JST" StructureHandle="/Embedded/D-90~/D-91_PIC16_color_changer/D-91_PIC16_color_changer_v-3.1" StructureKind="resource" NumEvents="54" CreationCount="367"/><InteractionEvent Delta="null" EndDate="2014-09-08 11:06:03.869 JST" Interest="2.0" Kind="selection" Navigation="null" OriginId="org.eclipse.ui.navigator.ProjectExplorer" StartDate="2014-09-08 11:06:02.502 JST" StructureHandle="/Embedded/D-90~/D-91_PIC16_color_changer" StructureKind="resource" NumEvents="2" CreationCount="4"/><InteractionEvent Delta="null" EndDate="2014-09-08 19:06:15.997 JST" Interest="474.33698" Kind="propagation" Navigation="org.eclipse.mylyn.core.model.edges.containment" OriginId="org.eclipse.mylyn.core.model.interest.propagation" StartDate="2014-09-08 11:06:06.30 JST" StructureHandle="/Embedded/D-90~/D-91_PIC16_color_changer" StructureKind="resource" NumEvents="553" CreationCount="4"/><InteractionEvent Delta="null" EndDate="2014-09-08 11:36:35.819 JST" Interest="1.0" Kind="selection" Navigation="null" OriginId="org.eclipse.ui.views.ContentOutline" StartDate="2014-09-08 11:36:35.819 JST" StructureHandle="=Embedded{D-90~\/D-91_PIC16_color_changer\/D-91_PIC16_color_changer_v-3.1\/D-91_PIC16_color_changer_v-3.1.c[main#74(void" StructureKind="c/c++"/><InteractionEvent Delta="null" EndDate="2014-09-08 11:36:50.95 JST" Interest="4.0" Kind="edit" Navigation="null" OriginId="org.eclipse.cdt.ui.editor.CEditor" StartDate="2014-09-08 11:36:36.307 JST" StructureHandle="=Embedded{D-90~\/D-91_PIC16_color_changer\/D-91_PIC16_color_changer_v-3.1\/D-91_PIC16_color_changer_v-3.1.c[main#74(void" StructureKind="c/c++" NumEvents="4" CreationCount="386"/><InteractionEvent Delta="null" EndDate="2014-09-08 12:04:47.300 JST" Interest="6.0" Kind="selection" Navigation="null" OriginId="org.eclipse.ui.views.ContentOutline" StartDate="2014-09-08 11:17:47.913 JST" StructureHandle="=Embedded{D-90~\/D-91_PIC16_color_changer\/D-91_PIC16_color_changer_v-5.0_rcv\/D-91_PIC16_color_changer_v-5.0_rcv.c[interrupt#74(void" StructureKind="c/c++" NumEvents="6" CreationCount="101"/><InteractionEvent Delta="null" EndDate="2014-09-08 19:06:15.994 JST" Interest="46.0" Kind="edit" Navigation="null" OriginId="org.eclipse.cdt.ui.editor.CEditor" StartDate="2014-09-08 11:17:48.545 JST" StructureHandle="=Embedded{D-90~\/D-91_PIC16_color_changer\/D-91_PIC16_color_changer_v-5.0_rcv\/D-91_PIC16_color_changer_v-5.0_rcv.c[interrupt#74(void" StructureKind="c/c++" NumEvents="46" CreationCount="101"/><InteractionEvent Delta="null" EndDate="2014-09-08 11:14:52.868 JST" Interest="1.0" Kind="selection" Navigation="null" OriginId="org.eclipse.ui.views.ContentOutline" StartDate="2014-09-08 11:14:52.868 JST" StructureHandle="=Embedded{D-90~\/D-91_PIC16_color_changer\/D-91_PIC16_color_changer_v-5.0_rcv\/D-91_PIC16_color_changer_v-5.0_rcv.c[_pulse_u_100#74(int" StructureKind="c/c++"/><InteractionEvent Delta="null" EndDate="2014-09-08 11:14:54.56 JST" Interest="3.0" Kind="edit" Navigation="null" OriginId="org.eclipse.cdt.ui.editor.CEditor" StartDate="2014-09-08 11:14:53.481 JST" StructureHandle="=Embedded{D-90~\/D-91_PIC16_color_changer\/D-91_PIC16_color_changer_v-5.0_rcv\/D-91_PIC16_color_changer_v-5.0_rcv.c[_pulse_u_100#74(int" StructureKind="c/c++" NumEvents="3" CreationCount="88"/><InteractionEvent Delta="null" EndDate="2014-09-08 11:59:30.628 JST" Interest="2.0" Kind="selection" Navigation="null" OriginId="org.eclipse.cdt.ui.editor.CEditor" StartDate="2014-09-08 11:59:18.129 JST" StructureHandle="=Embedded{D-90~\/D-91_PIC16_color_changer\/D-91_PIC16_color_changer_v-5.0_rcv\/D-91_PIC16_color_changer_v-5.0_rcv.c[_main_Setup#74" StructureKind="c/c++" NumEvents="2" CreationCount="495"/><InteractionEvent Delta="null" EndDate="2014-09-08 11:59:26.543 JST" Interest="6.0" Kind="edit" Navigation="null" OriginId="org.eclipse.cdt.ui.editor.CEditor" StartDate="2014-09-08 11:59:21.740 JST" StructureHandle="=Embedded{D-90~\/D-91_PIC16_color_changer\/D-91_PIC16_color_changer_v-5.0_rcv\/D-91_PIC16_color_changer_v-5.0_rcv.c[_main_Setup#74" StructureKind="c/c++" NumEvents="6" CreationCount="495"/><InteractionEvent Delta="null" EndDate="2014-09-08 11:36:18.367 JST" Interest="1.0" Kind="selection" Navigation="null" OriginId="org.eclipse.ui.views.ContentOutline" StartDate="2014-09-08 11:36:18.367 JST" StructureHandle="=Embedded{D-90~\/D-91_PIC16_color_changer\/D-91_PIC16_color_changer_v-3.1\/D-91_PIC16_color_changer_v-3.1.c[interrupt#74(void" StructureKind="c/c++"/><InteractionEvent Delta="null" EndDate="2014-09-08 11:36:31.673 JST" Interest="5.0" Kind="edit" Navigation="null" OriginId="org.eclipse.cdt.ui.editor.CEditor" StartDate="2014-09-08 11:36:18.832 JST" StructureHandle="=Embedded{D-90~\/D-91_PIC16_color_changer\/D-91_PIC16_color_changer_v-3.1\/D-91_PIC16_color_changer_v-3.1.c[interrupt#74(void" StructureKind="c/c++" NumEvents="5" CreationCount="375"/><InteractionEvent Delta="null" EndDate="2014-09-08 11:06:01.22 JST" Interest="1.0" Kind="selection" Navigation="null" OriginId="org.eclipse.ui.navigator.ProjectExplorer" StartDate="2014-09-08 11:06:01.22 JST" StructureHandle="/Embedded/D-9_PIC16F84A_First" StructureKind="resource"/><InteractionEvent Delta="null" EndDate="2014-09-08 11:23:12.572 JST" Interest="1.0" Kind="selection" Navigation="null" OriginId="org.eclipse.ui.views.ContentOutline" StartDate="2014-09-08 11:23:12.572 JST" StructureHandle="=Embedded{D-90~\/D-91_PIC16_color_changer\/D-91_PIC16_color_changer_v-5.0_rcv\/D-91_PIC16_color_changer_v-5.0_rcv.c[LED_FLAG#76" StructureKind="c/c++"/><InteractionEvent Delta="null" EndDate="2014-09-08 11:05:59.617 JST" Interest="1.0" Kind="selection" Navigation="null" OriginId="org.eclipse.ui.navigator.ProjectExplorer" StartDate="2014-09-08 11:05:59.617 JST" StructureHandle="/Embedded/D_82_16F84A_SD1602" StructureKind="resource"/><InteractionEvent Delta="null" EndDate="2014-09-08 11:32:23.788 JST" Interest="2.0" Kind="selection" Navigation="null" OriginId="org.eclipse.cdt.ui.editor.CEditor" StartDate="2014-09-08 11:30:24.150 JST" StructureHandle="=Embedded{D-90~\/D-91_PIC16_color_changer\/D-91_PIC16_color_changer_v-5.0_rcv\/D-91_PIC16_color_changer_v-5.0_rcv.c[_pulse#74(int" StructureKind="c/c++" NumEvents="2" CreationCount="284"/><InteractionEvent Delta="null" EndDate="2014-09-08 11:59:38.428 JST" Interest="14.0" Kind="selection" Navigation="null" OriginId="org.eclipse.cdt.ui.editor.CEditor" StartDate="2014-09-08 11:27:00.365 JST" StructureHandle="=Embedded{D-90~\/D-91_PIC16_color_changer\/D-91_PIC16_color_changer_v-5.0_rcv\/D-91_PIC16_color_changer_v-5.0_rcv.c[main#74(void" StructureKind="c/c++" NumEvents="14" CreationCount="207"/><InteractionEvent Delta="null" EndDate="2014-09-08 11:59:40.580 JST" Interest="54.0" Kind="edit" Navigation="null" OriginId="org.eclipse.cdt.ui.editor.CEditor" StartDate="2014-09-08 11:27:01.166 JST" StructureHandle="=Embedded{D-90~\/D-91_PIC16_color_changer\/D-91_PIC16_color_changer_v-5.0_rcv\/D-91_PIC16_color_changer_v-5.0_rcv.c[main#74(void" StructureKind="c/c++" NumEvents="54" CreationCount="207"/><InteractionEvent Delta="null" EndDate="2014-09-08 11:32:32.288 JST" Interest="2.0" Kind="selection" Navigation="null" OriginId="org.eclipse.cdt.ui.editor.CEditor" StartDate="2014-09-08 11:23:15.690 JST" StructureHandle="=Embedded{D-90~\/D-91_PIC16_color_changer\/D-91_PIC16_color_changer_v-5.0_rcv\/D-91_PIC16_color_changer_v-5.0_rcv.c[_while_PORTB_0x01#74(int" StructureKind="c/c++" NumEvents="2" CreationCount="159"/><InteractionEvent Delta="null" EndDate="2014-09-08 11:23:54.662 JST" Interest="4.0" Kind="edit" Navigation="null" OriginId="org.eclipse.cdt.ui.editor.CEditor" StartDate="2014-09-08 11:23:16.362 JST" StructureHandle="=Embedded{D-90~\/D-91_PIC16_color_changer\/D-91_PIC16_color_changer_v-5.0_rcv\/D-91_PIC16_color_changer_v-5.0_rcv.c[_while_PORTB_0x01#74(int" StructureKind="c/c++" NumEvents="4" CreationCount="159"/><InteractionEvent Delta="null" EndDate="2014-09-08 11:24:20.103 JST" Interest="1.0" Kind="selection" Navigation="null" OriginId="org.eclipse.ui.views.ContentOutline" StartDate="2014-09-08 11:24:20.103 JST" StructureHandle="=Embedded{D-90~\/D-91_PIC16_color_changer\/D-91_PIC16_color_changer_v-5.0_rcv\/D-91_PIC16_color_changer_v-5.0_rcv.c[_read_Custom#73(void" StructureKind="c/c++"/><InteractionEvent Delta="null" EndDate="2014-09-08 11:59:15.231 JST" Interest="3.0" Kind="selection" Navigation="null" OriginId="org.eclipse.cdt.ui.editor.CEditor" StartDate="2014-09-08 11:06:14.986 JST" StructureHandle="=Embedded{D-90~\/D-91_PIC16_color_changer\/D-91_PIC16_color_changer_v-5.0_rcv\/D-91_PIC16_color_changer_v-5.0_rcv.c[custom_code_a#76" StructureKind="c/c++" NumEvents="3" CreationCount="18"/><InteractionEvent Delta="null" EndDate="2014-09-08 11:58:03.239 JST" Interest="1.0" Kind="edit" Navigation="null" OriginId="org.eclipse.cdt.ui.editor.CEditor" StartDate="2014-09-08 11:58:03.239 JST" StructureHandle="=Embedded{D-90~\/D-91_PIC16_color_changer\/D-91_PIC16_color_changer_v-5.0_rcv\/D-91_PIC16_color_changer_v-5.0_rcv.c[custom_code_a#76" StructureKind="c/c++"/><InteractionEvent Delta="null" EndDate="2014-09-08 11:58:02.659 JST" Interest="6.9560003" Kind="manipulation" Navigation="null" OriginId="org.eclipse.mylyn.core.model.interest.decay.correction" StartDate="2014-09-08 11:58:02.659 JST" StructureHandle="=Embedded{D-90~\/D-91_PIC16_color_changer\/D-91_PIC16_color_changer_v-5.0_rcv\/D-91_PIC16_color_changer_v-5.0_rcv.c[custom_code_a#76" StructureKind="c/c++"/><InteractionEvent Delta="null" EndDate="2014-09-08 11:06:13.887 JST" Interest="1.0" Kind="propagation" Navigation="null" OriginId="org.eclipse.ui.views.ContentOutline" StartDate="2014-09-08 11:06:13.887 JST" StructureHandle="/Embedded/D-90~/D-91_PIC16_color_changer/D-91_PIC16_color_changer_v-4.1/D-91_PIC16_color_changer_v-4.1.c" StructureKind="resource"/><InteractionEvent Delta="null" EndDate="2014-09-08 11:32:03.393 JST" Interest="2.0" Kind="selection" Navigation="null" OriginId="org.eclipse.cdt.ui.editor.CEditor" StartDate="2014-09-08 11:30:54.665 JST" StructureHandle="=Embedded{D-90~\/D-91_PIC16_color_changer\/D-91_PIC16_color_changer_v-5.0_rcv\/D-91_PIC16_color_changer_v-5.0_rcv.c[_pulse#73(int" StructureKind="c/c++" NumEvents="2" CreationCount="316"/><InteractionEvent Delta="null" EndDate="2014-09-08 11:06:13.886 JST" Interest="1.0" Kind="propagation" Navigation="org.eclipse.mylyn.core.model.edges.containment" OriginId="org.eclipse.mylyn.core.model.interest.propagation" StartDate="2014-09-08 11:06:13.886 JST" StructureHandle="=Embedded{D-90~\/D-91_PIC16_color_changer\/D-91_PIC16_color_changer_v-4.1\/D-91_PIC16_color_changer_v-4.1.c" StructureKind="c/c++"/><InteractionEvent Delta="null" EndDate="2014-09-08 11:32:15.206 JST" Interest="5.0" Kind="edit" Navigation="null" OriginId="org.eclipse.cdt.ui.editor.CEditor" StartDate="2014-09-08 11:31:15.235 JST" StructureHandle="=Embedded{D-90~\/D-91_PIC16_color_changer\/D-91_PIC16_color_changer_v-5.0_rcv\/D-91_PIC16_color_changer_v-5.0_rcv.c[_pulse_ms#73(int" StructureKind="c/c++" NumEvents="5" CreationCount="316"/><InteractionEvent Delta="null" EndDate="2014-09-08 19:06:16.5 JST" Interest="616.0" Kind="propagation" Navigation="org.eclipse.mylyn.core.model.edges.containment" OriginId="org.eclipse.mylyn.core.model.interest.propagation" StartDate="2014-09-08 11:05:59.617 JST" StructureHandle="/" StructureKind="resource" NumEvents="616" CreationCount="1"/><InteractionEvent Delta="null" EndDate="2014-09-08 11:59:10.598 JST" Interest="1.0" Kind="selection" Navigation="null" OriginId="org.eclipse.cdt.ui.editor.CEditor" StartDate="2014-09-08 11:59:10.598 JST" StructureHandle="=Embedded{D-90~\/D-91_PIC16_color_changer\/D-91_PIC16_color_changer_v-5.0_rcv\/D-91_PIC16_color_changer_v-5.0_rcv.c[data_code_b#76" StructureKind="c/c++"/><InteractionEvent Delta="null" EndDate="2014-09-08 11:14:44.287 JST" Interest="1.0" Kind="selection" Navigation="null" OriginId="org.eclipse.cdt.ui.editor.CEditor" StartDate="2014-09-08 11:14:44.287 JST" StructureHandle="=Embedded{D-90~\/D-91_PIC16_color_changer\/D-91_PIC16_color_changer_v-5.0_rcv\/D-91_PIC16_color_changer_v-5.0_rcv.c[_custom_lower#74(void" StructureKind="c/c++"/><InteractionEvent Delta="null" EndDate="2014-09-08 11:14:45.24 JST" Interest="1.0" Kind="edit" Navigation="null" OriginId="org.eclipse.cdt.ui.editor.CEditor" StartDate="2014-09-08 11:14:45.24 JST" StructureHandle="=Embedded{D-90~\/D-91_PIC16_color_changer\/D-91_PIC16_color_changer_v-5.0_rcv\/D-91_PIC16_color_changer_v-5.0_rcv.c[_custom_lower#74(void" StructureKind="c/c++"/><InteractionEvent Delta="null" EndDate="2014-09-08 11:36:55.886 JST" Interest="1.0" Kind="selection" Navigation="null" OriginId="org.eclipse.ui.views.ContentOutline" StartDate="2014-09-08 11:36:55.886 JST" StructureHandle="=Embedded{D-90~\/D-91_PIC16_color_changer\/D-91_PIC16_color_changer_v-3.1\/D-91_PIC16_color_changer_v-3.1.c[_Opearations#74" StructureKind="c/c++"/><InteractionEvent Delta="null" EndDate="2014-09-08 11:41:00.266 JST" Interest="13.0" Kind="edit" Navigation="null" OriginId="org.eclipse.cdt.ui.editor.CEditor" StartDate="2014-09-08 11:36:56.359 JST" StructureHandle="=Embedded{D-90~\/D-91_PIC16_color_changer\/D-91_PIC16_color_changer_v-3.1\/D-91_PIC16_color_changer_v-3.1.c[_Opearations#74" StructureKind="c/c++" NumEvents="13" CreationCount="395"/><InteractionEvent Delta="null" EndDate="2014-09-08 11:36:15.443 JST" Interest="1.0" Kind="selection" Navigation="null" OriginId="org.eclipse.ui.views.ContentOutline" StartDate="2014-09-08 11:36:15.443 JST" StructureHandle="=Embedded{D-90~\/D-91_PIC16_color_changer\/D-91_PIC16_color_changer_v-3.1\/D-91_PIC16_color_changer_v-3.1.c[data_code_a#76" StructureKind="c/c++"/><InteractionEvent Delta="null" EndDate="2014-09-08 11:36:11.918 JST" Interest="1.0" Kind="selection" Navigation="null" OriginId="org.eclipse.cdt.ui.editor.CEditor" StartDate="2014-09-08 11:36:11.918 JST" StructureHandle="=Embedded{D-90~\/D-91_PIC16_color_changer\/D-91_PIC16_color_changer_v-3.1\/D-91_PIC16_color_changer_v-3.1.c" StructureKind="c/c++"/><InteractionEvent Delta="null" EndDate="2014-09-08 11:36:12.812 JST" Interest="1.0" Kind="edit" Navigation="null" OriginId="org.eclipse.cdt.ui.editor.CEditor" StartDate="2014-09-08 11:36:12.812 JST" StructureHandle="=Embedded{D-90~\/D-91_PIC16_color_changer\/D-91_PIC16_color_changer_v-3.1\/D-91_PIC16_color_changer_v-3.1.c" StructureKind="c/c++"/><InteractionEvent Delta="null" EndDate="2014-09-08 11:41:00.268 JST" Interest="8.841999" Kind="propagation" Navigation="org.eclipse.mylyn.core.model.edges.containment" OriginId="org.eclipse.mylyn.core.model.interest.propagation" StartDate="2014-09-08 11:36:18.833 JST" StructureHandle="=Embedded{D-90~\/D-91_PIC16_color_changer\/D-91_PIC16_color_changer_v-3.1\/D-91_PIC16_color_changer_v-3.1.c" StructureKind="c/c++" NumEvents="14" CreationCount="369"/><InteractionEvent Delta="null" EndDate="2014-09-08 12:04:41.446 JST" Interest="21.0" Kind="selection" Navigation="null" OriginId="org.eclipse.cdt.ui.editor.CEditor" StartDate="2014-09-08 11:06:09.490 JST" StructureHandle="=Embedded{D-90~\/D-91_PIC16_color_changer\/D-91_PIC16_color_changer_v-5.0_rcv\/D-91_PIC16_color_changer_v-5.0_rcv.c" StructureKind="c/c++" NumEvents="21" CreationCount="9"/><InteractionEvent Delta="null" EndDate="2014-09-08 11:59:28.729 JST" Interest="11.0" Kind="edit" Navigation="null" OriginId="org.eclipse.cdt.ui.editor.CEditor" StartDate="2014-09-08 11:06:10.673 JST" StructureHandle="=Embedded{D-90~\/D-91_PIC16_color_changer\/D-91_PIC16_color_changer_v-5.0_rcv\/D-91_PIC16_color_changer_v-5.0_rcv.c" StructureKind="c/c++" NumEvents="11" CreationCount="9"/><InteractionEvent Delta="null" EndDate="2014-09-08 11:57:26.639 JST" Interest="28.466" Kind="propagation" Navigation="org.eclipse.mylyn.core.model.edges.containment" OriginId="org.eclipse.mylyn.core.model.interest.propagation" StartDate="2014-09-08 11:06:20.217 JST" StructureHandle="=Embedded{D-90~\/D-91_PIC16_color_changer\/D-91_PIC16_color_changer_v-5.0_rcv\/D-91_PIC16_color_changer_v-5.0_rcv.c" StructureKind="c/c++" NumEvents="43" CreationCount="9"/><InteractionEvent Delta="null" EndDate="2014-09-08 11:06:06.29 JST" Interest="1.0" Kind="selection" Navigation="null" OriginId="org.eclipse.ui.navigator.ProjectExplorer" StartDate="2014-09-08 11:06:06.29 JST" StructureHandle="/Embedded/D-90~/D-91_PIC16_color_changer/D-91_PIC16_color_changer_v-5.0_rcv" StructureKind="resource"/><InteractionEvent Delta="null" EndDate="2014-09-08 12:10:41.326 JST" Interest="470.934" Kind="propagation" Navigation="org.eclipse.mylyn.core.model.edges.containment" OriginId="org.eclipse.mylyn.core.model.interest.propagation" StartDate="2014-09-08 11:06:05.218 JST" StructureHandle="/Embedded/D-90~/D-91_PIC16_color_changer/D-91_PIC16_color_changer_v-5.0_rcv" StructureKind="resource" NumEvents="552" CreationCount="5"/><InteractionEvent Delta="null" EndDate="2014-09-08 11:26:13.628 JST" Interest="1.0" Kind="selection" Navigation="null" OriginId="org.eclipse.cdt.ui.editor.CEditor" StartDate="2014-09-08 11:26:13.628 JST" StructureHandle="=Embedded{D-90~\/D-91_PIC16_color_changer\/D-91_PIC16_color_changer_v-5.0_rcv\/D-91_PIC16_color_changer_v-5.0_rcv.c[_response#74(void" StructureKind="c/c++"/><InteractionEvent Delta="null" EndDate="2014-09-08 11:26:16.997 JST" Interest="2.0" Kind="edit" Navigation="null" OriginId="org.eclipse.cdt.ui.editor.CEditor" StartDate="2014-09-08 11:26:16.448 JST" StructureHandle="=Embedded{D-90~\/D-91_PIC16_color_changer\/D-91_PIC16_color_changer_v-5.0_rcv\/D-91_PIC16_color_changer_v-5.0_rcv.c[_response#74(void" StructureKind="c/c++" NumEvents="2" CreationCount="189"/><InteractionEvent Delta="null" EndDate="2014-09-08 11:26:42.628 JST" Interest="1.0" Kind="selection" Navigation="null" OriginId="org.eclipse.cdt.ui.editor.CEditor" StartDate="2014-09-08 11:26:42.628 JST" StructureHandle="=Embedded{D-90~\/D-91_PIC16_color_changer\/D-91_PIC16_color_changer_v-5.0_rcv\/D-91_PIC16_color_changer_v-5.0_rcv.c[_read_Reader#74" StructureKind="c/c++"/><InteractionEvent Delta="null" EndDate="2014-09-08 11:26:50.288 JST" Interest="2.0" Kind="edit" Navigation="null" OriginId="org.eclipse.cdt.ui.editor.CEditor" StartDate="2014-09-08 11:26:46.311 JST" StructureHandle="=Embedded{D-90~\/D-91_PIC16_color_changer\/D-91_PIC16_color_changer_v-5.0_rcv\/D-91_PIC16_color_changer_v-5.0_rcv.c[_read_Reader#74" StructureKind="c/c++" NumEvents="2" CreationCount="199"/><InteractionEvent Delta="null" EndDate="2014-09-08 11:59:57.275 JST" Interest="6.0" Kind="selection" Navigation="null" OriginId="org.eclipse.ui.views.ContentOutline" StartDate="2014-09-08 11:06:18.955 JST" StructureHandle="=Embedded{D-90~\/D-91_PIC16_color_changer\/D-91_PIC16_color_changer_v-5.0_rcv\/D-91_PIC16_color_changer_v-5.0_rcv.c[_response_2#74(void" StructureKind="c/c++" NumEvents="6" CreationCount="19"/><InteractionEvent Delta="null" EndDate="2014-09-08 12:04:35.175 JST" Interest="70.0" Kind="edit" Navigation="null" OriginId="org.eclipse.cdt.ui.editor.CEditor" StartDate="2014-09-08 11:06:19.598 JST" StructureHandle="=Embedded{D-90~\/D-91_PIC16_color_changer\/D-91_PIC16_color_changer_v-5.0_rcv\/D-91_PIC16_color_changer_v-5.0_rcv.c[_response_2#74(void" StructureKind="c/c++" NumEvents="70" CreationCount="19"/><InteractionEvent Delta="null" EndDate="2014-09-08 11:06:13.871 JST" Interest="1.0" Kind="selection" Navigation="null" OriginId="org.eclipse.ui.views.ContentOutline" StartDate="2014-09-08 11:06:13.871 JST" StructureHandle="=Embedded{D-90~\/D-91_PIC16_color_changer\/D-91_PIC16_color_changer_v-4.1\/D-91_PIC16_color_changer_v-4.1.c[interrupt#74(void" StructureKind="c/c++"/><InteractionEvent Delta="null" EndDate="2014-09-08 11:59:35.466 JST" Interest="3.0" Kind="selection" Navigation="null" OriginId="org.eclipse.cdt.ui.editor.CEditor" StartDate="2014-09-08 11:32:18.281 JST" StructureHandle="=Embedded{D-90~\/D-91_PIC16_color_changer\/D-91_PIC16_color_changer_v-5.0_rcv\/D-91_PIC16_color_changer_v-5.0_rcv.c[_read_Custom#74" StructureKind="c/c++" NumEvents="3" CreationCount="336"/><InteractionEvent Delta="null" EndDate="2014-09-08 11:59:35.466 JST" Interest="1.0770003" Kind="manipulation" Navigation="null" OriginId="org.eclipse.mylyn.core.model.interest.decay.correction" StartDate="2014-09-08 11:41:05.838 JST" StructureHandle="=Embedded{D-90~\/D-91_PIC16_color_changer\/D-91_PIC16_color_changer_v-5.0_rcv\/D-91_PIC16_color_changer_v-5.0_rcv.c[_read_Custom#74" StructureKind="c/c++" NumEvents="2" CreationCount="336"/><InteractionEvent Delta="null" EndDate="2014-09-08 19:06:16.5 JST" Interest="476.38803" Kind="propagation" Navigation="org.eclipse.mylyn.core.model.edges.containment" OriginId="org.eclipse.mylyn.core.model.interest.propagation" StartDate="2014-09-08 11:05:59.617 JST" StructureHandle="=Embedded" StructureKind="c/c++" NumEvents="562" CreationCount="1"/><InteractionEvent Delta="null" EndDate="2014-09-08 19:06:16.5 JST" Interest="616.0" Kind="propagation" Navigation="null" OriginId="org.eclipse.cdt.ui.editor.CEditor" StartDate="2014-09-08 11:05:59.617 JST" StructureHandle="/Embedded" StructureKind="resource" NumEvents="616" CreationCount="1"/><InteractionEvent Delta="null" EndDate="2014-09-08 11:41:02.181 JST" Interest="4.0" Kind="selection" Navigation="null" OriginId="org.eclipse.cdt.ui.editor.CEditor" StartDate="2014-09-08 11:06:08.614 JST" StructureHandle="/Embedded/D-90~/D-91_PIC16_color_changer/D-91_PIC16_color_changer_v-5.0_rcv/D-91_PIC16_color_changer_v-5.0_rcv.c" StructureKind="resource" NumEvents="4" CreationCount="7"/><InteractionEvent Delta="null" EndDate="2014-09-08 19:06:16.0 JST" Interest="268.0" Kind="edit" Navigation="null" OriginId="org.eclipse.cdt.ui.editor.CEditor" StartDate="2014-09-08 11:06:09.495 JST" StructureHandle="/Embedded/D-90~/D-91_PIC16_color_changer/D-91_PIC16_color_changer_v-5.0_rcv/D-91_PIC16_color_changer_v-5.0_rcv.c" StructureKind="resource" NumEvents="268" CreationCount="7"/><InteractionEvent Delta="null" EndDate="2014-09-08 19:06:15.997 JST" Interest="282.0" Kind="propagation" Navigation="null" OriginId="org.eclipse.cdt.ui.editor.CEditor" StartDate="2014-09-08 11:06:09.491 JST" StructureHandle="/Embedded/D-90~/D-91_PIC16_color_changer/D-91_PIC16_color_changer_v-5.0_rcv/D-91_PIC16_color_changer_v-5.0_rcv.c" StructureKind="resource" NumEvents="282" CreationCount="7"/></InteractionHistory>