<?xml version="1.0" encoding="UTF-8"?><InteractionHistory Id="local-76" Version="1"><InteractionEvent Delta="null" EndDate="2014-10-22 08:56:32.829 JST" Interest="63.120003" Kind="propagation" Navigation="org.eclipse.mylyn.core.model.edges.containment" OriginId="org.eclipse.mylyn.core.model.interest.propagation" StartDate="2014-10-22 08:29:46.801 JST" StructureHandle="" StructureKind="c/c++" NumEvents="86" CreationCount="1"/><InteractionEvent Delta="null" EndDate="2014-10-22 08:43:15.417 JST" Interest="2.0" Kind="propagation" Navigation="null" OriginId="org.eclipse.php.ui.explorer" StartDate="2014-10-22 08:43:15.414 JST" StructureHandle="/demo" StructureKind="resource" NumEvents="2" CreationCount="54"/><InteractionEvent Delta="null" EndDate="2014-10-22 08:33:23.758 JST" Interest="4.0" Kind="selection" Navigation="null" OriginId="org.eclipse.ui.views.ResourceNavigator" StartDate="2014-10-22 08:33:00.28 JST" StructureHandle="/CR6_cake/app/tmp/cache/persistent/myapp_cake_core_default_en-us" StructureKind="resource" NumEvents="4" CreationCount="34"/><InteractionEvent Delta="null" EndDate="2014-10-22 08:54:45.165 JST" Interest="2.0" Kind="selection" Navigation="null" OriginId="org.eclipse.ui.views.ResourceNavigator" StartDate="2014-10-22 08:54:31.194 JST" StructureHandle="/CR6_cake/app/View/Elements/texts/index_links.ctp" StructureKind="resource" NumEvents="2" CreationCount="233"/><InteractionEvent Delta="null" EndDate="2014-10-22 08:58:36.649 JST" Interest="224.0" Kind="propagation" Navigation="null" OriginId="org.eclipse.php.editor" StartDate="2014-10-22 08:29:46.801 JST" StructureHandle="/CR6_cake" StructureKind="resource" NumEvents="224" CreationCount="1"/><InteractionEvent Delta="null" EndDate="2014-10-22 08:56:41.115 JST" Interest="24.5" Kind="propagation" Navigation="org.eclipse.mylyn.core.model.edges.containment" OriginId="org.eclipse.mylyn.core.model.interest.propagation" StartDate="2014-10-22 08:52:08.768 JST" StructureHandle="/Cake_NR5/app/webroot" StructureKind="resource" NumEvents="32" CreationCount="178"/><InteractionEvent Delta="null" EndDate="2014-10-22 08:30:55.474 JST" Interest="1.0" Kind="prediction" Navigation="null" OriginId="org.eclipse.mylyn.resources.ui.interest.updater" StartDate="2014-10-22 08:30:55.474 JST" StructureHandle="/CR6_cake/app/tmp/cache/persistent/myapp_cake_core_file_map" StructureKind="resource"/><InteractionEvent Delta="null" EndDate="2014-10-22 08:33:23.762 JST" Interest="4.0" Kind="selection" Navigation="null" OriginId="org.eclipse.ui.views.ResourceNavigator" StartDate="2014-10-22 08:33:00.31 JST" StructureHandle="/CR6_cake/app/tmp/cache/persistent/myapp_cake_core_file_map" StructureKind="resource" NumEvents="4" CreationCount="2"/><InteractionEvent Delta="null" EndDate="2014-10-22 08:52:14.883 JST" Interest="2.0" Kind="selection" Navigation="null" OriginId="org.eclipse.ui.views.ResourceNavigator" StartDate="2014-10-22 08:51:59.731 JST" StructureHandle="/CR6_cake/app/View/Elements/texts/view" StructureKind="resource" NumEvents="2" CreationCount="177"/><InteractionEvent Delta="null" EndDate="2014-10-22 08:43:15.417 JST" Interest="2.0" Kind="selection" Navigation="null" OriginId="org.eclipse.php.ui.explorer" StartDate="2014-10-22 08:43:15.414 JST" StructureHandle="=demo" StructureKind="c/c++" NumEvents="2" CreationCount="54"/><InteractionEvent Delta="null" EndDate="2014-10-22 08:30:55.475 JST" Interest="1.0" Kind="prediction" Navigation="null" OriginId="org.eclipse.mylyn.resources.ui.interest.updater" StartDate="2014-10-22 08:30:55.475 JST" StructureHandle="/CR6_cake/app/tmp/cache/persistent/myapp_cake_core_cake_en-us" StructureKind="resource"/><InteractionEvent Delta="null" EndDate="2014-10-22 08:33:23.753 JST" Interest="4.0" Kind="selection" Navigation="null" OriginId="org.eclipse.ui.views.ResourceNavigator" StartDate="2014-10-22 08:33:00.24 JST" StructureHandle="/CR6_cake/app/tmp/cache/persistent/myapp_cake_core_cake_en-us" StructureKind="resource" NumEvents="4" CreationCount="2"/><InteractionEvent Delta="null" EndDate="2014-10-22 08:33:23.750 JST" Interest="4.0" Kind="propagation" Navigation="org.eclipse.mylyn.core.model.edges.containment" OriginId="org.eclipse.mylyn.core.model.interest.propagation" StartDate="2014-10-22 08:30:55.479 JST" StructureHandle="/CR6_cake/app/tmp/cache/persistent" StructureKind="resource" NumEvents="4" CreationCount="2"/><InteractionEvent Delta="null" EndDate="2014-10-22 08:33:29.932 JST" Interest="3.0" Kind="selection" Navigation="null" OriginId="org.eclipse.ui.views.ResourceNavigator" StartDate="2014-10-22 08:31:06.749 JST" StructureHandle="/CR6_cake/app/tmp/cache/persistent" StructureKind="resource" NumEvents="3" CreationCount="2"/><InteractionEvent Delta="null" EndDate="2014-10-22 08:56:41.115 JST" Interest="24.5" Kind="propagation" Navigation="org.eclipse.mylyn.core.model.edges.containment" OriginId="org.eclipse.mylyn.core.model.interest.propagation" StartDate="2014-10-22 08:52:08.767 JST" StructureHandle="/Cake_NR5/app/webroot/css" StructureKind="resource" NumEvents="32" CreationCount="178"/><InteractionEvent Delta="null" EndDate="2014-10-22 08:52:27.15 JST" Interest="5.0" Kind="edit" Navigation="null" OriginId="org.eclipse.wst.css.core.csssource.source" StartDate="2014-10-22 08:52:19.133 JST" StructureHandle="/CR6_cake/app/webroot/css/main.css" StructureKind="resource" NumEvents="5" CreationCount="186"/><InteractionEvent Delta="null" EndDate="2014-10-22 08:56:41.314 JST" Interest="9.0" Kind="selection" Navigation="null" OriginId="org.eclipse.wst.css.core.csssource.source" StartDate="2014-10-22 08:52:18.853 JST" StructureHandle="/CR6_cake/app/webroot/css/main.css" StructureKind="resource" NumEvents="9" CreationCount="186"/><InteractionEvent Delta="null" EndDate="2014-10-22 08:56:41.708 JST" Interest="7.0" Kind="edit" Navigation="null" OriginId="org.eclipse.php.editor" StartDate="2014-10-22 08:52:38.493 JST" StructureHandle="/Cake_NR5/app/View/Elements/keywords/_index_pagination.ctp" StructureKind="resource" NumEvents="7" CreationCount="194"/><InteractionEvent Delta="null" EndDate="2014-10-22 08:56:41.679 JST" Interest="3.0" Kind="selection" Navigation="null" OriginId="org.eclipse.php.editor" StartDate="2014-10-22 08:52:38.428 JST" StructureHandle="/Cake_NR5/app/View/Elements/keywords/_index_pagination.ctp" StructureKind="resource" NumEvents="3" CreationCount="194"/><InteractionEvent Delta="null" EndDate="2014-10-22 08:30:55.477 JST" Interest="1.0" Kind="prediction" Navigation="null" OriginId="org.eclipse.mylyn.resources.ui.interest.updater" StartDate="2014-10-22 08:30:55.477 JST" StructureHandle="/CR6_cake/app/tmp/cache/models/myapp_cake_model_default_development_sqlite3_list" StructureKind="resource"/><InteractionEvent Delta="null" EndDate="2014-10-22 08:32:21.788 JST" Interest="4.0" Kind="selection" Navigation="null" OriginId="org.eclipse.ui.DefaultTextEditor" StartDate="2014-10-22 08:31:43.648 JST" StructureHandle="/CR6_cake/app/tmp/cache/models/myapp_cake_model_default_development_sqlite3_list" StructureKind="resource" NumEvents="4" CreationCount="2"/><InteractionEvent Delta="null" EndDate="2014-10-22 08:56:32.827 JST" Interest="73.0" Kind="edit" Navigation="null" OriginId="org.eclipse.php.editor" StartDate="2014-10-22 08:43:41.167 JST" StructureHandle="/CR6_cake/app/Controller/TextsController.php" StructureKind="resource" NumEvents="73" CreationCount="61"/><InteractionEvent Delta="null" EndDate="2014-10-22 08:56:19.751 JST" Interest="11.0" Kind="selection" Navigation="null" OriginId="org.eclipse.php.editor" StartDate="2014-10-22 08:43:40.698 JST" StructureHandle="/CR6_cake/app/Controller/TextsController.php" StructureKind="resource" NumEvents="11" CreationCount="61"/><InteractionEvent Delta="null" EndDate="2014-10-22 08:30:55.475 JST" Interest="1.0" Kind="prediction" Navigation="null" OriginId="org.eclipse.mylyn.resources.ui.interest.updater" StartDate="2014-10-22 08:30:55.475 JST" StructureHandle="/CR6_cake/app/tmp/cache/persistent/myapp_cake_core_cake_dev_en-us" StructureKind="resource"/><InteractionEvent Delta="null" EndDate="2014-10-22 08:33:23.749 JST" Interest="5.0" Kind="selection" Navigation="null" OriginId="org.eclipse.ui.views.ResourceNavigator" StartDate="2014-10-22 08:32:59.39 JST" StructureHandle="/CR6_cake/app/tmp/cache/persistent/myapp_cake_core_cake_dev_en-us" StructureKind="resource" NumEvents="5" CreationCount="2"/><InteractionEvent Delta="null" EndDate="2014-10-22 08:56:41.314 JST" Interest="11.516999" Kind="propagation" Navigation="org.eclipse.mylyn.core.model.edges.containment" OriginId="org.eclipse.mylyn.core.model.interest.propagation" StartDate="2014-10-22 08:52:18.853 JST" StructureHandle="/CR6_cake/app/webroot/css" StructureKind="resource" NumEvents="14" CreationCount="185"/><InteractionEvent Delta="null" EndDate="2014-10-22 08:52:17.610 JST" Interest="1.0" Kind="selection" Navigation="null" OriginId="org.eclipse.ui.views.ResourceNavigator" StartDate="2014-10-22 08:52:17.610 JST" StructureHandle="/CR6_cake/app/webroot/css" StructureKind="resource"/><InteractionEvent Delta="null" EndDate="2014-10-22 08:58:36.649 JST" Interest="319.0" Kind="propagation" Navigation="null" OriginId="org.eclipse.php.editor" StartDate="2014-10-22 08:29:46.801 JST" StructureHandle="/" StructureKind="resource" NumEvents="319" CreationCount="1"/><InteractionEvent Delta="null" EndDate="2014-10-22 08:56:41.116 JST" Interest="26.574" Kind="propagation" Navigation="org.eclipse.mylyn.core.model.edges.containment" OriginId="org.eclipse.mylyn.core.model.interest.propagation" StartDate="2014-10-22 08:43:31.277 JST" StructureHandle="=Cake_NR5" StructureKind="c/c++" NumEvents="35" CreationCount="56"/><InteractionEvent Delta="null" EndDate="2014-10-22 08:55:54.446 JST" Interest="1.0" Kind="selection" Navigation="null" OriginId="org.eclipse.ui.views.ResourceNavigator" StartDate="2014-10-22 08:55:54.446 JST" StructureHandle="/CR6_cake/app/View/Elements/empty" StructureKind="resource"/><InteractionEvent Delta="null" EndDate="2014-10-22 08:56:42.197 JST" Interest="13.0" Kind="edit" Navigation="null" OriginId="org.eclipse.php.editor" StartDate="2014-10-22 08:54:41.799 JST" StructureHandle="/Cake_NR5/app/View/Historys/index.ctp" StructureKind="resource" NumEvents="13" CreationCount="234"/><InteractionEvent Delta="null" EndDate="2014-10-22 08:56:42.154 JST" Interest="7.0" Kind="selection" Navigation="null" OriginId="org.eclipse.php.editor" StartDate="2014-10-22 08:54:41.738 JST" StructureHandle="/Cake_NR5/app/View/Historys/index.ctp" StructureKind="resource" NumEvents="7" CreationCount="234"/><InteractionEvent Delta="null" EndDate="2014-10-22 08:56:41.315 JST" Interest="11.533999" Kind="propagation" Navigation="org.eclipse.mylyn.core.model.edges.containment" OriginId="org.eclipse.mylyn.core.model.interest.propagation" StartDate="2014-10-22 08:52:17.611 JST" StructureHandle="/CR6_cake/app/webroot" StructureKind="resource" NumEvents="15" CreationCount="184"/><InteractionEvent Delta="null" EndDate="2014-10-22 08:52:16.575 JST" Interest="1.0" Kind="selection" Navigation="null" OriginId="org.eclipse.ui.views.ResourceNavigator" StartDate="2014-10-22 08:52:16.575 JST" StructureHandle="/CR6_cake/app/webroot" StructureKind="resource"/><InteractionEvent Delta="null" EndDate="2014-10-22 08:56:32.828 JST" Interest="61.120003" Kind="propagation" Navigation="org.eclipse.mylyn.core.model.edges.containment" OriginId="org.eclipse.mylyn.core.model.interest.propagation" StartDate="2014-10-22 08:30:57.40 JST" StructureHandle="/CR6_cake/app" StructureKind="resource" NumEvents="85" CreationCount="1"/><InteractionEvent Delta="null" EndDate="2014-10-22 08:30:49.258 JST" Interest="2.0" Kind="selection" Navigation="null" OriginId="org.eclipse.ui.views.ResourceNavigator" StartDate="2014-10-22 08:29:46.795 JST" StructureHandle="/CR6_cake/app" StructureKind="resource" NumEvents="2" CreationCount="1"/><InteractionEvent Delta="null" EndDate="2014-10-22 08:30:55.476 JST" Interest="1.0" Kind="prediction" Navigation="null" OriginId="org.eclipse.mylyn.resources.ui.interest.updater" StartDate="2014-10-22 08:30:55.476 JST" StructureHandle="/CR6_cake/app/tmp/cache/models/myapp_cake_model_default_langs" StructureKind="resource"/><InteractionEvent Delta="null" EndDate="2014-10-22 08:32:35.885 JST" Interest="4.0" Kind="selection" Navigation="null" OriginId="org.eclipse.ui.views.ResourceNavigator" StartDate="2014-10-22 08:32:10.349 JST" StructureHandle="/CR6_cake/app/tmp/cache/models/myapp_cake_model_default_langs" StructureKind="resource" NumEvents="4" CreationCount="2"/><InteractionEvent Delta="null" EndDate="2014-10-22 08:56:32.828 JST" Interest="63.120003" Kind="propagation" Navigation="org.eclipse.mylyn.core.model.edges.containment" OriginId="org.eclipse.mylyn.core.model.interest.propagation" StartDate="2014-10-22 08:29:46.798 JST" StructureHandle="=CR6_cake" StructureKind="c/c++" NumEvents="88" CreationCount="1"/><InteractionEvent Delta="null" EndDate="2014-10-22 08:32:51.450 JST" Interest="7.0" Kind="propagation" Navigation="org.eclipse.mylyn.core.model.edges.containment" OriginId="org.eclipse.mylyn.core.model.interest.propagation" StartDate="2014-10-22 08:30:55.482 JST" StructureHandle="/CR6_cake/app/tmp" StructureKind="resource" NumEvents="7" CreationCount="2"/><InteractionEvent Delta="null" EndDate="2014-10-22 08:50:58.325 JST" Interest="3.0" Kind="selection" Navigation="null" OriginId="org.eclipse.ui.views.ResourceNavigator" StartDate="2014-10-22 08:30:57.40 JST" StructureHandle="/CR6_cake/app/tmp" StructureKind="resource" NumEvents="3" CreationCount="2"/><InteractionEvent Delta="null" EndDate="2014-10-22 08:56:42.199 JST" Interest="93.0" Kind="propagation" Navigation="null" OriginId="org.eclipse.php.editor" StartDate="2014-10-22 08:43:31.277 JST" StructureHandle="/Cake_NR5" StructureKind="resource" NumEvents="93" CreationCount="56"/><InteractionEvent Delta="null" EndDate="2014-10-22 08:50:53.860 JST" Interest="8.0" Kind="propagation" Navigation="org.eclipse.mylyn.core.model.edges.containment" OriginId="org.eclipse.mylyn.core.model.interest.propagation" StartDate="2014-10-22 08:30:55.481 JST" StructureHandle="/CR6_cake/app/tmp/cache" StructureKind="resource" NumEvents="8" CreationCount="2"/><InteractionEvent Delta="null" EndDate="2014-10-22 08:31:03.31 JST" Interest="1.0" Kind="selection" Navigation="null" OriginId="org.eclipse.ui.views.ResourceNavigator" StartDate="2014-10-22 08:31:03.31 JST" StructureHandle="/CR6_cake/app/tmp/cache" StructureKind="resource"/><InteractionEvent Delta="null" EndDate="2014-10-22 08:56:41.709 JST" Interest="7.9" Kind="propagation" Navigation="org.eclipse.mylyn.core.model.edges.containment" OriginId="org.eclipse.mylyn.core.model.interest.propagation" StartDate="2014-10-22 08:52:38.428 JST" StructureHandle="/Cake_NR5/app/View/Elements/keywords" StructureKind="resource" NumEvents="10" CreationCount="194"/><InteractionEvent Delta="null" EndDate="2014-10-22 08:56:42.198 JST" Interest="16.779999" Kind="propagation" Navigation="org.eclipse.mylyn.core.model.edges.containment" OriginId="org.eclipse.mylyn.core.model.interest.propagation" StartDate="2014-10-22 08:52:38.429 JST" StructureHandle="/Cake_NR5/app/View" StructureKind="resource" NumEvents="21" CreationCount="194"/><InteractionEvent Delta="null" EndDate="2014-10-22 08:56:19.422 JST" Interest="24.0" Kind="edit" Navigation="null" OriginId="org.eclipse.php.editor" StartDate="2014-10-22 08:43:31.787 JST" StructureHandle="/Cake_NR5/app/Controller/HistorysController.php" StructureKind="resource" NumEvents="24" CreationCount="56"/><InteractionEvent Delta="null" EndDate="2014-10-22 08:56:19.387 JST" Interest="7.0" Kind="selection" Navigation="null" OriginId="org.eclipse.php.editor" StartDate="2014-10-22 08:43:31.276 JST" StructureHandle="/Cake_NR5/app/Controller/HistorysController.php" StructureKind="resource" NumEvents="7" CreationCount="56"/><InteractionEvent Delta="null" EndDate="2014-10-22 08:56:41.709 JST" Interest="7.9" Kind="propagation" Navigation="org.eclipse.mylyn.core.model.edges.containment" OriginId="org.eclipse.mylyn.core.model.interest.propagation" StartDate="2014-10-22 08:52:38.429 JST" StructureHandle="/Cake_NR5/app/View/Elements" StructureKind="resource" NumEvents="10" CreationCount="194"/><InteractionEvent Delta="null" EndDate="2014-10-22 08:32:50.329 JST" Interest="5.0" Kind="selection" Navigation="null" OriginId="org.eclipse.ui.views.ResourceNavigator" StartDate="2014-10-22 08:32:38.985 JST" StructureHandle="/CR6_cake/app/tmp/cache/models/myapp_cake_model_default_users" StructureKind="resource" NumEvents="5" CreationCount="17"/><InteractionEvent Delta="null" EndDate="2014-10-22 08:56:41.115 JST" Interest="26.574" Kind="propagation" Navigation="org.eclipse.mylyn.core.model.edges.containment" OriginId="org.eclipse.mylyn.core.model.interest.propagation" StartDate="2014-10-22 08:43:31.277 JST" StructureHandle="/Cake_NR5/app" StructureKind="resource" NumEvents="35" CreationCount="56"/><InteractionEvent Delta="null" EndDate="2014-10-22 08:51:46.37 JST" Interest="3.0" Kind="edit" Navigation="null" OriginId="org.eclipse.php.editor" StartDate="2014-10-22 08:51:44.596 JST" StructureHandle="/CR6_cake/app/View/Elements/texts/_index_pagination.ctp" StructureKind="resource" NumEvents="3" CreationCount="168"/><InteractionEvent Delta="null" EndDate="2014-10-22 08:51:42.870 JST" Interest="1.0" Kind="propagation" Navigation="null" OriginId="org.eclipse.mylyn.resources.ui.interest.updater" StartDate="2014-10-22 08:51:42.870 JST" StructureHandle="/CR6_cake/app/View/Elements/texts/_index_pagination.ctp" StructureKind="resource"/><InteractionEvent Delta="null" EndDate="2014-10-22 08:55:56.482 JST" Interest="4.0" Kind="selection" Navigation="null" OriginId="org.eclipse.ui.views.ResourceNavigator" StartDate="2014-10-22 08:51:44.166 JST" StructureHandle="/CR6_cake/app/View/Elements/texts/_index_pagination.ctp" StructureKind="resource" NumEvents="4" CreationCount="168"/><InteractionEvent Delta="null" EndDate="2014-10-22 08:58:36.649 JST" Interest="31.309" Kind="propagation" Navigation="org.eclipse.mylyn.core.model.edges.containment" OriginId="org.eclipse.mylyn.core.model.interest.propagation" StartDate="2014-10-22 08:51:03.735 JST" StructureHandle="/CR6_cake/app/View" StructureKind="resource" NumEvents="45" CreationCount="162"/><InteractionEvent Delta="null" EndDate="2014-10-22 08:51:02.332 JST" Interest="1.0" Kind="selection" Navigation="null" OriginId="org.eclipse.ui.views.ResourceNavigator" StartDate="2014-10-22 08:51:02.332 JST" StructureHandle="/CR6_cake/app/View" StructureKind="resource"/><InteractionEvent Delta="null" EndDate="2014-10-22 08:55:56.483 JST" Interest="5.1849995" Kind="propagation" Navigation="org.eclipse.mylyn.core.model.edges.containment" OriginId="org.eclipse.mylyn.core.model.interest.propagation" StartDate="2014-10-22 08:51:31.481 JST" StructureHandle="/CR6_cake/app/View/Elements" StructureKind="resource" NumEvents="10" CreationCount="163"/><InteractionEvent Delta="null" EndDate="2014-10-22 08:51:20.860 JST" Interest="2.0" Kind="selection" Navigation="null" OriginId="org.eclipse.ui.views.ResourceNavigator" StartDate="2014-10-22 08:51:03.734 JST" StructureHandle="/CR6_cake/app/View/Elements" StructureKind="resource" NumEvents="2" CreationCount="163"/><InteractionEvent Delta="null" EndDate="2014-10-22 08:56:42.198 JST" Interest="16.099998" Kind="propagation" Navigation="org.eclipse.mylyn.core.model.edges.containment" OriginId="org.eclipse.mylyn.core.model.interest.propagation" StartDate="2014-10-22 08:54:41.739 JST" StructureHandle="/Cake_NR5/app/View/Historys" StructureKind="resource" NumEvents="20" CreationCount="234"/><InteractionEvent Delta="null" EndDate="2014-10-22 08:58:36.648 JST" Interest="30.016998" Kind="propagation" Navigation="org.eclipse.mylyn.core.model.edges.containment" OriginId="org.eclipse.mylyn.core.model.interest.propagation" StartDate="2014-10-22 08:54:49.814 JST" StructureHandle="/CR6_cake/app/View/Texts" StructureKind="resource" NumEvents="40" CreationCount="238"/><InteractionEvent Delta="null" EndDate="2014-10-22 08:54:47.531 JST" Interest="1.0" Kind="selection" Navigation="null" OriginId="org.eclipse.ui.views.ResourceNavigator" StartDate="2014-10-22 08:54:47.531 JST" StructureHandle="/CR6_cake/app/View/Texts" StructureKind="resource"/><InteractionEvent Delta="null" EndDate="2014-10-22 08:30:55.473 JST" Interest="1.0" Kind="prediction" Navigation="null" OriginId="org.eclipse.mylyn.resources.ui.interest.updater" StartDate="2014-10-22 08:30:55.473 JST" StructureHandle="/CR6_cake/app/tmp/cache/persistent/myapp_cake_core_method_cache" StructureKind="resource"/><InteractionEvent Delta="null" EndDate="2014-10-22 08:33:23.766 JST" Interest="3.0" Kind="selection" Navigation="null" OriginId="org.eclipse.ui.views.ResourceNavigator" StartDate="2014-10-22 08:33:00.35 JST" StructureHandle="/CR6_cake/app/tmp/cache/persistent/myapp_cake_core_method_cache" StructureKind="resource" NumEvents="3" CreationCount="2"/><InteractionEvent Delta="null" EndDate="2014-10-22 08:32:50.332 JST" Interest="3.0" Kind="selection" Navigation="null" OriginId="org.eclipse.ui.views.ResourceNavigator" StartDate="2014-10-22 08:32:40.61 JST" StructureHandle="/CR6_cake/app/tmp/cache/models/myapp_cake_model_default_words" StructureKind="resource" NumEvents="3" CreationCount="20"/><InteractionEvent Delta="null" EndDate="2014-10-22 08:30:55.477 JST" Interest="1.0" Kind="prediction" Navigation="null" OriginId="org.eclipse.mylyn.resources.ui.interest.updater" StartDate="2014-10-22 08:30:55.477 JST" StructureHandle="/CR6_cake/app/tmp/cache/models/myapp_cake_model_default_texts" StructureKind="resource"/><InteractionEvent Delta="null" EndDate="2014-10-22 08:32:50.324 JST" Interest="6.0" Kind="selection" Navigation="null" OriginId="org.eclipse.ui.views.ResourceNavigator" StartDate="2014-10-22 08:32:38.92 JST" StructureHandle="/CR6_cake/app/tmp/cache/models/myapp_cake_model_default_texts" StructureKind="resource" NumEvents="6" CreationCount="2"/><InteractionEvent Delta="null" EndDate="2014-10-22 08:56:32.828 JST" Interest="60.236" Kind="propagation" Navigation="org.eclipse.mylyn.core.model.edges.containment" OriginId="org.eclipse.mylyn.core.model.interest.propagation" StartDate="2014-10-22 08:43:41.95 JST" StructureHandle="/CR6_cake/app/Controller" StructureKind="resource" NumEvents="83" CreationCount="53"/><InteractionEvent Delta="null" EndDate="2014-10-22 08:43:37.640 JST" Interest="2.0" Kind="selection" Navigation="null" OriginId="org.eclipse.ui.views.ResourceNavigator" StartDate="2014-10-22 08:43:03.886 JST" StructureHandle="/CR6_cake/app/Controller" StructureKind="resource" NumEvents="2" CreationCount="53"/><InteractionEvent Delta="null" EndDate="2014-10-22 08:32:50.325 JST" Interest="6.0" Kind="propagation" Navigation="org.eclipse.mylyn.core.model.edges.containment" OriginId="org.eclipse.mylyn.core.model.interest.propagation" StartDate="2014-10-22 08:30:55.494 JST" StructureHandle="/CR6_cake/app/tmp/cache/models" StructureKind="resource" NumEvents="6" CreationCount="2"/><InteractionEvent Delta="null" EndDate="2014-10-22 08:50:53.860 JST" Interest="3.0" Kind="selection" Navigation="null" OriginId="org.eclipse.ui.views.ResourceNavigator" StartDate="2014-10-22 08:31:05.379 JST" StructureHandle="/CR6_cake/app/tmp/cache/models" StructureKind="resource" NumEvents="3" CreationCount="2"/><InteractionEvent Delta="null" EndDate="2014-10-22 08:56:41.114 JST" Interest="25.0" Kind="edit" Navigation="null" OriginId="org.eclipse.wst.css.core.csssource.source" StartDate="2014-10-22 08:52:09.387 JST" StructureHandle="/Cake_NR5/app/webroot/css/main.css" StructureKind="resource" NumEvents="25" CreationCount="178"/><InteractionEvent Delta="null" EndDate="2014-10-22 08:56:41.75 JST" Interest="7.0" Kind="selection" Navigation="null" OriginId="org.eclipse.wst.css.core.csssource.source" StartDate="2014-10-22 08:52:08.767 JST" StructureHandle="/Cake_NR5/app/webroot/css/main.css" StructureKind="resource" NumEvents="7" CreationCount="178"/><InteractionEvent Delta="null" EndDate="2014-10-22 08:56:19.423 JST" Interest="23.8" Kind="propagation" Navigation="org.eclipse.mylyn.core.model.edges.containment" OriginId="org.eclipse.mylyn.core.model.interest.propagation" StartDate="2014-10-22 08:43:31.276 JST" StructureHandle="/Cake_NR5/app/Controller" StructureKind="resource" NumEvents="31" CreationCount="56"/><InteractionEvent Delta="null" EndDate="2014-10-22 08:55:56.483 JST" Interest="3.151" Kind="propagation" Navigation="org.eclipse.mylyn.core.model.edges.containment" OriginId="org.eclipse.mylyn.core.model.interest.propagation" StartDate="2014-10-22 08:51:45.900 JST" StructureHandle="/CR6_cake/app/View/Elements/texts" StructureKind="resource" NumEvents="4" CreationCount="165"/><InteractionEvent Delta="null" EndDate="2014-10-22 08:51:41.117 JST" Interest="4.0" Kind="selection" Navigation="null" OriginId="org.eclipse.ui.views.ResourceNavigator" StartDate="2014-10-22 08:51:23.396 JST" StructureHandle="/CR6_cake/app/View/Elements/texts" StructureKind="resource" NumEvents="4" CreationCount="165"/><InteractionEvent Delta="null" EndDate="2014-10-22 08:58:36.648 JST" Interest="30.0" Kind="edit" Navigation="null" OriginId="org.eclipse.php.editor" StartDate="2014-10-22 08:54:50.135 JST" StructureHandle="/CR6_cake/app/View/Texts/index.ctp" StructureKind="resource" NumEvents="30" CreationCount="239"/><InteractionEvent Delta="null" EndDate="2014-10-22 08:58:36.593 JST" Interest="10.0" Kind="selection" Navigation="null" OriginId="org.eclipse.php.editor" StartDate="2014-10-22 08:54:49.813 JST" StructureHandle="/CR6_cake/app/View/Texts/index.ctp" StructureKind="resource" NumEvents="10" CreationCount="239"/></InteractionHistory>