<?xml version="1.0" encoding="UTF-8"?><InteractionHistory Id="local-96" Version="1"><InteractionEvent Delta="null" EndDate="2014-11-20 16:39:52.924 JST" Interest="655.80194" Kind="propagation" Navigation="org.eclipse.mylyn.core.model.edges.containment" OriginId="org.eclipse.mylyn.core.model.interest.propagation" StartDate="2014-11-20 15:41:24.455 JST" StructureHandle="" StructureKind="c/c++" NumEvents="812" CreationCount="1"/><InteractionEvent Delta="null" EndDate="2014-11-20 16:31:34.436 JST" Interest="9.0" Kind="selection" Navigation="null" OriginId="org.eclipse.cdt.ui.editor.CEditor" StartDate="2014-11-20 15:43:47.730 JST" StructureHandle="=Embedded{D-100~\/D-108_Aoki_TMR0\/D-108_v_2_5_0\/D-108_v_2_5_0.X\/D-108_v_2_5_0.c[_Setup#74(void" StructureKind="c/c++" NumEvents="9" CreationCount="162"/><InteractionEvent Delta="null" EndDate="2014-11-20 16:20:30.165 JST" Interest="19.0" Kind="edit" Navigation="null" OriginId="org.eclipse.cdt.ui.editor.CEditor" StartDate="2014-11-20 15:55:44.304 JST" StructureHandle="=Embedded{D-100~\/D-108_Aoki_TMR0\/D-108_v_2_5_0\/D-108_v_2_5_0.X\/D-108_v_2_5_0.c[_Setup#74(void" StructureKind="c/c++" NumEvents="19" CreationCount="162"/><InteractionEvent Delta="null" EndDate="2014-11-20 16:39:44.778 JST" Interest="3.6210003" Kind="manipulation" Navigation="null" OriginId="org.eclipse.mylyn.core.model.interest.decay.correction" StartDate="2014-11-20 16:39:44.778 JST" StructureHandle="=Embedded{D-100~\/D-108_Aoki_TMR0\/D-108_v_2_5_0\/D-108_v_2_5_0.X\/D-108_v_2_5_0.c[main#74(void" StructureKind="c/c++"/><InteractionEvent Delta="null" EndDate="2014-11-20 16:20:00.166 JST" Interest="11.0" Kind="selection" Navigation="null" OriginId="org.eclipse.cdt.ui.editor.CEditor" StartDate="2014-11-20 16:21:28.621 JST" StructureHandle="=Embedded{D-100~\/D-108_Aoki_TMR0\/D-108_v_2_5_0\/D-108_v_2_5_0.X\/D-108_v_2_5_0.c[main#74(void" StructureKind="c/c++" NumEvents="4" CreationCount="0"/><InteractionEvent Delta="null" EndDate="2014-11-20 16:11:00.93 JST" Interest="19.0" Kind="edit" Navigation="null" OriginId="org.eclipse.cdt.ui.editor.CEditor" StartDate="2014-11-20 16:21:29.260 JST" StructureHandle="=Embedded{D-100~\/D-108_Aoki_TMR0\/D-108_v_2_5_0\/D-108_v_2_5_0.X\/D-108_v_2_5_0.c[main#74(void" StructureKind="c/c++" NumEvents="4" CreationCount="0"/><InteractionEvent Delta="null" EndDate="2014-11-20 16:27:58.841 JST" Interest="1.0" Kind="selection" Navigation="null" OriginId="org.eclipse.cdt.ui.editor.CEditor" StartDate="2014-11-20 16:27:58.841 JST" StructureHandle="=Embedded{D-100~\/D-108_Aoki_TMR0\/D-108_v_2_5_0\/D-108_v_2_5_0.X\/D-108_v_2_5_0.c[xc.h#75" StructureKind="c/c++"/><InteractionEvent Delta="null" EndDate="2014-11-20 16:28:01.541 JST" Interest="2.0" Kind="edit" Navigation="null" OriginId="org.eclipse.cdt.ui.editor.CEditor" StartDate="2014-11-20 16:27:59.476 JST" StructureHandle="=Embedded{D-100~\/D-108_Aoki_TMR0\/D-108_v_2_5_0\/D-108_v_2_5_0.X\/D-108_v_2_5_0.c[xc.h#75" StructureKind="c/c++" NumEvents="2" CreationCount="649"/><InteractionEvent Delta="null" EndDate="2014-11-20 16:10:36.260 JST" Interest="1.0" Kind="selection" Navigation="null" OriginId="org.eclipse.ui.navigator.ProjectExplorer" StartDate="2014-11-20 16:10:36.260 JST" StructureHandle="/Embedded/D-100~/D-108_Aoki_TMR0/D-108_v_2_5_0/D-108_v_2_5_0.X/Makefile" StructureKind="resource"/><InteractionEvent Delta="null" EndDate="2014-11-20 16:36:28.830 JST" Interest="1.0" Kind="selection" Navigation="null" OriginId="org.eclipse.cdt.ui.editor.CEditor" StartDate="2014-11-20 16:36:28.830 JST" StructureHandle="=Embedded{D-100~\/D-108_Aoki_TMR0\/D-108_v_2_5_0\/D-108_v_2_5_0.X\/SD1602_4bit_mode.h" StructureKind="c/c++"/><InteractionEvent Delta="null" EndDate="2014-11-20 16:36:32.147 JST" Interest="1.0" Kind="edit" Navigation="null" OriginId="org.eclipse.cdt.ui.editor.CEditor" StartDate="2014-11-20 16:36:32.147 JST" StructureHandle="=Embedded{D-100~\/D-108_Aoki_TMR0\/D-108_v_2_5_0\/D-108_v_2_5_0.X\/SD1602_4bit_mode.h" StructureKind="c/c++"/><InteractionEvent Delta="null" EndDate="2014-11-20 16:36:36.630 JST" Interest="0.06799996" Kind="propagation" Navigation="org.eclipse.mylyn.core.model.edges.containment" OriginId="org.eclipse.mylyn.core.model.interest.propagation" StartDate="2014-11-20 16:36:36.630 JST" StructureHandle="=Embedded{D-100~\/D-108_Aoki_TMR0\/D-108_v_2_5_0\/D-108_v_2_5_0.X\/SD1602_4bit_mode.h" StructureKind="c/c++"/><InteractionEvent Delta="null" EndDate="2014-11-20 15:43:02.345 JST" Interest="1.0" Kind="selection" Navigation="null" OriginId="org.eclipse.ui.navigator.ProjectExplorer" StartDate="2014-11-20 15:43:02.345 JST" StructureHandle="/Embedded/D-100~/D-108_Aoki_TMR0/D-108_v_2_4_1/D-108_v_2_4_1.X/SD1602_4bit_mode.h" StructureKind="resource"/><InteractionEvent Delta="null" EndDate="2014-11-20 16:10:33.751 JST" Interest="5.0" Kind="selection" Navigation="null" OriginId="org.eclipse.ui.navigator.ProjectExplorer" StartDate="2014-11-20 15:41:37.643 JST" StructureHandle="/Embedded/D-100~/D-108_Aoki_TMR0/D-108_v_2_5_0/D-108_v_2_5_0.X" StructureKind="resource" NumEvents="5" CreationCount="6"/><InteractionEvent Delta="null" EndDate="2014-11-20 16:39:52.923 JST" Interest="650.717" Kind="propagation" Navigation="org.eclipse.mylyn.core.model.edges.containment" OriginId="org.eclipse.mylyn.core.model.interest.propagation" StartDate="2014-11-20 15:41:40.466 JST" StructureHandle="/Embedded/D-100~/D-108_Aoki_TMR0/D-108_v_2_5_0/D-108_v_2_5_0.X" StructureKind="resource" NumEvents="778" CreationCount="6"/><InteractionEvent Delta="null" EndDate="2014-11-20 16:36:28.309 JST" Interest="9.764001" Kind="manipulation" Navigation="null" OriginId="org.eclipse.mylyn.core.model.interest.decay.correction" StartDate="2014-11-20 16:10:37.548 JST" StructureHandle="/Embedded/D-100~/D-108_Aoki_TMR0/D-108_v_2_5_0/D-108_v_2_5_0.X/SD1602_4bit_mode.h" StructureKind="resource" NumEvents="2" CreationCount="113"/><InteractionEvent Delta="null" EndDate="2014-11-20 16:36:28.544 JST" Interest="3.0" Kind="selection" Navigation="null" OriginId="org.eclipse.cdt.ui.editor.CEditor" StartDate="2014-11-20 16:10:37.548 JST" StructureHandle="/Embedded/D-100~/D-108_Aoki_TMR0/D-108_v_2_5_0/D-108_v_2_5_0.X/SD1602_4bit_mode.h" StructureKind="resource" NumEvents="3" CreationCount="113"/><InteractionEvent Delta="null" EndDate="2014-11-20 16:36:36.631 JST" Interest="4.0" Kind="edit" Navigation="null" OriginId="org.eclipse.cdt.ui.editor.CEditor" StartDate="2014-11-20 16:36:28.831 JST" StructureHandle="/Embedded/D-100~/D-108_Aoki_TMR0/D-108_v_2_5_0/D-108_v_2_5_0.X/SD1602_4bit_mode.h" StructureKind="resource" NumEvents="4" CreationCount="113"/><InteractionEvent Delta="null" EndDate="2014-11-20 16:36:36.630 JST" Interest="5.0" Kind="propagation" Navigation="null" OriginId="org.eclipse.cdt.ui.editor.CEditor" StartDate="2014-11-20 15:43:07.147 JST" StructureHandle="/Embedded/D-100~/D-108_Aoki_TMR0/D-108_v_2_5_0/D-108_v_2_5_0.X/SD1602_4bit_mode.h" StructureKind="resource" NumEvents="5" CreationCount="113"/><InteractionEvent Delta="null" EndDate="2014-11-20 16:33:33.775 JST" Interest="5.0" Kind="selection" Navigation="null" OriginId="org.eclipse.cdt.ui.editor.CEditor" StartDate="2014-11-20 16:31:43.622 JST" StructureHandle="=Embedded{D-100~\/D-108_Aoki_TMR0\/D-108_v_2_5_0\/D-108_v_2_5_0.X\/D-108_v_2_5_0.c[msg_2#76" StructureKind="c/c++" NumEvents="5" CreationCount="671"/><InteractionEvent Delta="null" EndDate="2014-11-20 16:33:41.608 JST" Interest="8.0" Kind="edit" Navigation="null" OriginId="org.eclipse.cdt.ui.editor.CEditor" StartDate="2014-11-20 16:31:46.625 JST" StructureHandle="=Embedded{D-100~\/D-108_Aoki_TMR0\/D-108_v_2_5_0\/D-108_v_2_5_0.X\/D-108_v_2_5_0.c[msg_2#76" StructureKind="c/c++" NumEvents="8" CreationCount="671"/><InteractionEvent Delta="null" EndDate="2014-11-20 16:22:11.193 JST" Interest="1.0" Kind="selection" Navigation="null" OriginId="org.eclipse.cdt.ui.editor.CEditor" StartDate="2014-11-20 16:22:11.193 JST" StructureHandle="=Embedded{D-100~\/D-108_Aoki_TMR0\/D-108_v_2_5_0\/D-108_v_2_5_0.X\/D-108_v_2_5_0.c[_Setup#73(void" StructureKind="c/c++"/><InteractionEvent Delta="null" EndDate="2014-11-20 15:43:12.878 JST" Interest="2.0" Kind="selection" Navigation="null" OriginId="org.eclipse.cdt.ui.editor.CEditor" StartDate="2014-11-20 15:42:53.598 JST" StructureHandle="=Embedded{D-100~\/D-108_Aoki_TMR0\/D-108_v_2_4_1\/D-108_v_2_4_1.X\/D-108_v_2_4_1.c[SD1602_4bit_mode.h#75" StructureKind="c/c++" NumEvents="2" CreationCount="96"/><InteractionEvent Delta="null" EndDate="2014-11-20 15:42:34.926 JST" Interest="2.0" Kind="selection" Navigation="null" OriginId="org.eclipse.cdt.ui.editor.CEditor" StartDate="2014-11-20 15:42:19.715 JST" StructureHandle="=Embedded{D-100~\/D-108_Aoki_TMR0\/D-108_v_2_4_1\/D-108_v_2_4_1.X\/D-108_v_2_4_1.c[_Setup#73(void" StructureKind="c/c++" NumEvents="2" CreationCount="70"/><InteractionEvent Delta="null" EndDate="2014-11-20 16:39:42.1 JST" Interest="6.65" Kind="manipulation" Navigation="null" OriginId="org.eclipse.mylyn.core.model.interest.decay.correction" StartDate="2014-11-20 16:22:26.30 JST" StructureHandle="=Embedded{D-100~\/D-108_Aoki_TMR0\/D-108_v_2_5_0\/D-108_v_2_5_0.X\/D-108_v_2_5_0.c[_While#73(void" StructureKind="c/c++" NumEvents="2" CreationCount="292"/><InteractionEvent Delta="null" EndDate="2014-11-20 16:39:42.0 JST" Interest="4.0" Kind="selection" Navigation="null" OriginId="org.eclipse.cdt.ui.editor.CEditor" StartDate="2014-11-20 15:57:31.459 JST" StructureHandle="=Embedded{D-100~\/D-108_Aoki_TMR0\/D-108_v_2_5_0\/D-108_v_2_5_0.X\/D-108_v_2_5_0.c[_While#73(void" StructureKind="c/c++" NumEvents="4" CreationCount="292"/><InteractionEvent Delta="null" EndDate="2014-11-20 15:57:40.745 JST" Interest="2.0" Kind="edit" Navigation="null" OriginId="org.eclipse.cdt.ui.editor.CEditor" StartDate="2014-11-20 15:57:33.334 JST" StructureHandle="=Embedded{D-100~\/D-108_Aoki_TMR0\/D-108_v_2_5_0\/D-108_v_2_5_0.X\/D-108_v_2_5_0.c[_While#73(void" StructureKind="c/c++" NumEvents="2" CreationCount="292"/><InteractionEvent Delta="null" EndDate="2014-11-20 15:41:31.926 JST" Interest="1.0" Kind="selection" Navigation="null" OriginId="org.eclipse.ui.navigator.ProjectExplorer" StartDate="2014-11-20 15:41:31.926 JST" StructureHandle="/Embedded/D-100~/D-108_Aoki_TMR0" StructureKind="resource"/><InteractionEvent Delta="null" EndDate="2014-11-20 16:39:52.923 JST" Interest="654.76794" Kind="propagation" Navigation="org.eclipse.mylyn.core.model.edges.containment" OriginId="org.eclipse.mylyn.core.model.interest.propagation" StartDate="2014-11-20 15:41:35.885 JST" StructureHandle="/Embedded/D-100~/D-108_Aoki_TMR0" StructureKind="resource" NumEvents="799" CreationCount="3"/><InteractionEvent Delta="null" EndDate="2014-11-20 15:42:09.233 JST" Interest="2.0" Kind="selection" Navigation="null" OriginId="org.eclipse.cdt.ui.editor.CEditor" StartDate="2014-11-20 15:42:04.903 JST" StructureHandle="=Embedded{D-100~\/D-108_Aoki_TMR0\/D-108_v_2_4_1\/D-108_v_2_4_1.X\/D-108_v_2_4_1.c[_Setup#74(void" StructureKind="c/c++" NumEvents="2" CreationCount="44"/><InteractionEvent Delta="null" EndDate="2014-11-20 16:33:54.322 JST" Interest="2.5670002" Kind="manipulation" Navigation="null" OriginId="org.eclipse.mylyn.core.model.interest.decay.correction" StartDate="2014-11-20 16:33:54.322 JST" StructureHandle="=Embedded{D-100~\/D-108_Aoki_TMR0\/D-108_v_2_5_0\/D-108_v_2_5_0.X\/D-108_v_2_5_0.c[msg_num#76" StructureKind="c/c++"/><InteractionEvent Delta="null" EndDate="2014-11-20 16:35:18.546 JST" Interest="3.0" Kind="selection" Navigation="null" OriginId="org.eclipse.cdt.ui.editor.CEditor" StartDate="2014-11-20 16:20:13.927 JST" StructureHandle="=Embedded{D-100~\/D-108_Aoki_TMR0\/D-108_v_2_5_0\/D-108_v_2_5_0.X\/D-108_v_2_5_0.c[msg_num#76" StructureKind="c/c++" NumEvents="3" CreationCount="471"/><InteractionEvent Delta="null" EndDate="2014-11-20 16:34:05.28 JST" Interest="4.0" Kind="edit" Navigation="null" OriginId="org.eclipse.cdt.ui.editor.CEditor" StartDate="2014-11-20 16:20:15.519 JST" StructureHandle="=Embedded{D-100~\/D-108_Aoki_TMR0\/D-108_v_2_5_0\/D-108_v_2_5_0.X\/D-108_v_2_5_0.c[msg_num#76" StructureKind="c/c++" NumEvents="4" CreationCount="471"/><InteractionEvent Delta="null" EndDate="2014-11-20 15:41:29.27 JST" Interest="1.0" Kind="selection" Navigation="null" OriginId="org.eclipse.ui.navigator.ProjectExplorer" StartDate="2014-11-20 15:41:29.27 JST" StructureHandle="/Embedded/D-100~" StructureKind="resource"/><InteractionEvent Delta="null" EndDate="2014-11-20 16:39:52.923 JST" Interest="654.785" Kind="propagation" Navigation="org.eclipse.mylyn.core.model.edges.containment" OriginId="org.eclipse.mylyn.core.model.interest.propagation" StartDate="2014-11-20 15:41:31.927 JST" StructureHandle="/Embedded/D-100~" StructureKind="resource" NumEvents="806" CreationCount="2"/><InteractionEvent Delta="null" EndDate="2014-11-20 16:18:54.553 JST" Interest="2.0" Kind="selection" Navigation="null" OriginId="org.eclipse.cdt.ui.editor.CEditor" StartDate="2014-11-20 16:18:46.349 JST" StructureHandle="=Embedded{D-100~\/D-108_Aoki_TMR0\/D-108_v_2_5_0\/D-108_v_2_5_0.X\/D-108_v_2_5_0.c[false#79" StructureKind="c/c++" NumEvents="2" CreationCount="411"/><InteractionEvent Delta="null" EndDate="2014-11-20 16:18:51.490 JST" Interest="3.0" Kind="edit" Navigation="null" OriginId="org.eclipse.cdt.ui.editor.CEditor" StartDate="2014-11-20 16:18:48.283 JST" StructureHandle="=Embedded{D-100~\/D-108_Aoki_TMR0\/D-108_v_2_5_0\/D-108_v_2_5_0.X\/D-108_v_2_5_0.c[false#79" StructureKind="c/c++" NumEvents="3" CreationCount="411"/><InteractionEvent Delta="null" EndDate="2014-11-20 15:41:35.884 JST" Interest="1.0" Kind="selection" Navigation="null" OriginId="org.eclipse.ui.navigator.ProjectExplorer" StartDate="2014-11-20 15:41:35.884 JST" StructureHandle="/Embedded/D-100~/D-108_Aoki_TMR0/SD1602_8bit_mode.h" StructureKind="resource"/><InteractionEvent Delta="null" EndDate="2014-11-20 16:10:24.836 JST" Interest="3.0" Kind="selection" Navigation="null" OriginId="org.eclipse.cdt.ui.editor.CEditor" StartDate="2014-11-20 15:42:36.109 JST" StructureHandle="=Embedded{D-100~\/D-108_Aoki_TMR0\/D-108_v_2_4_1\/D-108_v_2_4_1.X\/D-108_v_2_4_1.c[main#74(void" StructureKind="c/c++" NumEvents="3" CreationCount="82"/><InteractionEvent Delta="null" EndDate="2014-11-20 16:10:33.109 JST" Interest="9.0" Kind="edit" Navigation="null" OriginId="org.eclipse.cdt.ui.editor.CEditor" StartDate="2014-11-20 15:42:36.951 JST" StructureHandle="=Embedded{D-100~\/D-108_Aoki_TMR0\/D-108_v_2_4_1\/D-108_v_2_4_1.X\/D-108_v_2_4_1.c[main#74(void" StructureKind="c/c++" NumEvents="9" CreationCount="82"/><InteractionEvent Delta="null" EndDate="2014-11-20 16:28:03.15 JST" Interest="1.0" Kind="selection" Navigation="null" OriginId="org.eclipse.cdt.ui.editor.CEditor" StartDate="2014-11-20 16:28:03.15 JST" StructureHandle="=Embedded{D-100~\/D-108_Aoki_TMR0\/D-108_v_2_5_0\/D-108_v_2_5_0.X\/D-108_v_2_5_0.c[string.h#75" StructureKind="c/c++"/><InteractionEvent Delta="null" EndDate="2014-11-20 15:41:47.484 JST" Interest="1.0" Kind="selection" Navigation="null" OriginId="org.eclipse.ui.navigator.ProjectExplorer" StartDate="2014-11-20 15:41:47.484 JST" StructureHandle="/Embedded/D-100~/D-108_Aoki_TMR0/D-108_v_2_4_1/D-108_v_2_4_1.X" StructureKind="resource"/><InteractionEvent Delta="null" EndDate="2014-11-20 16:36:26.258 JST" Interest="61.017" Kind="propagation" Navigation="org.eclipse.mylyn.core.model.edges.containment" OriginId="org.eclipse.mylyn.core.model.interest.propagation" StartDate="2014-11-20 15:41:49.154 JST" StructureHandle="/Embedded/D-100~/D-108_Aoki_TMR0/D-108_v_2_4_1/D-108_v_2_4_1.X" StructureKind="resource" NumEvents="71" CreationCount="15"/><InteractionEvent Delta="null" EndDate="2014-11-20 16:31:31.873 JST" Interest="1.0" Kind="selection" Navigation="null" OriginId="org.eclipse.cdt.ui.editor.CEditor" StartDate="2014-11-20 16:31:31.873 JST" StructureHandle="=Embedded{D-100~\/D-108_Aoki_TMR0\/D-108_v_2_5_0\/D-108_v_2_5_0.X\/D-108_v_2_5_0.c[SD1602_4bit_mode.h#75" StructureKind="c/c++"/><InteractionEvent Delta="null" EndDate="2014-11-20 16:31:32.503 JST" Interest="1.0" Kind="edit" Navigation="null" OriginId="org.eclipse.cdt.ui.editor.CEditor" StartDate="2014-11-20 16:31:32.503 JST" StructureHandle="=Embedded{D-100~\/D-108_Aoki_TMR0\/D-108_v_2_5_0\/D-108_v_2_5_0.X\/D-108_v_2_5_0.c[SD1602_4bit_mode.h#75" StructureKind="c/c++"/><InteractionEvent Delta="null" EndDate="2014-11-20 16:39:52.924 JST" Interest="881.0" Kind="propagation" Navigation="org.eclipse.mylyn.core.model.edges.containment" OriginId="org.eclipse.mylyn.core.model.interest.propagation" StartDate="2014-11-20 15:41:24.455 JST" StructureHandle="/" StructureKind="resource" NumEvents="881" CreationCount="1"/><InteractionEvent Delta="null" EndDate="2014-11-20 16:18:53.887 JST" Interest="1.0" Kind="selection" Navigation="null" OriginId="org.eclipse.cdt.ui.editor.CEditor" StartDate="2014-11-20 16:18:53.887 JST" StructureHandle="=Embedded{D-100~\/D-108_Aoki_TMR0\/D-108_v_2_5_0\/D-108_v_2_5_0.X\/D-108_v_2_5_0.c[true1#79" StructureKind="c/c++"/><InteractionEvent Delta="null" EndDate="2014-11-20 16:36:26.258 JST" Interest="11.0" Kind="selection" Navigation="null" OriginId="org.eclipse.ui.navigator.ProjectExplorer" StartDate="2014-11-20 15:41:49.153 JST" StructureHandle="/Embedded/D-100~/D-108_Aoki_TMR0/D-108_v_2_4_1/D-108_v_2_4_1.X/D-108_v_2_4_1.c" StructureKind="resource" NumEvents="11" CreationCount="16"/><InteractionEvent Delta="null" EndDate="2014-11-20 16:10:33.111 JST" Interest="30.0" Kind="edit" Navigation="null" OriginId="org.eclipse.cdt.ui.editor.CEditor" StartDate="2014-11-20 15:41:49.730 JST" StructureHandle="/Embedded/D-100~/D-108_Aoki_TMR0/D-108_v_2_4_1/D-108_v_2_4_1.X/D-108_v_2_4_1.c" StructureKind="resource" NumEvents="30" CreationCount="16"/><InteractionEvent Delta="null" EndDate="2014-11-20 16:10:33.110 JST" Interest="30.0" Kind="propagation" Navigation="null" OriginId="org.eclipse.cdt.ui.editor.CEditor" StartDate="2014-11-20 15:41:49.728 JST" StructureHandle="/Embedded/D-100~/D-108_Aoki_TMR0/D-108_v_2_4_1/D-108_v_2_4_1.X/D-108_v_2_4_1.c" StructureKind="resource" NumEvents="30" CreationCount="16"/><InteractionEvent Delta="null" EndDate="2014-11-20 16:39:47.600 JST" Interest="15.0" Kind="selection" Navigation="null" OriginId="org.eclipse.cdt.ui.editor.CEditor" StartDate="2014-11-20 15:58:03.724 JST" StructureHandle="=Embedded{D-100~\/D-108_Aoki_TMR0\/D-108_v_2_5_0\/D-108_v_2_5_0.X\/D-108_v_2_5_0.c[_Display#74(void" StructureKind="c/c++" NumEvents="15" CreationCount="322"/><InteractionEvent Delta="null" EndDate="2014-11-20 16:39:52.921 JST" Interest="43.0" Kind="edit" Navigation="null" OriginId="org.eclipse.cdt.ui.editor.CEditor" StartDate="2014-11-20 15:58:40.819 JST" StructureHandle="=Embedded{D-100~\/D-108_Aoki_TMR0\/D-108_v_2_5_0\/D-108_v_2_5_0.X\/D-108_v_2_5_0.c[_Display#74(void" StructureKind="c/c++" NumEvents="43" CreationCount="322"/><InteractionEvent Delta="null" EndDate="2014-11-20 16:39:32.811 JST" Interest="39.0" Kind="selection" Navigation="null" OriginId="org.eclipse.cdt.ui.editor.CEditor" StartDate="2014-11-20 15:41:40.855 JST" StructureHandle="=Embedded{D-100~\/D-108_Aoki_TMR0\/D-108_v_2_5_0\/D-108_v_2_5_0.X\/D-108_v_2_5_0.c" StructureKind="c/c++" NumEvents="39" CreationCount="8"/><InteractionEvent Delta="null" EndDate="2014-11-20 16:39:36.105 JST" Interest="67.0" Kind="edit" Navigation="null" OriginId="org.eclipse.cdt.ui.editor.CEditor" StartDate="2014-11-20 15:41:41.689 JST" StructureHandle="=Embedded{D-100~\/D-108_Aoki_TMR0\/D-108_v_2_5_0\/D-108_v_2_5_0.X\/D-108_v_2_5_0.c" StructureKind="c/c++" NumEvents="67" CreationCount="8"/><InteractionEvent Delta="null" EndDate="2014-11-20 15:56:53.358 JST" Interest="12.573001" Kind="propagation" Navigation="org.eclipse.mylyn.core.model.edges.containment" OriginId="org.eclipse.mylyn.core.model.interest.propagation" StartDate="2014-11-20 15:43:46.814 JST" StructureHandle="=Embedded{D-100~\/D-108_Aoki_TMR0\/D-108_v_2_5_0\/D-108_v_2_5_0.X\/D-108_v_2_5_0.c" StructureKind="c/c++" NumEvents="19" CreationCount="8"/><InteractionEvent Delta="null" EndDate="2014-11-20 16:36:34.940 JST" Interest="1.0" Kind="selection" Navigation="null" OriginId="org.eclipse.cdt.ui.editor.CEditor" StartDate="2014-11-20 16:36:34.940 JST" StructureHandle="=Embedded{D-100~\/D-108_Aoki_TMR0\/D-108_v_2_5_0\/D-108_v_2_5_0.X\/SD1602_4bit_mode.h[SD1602_init_2#74(void" StructureKind="c/c++"/><InteractionEvent Delta="null" EndDate="2014-11-20 16:36:36.629 JST" Interest="1.0" Kind="edit" Navigation="null" OriginId="org.eclipse.cdt.ui.editor.CEditor" StartDate="2014-11-20 16:36:36.629 JST" StructureHandle="=Embedded{D-100~\/D-108_Aoki_TMR0\/D-108_v_2_5_0\/D-108_v_2_5_0.X\/SD1602_4bit_mode.h[SD1602_init_2#74(void" StructureKind="c/c++"/><InteractionEvent Delta="null" EndDate="2014-11-20 16:39:28.69 JST" Interest="17.0" Kind="selection" Navigation="null" OriginId="org.eclipse.cdt.ui.editor.CEditor" StartDate="2014-11-20 15:57:44.397 JST" StructureHandle="=Embedded{D-100~\/D-108_Aoki_TMR0\/D-108_v_2_5_0\/D-108_v_2_5_0.X\/D-108_v_2_5_0.c[_While#74(void" StructureKind="c/c++" NumEvents="17" CreationCount="308"/><InteractionEvent Delta="null" EndDate="2014-11-20 16:39:31.845 JST" Interest="80.0" Kind="edit" Navigation="null" OriginId="org.eclipse.cdt.ui.editor.CEditor" StartDate="2014-11-20 16:11:05.865 JST" StructureHandle="=Embedded{D-100~\/D-108_Aoki_TMR0\/D-108_v_2_5_0\/D-108_v_2_5_0.X\/D-108_v_2_5_0.c[_While#74(void" StructureKind="c/c++" NumEvents="80" CreationCount="308"/><InteractionEvent Delta="null" EndDate="2014-11-20 15:41:46.153 JST" Interest="1.0" Kind="selection" Navigation="null" OriginId="org.eclipse.ui.navigator.ProjectExplorer" StartDate="2014-11-20 15:41:46.153 JST" StructureHandle="/Embedded/D-100~/D-108_Aoki_TMR0/D-108_v_2_4_1" StructureKind="resource"/><InteractionEvent Delta="null" EndDate="2014-11-20 16:36:26.259 JST" Interest="61.034" Kind="propagation" Navigation="org.eclipse.mylyn.core.model.edges.containment" OriginId="org.eclipse.mylyn.core.model.interest.propagation" StartDate="2014-11-20 15:41:47.484 JST" StructureHandle="/Embedded/D-100~/D-108_Aoki_TMR0/D-108_v_2_4_1" StructureKind="resource" NumEvents="72" CreationCount="14"/><InteractionEvent Delta="null" EndDate="2014-11-20 15:41:24.455 JST" Interest="1.0" Kind="selection" Navigation="null" OriginId="org.eclipse.ui.navigator.ProjectExplorer" StartDate="2014-11-20 15:41:24.455 JST" StructureHandle="=Embedded" StructureKind="c/c++"/><InteractionEvent Delta="null" EndDate="2014-11-20 16:39:52.924 JST" Interest="654.80194" Kind="propagation" Navigation="org.eclipse.mylyn.core.model.edges.containment" OriginId="org.eclipse.mylyn.core.model.interest.propagation" StartDate="2014-11-20 15:41:29.27 JST" StructureHandle="=Embedded" StructureKind="c/c++" NumEvents="811" CreationCount="1"/><InteractionEvent Delta="null" EndDate="2014-11-20 15:43:14.329 JST" Interest="7.0" Kind="selection" Navigation="null" OriginId="org.eclipse.cdt.ui.editor.CEditor" StartDate="2014-11-20 15:41:49.727 JST" StructureHandle="=Embedded{D-100~\/D-108_Aoki_TMR0\/D-108_v_2_4_1\/D-108_v_2_4_1.X\/D-108_v_2_4_1.c" StructureKind="c/c++" NumEvents="7" CreationCount="18"/><InteractionEvent Delta="null" EndDate="2014-11-20 15:42:13.662 JST" Interest="5.0" Kind="edit" Navigation="null" OriginId="org.eclipse.cdt.ui.editor.CEditor" StartDate="2014-11-20 15:41:50.572 JST" StructureHandle="=Embedded{D-100~\/D-108_Aoki_TMR0\/D-108_v_2_4_1\/D-108_v_2_4_1.X\/D-108_v_2_4_1.c" StructureKind="c/c++" NumEvents="5" CreationCount="18"/><InteractionEvent Delta="null" EndDate="2014-11-20 16:39:52.924 JST" Interest="881.0" Kind="propagation" Navigation="null" OriginId="org.eclipse.cdt.ui.editor.CEditor" StartDate="2014-11-20 15:41:24.455 JST" StructureHandle="/Embedded" StructureKind="resource" NumEvents="881" CreationCount="1"/><InteractionEvent Delta="null" EndDate="2014-11-20 16:10:38.809 JST" Interest="3.0" Kind="selection" Navigation="null" OriginId="org.eclipse.ui.navigator.ProjectExplorer" StartDate="2014-11-20 15:41:37.313 JST" StructureHandle="/Embedded/D-100~/D-108_Aoki_TMR0/D-108_v_2_5_0" StructureKind="resource" NumEvents="3" CreationCount="5"/><InteractionEvent Delta="null" EndDate="2014-11-20 16:39:52.923 JST" Interest="652.73395" Kind="propagation" Navigation="org.eclipse.mylyn.core.model.edges.containment" OriginId="org.eclipse.mylyn.core.model.interest.propagation" StartDate="2014-11-20 15:41:37.643 JST" StructureHandle="/Embedded/D-100~/D-108_Aoki_TMR0/D-108_v_2_5_0" StructureKind="resource" NumEvents="782" CreationCount="5"/><InteractionEvent Delta="null" EndDate="2014-11-20 16:36:38.474 JST" Interest="14.0" Kind="selection" Navigation="null" OriginId="org.eclipse.cdt.ui.editor.CEditor" StartDate="2014-11-20 15:41:40.466 JST" StructureHandle="/Embedded/D-100~/D-108_Aoki_TMR0/D-108_v_2_5_0/D-108_v_2_5_0.X/D-108_v_2_5_0.c" StructureKind="resource" NumEvents="14" CreationCount="7"/><InteractionEvent Delta="null" EndDate="2014-11-20 16:39:52.922 JST" Interest="421.0" Kind="edit" Navigation="null" OriginId="org.eclipse.cdt.ui.editor.CEditor" StartDate="2014-11-20 15:41:40.859 JST" StructureHandle="/Embedded/D-100~/D-108_Aoki_TMR0/D-108_v_2_5_0/D-108_v_2_5_0.X/D-108_v_2_5_0.c" StructureKind="resource" NumEvents="421" CreationCount="7"/><InteractionEvent Delta="null" EndDate="2014-11-20 16:39:52.921 JST" Interest="347.0" Kind="propagation" Navigation="null" OriginId="org.eclipse.cdt.ui.editor.CEditor" StartDate="2014-11-20 15:41:40.855 JST" StructureHandle="/Embedded/D-100~/D-108_Aoki_TMR0/D-108_v_2_5_0/D-108_v_2_5_0.X/D-108_v_2_5_0.c" StructureKind="resource" NumEvents="347" CreationCount="7"/></InteractionHistory>