<?xml version="1.0" encoding="UTF-8"?><InteractionHistory Id="local-49" Version="1"><InteractionEvent Delta="null" EndDate="2014-09-29 16:38:40.887 JST" Interest="601.668" Kind="propagation" Navigation="org.eclipse.mylyn.core.model.edges.containment" OriginId="org.eclipse.mylyn.core.model.interest.propagation" StartDate="2014-09-29 14:25:37.257 JST" StructureHandle="" StructureKind="c/c++" NumEvents="854" CreationCount="1"/><InteractionEvent Delta="null" EndDate="2014-09-29 15:18:09.592 JST" Interest="12.0" Kind="edit" Navigation="null" OriginId="org.eclipse.php.editor" StartDate="2014-09-29 15:04:45.60 JST" StructureHandle="/Cake_NR5/app/Controller/KeywordsController.php" StructureKind="resource" NumEvents="12" CreationCount="33"/><InteractionEvent Delta="null" EndDate="2014-09-29 15:04:44.694 JST" Interest="8.540001" Kind="manipulation" Navigation="null" OriginId="org.eclipse.mylyn.core.model.interest.decay.correction" StartDate="2014-09-29 15:04:44.694 JST" StructureHandle="/Cake_NR5/app/Controller/KeywordsController.php" StructureKind="resource"/><InteractionEvent Delta="null" EndDate="2014-09-29 15:20:05.839 JST" Interest="7.0" Kind="selection" Navigation="null" OriginId="org.eclipse.ui.views.ResourceNavigator" StartDate="2014-09-29 14:27:39.678 JST" StructureHandle="/Cake_NR5/app/Controller/KeywordsController.php" StructureKind="resource" NumEvents="7" CreationCount="33"/><InteractionEvent Delta="null" EndDate="2014-09-29 15:05:34.440 JST" Interest="18.7" Kind="propagation" Navigation="org.eclipse.mylyn.core.model.edges.containment" OriginId="org.eclipse.mylyn.core.model.interest.propagation" StartDate="2014-09-29 14:39:14.493 JST" StructureHandle="/Cake_NR5/app/View/Elements/layouts" StructureKind="resource" NumEvents="22" CreationCount="241"/><InteractionEvent Delta="null" EndDate="2014-09-29 16:38:40.887 JST" Interest="1186.0" Kind="propagation" Navigation="null" OriginId="org.eclipse.php.editor" StartDate="2014-09-29 14:25:37.257 JST" StructureHandle="/Cake_NR5" StructureKind="resource" NumEvents="1186" CreationCount="1"/><InteractionEvent Delta="null" EndDate="2014-09-29 15:25:46.743 JST" Interest="6.0" Kind="edit" Navigation="null" OriginId="org.eclipse.php.editor" StartDate="2014-09-29 15:25:41.706 JST" StructureHandle="/Cake_NR5/app/View/Historys/save_Tokens.ctp" StructureKind="resource" NumEvents="6" CreationCount="981"/><InteractionEvent Delta="null" EndDate="2014-09-29 15:24:48.802 JST" Interest="1.0" Kind="propagation" Navigation="null" OriginId="org.eclipse.mylyn.resources.ui.interest.updater" StartDate="2014-09-29 15:24:48.802 JST" StructureHandle="/Cake_NR5/app/View/Historys/save_Tokens.ctp" StructureKind="resource"/><InteractionEvent Delta="null" EndDate="2014-09-29 15:26:07.28 JST" Interest="7.0" Kind="selection" Navigation="null" OriginId="org.eclipse.ui.views.ResourceNavigator" StartDate="2014-09-29 15:25:21.655 JST" StructureHandle="/Cake_NR5/app/View/Historys/save_Tokens.ctp" StructureKind="resource" NumEvents="7" CreationCount="981"/><InteractionEvent Delta="null" EndDate="2014-09-29 15:05:33.620 JST" Interest="30.8" Kind="propagation" Navigation="org.eclipse.mylyn.core.model.edges.containment" OriginId="org.eclipse.mylyn.core.model.interest.propagation" StartDate="2014-09-29 14:41:09.171 JST" StructureHandle="/Cake_NR5/app/webroot" StructureKind="resource" NumEvents="41" CreationCount="293"/><InteractionEvent Delta="null" EndDate="2014-09-29 15:06:22.569 JST" Interest="10.0" Kind="edit" Navigation="null" OriginId="org.eclipse.php.editor" StartDate="2014-09-29 15:04:35.106 JST" StructureHandle="/Cake_NR5/app/Controller/ArticlesController.php" StructureKind="resource" NumEvents="10" CreationCount="649"/><InteractionEvent Delta="null" EndDate="2014-09-29 15:06:17.200 JST" Interest="8.0" Kind="selection" Navigation="null" OriginId="org.eclipse.php.editor" StartDate="2014-09-29 15:04:34.690 JST" StructureHandle="/Cake_NR5/app/Controller/ArticlesController.php" StructureKind="resource" NumEvents="8" CreationCount="649"/><InteractionEvent Delta="null" EndDate="2014-09-29 15:06:23.525 JST" Interest="86.130005" Kind="propagation" Navigation="org.eclipse.mylyn.core.model.edges.containment" OriginId="org.eclipse.mylyn.core.model.interest.propagation" StartDate="2014-09-29 14:27:46.52 JST" StructureHandle="/Cake_NR5/app/View" StructureKind="resource" NumEvents="122" CreationCount="35"/><InteractionEvent Delta="null" EndDate="2014-09-29 14:27:42.67 JST" Interest="2.0" Kind="selection" Navigation="null" OriginId="org.eclipse.ui.views.ResourceNavigator" StartDate="2014-09-29 14:27:42.66 JST" StructureHandle="/Cake_NR5/app/View" StructureKind="resource" NumEvents="2" CreationCount="35"/><InteractionEvent Delta="null" EndDate="2014-09-29 15:43:18.609 JST" Interest="1.0" Kind="selection" Navigation="null" OriginId="org.eclipse.ui.views.ResourceNavigator" StartDate="2014-09-29 15:43:18.609 JST" StructureHandle="/Cake_NR5/.gitattributes" StructureKind="resource"/><InteractionEvent Delta="null" EndDate="2014-09-29 15:05:34.441 JST" Interest="20.134003" Kind="propagation" Navigation="org.eclipse.mylyn.core.model.edges.containment" OriginId="org.eclipse.mylyn.core.model.interest.propagation" StartDate="2014-09-29 14:27:51.409 JST" StructureHandle="/Cake_NR5/app/View/Elements" StructureKind="resource" NumEvents="27" CreationCount="39"/><InteractionEvent Delta="null" EndDate="2014-09-29 14:27:49.673 JST" Interest="2.0" Kind="selection" Navigation="null" OriginId="org.eclipse.ui.views.ResourceNavigator" StartDate="2014-09-29 14:27:49.671 JST" StructureHandle="/Cake_NR5/app/View/Elements" StructureKind="resource" NumEvents="2" CreationCount="39"/><InteractionEvent Delta="null" EndDate="2014-09-29 15:06:23.524 JST" Interest="97.0" Kind="edit" Navigation="null" OriginId="org.eclipse.php.editor" StartDate="2014-09-29 14:38:58.113 JST" StructureHandle="/Cake_NR5/app/View/Historys/view.ctp" StructureKind="resource" NumEvents="97" CreationCount="225"/><InteractionEvent Delta="null" EndDate="2014-09-29 15:06:23.496 JST" Interest="17.0" Kind="selection" Navigation="null" OriginId="org.eclipse.php.editor" StartDate="2014-09-29 14:38:57.741 JST" StructureHandle="/Cake_NR5/app/View/Historys/view.ctp" StructureKind="resource" NumEvents="17" CreationCount="225"/><InteractionEvent Delta="null" EndDate="2014-09-29 15:23:12.657 JST" Interest="1.0" Kind="selection" Navigation="null" OriginId="org.eclipse.ui.views.ResourceNavigator" StartDate="2014-09-29 15:23:12.657 JST" StructureHandle="/Cake_NR5/app/index.php" StructureKind="resource"/><InteractionEvent Delta="null" EndDate="2014-09-29 15:05:40.155 JST" Interest="13.734" Kind="propagation" Navigation="org.eclipse.mylyn.core.model.edges.containment" OriginId="org.eclipse.mylyn.core.model.interest.propagation" StartDate="2014-09-29 14:27:52.366 JST" StructureHandle="/Cake_NR5/app/View/Elements/historys" StructureKind="resource" NumEvents="18" CreationCount="41"/><InteractionEvent Delta="null" EndDate="2014-09-29 14:27:51.408 JST" Interest="2.0" Kind="selection" Navigation="null" OriginId="org.eclipse.ui.views.ResourceNavigator" StartDate="2014-09-29 14:27:51.406 JST" StructureHandle="/Cake_NR5/app/View/Elements/historys" StructureKind="resource" NumEvents="2" CreationCount="41"/><InteractionEvent Delta="null" EndDate="2014-09-29 16:38:40.887 JST" Interest="599.668" Kind="propagation" Navigation="org.eclipse.mylyn.core.model.edges.containment" OriginId="org.eclipse.mylyn.core.model.interest.propagation" StartDate="2014-09-29 14:25:39.621 JST" StructureHandle="/Cake_NR5/app" StructureKind="resource" NumEvents="852" CreationCount="1"/><InteractionEvent Delta="null" EndDate="2014-09-29 14:25:37.257 JST" Interest="2.0" Kind="selection" Navigation="null" OriginId="org.eclipse.ui.views.ResourceNavigator" StartDate="2014-09-29 14:25:37.257 JST" StructureHandle="/Cake_NR5/app" StructureKind="resource" NumEvents="2" CreationCount="1"/><InteractionEvent Delta="null" EndDate="2014-09-29 15:39:16.450 JST" Interest="1.0" Kind="selection" Navigation="null" OriginId="org.eclipse.ui.views.ResourceNavigator" StartDate="2014-09-29 15:39:16.450 JST" StructureHandle="/Cake_NR5/test.php" StructureKind="resource"/><InteractionEvent Delta="null" EndDate="2014-09-29 14:39:10.38 JST" Interest="2.0" Kind="selection" Navigation="null" OriginId="org.eclipse.ui.views.ResourceNavigator" StartDate="2014-09-29 14:39:10.36 JST" StructureHandle="/Cake_NR5/app/View/Layouts" StructureKind="resource" NumEvents="2" CreationCount="237"/><InteractionEvent Delta="null" EndDate="2014-09-29 15:29:00.464 JST" Interest="11.7" Kind="propagation" Navigation="org.eclipse.mylyn.core.model.edges.containment" OriginId="org.eclipse.mylyn.core.model.interest.propagation" StartDate="2014-09-29 15:20:14.156 JST" StructureHandle="/Cake_NR5/lib/log" StructureKind="resource" NumEvents="15" CreationCount="928"/><InteractionEvent Delta="null" EndDate="2014-09-29 15:20:13.160 JST" Interest="1.0" Kind="selection" Navigation="null" OriginId="org.eclipse.ui.views.ResourceNavigator" StartDate="2014-09-29 15:20:13.160 JST" StructureHandle="/Cake_NR5/lib/log" StructureKind="resource"/><InteractionEvent Delta="null" EndDate="2014-09-29 15:20:12.737 JST" Interest="1.0" Kind="selection" Navigation="null" OriginId="org.eclipse.ui.views.ResourceNavigator" StartDate="2014-09-29 15:20:12.737 JST" StructureHandle="/Cake_NR5/.editorconfig" StructureKind="resource"/><InteractionEvent Delta="null" EndDate="2014-09-29 14:39:08.429 JST" Interest="2.0" Kind="selection" Navigation="null" OriginId="org.eclipse.ui.views.ResourceNavigator" StartDate="2014-09-29 14:39:08.427 JST" StructureHandle="/Cake_NR5/app/View/Errors" StructureKind="resource" NumEvents="2" CreationCount="235"/><InteractionEvent Delta="null" EndDate="2014-09-29 15:43:46.430 JST" Interest="1.0" Kind="selection" Navigation="null" OriginId="org.eclipse.ui.views.ResourceNavigator" StartDate="2014-09-29 15:43:46.430 JST" StructureHandle="/Cake_NR5/.htaccess" StructureKind="resource"/><InteractionEvent Delta="null" EndDate="2014-09-29 15:23:19.430 JST" Interest="1.0" Kind="selection" Navigation="null" OriginId="org.eclipse.ui.views.ResourceNavigator" StartDate="2014-09-29 15:23:19.430 JST" StructureHandle="/Cake_NR5/app/View/Tokens/add.ctp" StructureKind="resource"/><InteractionEvent Delta="null" EndDate="2014-09-29 15:05:33.619 JST" Interest="30.8" Kind="propagation" Navigation="org.eclipse.mylyn.core.model.edges.containment" OriginId="org.eclipse.mylyn.core.model.interest.propagation" StartDate="2014-09-29 14:41:09.171 JST" StructureHandle="/Cake_NR5/app/webroot/css" StructureKind="resource" NumEvents="41" CreationCount="293"/><InteractionEvent Delta="null" EndDate="2014-09-29 15:05:34.440 JST" Interest="11.0" Kind="edit" Navigation="null" OriginId="org.eclipse.php.editor" StartDate="2014-09-29 14:39:14.620 JST" StructureHandle="/Cake_NR5/app/View/Elements/layouts/links.ctp" StructureKind="resource" NumEvents="11" CreationCount="241"/><InteractionEvent Delta="null" EndDate="2014-09-29 15:05:34.412 JST" Interest="11.0" Kind="selection" Navigation="null" OriginId="org.eclipse.php.editor" StartDate="2014-09-29 14:39:14.493 JST" StructureHandle="/Cake_NR5/app/View/Elements/layouts/links.ctp" StructureKind="resource" NumEvents="11" CreationCount="241"/><InteractionEvent Delta="null" EndDate="2014-09-29 15:29:06.295 JST" Interest="5.0" Kind="edit" Navigation="null" OriginId="org.eclipse.php.editor" StartDate="2014-09-29 15:26:21.935 JST" StructureHandle="/Cake_NR5/app/View/Historys/save__Tokens.ctp" StructureKind="resource" NumEvents="5" CreationCount="1003"/><InteractionEvent Delta="null" EndDate="2014-09-29 15:26:11.507 JST" Interest="1.0" Kind="propagation" Navigation="null" OriginId="org.eclipse.mylyn.resources.ui.interest.updater" StartDate="2014-09-29 15:26:11.507 JST" StructureHandle="/Cake_NR5/app/View/Historys/save__Tokens.ctp" StructureKind="resource"/><InteractionEvent Delta="null" EndDate="2014-09-29 15:44:28.799 JST" Interest="4.0" Kind="selection" Navigation="null" OriginId="org.eclipse.ui.views.ResourceNavigator" StartDate="2014-09-29 15:27:01.551 JST" StructureHandle="/Cake_NR5/app/View/Historys/save__Tokens.ctp" StructureKind="resource" NumEvents="4" CreationCount="1003"/><InteractionEvent Delta="null" EndDate="2014-09-29 15:23:36.576 JST" Interest="4.0" Kind="edit" Navigation="null" OriginId="org.eclipse.php.editor" StartDate="2014-09-29 15:23:28.677 JST" StructureHandle="/Cake_NR5/app/View/Tokens/save_Tokens.ctp" StructureKind="resource" NumEvents="4" CreationCount="951"/><InteractionEvent Delta="null" EndDate="2014-09-29 15:23:27.55 JST" Interest="1.0" Kind="propagation" Navigation="null" OriginId="org.eclipse.mylyn.resources.ui.interest.updater" StartDate="2014-09-29 15:23:27.55 JST" StructureHandle="/Cake_NR5/app/View/Tokens/save_Tokens.ctp" StructureKind="resource"/><InteractionEvent Delta="null" EndDate="2014-09-29 15:24:46.666 JST" Interest="6.0" Kind="selection" Navigation="null" OriginId="org.eclipse.ui.views.ResourceNavigator" StartDate="2014-09-29 15:23:28.625 JST" StructureHandle="/Cake_NR5/app/View/Tokens/save_Tokens.ctp" StructureKind="resource" NumEvents="6" CreationCount="951"/><InteractionEvent Delta="null" EndDate="2014-09-29 15:25:12.483 JST" Interest="3.0" Kind="selection" Navigation="null" OriginId="org.eclipse.ui.views.ResourceNavigator" StartDate="2014-09-29 15:23:21.40 JST" StructureHandle="/Cake_NR5/app/View/Tokens/view.ctp" StructureKind="resource" NumEvents="3" CreationCount="950"/><InteractionEvent Delta="null" EndDate="2014-09-29 15:29:00.464 JST" Interest="11.0" Kind="edit" Navigation="null" OriginId="org.eclipse.ui.DefaultTextEditor" StartDate="2014-09-29 15:20:16.388 JST" StructureHandle="/Cake_NR5/lib/log/log.txt" StructureKind="resource" NumEvents="11" CreationCount="928"/><InteractionEvent Delta="null" EndDate="2014-09-29 15:20:13.604 JST" Interest="1.0" Kind="prediction" Navigation="null" OriginId="org.eclipse.mylyn.resources.ui.interest.updater" StartDate="2014-09-29 15:20:13.604 JST" StructureHandle="/Cake_NR5/lib/log/log.txt" StructureKind="resource"/><InteractionEvent Delta="null" EndDate="2014-09-29 15:28:57.540 JST" Interest="4.0" Kind="selection" Navigation="null" OriginId="org.eclipse.ui.DefaultTextEditor" StartDate="2014-09-29 15:20:14.155 JST" StructureHandle="/Cake_NR5/lib/log/log.txt" StructureKind="resource" NumEvents="4" CreationCount="928"/><InteractionEvent Delta="null" EndDate="2014-09-29 15:06:23.525 JST" Interest="84.096" Kind="propagation" Navigation="org.eclipse.mylyn.core.model.edges.containment" OriginId="org.eclipse.mylyn.core.model.interest.propagation" StartDate="2014-09-29 14:38:57.741 JST" StructureHandle="/Cake_NR5/app/View/Historys" StructureKind="resource" NumEvents="112" CreationCount="37"/><InteractionEvent Delta="null" EndDate="2014-09-29 14:39:06.962 JST" Interest="4.0" Kind="selection" Navigation="null" OriginId="org.eclipse.ui.views.ResourceNavigator" StartDate="2014-09-29 14:27:46.48 JST" StructureHandle="/Cake_NR5/app/View/Historys" StructureKind="resource" NumEvents="4" CreationCount="37"/><InteractionEvent Delta="null" EndDate="2014-09-29 15:05:40.154 JST" Interest="11.0" Kind="edit" Navigation="null" OriginId="org.eclipse.php.editor" StartDate="2014-09-29 14:27:52.673 JST" StructureHandle="/Cake_NR5/app/View/Elements/historys/index_t_entries.ctp" StructureKind="resource" NumEvents="11" CreationCount="43"/><InteractionEvent Delta="null" EndDate="2014-09-29 15:05:40.105 JST" Interest="8.0" Kind="selection" Navigation="null" OriginId="org.eclipse.php.editor" StartDate="2014-09-29 14:27:52.363 JST" StructureHandle="/Cake_NR5/app/View/Elements/historys/index_t_entries.ctp" StructureKind="resource" NumEvents="8" CreationCount="43"/><InteractionEvent Delta="null" EndDate="2014-09-29 16:38:40.887 JST" Interest="1186.0" Kind="propagation" Navigation="org.eclipse.mylyn.core.model.edges.containment" OriginId="org.eclipse.mylyn.core.model.interest.propagation" StartDate="2014-09-29 14:25:37.257 JST" StructureHandle="/" StructureKind="resource" NumEvents="1186" CreationCount="1"/><InteractionEvent Delta="null" EndDate="2014-09-29 16:38:40.887 JST" Interest="601.668" Kind="propagation" Navigation="org.eclipse.mylyn.core.model.edges.containment" OriginId="org.eclipse.mylyn.core.model.interest.propagation" StartDate="2014-09-29 14:25:37.257 JST" StructureHandle="=Cake_NR5" StructureKind="c/c++" NumEvents="855" CreationCount="1"/><InteractionEvent Delta="null" EndDate="2014-09-29 15:05:33.619 JST" Interest="34.0" Kind="edit" Navigation="null" OriginId="org.eclipse.wst.css.core.csssource.source" StartDate="2014-09-29 14:41:09.355 JST" StructureHandle="/Cake_NR5/app/webroot/css/main.css" StructureKind="resource" NumEvents="34" CreationCount="293"/><InteractionEvent Delta="null" EndDate="2014-09-29 15:05:33.590 JST" Interest="7.0" Kind="selection" Navigation="null" OriginId="org.eclipse.wst.css.core.csssource.source" StartDate="2014-09-29 14:41:09.170 JST" StructureHandle="/Cake_NR5/app/webroot/css/main.css" StructureKind="resource" NumEvents="7" CreationCount="293"/><InteractionEvent Delta="null" EndDate="2014-09-29 14:38:52.39 JST" Interest="2.0" Kind="selection" Navigation="null" OriginId="org.eclipse.ui.views.ResourceNavigator" StartDate="2014-09-29 14:38:52.37 JST" StructureHandle="/Cake_NR5/app/View/Elements/TEMPLATE" StructureKind="resource" NumEvents="2" CreationCount="221"/><InteractionEvent Delta="null" EndDate="2014-09-29 15:40:21.222 JST" Interest="6.0" Kind="edit" Navigation="null" OriginId="org.eclipse.ui.DefaultTextEditor" StartDate="2014-09-29 15:39:18.334 JST" StructureHandle="/Cake_NR5/sql.txt" StructureKind="resource" NumEvents="6" CreationCount="1151"/><InteractionEvent Delta="null" EndDate="2014-09-29 15:43:18.498 JST" Interest="3.0" Kind="selection" Navigation="null" OriginId="org.eclipse.ui.views.ResourceNavigator" StartDate="2014-09-29 15:39:17.399 JST" StructureHandle="/Cake_NR5/sql.txt" StructureKind="resource" NumEvents="3" CreationCount="1151"/><InteractionEvent Delta="null" EndDate="2014-09-29 15:20:16.579 JST" Interest="1.0" Kind="prediction" Navigation="null" OriginId="org.eclipse.mylyn.resources.ui.interest.updater" StartDate="2014-09-29 15:20:16.579 JST" StructureHandle="/Cake_NR5/app/webroot/development.sqlite3" StructureKind="resource"/><InteractionEvent Delta="null" EndDate="2014-09-29 16:38:40.886 JST" Interest="599.634" Kind="propagation" Navigation="org.eclipse.mylyn.core.model.edges.containment" OriginId="org.eclipse.mylyn.core.model.interest.propagation" StartDate="2014-09-29 14:25:41.824 JST" StructureHandle="/Cake_NR5/app/Controller" StructureKind="resource" NumEvents="849" CreationCount="3"/><InteractionEvent Delta="null" EndDate="2014-09-29 14:25:39.620 JST" Interest="2.0" Kind="selection" Navigation="null" OriginId="org.eclipse.ui.views.ResourceNavigator" StartDate="2014-09-29 14:25:39.620 JST" StructureHandle="/Cake_NR5/app/Controller" StructureKind="resource" NumEvents="2" CreationCount="3"/><InteractionEvent Delta="null" EndDate="2014-09-29 15:20:11.848 JST" Interest="1.0" Kind="selection" Navigation="null" OriginId="org.eclipse.ui.views.ResourceNavigator" StartDate="2014-09-29 15:20:11.848 JST" StructureHandle="/Cake_NR5/lib/Cake" StructureKind="resource"/><InteractionEvent Delta="null" EndDate="2014-09-29 15:24:46.667 JST" Interest="7.8510003" Kind="propagation" Navigation="org.eclipse.mylyn.core.model.edges.containment" OriginId="org.eclipse.mylyn.core.model.interest.propagation" StartDate="2014-09-29 15:23:19.430 JST" StructureHandle="/Cake_NR5/app/View/Tokens" StructureKind="resource" NumEvents="12" CreationCount="948"/><InteractionEvent Delta="null" EndDate="2014-09-29 15:39:15.769 JST" Interest="4.0" Kind="selection" Navigation="null" OriginId="org.eclipse.ui.views.ResourceNavigator" StartDate="2014-09-29 15:23:16.884 JST" StructureHandle="/Cake_NR5/app/View/Tokens" StructureKind="resource" NumEvents="4" CreationCount="948"/><InteractionEvent Delta="null" EndDate="2014-09-29 15:44:35.147 JST" Interest="1.0" Kind="propagation" Navigation="null" OriginId="org.eclipse.mylyn.resources.ui.interest.updater" StartDate="2014-09-29 15:44:35.147 JST" StructureHandle="/Cake_NR5/app/View/Historys/save__tokens.ctp" StructureKind="resource"/><InteractionEvent Delta="null" EndDate="2014-09-29 15:29:00.464 JST" Interest="11.750999" Kind="propagation" Navigation="org.eclipse.mylyn.core.model.edges.containment" OriginId="org.eclipse.mylyn.core.model.interest.propagation" StartDate="2014-09-29 15:20:11.848 JST" StructureHandle="/Cake_NR5/lib" StructureKind="resource" NumEvents="17" CreationCount="925"/><InteractionEvent Delta="null" EndDate="2014-09-29 15:20:10.789 JST" Interest="1.0" Kind="selection" Navigation="null" OriginId="org.eclipse.ui.views.ResourceNavigator" StartDate="2014-09-29 15:20:10.789 JST" StructureHandle="/Cake_NR5/lib" StructureKind="resource"/><InteractionEvent Delta="null" EndDate="2014-09-29 14:38:54.703 JST" Interest="2.0" Kind="selection" Navigation="null" OriginId="org.eclipse.ui.views.ResourceNavigator" StartDate="2014-09-29 14:38:54.700 JST" StructureHandle="/Cake_NR5/app/View/Users" StructureKind="resource" NumEvents="2" CreationCount="223"/><InteractionEvent Delta="null" EndDate="2014-09-29 15:04:30.833 JST" Interest="4.9360003" Kind="manipulation" Navigation="null" OriginId="org.eclipse.mylyn.core.model.interest.decay.correction" StartDate="2014-09-29 15:04:30.833 JST" StructureHandle="/Cake_NR5/app/View/Keywords" StructureKind="resource"/><InteractionEvent Delta="null" EndDate="2014-09-29 15:04:30.833 JST" Interest="3.0" Kind="selection" Navigation="null" OriginId="org.eclipse.ui.views.ResourceNavigator" StartDate="2014-09-29 14:39:12.141 JST" StructureHandle="/Cake_NR5/app/View/Keywords" StructureKind="resource" NumEvents="3" CreationCount="239"/><InteractionEvent Delta="null" EndDate="2014-09-29 16:38:40.885 JST" Interest="828.0" Kind="edit" Navigation="null" OriginId="org.eclipse.php.editor" StartDate="2014-09-29 14:25:42.304 JST" StructureHandle="/Cake_NR5/app/Controller/HistorysController.php" StructureKind="resource" NumEvents="828" CreationCount="5"/><InteractionEvent Delta="null" EndDate="2014-09-29 16:38:40.605 JST" Interest="22.0" Kind="selection" Navigation="null" OriginId="org.eclipse.php.editor" StartDate="2014-09-29 14:25:41.821 JST" StructureHandle="/Cake_NR5/app/Controller/HistorysController.php" StructureKind="resource" NumEvents="22" CreationCount="5"/></InteractionHistory>