<?xml version="1.0" encoding="UTF-8"?><InteractionHistory Id="local-54" Version="1"><InteractionEvent Delta="null" EndDate="2014-09-30 10:12:22.13 JST" Interest="662.951" Kind="propagation" Navigation="org.eclipse.mylyn.core.model.edges.containment" OriginId="org.eclipse.mylyn.core.model.interest.propagation" StartDate="2014-09-29 21:38:08.192 JST" StructureHandle="" StructureKind="c/c++" NumEvents="940" CreationCount="1"/><InteractionEvent Delta="null" EndDate="2014-09-29 21:42:20.4 JST" Interest="1.0" Kind="selection" Navigation="null" OriginId="org.eclipse.ui.views.ResourceNavigator" StartDate="2014-09-29 21:42:20.4 JST" StructureHandle="/Cake_NR5/app/Controller/KeywordsController.php" StructureKind="resource"/><InteractionEvent Delta="null" EndDate="2014-09-30 10:13:05.399 JST" Interest="1.0" Kind="selection" Navigation="null" OriginId="org.eclipse.ui.views.ResourceNavigator" StartDate="2014-09-30 10:13:05.399 JST" StructureHandle="/Cake_NR5/app/View/Admins" StructureKind="resource"/><InteractionEvent Delta="null" EndDate="2014-09-30 10:15:36.235 JST" Interest="15.8" Kind="propagation" Navigation="org.eclipse.mylyn.core.model.edges.containment" OriginId="org.eclipse.mylyn.core.model.interest.propagation" StartDate="2014-09-30 10:13:04.296 JST" StructureHandle="/Cake_NR5/app/View/Admins" StructureKind="resource" NumEvents="20" CreationCount="1825"/><InteractionEvent Delta="null" EndDate="2014-09-30 10:09:19.448 JST" Interest="1.0" Kind="selection" Navigation="null" OriginId="org.eclipse.ui.views.ResourceNavigator" StartDate="2014-09-30 10:09:19.448 JST" StructureHandle="/Cake_NR5/app/Controller/TEMPLATEController.php" StructureKind="resource"/><InteractionEvent Delta="null" EndDate="2014-09-30 10:09:17.415 JST" Interest="1.0" Kind="propagation" Navigation="null" OriginId="org.eclipse.mylyn.resources.ui.interest.updater" StartDate="2014-09-30 10:09:17.415 JST" StructureHandle="/Cake_NR5/app/Controller/TEMPLATEController.php" StructureKind="resource"/><InteractionEvent Delta="null" EndDate="2014-09-30 09:21:38.681 JST" Interest="1.0" Kind="selection" Navigation="null" OriginId="org.eclipse.ui.views.ResourceNavigator" StartDate="2014-09-30 09:21:38.681 JST" StructureHandle="/Cake_NR5/app/webroot" StructureKind="resource"/><InteractionEvent Delta="null" EndDate="2014-09-30 10:01:58.275 JST" Interest="145.064" Kind="propagation" Navigation="org.eclipse.mylyn.core.model.edges.containment" OriginId="org.eclipse.mylyn.core.model.interest.propagation" StartDate="2014-09-30 09:21:41.203 JST" StructureHandle="/Cake_NR5/app/webroot" StructureKind="resource" NumEvents="204" CreationCount="1257"/><InteractionEvent Delta="null" EndDate="2014-09-29 21:50:13.752 JST" Interest="1.0" Kind="selection" Navigation="null" OriginId="org.eclipse.ui.views.ResourceNavigator" StartDate="2014-09-29 21:50:13.752 JST" StructureHandle="/Cake_NR5/app/View/Historys/plain_1.ctp" StructureKind="resource"/><InteractionEvent Delta="null" EndDate="2014-09-29 21:50:06.91 JST" Interest="1.0" Kind="propagation" Navigation="null" OriginId="org.eclipse.mylyn.resources.ui.interest.updater" StartDate="2014-09-29 21:50:06.91 JST" StructureHandle="/Cake_NR5/app/View/Historys/plain_1.ctp" StructureKind="resource"/><InteractionEvent Delta="null" EndDate="2014-09-29 21:49:31.400 JST" Interest="2.0" Kind="selection" Navigation="null" OriginId="org.eclipse.ui.views.ResourceNavigator" StartDate="2014-09-29 21:42:29.345 JST" StructureHandle="/Cake_NR5/app/View/Layouts" StructureKind="resource" NumEvents="2" CreationCount="26"/><InteractionEvent Delta="null" EndDate="2014-09-30 08:23:30.345 JST" Interest="36.184998" Kind="propagation" Navigation="org.eclipse.mylyn.core.model.edges.containment" OriginId="org.eclipse.mylyn.core.model.interest.propagation" StartDate="2014-09-29 21:42:31.269 JST" StructureHandle="/Cake_NR5/app/View/Layouts" StructureKind="resource" NumEvents="46" CreationCount="26"/><InteractionEvent Delta="null" EndDate="2014-09-30 10:12:21.938 JST" Interest="1.0" Kind="selection" Navigation="null" OriginId="org.eclipse.ui.views.ResourceNavigator" StartDate="2014-09-30 10:12:21.938 JST" StructureHandle="/Cake_NR5/app/Controller/AppController.php" StructureKind="resource"/><InteractionEvent Delta="null" EndDate="2014-09-30 09:21:41.203 JST" Interest="1.0" Kind="selection" Navigation="null" OriginId="org.eclipse.ui.views.ResourceNavigator" StartDate="2014-09-30 09:21:41.203 JST" StructureHandle="/Cake_NR5/app/webroot/css" StructureKind="resource"/><InteractionEvent Delta="null" EndDate="2014-09-30 09:26:47.911 JST" Interest="50.717" Kind="propagation" Navigation="org.eclipse.mylyn.core.model.edges.containment" OriginId="org.eclipse.mylyn.core.model.interest.propagation" StartDate="2014-09-30 09:21:42.683 JST" StructureHandle="/Cake_NR5/app/webroot/css" StructureKind="resource" NumEvents="70" CreationCount="1258"/><InteractionEvent Delta="null" EndDate="2014-09-30 10:12:25.92 JST" Interest="1.0" Kind="selection" Navigation="null" OriginId="org.eclipse.ui.views.ResourceNavigator" StartDate="2014-09-30 10:12:25.92 JST" StructureHandle="/Cake_NR5/app/Model/TEMPLATE.php" StructureKind="resource"/><InteractionEvent Delta="null" EndDate="2014-09-30 10:12:22.13 JST" Interest="662.951" Kind="propagation" Navigation="org.eclipse.mylyn.core.model.edges.containment" OriginId="org.eclipse.mylyn.core.model.interest.propagation" StartDate="2014-09-29 21:38:08.192 JST" StructureHandle="=Cake_NR5" StructureKind="c/c++" NumEvents="940" CreationCount="1"/><InteractionEvent Delta="null" EndDate="2014-09-30 10:27:13.927 JST" Interest="1922.0" Kind="propagation" Navigation="org.eclipse.mylyn.core.model.edges.containment" OriginId="org.eclipse.mylyn.core.model.interest.propagation" StartDate="2014-09-29 21:38:08.192 JST" StructureHandle="/" StructureKind="resource" NumEvents="1922" CreationCount="1"/><InteractionEvent Delta="null" EndDate="2014-09-30 10:14:56.769 JST" Interest="15.0" Kind="edit" Navigation="null" OriginId="org.eclipse.php.editor" StartDate="2014-09-30 10:14:14.176 JST" StructureHandle="/Cake_NR5/app/View/Elements/admins/index_t_entries.ctp" StructureKind="resource" NumEvents="15" CreationCount="1843"/><InteractionEvent Delta="null" EndDate="2014-09-30 10:14:14.125 JST" Interest="1.0" Kind="selection" Navigation="null" OriginId="org.eclipse.php.editor" StartDate="2014-09-30 10:14:14.125 JST" StructureHandle="/Cake_NR5/app/View/Elements/admins/index_t_entries.ctp" StructureKind="resource"/><InteractionEvent Delta="null" EndDate="2014-09-30 10:13:56.53 JST" Interest="1.0" Kind="propagation" Navigation="null" OriginId="org.eclipse.mylyn.resources.ui.interest.updater" StartDate="2014-09-30 10:13:56.53 JST" StructureHandle="/Cake_NR5/app/View/Elements/admins/index_t_entries.ctp" StructureKind="resource"/><InteractionEvent Delta="null" EndDate="2014-09-30 10:13:00.392 JST" Interest="1.0" Kind="selection" Navigation="null" OriginId="org.eclipse.ui.views.ResourceNavigator" StartDate="2014-09-30 10:13:00.392 JST" StructureHandle="/Cake_NR5/app/View/TEMPLATES" StructureKind="resource"/><InteractionEvent Delta="null" EndDate="2014-09-30 08:02:38.363 JST" Interest="1.0" Kind="selection" Navigation="null" OriginId="org.eclipse.ui.views.ResourceNavigator" StartDate="2014-09-30 08:02:38.363 JST" StructureHandle="/Cake_NR5/app/View/Historys/index.ctp" StructureKind="resource"/><InteractionEvent Delta="null" EndDate="2014-09-30 10:09:08.962 JST" Interest="1.0" Kind="selection" Navigation="null" OriginId="org.eclipse.ui.views.ResourceNavigator" StartDate="2014-09-30 10:09:08.962 JST" StructureHandle="/Cake_NR5/app/Controller/TemplateController.php" StructureKind="resource"/><InteractionEvent Delta="null" EndDate="2014-09-30 08:05:40.158 JST" Interest="10.0" Kind="edit" Navigation="null" OriginId="org.eclipse.php.editor" StartDate="2014-09-29 21:55:56.416 JST" StructureHandle="/Cake_NR5/app/View/Layouts/default.ctp" StructureKind="resource" NumEvents="10" CreationCount="164"/><InteractionEvent Delta="null" EndDate="2014-09-30 08:05:40.132 JST" Interest="5.0" Kind="selection" Navigation="null" OriginId="org.eclipse.php.editor" StartDate="2014-09-29 21:55:56.102 JST" StructureHandle="/Cake_NR5/app/View/Layouts/default.ctp" StructureKind="resource" NumEvents="5" CreationCount="164"/><InteractionEvent Delta="null" EndDate="2014-09-30 10:12:56.522 JST" Interest="1.0" Kind="selection" Navigation="null" OriginId="org.eclipse.ui.views.ResourceNavigator" StartDate="2014-09-30 10:12:56.522 JST" StructureHandle="/Cake_NR5/app/View/Genres" StructureKind="resource"/><InteractionEvent Delta="null" EndDate="2014-09-29 21:42:35.304 JST" Interest="3.0" Kind="edit" Navigation="null" OriginId="org.eclipse.php.editor" StartDate="2014-09-29 21:42:32.551 JST" StructureHandle="/Cake_NR5/app/View/Layouts/flash.ctp" StructureKind="resource" NumEvents="3" CreationCount="27"/><InteractionEvent Delta="null" EndDate="2014-09-29 21:49:33.363 JST" Interest="5.0" Kind="selection" Navigation="null" OriginId="org.eclipse.ui.views.ResourceNavigator" StartDate="2014-09-29 21:42:31.268 JST" StructureHandle="/Cake_NR5/app/View/Layouts/flash.ctp" StructureKind="resource" NumEvents="5" CreationCount="27"/><InteractionEvent Delta="null" EndDate="2014-09-30 10:00:20.632 JST" Interest="85.0" Kind="edit" Navigation="null" OriginId="org.eclipse.php.editor" StartDate="2014-09-29 21:50:19.790 JST" StructureHandle="/Cake_NR5/app/View/Historys/content_multilines.ctp" StructureKind="resource" NumEvents="85" CreationCount="9"/><InteractionEvent Delta="null" EndDate="2014-09-30 09:39:22.500 JST" Interest="31.0" Kind="selection" Navigation="null" OriginId="org.eclipse.php.editor" StartDate="2014-09-29 21:50:19.703 JST" StructureHandle="/Cake_NR5/app/View/Historys/content_multilines.ctp" StructureKind="resource" NumEvents="31" CreationCount="9"/><InteractionEvent Delta="null" EndDate="2014-09-29 21:50:17.353 JST" Interest="1.0" Kind="propagation" Navigation="null" OriginId="org.eclipse.mylyn.resources.ui.interest.updater" StartDate="2014-09-29 21:50:17.353 JST" StructureHandle="/Cake_NR5/app/View/Historys/content_multilines.ctp" StructureKind="resource"/><InteractionEvent Delta="null" EndDate="2014-09-30 10:27:13.927 JST" Interest="1922.0" Kind="propagation" Navigation="null" OriginId="org.eclipse.ui.DefaultTextEditor" StartDate="2014-09-29 21:38:08.192 JST" StructureHandle="/Cake_NR5" StructureKind="resource" NumEvents="1922" CreationCount="1"/><InteractionEvent Delta="null" EndDate="2014-09-30 10:13:00.830 JST" Interest="2.0" Kind="selection" Navigation="null" OriginId="org.eclipse.ui.views.ResourceNavigator" StartDate="2014-09-29 21:42:24.819 JST" StructureHandle="/Cake_NR5/app/View" StructureKind="resource" NumEvents="2" CreationCount="25"/><InteractionEvent Delta="null" EndDate="2014-09-30 10:09:00.564 JST" Interest="180.2" Kind="propagation" Navigation="org.eclipse.mylyn.core.model.edges.containment" OriginId="org.eclipse.mylyn.core.model.interest.propagation" StartDate="2014-09-29 21:42:29.346 JST" StructureHandle="/Cake_NR5/app/View" StructureKind="resource" NumEvents="248" CreationCount="25"/><InteractionEvent Delta="null" EndDate="2014-09-30 10:08:56.538 JST" Interest="2.0" Kind="selection" Navigation="null" OriginId="org.eclipse.ui.views.ResourceNavigator" StartDate="2014-09-30 10:08:15.426 JST" StructureHandle="/Cake_NR5/.gitattributes" StructureKind="resource" NumEvents="2" CreationCount="1762"/><InteractionEvent Delta="null" EndDate="2014-09-30 09:31:10.764 JST" Interest="907.0" Kind="edit" Navigation="null" OriginId="org.eclipse.php.editor" StartDate="2014-09-29 21:38:20.866 JST" StructureHandle="/Cake_NR5/app/Controller/HistorysController.php" StructureKind="resource" NumEvents="907" CreationCount="4"/><InteractionEvent Delta="null" EndDate="2014-09-30 09:31:06.185 JST" Interest="25.0" Kind="selection" Navigation="null" OriginId="org.eclipse.php.editor" StartDate="2014-09-29 21:38:19.574 JST" StructureHandle="/Cake_NR5/app/Controller/HistorysController.php" StructureKind="resource" NumEvents="25" CreationCount="4"/><InteractionEvent Delta="null" EndDate="2014-09-30 10:01:57.653 JST" Interest="185.0" Kind="edit" Navigation="null" OriginId="org.eclipse.wst.jsdt.ui.CompilationUnitEditor" StartDate="2014-09-30 09:25:16.858 JST" StructureHandle="/Cake_NR5/app/webroot/js/main.js" StructureKind="resource" NumEvents="185" CreationCount="1349"/><InteractionEvent Delta="null" EndDate="2014-09-30 10:01:58.274 JST" Interest="15.0" Kind="selection" Navigation="null" OriginId="org.eclipse.ui.views.ResourceNavigator" StartDate="2014-09-30 09:25:12.860 JST" StructureHandle="/Cake_NR5/app/webroot/js/main.js" StructureKind="resource" NumEvents="15" CreationCount="1349"/><InteractionEvent Delta="null" EndDate="2014-09-30 10:13:53.497 JST" Interest="2.0" Kind="selection" Navigation="null" OriginId="org.eclipse.ui.views.ResourceNavigator" StartDate="2014-09-30 10:13:51.545 JST" StructureHandle="/Cake_NR5/app/View/Elements" StructureKind="resource" NumEvents="2" CreationCount="1841"/><InteractionEvent Delta="null" EndDate="2014-09-30 10:14:56.770 JST" Interest="10.534" Kind="propagation" Navigation="org.eclipse.mylyn.core.model.edges.containment" OriginId="org.eclipse.mylyn.core.model.interest.propagation" StartDate="2014-09-30 10:13:53.199 JST" StructureHandle="/Cake_NR5/app/View/Elements" StructureKind="resource" NumEvents="18" CreationCount="1841"/><InteractionEvent Delta="null" EndDate="2014-09-30 09:35:46.395 JST" Interest="208.0" Kind="edit" Navigation="null" OriginId="org.eclipse.php.editor" StartDate="2014-09-29 21:55:48.608 JST" StructureHandle="/Cake_NR5/app/View/Historys/view.ctp" StructureKind="resource" NumEvents="208" CreationCount="156"/><InteractionEvent Delta="null" EndDate="2014-09-30 09:35:42.990 JST" Interest="21.0" Kind="selection" Navigation="null" OriginId="org.eclipse.php.editor" StartDate="2014-09-29 21:55:48.246 JST" StructureHandle="/Cake_NR5/app/View/Historys/view.ctp" StructureKind="resource" NumEvents="21" CreationCount="156"/><InteractionEvent Delta="null" EndDate="2014-09-30 09:03:23.321 JST" Interest="11.373001" Kind="manipulation" Navigation="null" OriginId="org.eclipse.mylyn.core.model.interest.decay.correction" StartDate="2014-09-30 09:03:23.321 JST" StructureHandle="/Cake_NR5/app/View/Historys/view.ctp" StructureKind="resource"/><InteractionEvent Delta="null" EndDate="2014-09-30 10:14:10.890 JST" Interest="6.0" Kind="edit" Navigation="null" OriginId="org.eclipse.php.editor" StartDate="2014-09-30 10:13:58.686 JST" StructureHandle="/Cake_NR5/app/View/Elements/admins/index_t_headers.ctp" StructureKind="resource" NumEvents="6" CreationCount="1843"/><InteractionEvent Delta="null" EndDate="2014-09-30 10:14:12.968 JST" Interest="3.0" Kind="selection" Navigation="null" OriginId="org.eclipse.ui.views.ResourceNavigator" StartDate="2014-09-30 10:13:58.601 JST" StructureHandle="/Cake_NR5/app/View/Elements/admins/index_t_headers.ctp" StructureKind="resource" NumEvents="3" CreationCount="1843"/><InteractionEvent Delta="null" EndDate="2014-09-30 10:13:56.53 JST" Interest="1.0" Kind="propagation" Navigation="null" OriginId="org.eclipse.mylyn.resources.ui.interest.updater" StartDate="2014-09-30 10:13:56.53 JST" StructureHandle="/Cake_NR5/app/View/Elements/admins/index_t_headers.ctp" StructureKind="resource"/><InteractionEvent Delta="null" EndDate="2014-09-30 10:13:04.294 JST" Interest="1.0" Kind="propagation" Navigation="null" OriginId="org.eclipse.mylyn.resources.ui.interest.updater" StartDate="2014-09-30 10:13:04.294 JST" StructureHandle="/Cake_NR5/app/View/Admins/add.ctp" StructureKind="resource"/><InteractionEvent Delta="null" EndDate="2014-09-30 10:13:57.379 JST" Interest="1.0" Kind="selection" Navigation="null" OriginId="org.eclipse.ui.views.ResourceNavigator" StartDate="2014-09-30 10:13:57.379 JST" StructureHandle="/Cake_NR5/app/View/Elements/admins" StructureKind="resource"/><InteractionEvent Delta="null" EndDate="2014-09-30 10:14:56.769 JST" Interest="11.5" Kind="propagation" Navigation="org.eclipse.mylyn.core.model.edges.containment" OriginId="org.eclipse.mylyn.core.model.interest.propagation" StartDate="2014-09-30 10:13:56.52 JST" StructureHandle="/Cake_NR5/app/View/Elements/admins" StructureKind="resource" NumEvents="16" CreationCount="1843"/><InteractionEvent Delta="null" EndDate="2014-09-29 21:38:09.486 JST" Interest="2.0" Kind="selection" Navigation="null" OriginId="org.eclipse.ui.views.ResourceNavigator" StartDate="2014-09-29 21:38:08.192 JST" StructureHandle="/Cake_NR5/app" StructureKind="resource" NumEvents="2" CreationCount="1"/><InteractionEvent Delta="null" EndDate="2014-09-30 10:12:22.13 JST" Interest="660.951" Kind="propagation" Navigation="org.eclipse.mylyn.core.model.edges.containment" OriginId="org.eclipse.mylyn.core.model.interest.propagation" StartDate="2014-09-29 21:38:20.667 JST" StructureHandle="/Cake_NR5/app" StructureKind="resource" NumEvents="936" CreationCount="1"/><InteractionEvent Delta="null" EndDate="2014-09-30 08:23:30.345 JST" Interest="23.0" Kind="edit" Navigation="null" OriginId="org.eclipse.php.editor" StartDate="2014-09-29 21:42:33.855 JST" StructureHandle="/Cake_NR5/app/View/Layouts/plain_1.ctp" StructureKind="resource" NumEvents="23" CreationCount="31"/><InteractionEvent Delta="null" EndDate="2014-09-30 08:23:30.305 JST" Interest="22.0" Kind="selection" Navigation="null" OriginId="org.eclipse.php.editor" StartDate="2014-09-29 21:42:33.26 JST" StructureHandle="/Cake_NR5/app/View/Layouts/plain_1.ctp" StructureKind="resource" NumEvents="22" CreationCount="31"/><InteractionEvent Delta="null" EndDate="2014-09-30 10:02:05.603 JST" Interest="1.0" Kind="selection" Navigation="null" OriginId="org.eclipse.ui.views.ResourceNavigator" StartDate="2014-09-30 10:02:05.603 JST" StructureHandle="/Cake_NR5/test.php" StructureKind="resource"/><InteractionEvent Delta="null" EndDate="2014-09-30 10:12:54.364 JST" Interest="3.0" Kind="selection" Navigation="null" OriginId="org.eclipse.ui.views.ResourceNavigator" StartDate="2014-09-30 10:12:23.591 JST" StructureHandle="/Cake_NR5/app/Model" StructureKind="resource" NumEvents="3" CreationCount="1804"/><InteractionEvent Delta="null" EndDate="2014-09-30 10:12:53.699 JST" Interest="7.634001" Kind="propagation" Navigation="org.eclipse.mylyn.core.model.edges.containment" OriginId="org.eclipse.mylyn.core.model.interest.propagation" StartDate="2014-09-30 10:12:25.93 JST" StructureHandle="/Cake_NR5/app/Model" StructureKind="resource" NumEvents="12" CreationCount="1804"/><InteractionEvent Delta="null" EndDate="2014-09-30 10:15:36.235 JST" Interest="14.0" Kind="edit" Navigation="null" OriginId="org.eclipse.php.editor" StartDate="2014-09-30 10:13:08.500 JST" StructureHandle="/Cake_NR5/app/View/Admins/index.ctp" StructureKind="resource" NumEvents="14" CreationCount="1825"/><InteractionEvent Delta="null" EndDate="2014-09-30 10:15:36.208 JST" Interest="6.0" Kind="selection" Navigation="null" OriginId="org.eclipse.php.editor" StartDate="2014-09-30 10:13:08.433 JST" StructureHandle="/Cake_NR5/app/View/Admins/index.ctp" StructureKind="resource" NumEvents="6" CreationCount="1825"/><InteractionEvent Delta="null" EndDate="2014-09-30 10:13:04.293 JST" Interest="1.0" Kind="propagation" Navigation="null" OriginId="org.eclipse.mylyn.resources.ui.interest.updater" StartDate="2014-09-30 10:13:04.293 JST" StructureHandle="/Cake_NR5/app/View/Admins/index.ctp" StructureKind="resource"/><InteractionEvent Delta="null" EndDate="2014-09-30 10:12:43.0 JST" Interest="8.0" Kind="edit" Navigation="null" OriginId="org.eclipse.php.editor" StartDate="2014-09-30 10:12:31.977 JST" StructureHandle="/Cake_NR5/app/Model/Admin.php" StructureKind="resource" NumEvents="8" CreationCount="1806"/><InteractionEvent Delta="null" EndDate="2014-09-30 10:12:53.698 JST" Interest="3.0" Kind="selection" Navigation="null" OriginId="org.eclipse.ui.views.ResourceNavigator" StartDate="2014-09-30 10:12:31.905 JST" StructureHandle="/Cake_NR5/app/Model/Admin.php" StructureKind="resource" NumEvents="3" CreationCount="1806"/><InteractionEvent Delta="null" EndDate="2014-09-30 10:12:29.583 JST" Interest="1.0" Kind="propagation" Navigation="null" OriginId="org.eclipse.mylyn.resources.ui.interest.updater" StartDate="2014-09-30 10:12:29.583 JST" StructureHandle="/Cake_NR5/app/Model/Admin.php" StructureKind="resource"/><InteractionEvent Delta="null" EndDate="2014-09-30 10:12:31.32 JST" Interest="1.0" Kind="selection" Navigation="null" OriginId="org.eclipse.ui.views.ResourceNavigator" StartDate="2014-09-30 10:12:31.32 JST" StructureHandle="/Cake_NR5/app/Model/Behavior" StructureKind="resource"/><InteractionEvent Delta="null" EndDate="2014-09-30 09:25:11.486 JST" Interest="1.0" Kind="selection" Navigation="null" OriginId="org.eclipse.ui.views.ResourceNavigator" StartDate="2014-09-30 09:25:11.486 JST" StructureHandle="/Cake_NR5/app/webroot/js" StructureKind="resource"/><InteractionEvent Delta="null" EndDate="2014-09-30 10:01:58.275 JST" Interest="143.517" Kind="propagation" Navigation="org.eclipse.mylyn.core.model.edges.containment" OriginId="org.eclipse.mylyn.core.model.interest.propagation" StartDate="2014-09-30 09:25:12.861 JST" StructureHandle="/Cake_NR5/app/webroot/js" StructureKind="resource" NumEvents="200" CreationCount="1348"/><InteractionEvent Delta="null" EndDate="2014-09-30 09:22:03.147 JST" Interest="17.0" Kind="edit" Navigation="null" OriginId="org.eclipse.php.editor" StartDate="2014-09-30 09:06:11.164 JST" StructureHandle="/Cake_NR5/app/View/Historys/add.ctp" StructureKind="resource" NumEvents="17" CreationCount="1145"/><InteractionEvent Delta="null" EndDate="2014-09-30 09:22:03.96 JST" Interest="9.0" Kind="selection" Navigation="null" OriginId="org.eclipse.php.editor" StartDate="2014-09-30 09:06:10.787 JST" StructureHandle="/Cake_NR5/app/View/Historys/add.ctp" StructureKind="resource" NumEvents="9" CreationCount="1145"/><InteractionEvent Delta="null" EndDate="2014-09-30 10:12:57.115 JST" Interest="2.0" Kind="selection" Navigation="null" OriginId="org.eclipse.ui.views.ResourceNavigator" StartDate="2014-09-30 09:03:16.542 JST" StructureHandle="/Cake_NR5/app/View/Helper" StructureKind="resource" NumEvents="2" CreationCount="1125"/><InteractionEvent Delta="null" EndDate="2014-09-30 10:12:57.115 JST" Interest="10.849001" Kind="manipulation" Navigation="null" OriginId="org.eclipse.mylyn.core.model.interest.decay.correction" StartDate="2014-09-30 10:12:57.115 JST" StructureHandle="/Cake_NR5/app/View/Helper" StructureKind="resource"/><InteractionEvent Delta="null" EndDate="2014-09-30 10:09:00.563 JST" Interest="6.0" Kind="selection" Navigation="null" OriginId="org.eclipse.ui.views.ResourceNavigator" StartDate="2014-09-29 21:49:35.376 JST" StructureHandle="/Cake_NR5/app/View/Historys" StructureKind="resource" NumEvents="6" CreationCount="95"/><InteractionEvent Delta="null" EndDate="2014-09-30 09:35:46.396 JST" Interest="174.01" Kind="propagation" Navigation="org.eclipse.mylyn.core.model.edges.containment" OriginId="org.eclipse.mylyn.core.model.interest.propagation" StartDate="2014-09-29 21:50:19.703 JST" StructureHandle="/Cake_NR5/app/View/Historys" StructureKind="resource" NumEvents="238" CreationCount="95"/><InteractionEvent Delta="null" EndDate="2014-09-30 10:15:37.131 JST" Interest="31.0" Kind="edit" Navigation="null" OriginId="org.eclipse.php.editor" StartDate="2014-09-30 10:09:30.223 JST" StructureHandle="/Cake_NR5/app/Controller/AdminsController.php" StructureKind="resource" NumEvents="31" CreationCount="1770"/><InteractionEvent Delta="null" EndDate="2014-09-30 10:15:37.104 JST" Interest="6.0" Kind="selection" Navigation="null" OriginId="org.eclipse.php.editor" StartDate="2014-09-30 10:09:29.495 JST" StructureHandle="/Cake_NR5/app/Controller/AdminsController.php" StructureKind="resource" NumEvents="6" CreationCount="1770"/><InteractionEvent Delta="null" EndDate="2014-09-30 10:09:27.782 JST" Interest="1.0" Kind="propagation" Navigation="null" OriginId="org.eclipse.mylyn.resources.ui.interest.updater" StartDate="2014-09-30 10:09:27.782 JST" StructureHandle="/Cake_NR5/app/Controller/AdminsController.php" StructureKind="resource"/><InteractionEvent Delta="null" EndDate="2014-09-30 10:13:04.295 JST" Interest="1.0" Kind="propagation" Navigation="null" OriginId="org.eclipse.mylyn.resources.ui.interest.updater" StartDate="2014-09-30 10:13:04.295 JST" StructureHandle="/Cake_NR5/app/View/Admins/view.ctp" StructureKind="resource"/><InteractionEvent Delta="null" EndDate="2014-09-30 09:26:47.910 JST" Interest="61.0" Kind="edit" Navigation="null" OriginId="org.eclipse.wst.css.core.csssource.source" StartDate="2014-09-30 09:21:44.38 JST" StructureHandle="/Cake_NR5/app/webroot/css/main.css" StructureKind="resource" NumEvents="61" CreationCount="1259"/><InteractionEvent Delta="null" EndDate="2014-09-30 09:26:47.881 JST" Interest="9.0" Kind="selection" Navigation="null" OriginId="org.eclipse.wst.css.core.csssource.source" StartDate="2014-09-30 09:21:42.682 JST" StructureHandle="/Cake_NR5/app/webroot/css/main.css" StructureKind="resource" NumEvents="9" CreationCount="1259"/><InteractionEvent Delta="null" EndDate="2014-09-30 10:13:53.198 JST" Interest="1.0" Kind="selection" Navigation="null" OriginId="org.eclipse.ui.views.ResourceNavigator" StartDate="2014-09-30 10:13:53.198 JST" StructureHandle="/Cake_NR5/app/View/Elements/TEMPLATE" StructureKind="resource"/><InteractionEvent Delta="null" EndDate="2014-09-30 10:12:22.13 JST" Interest="4.0" Kind="selection" Navigation="null" OriginId="org.eclipse.ui.views.ResourceNavigator" StartDate="2014-09-29 21:38:11.366 JST" StructureHandle="/Cake_NR5/app/Controller" StructureKind="resource" NumEvents="4" CreationCount="3"/><InteractionEvent Delta="null" EndDate="2014-09-30 09:31:10.764 JST" Interest="658.917" Kind="propagation" Navigation="org.eclipse.mylyn.core.model.edges.containment" OriginId="org.eclipse.mylyn.core.model.interest.propagation" StartDate="2014-09-29 21:38:19.575 JST" StructureHandle="/Cake_NR5/app/Controller" StructureKind="resource" NumEvents="932" CreationCount="3"/><InteractionEvent Delta="null" EndDate="2014-09-30 09:22:07.203 JST" Interest="20.0" Kind="edit" Navigation="null" OriginId="org.eclipse.php.editor" StartDate="2014-09-30 08:02:55.385 JST" StructureHandle="/Cake_NR5/app/View/Historys/error.ctp" StructureKind="resource" NumEvents="20" CreationCount="419"/><InteractionEvent Delta="null" EndDate="2014-09-30 09:22:07.170 JST" Interest="7.0" Kind="selection" Navigation="null" OriginId="org.eclipse.php.editor" StartDate="2014-09-30 08:02:55.281 JST" StructureHandle="/Cake_NR5/app/View/Historys/error.ctp" StructureKind="resource" NumEvents="7" CreationCount="419"/><InteractionEvent Delta="null" EndDate="2014-09-30 08:02:53.224 JST" Interest="1.0" Kind="propagation" Navigation="null" OriginId="org.eclipse.mylyn.resources.ui.interest.updater" StartDate="2014-09-30 08:02:53.224 JST" StructureHandle="/Cake_NR5/app/View/Historys/error.ctp" StructureKind="resource"/><InteractionEvent Delta="null" EndDate="2014-09-30 09:06:08.883 JST" Interest="1.0" Kind="selection" Navigation="null" OriginId="org.eclipse.ui.views.ResourceNavigator" StartDate="2014-09-30 09:06:08.883 JST" StructureHandle="/Cake_NR5/app/View/Historys/save__tokens.ctp" StructureKind="resource"/><InteractionEvent Delta="null" EndDate="2014-09-30 10:27:13.927 JST" Interest="101.0" Kind="edit" Navigation="null" OriginId="org.eclipse.ui.DefaultTextEditor" StartDate="2014-09-30 10:02:07.118 JST" StructureHandle="/Cake_NR5/sql.txt" StructureKind="resource" NumEvents="101" CreationCount="1689"/><InteractionEvent Delta="null" EndDate="2014-09-30 10:15:37.317 JST" Interest="4.0" Kind="selection" Navigation="null" OriginId="org.eclipse.ui.DefaultTextEditor" StartDate="2014-09-30 10:02:07.99 JST" StructureHandle="/Cake_NR5/sql.txt" StructureKind="resource" NumEvents="4" CreationCount="1689"/></InteractionHistory>