<?xml version="1.0" encoding="UTF-8"?><InteractionHistory Id="local-137" Version="1"><InteractionEvent Delta="null" EndDate="2015-01-20 11:39:08.116 JST" Interest="297.834" Kind="propagation" Navigation="org.eclipse.mylyn.core.model.edges.containment" OriginId="org.eclipse.mylyn.core.model.interest.propagation" StartDate="2015-01-20 11:03:50.739 JST" StructureHandle="" StructureKind="c/c++" NumEvents="424" CreationCount="1"/><InteractionEvent Delta="null" EndDate="2015-01-20 11:15:46.234 JST" Interest="23.199999" Kind="propagation" Navigation="org.eclipse.mylyn.core.model.edges.containment" OriginId="org.eclipse.mylyn.core.model.interest.propagation" StartDate="2015-01-20 11:12:39.210 JST" StructureHandle="/Cake_NR5/app/Lib" StructureKind="resource" NumEvents="31" CreationCount="169"/><InteractionEvent Delta="null" EndDate="2015-01-20 11:39:08.116 JST" Interest="564.0" Kind="propagation" Navigation="null" OriginId="org.eclipse.php.editor" StartDate="2015-01-20 11:03:50.739 JST" StructureHandle="/Cake_NR5" StructureKind="resource" NumEvents="564" CreationCount="1"/><InteractionEvent Delta="null" EndDate="2015-01-20 11:14:43.536 JST" Interest="22.217001" Kind="propagation" Navigation="org.eclipse.mylyn.core.model.edges.containment" OriginId="org.eclipse.mylyn.core.model.interest.propagation" StartDate="2015-01-20 11:04:48.371 JST" StructureHandle="/Cake_NR5/app/View/Historys" StructureKind="resource" NumEvents="28" CreationCount="11"/><InteractionEvent Delta="null" EndDate="2015-01-20 11:04:45.207 JST" Interest="1.0" Kind="selection" Navigation="null" OriginId="org.eclipse.ui.views.ResourceNavigator" StartDate="2015-01-20 11:04:45.207 JST" StructureHandle="/Cake_NR5/app/View/Historys" StructureKind="resource"/><InteractionEvent Delta="null" EndDate="2015-01-20 11:04:37.669 JST" Interest="1.0" Kind="selection" Navigation="null" OriginId="org.eclipse.ui.views.ResourceNavigator" StartDate="2015-01-20 11:04:37.669 JST" StructureHandle="/Cake_NR5/app/Controller/CategorysController.php" StructureKind="resource"/><InteractionEvent Delta="null" EndDate="2015-01-20 11:15:24.31 JST" Interest="13.0" Kind="selection" Navigation="null" OriginId="org.eclipse.php.editor" StartDate="2015-01-20 11:08:08.628 JST" StructureHandle="/Cake_NR5/app/Controller/ArticlesController.php" StructureKind="resource" NumEvents="13" CreationCount="61"/><InteractionEvent Delta="null" EndDate="2015-01-20 11:15:24.253 JST" Interest="61.0" Kind="edit" Navigation="null" OriginId="org.eclipse.php.editor" StartDate="2015-01-20 11:08:09.402 JST" StructureHandle="/Cake_NR5/app/Controller/ArticlesController.php" StructureKind="resource" NumEvents="61" CreationCount="61"/><InteractionEvent Delta="null" EndDate="2015-01-20 11:39:08.116 JST" Interest="297.834" Kind="propagation" Navigation="org.eclipse.mylyn.core.model.edges.containment" OriginId="org.eclipse.mylyn.core.model.interest.propagation" StartDate="2015-01-20 11:03:50.728 JST" StructureHandle="=Cake_NR5" StructureKind="c/c++" NumEvents="424" CreationCount="1"/><InteractionEvent Delta="null" EndDate="2015-01-20 11:39:08.116 JST" Interest="564.0" Kind="propagation" Navigation="org.eclipse.mylyn.core.model.edges.containment" OriginId="org.eclipse.mylyn.core.model.interest.propagation" StartDate="2015-01-20 11:03:50.739 JST" StructureHandle="/" StructureKind="resource" NumEvents="564" CreationCount="1"/><InteractionEvent Delta="null" EndDate="2015-01-20 11:14:43.537 JST" Interest="22.234001" Kind="propagation" Navigation="org.eclipse.mylyn.core.model.edges.containment" OriginId="org.eclipse.mylyn.core.model.interest.propagation" StartDate="2015-01-20 11:04:45.208 JST" StructureHandle="/Cake_NR5/app/View" StructureKind="resource" NumEvents="29" CreationCount="10"/><InteractionEvent Delta="null" EndDate="2015-01-20 11:04:39.501 JST" Interest="1.0" Kind="selection" Navigation="null" OriginId="org.eclipse.ui.views.ResourceNavigator" StartDate="2015-01-20 11:04:39.501 JST" StructureHandle="/Cake_NR5/app/View" StructureKind="resource"/><InteractionEvent Delta="null" EndDate="2015-01-20 11:15:46.232 JST" Interest="23.199999" Kind="propagation" Navigation="org.eclipse.mylyn.core.model.edges.containment" OriginId="org.eclipse.mylyn.core.model.interest.propagation" StartDate="2015-01-20 11:12:39.209 JST" StructureHandle="/Cake_NR5/app/Lib/utils" StructureKind="resource" NumEvents="31" CreationCount="169"/><InteractionEvent Delta="null" EndDate="2015-01-20 11:15:44.758 JST" Interest="5.0" Kind="selection" Navigation="null" OriginId="org.eclipse.php.editor" StartDate="2015-01-20 11:12:39.208 JST" StructureHandle="/Cake_NR5/app/Lib/utils/utils.php" StructureKind="resource" NumEvents="5" CreationCount="169"/><InteractionEvent Delta="null" EndDate="2015-01-20 11:15:46.231 JST" Interest="26.0" Kind="edit" Navigation="null" OriginId="org.eclipse.php.editor" StartDate="2015-01-20 11:12:39.296 JST" StructureHandle="/Cake_NR5/app/Lib/utils/utils.php" StructureKind="resource" NumEvents="26" CreationCount="169"/><InteractionEvent Delta="null" EndDate="2015-01-20 11:14:43.506 JST" Interest="12.0" Kind="selection" Navigation="null" OriginId="org.eclipse.php.editor" StartDate="2015-01-20 11:04:48.370 JST" StructureHandle="/Cake_NR5/app/View/Historys/view.ctp" StructureKind="resource" NumEvents="12" CreationCount="12"/><InteractionEvent Delta="null" EndDate="2015-01-20 11:14:43.536 JST" Interest="16.0" Kind="edit" Navigation="null" OriginId="org.eclipse.php.editor" StartDate="2015-01-20 11:04:49.207 JST" StructureHandle="/Cake_NR5/app/View/Historys/view.ctp" StructureKind="resource" NumEvents="16" CreationCount="12"/><InteractionEvent Delta="null" EndDate="2015-01-20 11:08:01.527 JST" Interest="1.0" Kind="selection" Navigation="null" OriginId="org.eclipse.ui.views.ResourceNavigator" StartDate="2015-01-20 11:08:01.527 JST" StructureHandle="/Cake_NR5/app/Controller/TokensController.php" StructureKind="resource"/><InteractionEvent Delta="null" EndDate="2015-01-20 11:39:08.115 JST" Interest="296.81702" Kind="propagation" Navigation="org.eclipse.mylyn.core.model.edges.containment" OriginId="org.eclipse.mylyn.core.model.interest.propagation" StartDate="2015-01-20 11:03:55.254 JST" StructureHandle="/Cake_NR5/app/Controller" StructureKind="resource" NumEvents="419" CreationCount="2"/><InteractionEvent Delta="null" EndDate="2015-01-20 11:03:52.751 JST" Interest="1.0" Kind="selection" Navigation="null" OriginId="org.eclipse.ui.views.ResourceNavigator" StartDate="2015-01-20 11:03:52.751 JST" StructureHandle="/Cake_NR5/app/Controller" StructureKind="resource"/><InteractionEvent Delta="null" EndDate="2015-01-20 11:08:00.652 JST" Interest="1.0" Kind="selection" Navigation="null" OriginId="org.eclipse.ui.views.ResourceNavigator" StartDate="2015-01-20 11:08:00.652 JST" StructureHandle="/Cake_NR5/app/Controller/TemplateController.php" StructureKind="resource"/><InteractionEvent Delta="null" EndDate="2015-01-20 11:39:08.116 JST" Interest="296.834" Kind="propagation" Navigation="org.eclipse.mylyn.core.model.edges.containment" OriginId="org.eclipse.mylyn.core.model.interest.propagation" StartDate="2015-01-20 11:03:52.753 JST" StructureHandle="/Cake_NR5/app" StructureKind="resource" NumEvents="431" CreationCount="1"/><InteractionEvent Delta="null" EndDate="2015-01-20 11:03:50.714 JST" Interest="1.0" Kind="selection" Navigation="null" OriginId="org.eclipse.ui.views.ResourceNavigator" StartDate="2015-01-20 11:03:50.714 JST" StructureHandle="/Cake_NR5/app" StructureKind="resource"/><InteractionEvent Delta="null" EndDate="2015-01-20 11:07:56.300 JST" Interest="1.0" Kind="selection" Navigation="null" OriginId="org.eclipse.ui.views.ResourceNavigator" StartDate="2015-01-20 11:07:56.300 JST" StructureHandle="/Cake_NR5/app/View/Historys/error.ctp" StructureKind="resource"/><InteractionEvent Delta="null" EndDate="2015-01-20 11:15:16.790 JST" Interest="1.0" Kind="selection" Navigation="null" OriginId="org.eclipse.php.editor" StartDate="2015-01-20 11:15:16.790 JST" StructureHandle="/Cake_NR5/app/Controller/AppController.php" StructureKind="resource"/><InteractionEvent Delta="null" EndDate="2015-01-20 11:15:18.375 JST" Interest="3.0" Kind="edit" Navigation="null" OriginId="org.eclipse.php.editor" StartDate="2015-01-20 11:15:16.868 JST" StructureHandle="/Cake_NR5/app/Controller/AppController.php" StructureKind="resource" NumEvents="3" CreationCount="234"/><InteractionEvent Delta="null" EndDate="2015-01-20 11:15:51.21 JST" Interest="15.0" Kind="selection" Navigation="null" OriginId="org.eclipse.php.editor" StartDate="2015-01-20 11:03:55.252 JST" StructureHandle="/Cake_NR5/app/Controller/HistorysController.php" StructureKind="resource" NumEvents="15" CreationCount="3"/><InteractionEvent Delta="null" EndDate="2015-01-20 11:39:08.115 JST" Interest="404.0" Kind="edit" Navigation="null" OriginId="org.eclipse.php.editor" StartDate="2015-01-20 11:04:04.242 JST" StructureHandle="/Cake_NR5/app/Controller/HistorysController.php" StructureKind="resource" NumEvents="404" CreationCount="3"/></InteractionHistory>