<?xml version="1.0" encoding="UTF-8"?><InteractionHistory Id="local-22" Version="1"><InteractionEvent Delta="null" EndDate="2014-09-19 09:31:37.454 JST" Interest="26.034" Kind="propagation" Navigation="org.eclipse.mylyn.core.model.edges.containment" OriginId="org.eclipse.mylyn.core.model.interest.propagation" StartDate="2014-09-19 09:29:02.179 JST" StructureHandle="" StructureKind="c/c++" NumEvents="37" CreationCount="1"/><InteractionEvent Delta="null" EndDate="2014-09-19 09:32:31.47 JST" Interest="1.017" Kind="propagation" Navigation="org.eclipse.mylyn.core.model.edges.containment" OriginId="org.eclipse.mylyn.core.model.interest.propagation" StartDate="2014-09-19 09:32:30.214 JST" StructureHandle="/Cake_NR5/app/webroot/js" StructureKind="resource" NumEvents="2" CreationCount="79"/><InteractionEvent Delta="null" EndDate="2014-09-19 09:32:30.213 JST" Interest="1.0" Kind="selection" Navigation="null" OriginId="org.eclipse.php.ui.explorer" StartDate="2014-09-19 09:32:30.213 JST" StructureHandle="/Cake_NR5/app/webroot/js/jquery-ui.js" StructureKind="resource"/><InteractionEvent Delta="null" EndDate="2014-09-19 09:30:55.192 JST" Interest="1.0" Kind="propagation" Navigation="null" OriginId="org.eclipse.mylyn.resources.ui.interest.updater" StartDate="2014-09-19 09:30:55.192 JST" StructureHandle="/Cake_NR5/app/View/Articles/edit.ctp" StructureKind="resource"/><InteractionEvent Delta="null" EndDate="2014-09-19 09:36:54.618 JST" Interest="95.0" Kind="propagation" Navigation="null" OriginId="org.eclipse.php.editor" StartDate="2014-09-19 09:29:02.179 JST" StructureHandle="/Cake_NR5" StructureKind="resource" NumEvents="95" CreationCount="1"/><InteractionEvent Delta="null" EndDate="2014-09-19 09:32:31.47 JST" Interest="1.017" Kind="propagation" Navigation="org.eclipse.mylyn.core.model.edges.containment" OriginId="org.eclipse.mylyn.core.model.interest.propagation" StartDate="2014-09-19 09:32:30.214 JST" StructureHandle="/Cake_NR5/app/webroot" StructureKind="resource" NumEvents="2" CreationCount="79"/><InteractionEvent Delta="null" EndDate="2014-09-19 09:32:32.521 JST" Interest="16.006" Kind="propagation" Navigation="org.eclipse.mylyn.core.model.edges.containment" OriginId="org.eclipse.mylyn.core.model.interest.propagation" StartDate="2014-09-19 09:30:55.193 JST" StructureHandle="/Cake_NR5/app/View" StructureKind="resource" NumEvents="23" CreationCount="41"/><InteractionEvent Delta="null" EndDate="2014-09-19 09:31:37.453 JST" Interest="26.034" Kind="propagation" Navigation="org.eclipse.mylyn.core.model.edges.containment" OriginId="org.eclipse.mylyn.core.model.interest.propagation" StartDate="2014-09-19 09:29:02.179 JST" StructureHandle="=Cake_NR5" StructureKind="c/c++" NumEvents="37" CreationCount="1"/><InteractionEvent Delta="null" EndDate="2014-09-19 09:36:54.618 JST" Interest="95.0" Kind="propagation" Navigation="org.eclipse.mylyn.core.model.edges.containment" OriginId="org.eclipse.mylyn.core.model.interest.propagation" StartDate="2014-09-19 09:29:02.179 JST" StructureHandle="/" StructureKind="resource" NumEvents="95" CreationCount="1"/><InteractionEvent Delta="null" EndDate="2014-09-19 09:31:29.600 JST" Interest="4.0" Kind="selection" Navigation="null" OriginId="org.eclipse.php.editor" StartDate="2014-09-19 09:29:15.659 JST" StructureHandle="/Cake_NR5/app/Controller/ArticlesController.php" StructureKind="resource" NumEvents="4" CreationCount="3"/><InteractionEvent Delta="null" EndDate="2014-09-19 09:29:11.646 JST" Interest="1.0" Kind="propagation" Navigation="null" OriginId="org.eclipse.mylyn.resources.ui.interest.updater" StartDate="2014-09-19 09:29:11.646 JST" StructureHandle="/Cake_NR5/app/Controller/ArticlesController.php" StructureKind="resource"/><InteractionEvent Delta="null" EndDate="2014-09-19 09:31:37.451 JST" Interest="30.0" Kind="edit" Navigation="null" OriginId="org.eclipse.php.editor" StartDate="2014-09-19 09:29:15.742 JST" StructureHandle="/Cake_NR5/app/Controller/ArticlesController.php" StructureKind="resource" NumEvents="30" CreationCount="3"/><InteractionEvent Delta="null" EndDate="2014-09-19 09:30:55.191 JST" Interest="1.0" Kind="propagation" Navigation="null" OriginId="org.eclipse.mylyn.resources.ui.interest.updater" StartDate="2014-09-19 09:30:55.191 JST" StructureHandle="/Cake_NR5/app/View/Articles/add.ctp" StructureKind="resource"/><InteractionEvent Delta="null" EndDate="2014-09-19 09:29:17.41 JST" Interest="2.0" Kind="selection" Navigation="null" OriginId="org.eclipse.php.editor" StartDate="2014-09-19 09:29:02.178 JST" StructureHandle="/Cake_NR5/app/Controller/VideosController.php" StructureKind="resource" NumEvents="2" CreationCount="1"/><InteractionEvent Delta="null" EndDate="2014-09-19 09:29:17.54 JST" Interest="3.0" Kind="edit" Navigation="null" OriginId="org.eclipse.php.editor" StartDate="2014-09-19 09:29:02.218 JST" StructureHandle="/Cake_NR5/app/Controller/VideosController.php" StructureKind="resource" NumEvents="3" CreationCount="1"/><InteractionEvent Delta="null" EndDate="2014-09-19 09:31:37.452 JST" Interest="26.034" Kind="propagation" Navigation="org.eclipse.mylyn.core.model.edges.containment" OriginId="org.eclipse.mylyn.core.model.interest.propagation" StartDate="2014-09-19 09:29:02.178 JST" StructureHandle="/Cake_NR5/app/Controller" StructureKind="resource" NumEvents="37" CreationCount="1"/><InteractionEvent Delta="null" EndDate="2014-09-19 09:31:37.453 JST" Interest="26.034" Kind="propagation" Navigation="org.eclipse.mylyn.core.model.edges.containment" OriginId="org.eclipse.mylyn.core.model.interest.propagation" StartDate="2014-09-19 09:29:02.178 JST" StructureHandle="/Cake_NR5/app" StructureKind="resource" NumEvents="37" CreationCount="1"/><InteractionEvent Delta="null" EndDate="2014-09-19 09:30:26.961 JST" Interest="1.0" Kind="selection" Navigation="null" OriginId="org.eclipse.php.editor" StartDate="2014-09-19 09:30:26.961 JST" StructureHandle="/Cake_NR5/app/Model/Article.php" StructureKind="resource"/><InteractionEvent Delta="null" EndDate="2014-09-19 09:30:23.564 JST" Interest="1.0" Kind="propagation" Navigation="null" OriginId="org.eclipse.mylyn.resources.ui.interest.updater" StartDate="2014-09-19 09:30:23.564 JST" StructureHandle="/Cake_NR5/app/Model/Article.php" StructureKind="resource"/><InteractionEvent Delta="null" EndDate="2014-09-19 09:30:39.59 JST" Interest="6.0" Kind="edit" Navigation="null" OriginId="org.eclipse.php.editor" StartDate="2014-09-19 09:30:26.988 JST" StructureHandle="/Cake_NR5/app/Model/Article.php" StructureKind="resource" NumEvents="6" CreationCount="32"/><InteractionEvent Delta="null" EndDate="2014-09-19 09:32:32.520 JST" Interest="15.7" Kind="propagation" Navigation="org.eclipse.mylyn.core.model.edges.containment" OriginId="org.eclipse.mylyn.core.model.interest.propagation" StartDate="2014-09-19 09:31:48.275 JST" StructureHandle="/Cake_NR5/app/View/Layouts" StructureKind="resource" NumEvents="22" CreationCount="59"/><InteractionEvent Delta="null" EndDate="2014-09-19 09:36:54.617 JST" Interest="14.5" Kind="propagation" Navigation="org.eclipse.mylyn.core.model.edges.containment" OriginId="org.eclipse.mylyn.core.model.interest.propagation" StartDate="2014-09-19 09:30:55.193 JST" StructureHandle="/Cake_NR5/app/View/Articles" StructureKind="resource" NumEvents="19" CreationCount="41"/><InteractionEvent Delta="null" EndDate="2014-09-19 09:31:48.274 JST" Interest="1.0" Kind="selection" Navigation="null" OriginId="org.eclipse.php.editor" StartDate="2014-09-19 09:31:48.274 JST" StructureHandle="/Cake_NR5/app/View/Layouts/default.ctp" StructureKind="resource"/><InteractionEvent Delta="null" EndDate="2014-09-19 09:32:32.519 JST" Interest="21.0" Kind="edit" Navigation="null" OriginId="org.eclipse.php.editor" StartDate="2014-09-19 09:31:48.306 JST" StructureHandle="/Cake_NR5/app/View/Layouts/default.ctp" StructureKind="resource" NumEvents="21" CreationCount="59"/><InteractionEvent Delta="null" EndDate="2014-09-19 09:32:31.46 JST" Interest="1.0" Kind="selection" Navigation="null" OriginId="org.eclipse.php.ui.explorer" StartDate="2014-09-19 09:32:31.46 JST" StructureHandle="/Cake_NR5/app/webroot/js/swfobject.js" StructureKind="resource"/><InteractionEvent Delta="null" EndDate="2014-09-19 09:30:55.189 JST" Interest="1.0" Kind="propagation" Navigation="null" OriginId="org.eclipse.mylyn.resources.ui.interest.updater" StartDate="2014-09-19 09:30:55.189 JST" StructureHandle="/Cake_NR5/app/View/Articles/view.ctp" StructureKind="resource"/><InteractionEvent Delta="null" EndDate="2014-09-19 09:30:39.60 JST" Interest="6.2" Kind="propagation" Navigation="org.eclipse.mylyn.core.model.edges.containment" OriginId="org.eclipse.mylyn.core.model.interest.propagation" StartDate="2014-09-19 09:30:23.564 JST" StructureHandle="/Cake_NR5/app/Model" StructureKind="resource" NumEvents="8" CreationCount="32"/><InteractionEvent Delta="null" EndDate="2014-09-19 09:36:54.609 JST" Interest="3.0" Kind="selection" Navigation="null" OriginId="org.eclipse.php.editor" StartDate="2014-09-19 09:31:01.13 JST" StructureHandle="/Cake_NR5/app/View/Articles/index.ctp" StructureKind="resource" NumEvents="3" CreationCount="41"/><InteractionEvent Delta="null" EndDate="2014-09-19 09:30:55.190 JST" Interest="1.0" Kind="propagation" Navigation="null" OriginId="org.eclipse.mylyn.resources.ui.interest.updater" StartDate="2014-09-19 09:30:55.190 JST" StructureHandle="/Cake_NR5/app/View/Articles/index.ctp" StructureKind="resource"/><InteractionEvent Delta="null" EndDate="2014-09-19 09:36:54.616 JST" Interest="15.0" Kind="edit" Navigation="null" OriginId="org.eclipse.php.editor" StartDate="2014-09-19 09:31:01.40 JST" StructureHandle="/Cake_NR5/app/View/Articles/index.ctp" StructureKind="resource" NumEvents="15" CreationCount="41"/></InteractionHistory>