<?xml version="1.0" encoding="UTF-8"?><InteractionHistory Id="local-120" Version="1"><InteractionEvent Delta="null" EndDate="2014-12-18 17:07:29.493 JST" Interest="1.0" Kind="selection" Navigation="null" OriginId="org.eclipse.cdt.ui.editor.CEditor" StartDate="2014-12-18 17:07:29.493 JST" StructureHandle="=Embedded{TEST\/D-111\/v_3-1\/D-111_v-3_1.c[stdlib.h#75" StructureKind="c/c++"/><InteractionEvent Delta="null" EndDate="2014-12-18 17:10:52.438 JST" Interest="449.021" Kind="propagation" Navigation="org.eclipse.mylyn.core.model.edges.containment" OriginId="org.eclipse.mylyn.core.model.interest.propagation" StartDate="2014-12-18 16:31:17.417 JST" StructureHandle="" StructureKind="c/c++" NumEvents="609" CreationCount="1"/><InteractionEvent Delta="null" EndDate="2014-12-18 16:50:16.807 JST" Interest="2.0" Kind="edit" Navigation="null" OriginId="org.eclipse.cdt.ui.editor.CEditor" StartDate="2014-12-18 16:50:15.555 JST" StructureHandle="=Embedded{TEST\/D-111\/v_3-1\/D-111_v-3_1.c[conv_Hex_to_SecString#73(int(char\[]" StructureKind="c/c++" NumEvents="2" CreationCount="545"/><InteractionEvent Delta="null" EndDate="2014-12-18 17:10:52.435 JST" Interest="7.0070004" Kind="manipulation" Navigation="null" OriginId="org.eclipse.mylyn.core.model.interest.decay.correction" StartDate="2014-12-18 17:05:45.830 JST" StructureHandle="=Embedded{TEST\/D-111\/v_3-1\/D-111_v-3_1.c[conv_Hex_to_SecString#73(int(char\[]" StructureKind="c/c++" NumEvents="2" CreationCount="545"/><InteractionEvent Delta="null" EndDate="2014-12-18 17:10:52.435 JST" Interest="4.0" Kind="selection" Navigation="null" OriginId="org.eclipse.cdt.ui.editor.CEditor" StartDate="2014-12-18 16:50:12.274 JST" StructureHandle="=Embedded{TEST\/D-111\/v_3-1\/D-111_v-3_1.c[conv_Hex_to_SecString#73(int(char\[]" StructureKind="c/c++" NumEvents="4" CreationCount="545"/><InteractionEvent Delta="null" EndDate="2014-12-18 17:11:12.708 JST" Interest="1.0" Kind="selection" Navigation="null" OriginId="org.eclipse.cdt.ui.editor.CEditor" StartDate="2014-12-18 17:11:12.708 JST" StructureHandle="=Embedded{D-100~\/D-111\/D-111_v_3_0\/D-111_v_3_0.X\/lib_v_1.h[conv_Hex_to_SecString#73(int(char\[]" StructureKind="c/c++"/><InteractionEvent Delta="null" EndDate="2014-12-18 16:33:29.59 JST" Interest="8.0" Kind="edit" Navigation="null" OriginId="org.eclipse.cdt.ui.editor.CEditor" StartDate="2014-12-18 16:33:11.388 JST" StructureHandle="=Embedded{TEST\/D-111\/v_3-1\/D-111_v-3_0.c[main#74(int(char**" StructureKind="c/c++" NumEvents="8" CreationCount="76"/><InteractionEvent Delta="null" EndDate="2014-12-18 16:33:56.666 JST" Interest="2.0" Kind="selection" Navigation="null" OriginId="org.eclipse.cdt.ui.editor.CEditor" StartDate="2014-12-18 16:33:08.769 JST" StructureHandle="=Embedded{TEST\/D-111\/v_3-1\/D-111_v-3_0.c[main#74(int(char**" StructureKind="c/c++" NumEvents="2" CreationCount="76"/><InteractionEvent Delta="null" EndDate="2014-12-18 16:42:31.323 JST" Interest="5.0" Kind="edit" Navigation="null" OriginId="org.eclipse.cdt.ui.editor.CEditor" StartDate="2014-12-18 16:41:23.105 JST" StructureHandle="=Embedded{TEST\/D-110\/v_3-0\/D-110_v-3-0.c[conv_Hex_to_3Digit_String#74(int(char\[]" StructureKind="c/c++" NumEvents="5" CreationCount="222"/><InteractionEvent Delta="null" EndDate="2014-12-18 17:10:47.682 JST" Interest="8.279001" Kind="manipulation" Navigation="null" OriginId="org.eclipse.mylyn.core.model.interest.decay.correction" StartDate="2014-12-18 17:10:47.682 JST" StructureHandle="=Embedded{TEST\/D-110\/v_3-0\/D-110_v-3-0.c[conv_Hex_to_3Digit_String#74(int(char\[]" StructureKind="c/c++"/><InteractionEvent Delta="null" EndDate="2014-12-18 17:10:53.274 JST" Interest="7.0" Kind="selection" Navigation="null" OriginId="org.eclipse.cdt.ui.editor.CEditor" StartDate="2014-12-18 16:41:22.84 JST" StructureHandle="=Embedded{TEST\/D-110\/v_3-0\/D-110_v-3-0.c[conv_Hex_to_3Digit_String#74(int(char\[]" StructureKind="c/c++" NumEvents="7" CreationCount="222"/><InteractionEvent Delta="null" EndDate="2014-12-18 20:28:31.717 JST" Interest="43.917" Kind="propagation" Navigation="org.eclipse.mylyn.core.model.edges.containment" OriginId="org.eclipse.mylyn.core.model.interest.propagation" StartDate="2014-12-18 17:10:28.102 JST" StructureHandle="/Embedded/D-100~/D-111/D-111_v_3_0/D-111_v_3_0.X" StructureKind="resource" NumEvents="53" CreationCount="1188"/><InteractionEvent Delta="null" EndDate="2014-12-18 17:10:23.54 JST" Interest="1.0" Kind="selection" Navigation="null" OriginId="org.eclipse.ui.navigator.ProjectExplorer" StartDate="2014-12-18 17:10:23.54 JST" StructureHandle="/Embedded/D-100~/D-111/D-111_v_3_0/D-111_v_3_0.X" StructureKind="resource"/><InteractionEvent Delta="null" EndDate="2014-12-18 17:10:53.274 JST" Interest="10.464" Kind="propagation" Navigation="org.eclipse.mylyn.core.model.edges.containment" OriginId="org.eclipse.mylyn.core.model.interest.propagation" StartDate="2014-12-18 16:32:15.958 JST" StructureHandle="=Embedded{TEST\/D-110\/v_3-0\/D-110_v-3-0.c" StructureKind="c/c++" NumEvents="5" CreationCount="17"/><InteractionEvent Delta="null" EndDate="2014-12-18 16:40:47.66 JST" Interest="4.0" Kind="edit" Navigation="null" OriginId="org.eclipse.cdt.ui.editor.CEditor" StartDate="2014-12-18 16:35:34.365 JST" StructureHandle="=Embedded{TEST\/D-110\/v_3-0\/D-110_v-3-0.c" StructureKind="c/c++" NumEvents="4" CreationCount="17"/><InteractionEvent Delta="null" EndDate="2014-12-18 16:40:43.911 JST" Interest="9.0" Kind="selection" Navigation="null" OriginId="org.eclipse.cdt.ui.editor.CEditor" StartDate="2014-12-18 16:32:18.482 JST" StructureHandle="=Embedded{TEST\/D-110\/v_3-0\/D-110_v-3-0.c" StructureKind="c/c++" NumEvents="9" CreationCount="17"/><InteractionEvent Delta="null" EndDate="2014-12-18 17:10:53.276 JST" Interest="78.219" Kind="propagation" Navigation="org.eclipse.mylyn.core.model.edges.containment" OriginId="org.eclipse.mylyn.core.model.interest.propagation" StartDate="2014-12-18 16:32:15.513 JST" StructureHandle="/Embedded/TEST/D-110/v_3-0" StructureKind="resource" NumEvents="89" CreationCount="9"/><InteractionEvent Delta="null" EndDate="2014-12-18 16:31:48.194 JST" Interest="1.0" Kind="selection" Navigation="null" OriginId="org.eclipse.ui.navigator.ProjectExplorer" StartDate="2014-12-18 16:31:48.194 JST" StructureHandle="/Embedded/TEST/D-110/v_3-0" StructureKind="resource"/><InteractionEvent Delta="null" EndDate="2014-12-18 16:32:29.254 JST" Interest="1.0" Kind="edit" Navigation="null" OriginId="org.eclipse.cdt.ui.editor.CEditor" StartDate="2014-12-18 16:32:29.254 JST" StructureHandle="=Embedded{TEST\/D-110\/v_3-0\/D-110_v-3-0.c[main#74(int(char**" StructureKind="c/c++"/><InteractionEvent Delta="null" EndDate="2014-12-18 16:40:48.875 JST" Interest="0.34300017" Kind="manipulation" Navigation="null" OriginId="org.eclipse.mylyn.core.model.interest.decay.correction" StartDate="2014-12-18 16:40:48.875 JST" StructureHandle="=Embedded{TEST\/D-110\/v_3-0\/D-110_v-3-0.c[main#74(int(char**" StructureKind="c/c++"/><InteractionEvent Delta="null" EndDate="2014-12-18 16:40:48.875 JST" Interest="3.0" Kind="selection" Navigation="null" OriginId="org.eclipse.cdt.ui.editor.CEditor" StartDate="2014-12-18 16:32:25.617 JST" StructureHandle="=Embedded{TEST\/D-110\/v_3-0\/D-110_v-3-0.c[main#74(int(char**" StructureKind="c/c++" NumEvents="3" CreationCount="31"/><InteractionEvent Delta="null" EndDate="2014-12-18 16:31:20.375 JST" Interest="1.0" Kind="selection" Navigation="null" OriginId="org.eclipse.ui.navigator.ProjectExplorer" StartDate="2014-12-18 16:31:20.375 JST" StructureHandle="/Embedded/a.bat" StructureKind="resource"/><InteractionEvent Delta="null" EndDate="2014-12-18 17:07:34.69 JST" Interest="8.432998" Kind="propagation" Navigation="org.eclipse.mylyn.core.model.edges.containment" OriginId="org.eclipse.mylyn.core.model.interest.propagation" StartDate="2014-12-18 16:34:14.614 JST" StructureHandle="=Embedded{TEST\/D-111\/v_3-1\/D-111_v-3_1.c" StructureKind="c/c++" NumEvents="12" CreationCount="115"/><InteractionEvent Delta="null" EndDate="2014-12-18 16:50:09.823 JST" Interest="25.0" Kind="edit" Navigation="null" OriginId="org.eclipse.cdt.ui.editor.CEditor" StartDate="2014-12-18 16:35:52.395 JST" StructureHandle="=Embedded{TEST\/D-111\/v_3-1\/D-111_v-3_1.c" StructureKind="c/c++" NumEvents="25" CreationCount="115"/><InteractionEvent Delta="null" EndDate="2014-12-18 17:10:06.196 JST" Interest="18.0" Kind="selection" Navigation="null" OriginId="org.eclipse.cdt.ui.editor.CEditor" StartDate="2014-12-18 16:34:15.302 JST" StructureHandle="=Embedded{TEST\/D-111\/v_3-1\/D-111_v-3_1.c" StructureKind="c/c++" NumEvents="18" CreationCount="115"/><InteractionEvent Delta="null" EndDate="2014-12-18 16:32:23.445 JST" Interest="3.0" Kind="selection" Navigation="null" OriginId="org.eclipse.cdt.ui.editor.CEditor" StartDate="2014-12-18 16:32:15.919 JST" StructureHandle="=Embedded{TEST\/D-110\/v_3-0\/D-110_v-3-0.c[stdlib.h#75" StructureKind="c/c++" NumEvents="3" CreationCount="17"/><InteractionEvent Delta="null" EndDate="2014-12-18 20:28:32.73 JST" Interest="43.934002" Kind="propagation" Navigation="org.eclipse.mylyn.core.model.edges.containment" OriginId="org.eclipse.mylyn.core.model.interest.propagation" StartDate="2014-12-18 17:10:23.55 JST" StructureHandle="/Embedded/D-100~/D-111/D-111_v_3_0" StructureKind="resource" NumEvents="56" CreationCount="1187"/><InteractionEvent Delta="null" EndDate="2014-12-18 17:10:21.711 JST" Interest="1.0" Kind="selection" Navigation="null" OriginId="org.eclipse.ui.navigator.ProjectExplorer" StartDate="2014-12-18 17:10:21.711 JST" StructureHandle="/Embedded/D-100~/D-111/D-111_v_3_0" StructureKind="resource"/><InteractionEvent Delta="null" EndDate="2014-12-18 17:11:07.936 JST" Interest="2.0" Kind="edit" Navigation="null" OriginId="org.eclipse.cdt.ui.editor.CEditor" StartDate="2014-12-18 17:11:06.211 JST" StructureHandle="=Embedded{D-100~\/D-111\/D-111_v_3_0\/D-111_v_3_0.X\/lib_v_1.h[conv_Hex_to_CharCode_2Digits#73(signed char(char\[]" StructureKind="c/c++" NumEvents="2" CreationCount="1237"/><InteractionEvent Delta="null" EndDate="2014-12-18 17:11:16.318 JST" Interest="2.0" Kind="selection" Navigation="null" OriginId="org.eclipse.cdt.ui.editor.CEditor" StartDate="2014-12-18 17:11:04.321 JST" StructureHandle="=Embedded{D-100~\/D-111\/D-111_v_3_0\/D-111_v_3_0.X\/lib_v_1.h[conv_Hex_to_CharCode_2Digits#73(signed char(char\[]" StructureKind="c/c++" NumEvents="2" CreationCount="1237"/><InteractionEvent Delta="null" EndDate="2014-12-18 20:28:43.694 JST" Interest="43.968006" Kind="propagation" Navigation="org.eclipse.mylyn.core.model.edges.containment" OriginId="org.eclipse.mylyn.core.model.interest.propagation" StartDate="2014-12-18 17:10:20.590 JST" StructureHandle="/Embedded/D-100~" StructureKind="resource" NumEvents="58" CreationCount="1185"/><InteractionEvent Delta="null" EndDate="2014-12-18 17:10:16.755 JST" Interest="1.0" Kind="selection" Navigation="null" OriginId="org.eclipse.ui.navigator.ProjectExplorer" StartDate="2014-12-18 17:10:16.755 JST" StructureHandle="/Embedded/D-100~" StructureKind="resource"/><InteractionEvent Delta="null" EndDate="2014-12-18 17:10:09.487 JST" Interest="358.0" Kind="edit" Navigation="null" OriginId="org.eclipse.cdt.ui.editor.CEditor" StartDate="2014-12-18 16:43:11.102 JST" StructureHandle="=Embedded{TEST\/D-111\/v_3-1\/D-111_v-3_1.c[conv_Hex_to_SecString#74(int(char\[]" StructureKind="c/c++" NumEvents="358" CreationCount="277"/><InteractionEvent Delta="null" EndDate="2014-12-18 17:10:47.964 JST" Interest="16.0" Kind="selection" Navigation="null" OriginId="org.eclipse.cdt.ui.editor.CEditor" StartDate="2014-12-18 16:43:07.170 JST" StructureHandle="=Embedded{TEST\/D-111\/v_3-1\/D-111_v-3_1.c[conv_Hex_to_SecString#74(int(char\[]" StructureKind="c/c++" NumEvents="16" CreationCount="277"/><InteractionEvent Delta="null" EndDate="2014-12-18 17:10:52.438 JST" Interest="447.987" Kind="propagation" Navigation="org.eclipse.mylyn.core.model.edges.containment" OriginId="org.eclipse.mylyn.core.model.interest.propagation" StartDate="2014-12-18 16:31:34.17 JST" StructureHandle="/Embedded/TEST" StructureKind="resource" NumEvents="599" CreationCount="3"/><InteractionEvent Delta="null" EndDate="2014-12-18 16:31:20.924 JST" Interest="1.0" Kind="selection" Navigation="null" OriginId="org.eclipse.ui.navigator.ProjectExplorer" StartDate="2014-12-18 16:31:20.924 JST" StructureHandle="/Embedded/TEST" StructureKind="resource"/><InteractionEvent Delta="null" EndDate="2014-12-18 17:06:49.759 JST" Interest="41.0" Kind="edit" Navigation="null" OriginId="org.eclipse.cdt.ui.editor.CEditor" StartDate="2014-12-18 16:34:14.643 JST" StructureHandle="=Embedded{TEST\/D-111\/v_3-1\/D-111_v-3_1.c[main#74(int(char**" StructureKind="c/c++" NumEvents="41" CreationCount="115"/><InteractionEvent Delta="null" EndDate="2014-12-18 16:48:37.658 JST" Interest="3.233" Kind="manipulation" Navigation="null" OriginId="org.eclipse.mylyn.core.model.interest.decay.correction" StartDate="2014-12-18 16:48:37.658 JST" StructureHandle="=Embedded{TEST\/D-111\/v_3-1\/D-111_v-3_1.c[main#74(int(char**" StructureKind="c/c++"/><InteractionEvent Delta="null" EndDate="2014-12-18 17:07:34.69 JST" Interest="11.0" Kind="selection" Navigation="null" OriginId="org.eclipse.cdt.ui.editor.CEditor" StartDate="2014-12-18 16:34:14.612 JST" StructureHandle="=Embedded{TEST\/D-111\/v_3-1\/D-111_v-3_1.c[main#74(int(char**" StructureKind="c/c++" NumEvents="11" CreationCount="115"/><InteractionEvent Delta="null" EndDate="2014-12-18 16:40:39.354 JST" Interest="3.0" Kind="selection" Navigation="null" OriginId="org.eclipse.cdt.ui.editor.CEditor" StartDate="2014-12-18 16:35:57.151 JST" StructureHandle="=Embedded{TEST\/D-111\/v_3-1\/D-111_v-3_1.c[title#76" StructureKind="c/c++" NumEvents="3" CreationCount="165"/><InteractionEvent Delta="null" EndDate="2014-12-18 21:17:17.619 JST" Interest="5.0" Kind="edit" Navigation="null" OriginId="org.eclipse.cdt.ui.editor.CEditor" StartDate="2014-12-18 20:28:52.464 JST" StructureHandle="=Embedded{D-100~\/D-111\/D-111_v_3_0\/D-111_v_3_0.X\/D-111_v_3_0.c" StructureKind="c/c++" NumEvents="5" CreationCount="1267"/><InteractionEvent Delta="null" EndDate="2014-12-18 20:28:43.692 JST" Interest="1.0" Kind="selection" Navigation="null" OriginId="org.eclipse.cdt.ui.editor.CEditor" StartDate="2014-12-18 20:28:43.692 JST" StructureHandle="=Embedded{D-100~\/D-111\/D-111_v_3_0\/D-111_v_3_0.X\/D-111_v_3_0.c" StructureKind="c/c++"/><InteractionEvent Delta="null" EndDate="2014-12-18 20:28:36.991 JST" Interest="43.951004" Kind="propagation" Navigation="org.eclipse.mylyn.core.model.edges.containment" OriginId="org.eclipse.mylyn.core.model.interest.propagation" StartDate="2014-12-18 17:10:21.711 JST" StructureHandle="/Embedded/D-100~/D-111" StructureKind="resource" NumEvents="56" CreationCount="1186"/><InteractionEvent Delta="null" EndDate="2014-12-18 17:10:20.589 JST" Interest="1.0" Kind="selection" Navigation="null" OriginId="org.eclipse.ui.navigator.ProjectExplorer" StartDate="2014-12-18 17:10:20.589 JST" StructureHandle="/Embedded/D-100~/D-111" StructureKind="resource"/><InteractionEvent Delta="null" EndDate="2014-12-18 16:41:15.976 JST" Interest="3.0" Kind="selection" Navigation="null" OriginId="org.eclipse.ui.views.ContentOutline" StartDate="2014-12-18 16:40:51.623 JST" StructureHandle="=Embedded{TEST\/D-110\/v_3-0\/D-110_v-3-0.c[conv_Float_to_String#74(float(char\[]" StructureKind="c/c++" NumEvents="3" CreationCount="213"/><InteractionEvent Delta="null" EndDate="2014-12-18 17:10:50.468 JST" Interest="2.2470002" Kind="manipulation" Navigation="null" OriginId="org.eclipse.mylyn.core.model.interest.decay.correction" StartDate="2014-12-18 17:10:50.468 JST" StructureHandle="=Embedded{TEST\/D-111\/v_3-1\/D-111_v-3_1.c[stdio.h#75" StructureKind="c/c++"/><InteractionEvent Delta="null" EndDate="2014-12-18 17:10:50.468 JST" Interest="2.0" Kind="selection" Navigation="null" OriginId="org.eclipse.cdt.ui.editor.CEditor" StartDate="2014-12-18 17:05:43.194 JST" StructureHandle="=Embedded{TEST\/D-111\/v_3-1\/D-111_v-3_1.c[stdio.h#75" StructureKind="c/c++" NumEvents="2" CreationCount="1023"/><InteractionEvent Delta="null" EndDate="2014-12-18 17:10:50.469 JST" Interest="99.0" Kind="propagation" Navigation="null" OriginId="org.eclipse.cdt.ui.editor.CEditor" StartDate="2014-12-18 16:34:10.173 JST" StructureHandle="/Embedded/TEST/D-111/v_3-1/D-111_v-3_1.c" StructureKind="resource" NumEvents="99" CreationCount="114"/><InteractionEvent Delta="null" EndDate="2014-12-18 17:10:52.436 JST" Interest="483.0" Kind="edit" Navigation="null" OriginId="org.eclipse.cdt.ui.editor.CEditor" StartDate="2014-12-18 16:34:14.619 JST" StructureHandle="/Embedded/TEST/D-111/v_3-1/D-111_v-3_1.c" StructureKind="resource" NumEvents="483" CreationCount="114"/><InteractionEvent Delta="null" EndDate="2014-12-18 17:10:47.848 JST" Interest="10.0" Kind="selection" Navigation="null" OriginId="org.eclipse.cdt.ui.editor.CEditor" StartDate="2014-12-18 16:35:34.962 JST" StructureHandle="/Embedded/TEST/D-111/v_3-1/D-111_v-3_1.c" StructureKind="resource" NumEvents="10" CreationCount="114"/><InteractionEvent Delta="null" EndDate="2014-12-18 17:10:53.470 JST" Interest="52.0" Kind="edit" Navigation="null" OriginId="org.eclipse.ui.DefaultTextEditor" StartDate="2014-12-18 16:33:29.779 JST" StructureHandle="/Embedded/TEST/memos.txt" StructureKind="resource" NumEvents="52" CreationCount="6"/><InteractionEvent Delta="null" EndDate="2014-12-18 16:33:29.322 JST" Interest="0.51300013" Kind="manipulation" Navigation="null" OriginId="org.eclipse.mylyn.core.model.interest.decay.correction" StartDate="2014-12-18 16:33:29.322 JST" StructureHandle="/Embedded/TEST/memos.txt" StructureKind="resource"/><InteractionEvent Delta="null" EndDate="2014-12-18 17:10:53.442 JST" Interest="11.0" Kind="selection" Navigation="null" OriginId="org.eclipse.ui.DefaultTextEditor" StartDate="2014-12-18 16:31:39.305 JST" StructureHandle="/Embedded/TEST/memos.txt" StructureKind="resource" NumEvents="11" CreationCount="6"/><InteractionEvent Delta="null" EndDate="2014-12-18 17:10:52.437 JST" Interest="446.987" Kind="propagation" Navigation="org.eclipse.mylyn.core.model.edges.containment" OriginId="org.eclipse.mylyn.core.model.interest.propagation" StartDate="2014-12-18 16:31:33.512 JST" StructureHandle="/Embedded/TEST/D-111" StructureKind="resource" NumEvents="598" CreationCount="3"/><InteractionEvent Delta="null" EndDate="2014-12-18 16:31:39.791 JST" Interest="2.0" Kind="selection" Navigation="null" OriginId="org.eclipse.ui.navigator.ProjectExplorer" StartDate="2014-12-18 16:31:34.15 JST" StructureHandle="/Embedded/TEST/D-111" StructureKind="resource" NumEvents="2" CreationCount="3"/><InteractionEvent Delta="null" EndDate="2014-12-18 17:10:43.932 JST" Interest="2.0" Kind="edit" Navigation="null" OriginId="org.eclipse.cdt.ui.editor.CEditor" StartDate="2014-12-18 17:10:42.902 JST" StructureHandle="=Embedded{D-100~\/D-111\/D-111_v_3_0\/D-111_v_3_0.X\/lib_v_1.h[conv_Hex_to_SecString#74(int(char\[]" StructureKind="c/c++" NumEvents="2" CreationCount="1201"/><InteractionEvent Delta="null" EndDate="2014-12-18 17:10:54.8 JST" Interest="2.0" Kind="selection" Navigation="null" OriginId="org.eclipse.cdt.ui.editor.CEditor" StartDate="2014-12-18 17:10:38.395 JST" StructureHandle="=Embedded{D-100~\/D-111\/D-111_v_3_0\/D-111_v_3_0.X\/lib_v_1.h[conv_Hex_to_SecString#74(int(char\[]" StructureKind="c/c++" NumEvents="2" CreationCount="1201"/><InteractionEvent Delta="null" EndDate="2014-12-18 17:10:53.277 JST" Interest="78.287" Kind="propagation" Navigation="org.eclipse.mylyn.core.model.edges.containment" OriginId="org.eclipse.mylyn.core.model.interest.propagation" StartDate="2014-12-18 16:31:48.195 JST" StructureHandle="/Embedded/TEST/D-110" StructureKind="resource" NumEvents="90" CreationCount="5"/><InteractionEvent Delta="null" EndDate="2014-12-18 16:31:36.528 JST" Interest="1.0" Kind="selection" Navigation="null" OriginId="org.eclipse.ui.navigator.ProjectExplorer" StartDate="2014-12-18 16:31:36.528 JST" StructureHandle="/Embedded/TEST/D-110" StructureKind="resource"/><InteractionEvent Delta="null" EndDate="2014-12-18 21:17:17.624 JST" Interest="877.0" Kind="propagation" Navigation="org.eclipse.mylyn.core.model.edges.containment" OriginId="org.eclipse.mylyn.core.model.interest.propagation" StartDate="2014-12-18 16:31:17.417 JST" StructureHandle="/" StructureKind="resource" NumEvents="877" CreationCount="1"/><InteractionEvent Delta="null" EndDate="2014-12-18 17:10:53.274 JST" Interest="35.0" Kind="propagation" Navigation="null" OriginId="org.eclipse.cdt.ui.editor.CEditor" StartDate="2014-12-18 16:32:15.958 JST" StructureHandle="/Embedded/TEST/D-110/v_3-0/D-110_v-3-0.c" StructureKind="resource" NumEvents="35" CreationCount="16"/><InteractionEvent Delta="null" EndDate="2014-12-18 17:10:53.276 JST" Interest="33.0" Kind="edit" Navigation="null" OriginId="org.eclipse.cdt.ui.editor.CEditor" StartDate="2014-12-18 16:32:15.960 JST" StructureHandle="/Embedded/TEST/D-110/v_3-0/D-110_v-3-0.c" StructureKind="resource" NumEvents="33" CreationCount="16"/><InteractionEvent Delta="null" EndDate="2014-12-18 17:10:53.221 JST" Interest="21.0" Kind="selection" Navigation="null" OriginId="org.eclipse.cdt.ui.editor.CEditor" StartDate="2014-12-18 16:32:15.512 JST" StructureHandle="/Embedded/TEST/D-110/v_3-0/D-110_v-3-0.c" StructureKind="resource" NumEvents="21" CreationCount="16"/><InteractionEvent Delta="null" EndDate="2014-12-18 20:28:31.698 JST" Interest="22.0" Kind="propagation" Navigation="null" OriginId="org.eclipse.cdt.ui.editor.CEditor" StartDate="2014-12-18 17:10:29.59 JST" StructureHandle="/Embedded/D-100~/D-111/D-111_v_3_0/D-111_v_3_0.X/lib_v_1.h" StructureKind="resource" NumEvents="22" CreationCount="1189"/><InteractionEvent Delta="null" EndDate="2014-12-18 20:28:31.699 JST" Interest="27.0" Kind="edit" Navigation="null" OriginId="org.eclipse.cdt.ui.editor.CEditor" StartDate="2014-12-18 17:10:29.60 JST" StructureHandle="/Embedded/D-100~/D-111/D-111_v_3_0/D-111_v_3_0.X/lib_v_1.h" StructureKind="resource" NumEvents="27" CreationCount="1189"/><InteractionEvent Delta="null" EndDate="2014-12-18 20:28:27.998 JST" Interest="4.0" Kind="selection" Navigation="null" OriginId="org.eclipse.ui.navigator.ProjectExplorer" StartDate="2014-12-18 17:10:28.102 JST" StructureHandle="/Embedded/D-100~/D-111/D-111_v_3_0/D-111_v_3_0.X/lib_v_1.h" StructureKind="resource" NumEvents="4" CreationCount="1189"/><InteractionEvent Delta="null" EndDate="2014-12-18 16:33:05.709 JST" Interest="7.0" Kind="edit" Navigation="null" OriginId="org.eclipse.cdt.ui.editor.CEditor" StartDate="2014-12-18 16:32:22.759 JST" StructureHandle="=Embedded{TEST\/D-111\/v_3-1\/D-111_v-3_0.c" StructureKind="c/c++" NumEvents="7" CreationCount="12"/><InteractionEvent Delta="null" EndDate="2014-12-18 16:32:51.65 JST" Interest="5.0" Kind="selection" Navigation="null" OriginId="org.eclipse.cdt.ui.editor.CEditor" StartDate="2014-12-18 16:32:13.377 JST" StructureHandle="=Embedded{TEST\/D-111\/v_3-1\/D-111_v-3_0.c" StructureKind="c/c++" NumEvents="5" CreationCount="12"/><InteractionEvent Delta="null" EndDate="2014-12-18 16:33:05.710 JST" Interest="13.0" Kind="propagation" Navigation="null" OriginId="org.eclipse.cdt.ui.editor.CEditor" StartDate="2014-12-18 16:32:10.224 JST" StructureHandle="/Embedded/TEST/D-111/v_3-1/D-111_v-3_0.c" StructureKind="resource" NumEvents="13" CreationCount="10"/><InteractionEvent Delta="null" EndDate="2014-12-18 16:33:56.667 JST" Interest="28.0" Kind="edit" Navigation="null" OriginId="org.eclipse.cdt.ui.editor.CEditor" StartDate="2014-12-18 16:32:13.382 JST" StructureHandle="/Embedded/TEST/D-111/v_3-1/D-111_v-3_0.c" StructureKind="resource" NumEvents="28" CreationCount="10"/><InteractionEvent Delta="null" EndDate="2014-12-18 16:34:05.286 JST" Interest="8.0" Kind="selection" Navigation="null" OriginId="org.eclipse.ui.navigator.ProjectExplorer" StartDate="2014-12-18 16:32:12.533 JST" StructureHandle="/Embedded/TEST/D-111/v_3-1/D-111_v-3_0.c" StructureKind="resource" NumEvents="8" CreationCount="10"/><InteractionEvent Delta="null" EndDate="2014-12-18 17:10:52.438 JST" Interest="448.021" Kind="propagation" Navigation="org.eclipse.mylyn.core.model.edges.containment" OriginId="org.eclipse.mylyn.core.model.interest.propagation" StartDate="2014-12-18 16:31:20.375 JST" StructureHandle="=Embedded" StructureKind="c/c++" NumEvents="626" CreationCount="1"/><InteractionEvent Delta="null" EndDate="2014-12-18 16:31:17.416 JST" Interest="1.0" Kind="selection" Navigation="null" OriginId="org.eclipse.ui.navigator.ProjectExplorer" StartDate="2014-12-18 16:31:17.416 JST" StructureHandle="=Embedded" StructureKind="c/c++"/><InteractionEvent Delta="null" EndDate="2014-12-18 21:17:17.624 JST" Interest="877.0" Kind="propagation" Navigation="null" OriginId="org.eclipse.cdt.ui.editor.CEditor" StartDate="2014-12-18 16:31:17.417 JST" StructureHandle="/Embedded" StructureKind="resource" NumEvents="877" CreationCount="1"/><InteractionEvent Delta="null" EndDate="2014-12-18 20:28:31.697 JST" Interest="14.0" Kind="edit" Navigation="null" OriginId="org.eclipse.cdt.ui.editor.CEditor" StartDate="2014-12-18 17:10:30.462 JST" StructureHandle="=Embedded{D-100~\/D-111\/D-111_v_3_0\/D-111_v_3_0.X\/lib_v_1.h" StructureKind="c/c++" NumEvents="14" CreationCount="1191"/><InteractionEvent Delta="null" EndDate="2014-12-18 17:11:18.636 JST" Interest="4.0" Kind="selection" Navigation="null" OriginId="org.eclipse.cdt.ui.editor.CEditor" StartDate="2014-12-18 17:10:29.58 JST" StructureHandle="=Embedded{D-100~\/D-111\/D-111_v_3_0\/D-111_v_3_0.X\/lib_v_1.h" StructureKind="c/c++" NumEvents="4" CreationCount="1191"/><InteractionEvent Delta="null" EndDate="2014-12-18 17:10:52.437 JST" Interest="446.919" Kind="propagation" Navigation="org.eclipse.mylyn.core.model.edges.containment" OriginId="org.eclipse.mylyn.core.model.interest.propagation" StartDate="2014-12-18 16:31:46.233 JST" StructureHandle="/Embedded/TEST/D-111/v_3-1" StructureKind="resource" NumEvents="596" CreationCount="7"/><InteractionEvent Delta="null" EndDate="2014-12-18 16:31:49.988 JST" Interest="2.0" Kind="selection" Navigation="null" OriginId="org.eclipse.ui.navigator.ProjectExplorer" StartDate="2014-12-18 16:31:46.563 JST" StructureHandle="/Embedded/TEST/D-111/v_3-1" StructureKind="resource" NumEvents="2" CreationCount="7"/><InteractionEvent Delta="null" EndDate="2014-12-18 21:17:17.620 JST" Interest="6.0" Kind="propagation" Navigation="null" OriginId="org.eclipse.cdt.ui.editor.CEditor" StartDate="2014-12-18 20:28:43.694 JST" StructureHandle="/Embedded/D-100~/D-111/D-111_v_3_0/D-111_v_3_0.X/D-111_v_3_0.c" StructureKind="resource" NumEvents="6" CreationCount="1262"/><InteractionEvent Delta="null" EndDate="2014-12-18 21:17:17.622 JST" Interest="6.0" Kind="edit" Navigation="null" OriginId="org.eclipse.cdt.ui.editor.CEditor" StartDate="2014-12-18 20:28:43.695 JST" StructureHandle="/Embedded/D-100~/D-111/D-111_v_3_0/D-111_v_3_0.X/D-111_v_3_0.c" StructureKind="resource" NumEvents="6" CreationCount="1262"/><InteractionEvent Delta="null" EndDate="2014-12-18 21:17:17.601 JST" Interest="4.0" Kind="selection" Navigation="null" OriginId="org.eclipse.cdt.ui.editor.CEditor" StartDate="2014-12-18 20:28:31.180 JST" StructureHandle="/Embedded/D-100~/D-111/D-111_v_3_0/D-111_v_3_0.X/D-111_v_3_0.c" StructureKind="resource" NumEvents="4" CreationCount="1262"/></InteractionHistory>