<?xml version="1.0" encoding="UTF-8"?><InteractionHistory Id="local-133" Version="1"><InteractionEvent Delta="null" EndDate="2015-01-17 08:53:53.455 JST" Interest="178.87" Kind="propagation" Navigation="org.eclipse.mylyn.core.model.edges.containment" OriginId="org.eclipse.mylyn.core.model.interest.propagation" StartDate="2015-01-17 08:04:47.85 JST" StructureHandle="" StructureKind="c/c++" NumEvents="256" CreationCount="1"/><InteractionEvent Delta="null" EndDate="2015-01-17 08:53:53.455 JST" Interest="178.87" Kind="propagation" Navigation="org.eclipse.mylyn.core.model.edges.containment" OriginId="org.eclipse.mylyn.core.model.interest.propagation" StartDate="2015-01-17 08:04:47.85 JST" StructureHandle="=CR6_cake" StructureKind="c/c++" NumEvents="254" CreationCount="1"/><InteractionEvent Delta="null" EndDate="2015-01-17 08:19:51.287 JST" Interest="2.0" Kind="selection" Navigation="null" OriginId="org.eclipse.ui.views.ResourceNavigator" StartDate="2015-01-17 08:06:00.898 JST" StructureHandle="/CR6_cake/app/Controller/WordsController.php" StructureKind="resource" NumEvents="2" CreationCount="22"/><InteractionEvent Delta="null" EndDate="2015-01-17 08:19:51.287 JST" Interest="2.5700002" Kind="manipulation" Navigation="null" OriginId="org.eclipse.mylyn.core.model.interest.decay.correction" StartDate="2015-01-17 08:19:51.287 JST" StructureHandle="/CR6_cake/app/Controller/WordsController.php" StructureKind="resource"/><InteractionEvent Delta="null" EndDate="2015-01-17 08:59:06.134 JST" Interest="532.0" Kind="propagation" Navigation="null" OriginId="org.eclipse.php.editor" StartDate="2015-01-17 08:04:47.85 JST" StructureHandle="/CR6_cake" StructureKind="resource" NumEvents="532" CreationCount="1"/><InteractionEvent Delta="null" EndDate="2015-01-17 08:54:01.561 JST" Interest="52.0" Kind="propagation" Navigation="null" OriginId="org.eclipse.php.editor" StartDate="2015-01-17 08:06:17.977 JST" StructureHandle="/Cake_NR5" StructureKind="resource" NumEvents="52" CreationCount="23"/><InteractionEvent Delta="null" EndDate="2015-01-17 08:29:15.781 JST" Interest="17.368" Kind="propagation" Navigation="org.eclipse.mylyn.core.model.edges.containment" OriginId="org.eclipse.mylyn.core.model.interest.propagation" StartDate="2015-01-17 08:06:17.977 JST" StructureHandle="/Cake_NR5/app/View" StructureKind="resource" NumEvents="24" CreationCount="23"/><InteractionEvent Delta="null" EndDate="2015-01-17 08:29:15.781 JST" Interest="17.3" Kind="propagation" Navigation="org.eclipse.mylyn.core.model.edges.containment" OriginId="org.eclipse.mylyn.core.model.interest.propagation" StartDate="2015-01-17 08:06:29.444 JST" StructureHandle="/Cake_NR5/app/View/Elements" StructureKind="resource" NumEvents="23" CreationCount="27"/><InteractionEvent Delta="null" EndDate="2015-01-17 08:54:01.541 JST" Interest="4.0" Kind="selection" Navigation="null" OriginId="org.eclipse.php.editor" StartDate="2015-01-17 08:14:51.136 JST" StructureHandle="/Cake_NR5/app/Controller/HistorysController.php" StructureKind="resource" NumEvents="4" CreationCount="187"/><InteractionEvent Delta="null" EndDate="2015-01-17 08:54:01.551 JST" Interest="8.0" Kind="edit" Navigation="null" OriginId="org.eclipse.php.editor" StartDate="2015-01-17 08:14:51.285 JST" StructureHandle="/Cake_NR5/app/Controller/HistorysController.php" StructureKind="resource" NumEvents="8" CreationCount="187"/><InteractionEvent Delta="null" EndDate="2015-01-17 08:29:15.781 JST" Interest="17.368" Kind="propagation" Navigation="org.eclipse.mylyn.core.model.edges.containment" OriginId="org.eclipse.mylyn.core.model.interest.propagation" StartDate="2015-01-17 08:06:17.977 JST" StructureHandle="/Cake_NR5/app" StructureKind="resource" NumEvents="24" CreationCount="23"/><InteractionEvent Delta="null" EndDate="2015-01-17 08:29:15.781 JST" Interest="17.3" Kind="propagation" Navigation="org.eclipse.mylyn.core.model.edges.containment" OriginId="org.eclipse.mylyn.core.model.interest.propagation" StartDate="2015-01-17 08:06:29.444 JST" StructureHandle="/Cake_NR5/app/View/Elements/historys" StructureKind="resource" NumEvents="23" CreationCount="27"/><InteractionEvent Delta="null" EndDate="2015-01-17 08:05:21.530 JST" Interest="1.0" Kind="selection" Navigation="null" OriginId="org.eclipse.ui.views.ResourceNavigator" StartDate="2015-01-17 08:05:21.530 JST" StructureHandle="/CR6_cake/app/View" StructureKind="resource"/><InteractionEvent Delta="null" EndDate="2015-01-17 08:53:53.455 JST" Interest="177.75099" Kind="propagation" Navigation="org.eclipse.mylyn.core.model.edges.containment" OriginId="org.eclipse.mylyn.core.model.interest.propagation" StartDate="2015-01-17 08:05:23.729 JST" StructureHandle="/CR6_cake/app/View" StructureKind="resource" NumEvents="253" CreationCount="8"/><InteractionEvent Delta="null" EndDate="2015-01-17 08:05:23.727 JST" Interest="1.0" Kind="selection" Navigation="null" OriginId="org.eclipse.ui.views.ResourceNavigator" StartDate="2015-01-17 08:05:23.727 JST" StructureHandle="/CR6_cake/app/View/Elements" StructureKind="resource"/><InteractionEvent Delta="null" EndDate="2015-01-17 08:53:53.455 JST" Interest="177.734" Kind="propagation" Navigation="org.eclipse.mylyn.core.model.edges.containment" OriginId="org.eclipse.mylyn.core.model.interest.propagation" StartDate="2015-01-17 08:05:25.711 JST" StructureHandle="/CR6_cake/app/View/Elements" StructureKind="resource" NumEvents="252" CreationCount="9"/><InteractionEvent Delta="null" EndDate="2015-01-17 08:54:01.101 JST" Interest="14.0" Kind="propagation" Navigation="org.eclipse.mylyn.core.model.edges.containment" OriginId="org.eclipse.mylyn.core.model.interest.propagation" StartDate="2015-01-17 08:06:17.967 JST" StructureHandle="/Cake_NR5/app/View/Historys" StructureKind="resource" NumEvents="17" CreationCount="23"/><InteractionEvent Delta="null" EndDate="2015-01-17 08:52:21.185 JST" Interest="14.0" Kind="selection" Navigation="null" OriginId="org.eclipse.php.editor" StartDate="2015-01-17 08:04:51.398 JST" StructureHandle="/CR6_cake/app/Controller/TextsController.php" StructureKind="resource" NumEvents="14" CreationCount="3"/><InteractionEvent Delta="null" EndDate="2015-01-17 08:53:33.854 JST" Interest="228.0" Kind="edit" Navigation="null" OriginId="org.eclipse.php.editor" StartDate="2015-01-17 08:05:09.716 JST" StructureHandle="/CR6_cake/app/Controller/TextsController.php" StructureKind="resource" NumEvents="228" CreationCount="3"/><InteractionEvent Delta="null" EndDate="2015-01-17 08:19:55.838 JST" Interest="1.0" Kind="selection" Navigation="null" OriginId="org.eclipse.ui.views.ResourceNavigator" StartDate="2015-01-17 08:19:55.838 JST" StructureHandle="/CR6_cake/app/View/Texts" StructureKind="resource"/><InteractionEvent Delta="null" EndDate="2015-01-17 08:59:06.134 JST" Interest="23.417" Kind="propagation" Navigation="org.eclipse.mylyn.core.model.edges.containment" OriginId="org.eclipse.mylyn.core.model.interest.propagation" StartDate="2015-01-17 08:19:58.350 JST" StructureHandle="/CR6_cake/app/View/Texts" StructureKind="resource" NumEvents="31" CreationCount="234"/><InteractionEvent Delta="null" EndDate="2015-01-17 08:59:06.134 JST" Interest="584.0" Kind="propagation" Navigation="null" OriginId="org.eclipse.php.editor" StartDate="2015-01-17 08:04:47.85 JST" StructureHandle="/" StructureKind="resource" NumEvents="584" CreationCount="1"/><InteractionEvent Delta="null" EndDate="2015-01-17 08:29:15.781 JST" Interest="17.368" Kind="propagation" Navigation="org.eclipse.mylyn.core.model.edges.containment" OriginId="org.eclipse.mylyn.core.model.interest.propagation" StartDate="2015-01-17 08:06:17.977 JST" StructureHandle="=Cake_NR5" StructureKind="c/c++" NumEvents="24" CreationCount="23"/><InteractionEvent Delta="null" EndDate="2015-01-17 08:53:53.445 JST" Interest="10.0" Kind="selection" Navigation="null" OriginId="org.eclipse.php.editor" StartDate="2015-01-17 08:05:30.162 JST" StructureHandle="/CR6_cake/app/View/Elements/texts/index_table_header.ctp" StructureKind="resource" NumEvents="10" CreationCount="11"/><InteractionEvent Delta="null" EndDate="2015-01-17 08:53:53.455 JST" Interest="241.0" Kind="edit" Navigation="null" OriginId="org.eclipse.php.editor" StartDate="2015-01-17 08:05:31.168 JST" StructureHandle="/CR6_cake/app/View/Elements/texts/index_table_header.ctp" StructureKind="resource" NumEvents="241" CreationCount="11"/><InteractionEvent Delta="null" EndDate="2015-01-17 08:29:10.554 JST" Interest="4.0" Kind="selection" Navigation="null" OriginId="org.eclipse.php.editor" StartDate="2015-01-17 08:06:29.444 JST" StructureHandle="/Cake_NR5/app/View/Elements/historys/index_t_headers.ctp" StructureKind="resource" NumEvents="4" CreationCount="27"/><InteractionEvent Delta="null" EndDate="2015-01-17 08:29:15.781 JST" Interest="19.0" Kind="edit" Navigation="null" OriginId="org.eclipse.php.editor" StartDate="2015-01-17 08:06:29.484 JST" StructureHandle="/Cake_NR5/app/View/Elements/historys/index_t_headers.ctp" StructureKind="resource" NumEvents="19" CreationCount="27"/><InteractionEvent Delta="null" EndDate="2015-01-17 08:04:49.558 JST" Interest="1.0" Kind="selection" Navigation="null" OriginId="org.eclipse.ui.views.ResourceNavigator" StartDate="2015-01-17 08:04:49.558 JST" StructureHandle="/CR6_cake/app/Controller" StructureKind="resource"/><InteractionEvent Delta="null" EndDate="2015-01-17 08:53:33.854 JST" Interest="172.61699" Kind="propagation" Navigation="org.eclipse.mylyn.core.model.edges.containment" OriginId="org.eclipse.mylyn.core.model.interest.propagation" StartDate="2015-01-17 08:04:51.398 JST" StructureHandle="/CR6_cake/app/Controller" StructureKind="resource" NumEvents="242" CreationCount="2"/><InteractionEvent Delta="null" EndDate="2015-01-17 08:53:57.301 JST" Interest="7.0" Kind="selection" Navigation="null" OriginId="org.eclipse.php.editor" StartDate="2015-01-17 08:06:17.967 JST" StructureHandle="/Cake_NR5/app/View/Historys/index.ctp" StructureKind="resource" NumEvents="7" CreationCount="23"/><InteractionEvent Delta="null" EndDate="2015-01-17 08:54:01.101 JST" Interest="10.0" Kind="edit" Navigation="null" OriginId="org.eclipse.php.editor" StartDate="2015-01-17 08:06:18.357 JST" StructureHandle="/Cake_NR5/app/View/Historys/index.ctp" StructureKind="resource" NumEvents="10" CreationCount="23"/><InteractionEvent Delta="null" EndDate="2015-01-17 08:54:01.561 JST" Interest="9.6" Kind="propagation" Navigation="org.eclipse.mylyn.core.model.edges.containment" OriginId="org.eclipse.mylyn.core.model.interest.propagation" StartDate="2015-01-17 08:14:51.136 JST" StructureHandle="/Cake_NR5/app/Controller" StructureKind="resource" NumEvents="12" CreationCount="187"/><InteractionEvent Delta="null" EndDate="2015-01-17 08:04:47.75 JST" Interest="1.0" Kind="selection" Navigation="null" OriginId="org.eclipse.ui.views.ResourceNavigator" StartDate="2015-01-17 08:04:47.75 JST" StructureHandle="/CR6_cake/app" StructureKind="resource"/><InteractionEvent Delta="null" EndDate="2015-01-17 08:53:53.455 JST" Interest="177.87" Kind="propagation" Navigation="org.eclipse.mylyn.core.model.edges.containment" OriginId="org.eclipse.mylyn.core.model.interest.propagation" StartDate="2015-01-17 08:04:49.558 JST" StructureHandle="/CR6_cake/app" StructureKind="resource" NumEvents="252" CreationCount="1"/><InteractionEvent Delta="null" EndDate="2015-01-17 08:05:25.710 JST" Interest="1.0" Kind="selection" Navigation="null" OriginId="org.eclipse.ui.views.ResourceNavigator" StartDate="2015-01-17 08:05:25.710 JST" StructureHandle="/CR6_cake/app/View/Elements/texts" StructureKind="resource"/><InteractionEvent Delta="null" EndDate="2015-01-17 08:53:53.455 JST" Interest="177.717" Kind="propagation" Navigation="org.eclipse.mylyn.core.model.edges.containment" OriginId="org.eclipse.mylyn.core.model.interest.propagation" StartDate="2015-01-17 08:05:30.162 JST" StructureHandle="/CR6_cake/app/View/Elements/texts" StructureKind="resource" NumEvents="251" CreationCount="10"/><InteractionEvent Delta="null" EndDate="2015-01-17 08:54:01.751 JST" Interest="9.0" Kind="selection" Navigation="null" OriginId="org.eclipse.php.editor" StartDate="2015-01-17 08:19:58.350 JST" StructureHandle="/CR6_cake/app/View/Texts/index.ctp" StructureKind="resource" NumEvents="9" CreationCount="235"/><InteractionEvent Delta="null" EndDate="2015-01-17 08:59:06.134 JST" Interest="22.0" Kind="edit" Navigation="null" OriginId="org.eclipse.php.editor" StartDate="2015-01-17 08:19:59.140 JST" StructureHandle="/CR6_cake/app/View/Texts/index.ctp" StructureKind="resource" NumEvents="22" CreationCount="235"/></InteractionHistory>