<?xml version="1.0" encoding="UTF-8"?><InteractionHistory Id="local-62" Version="1"><InteractionEvent Delta="null" EndDate="2014-10-15 10:35:33.735 JST" Interest="95.117" Kind="propagation" Navigation="org.eclipse.mylyn.core.model.edges.containment" OriginId="org.eclipse.mylyn.core.model.interest.propagation" StartDate="2014-10-15 10:19:43.923 JST" StructureHandle="" StructureKind="c/c++" NumEvents="133" CreationCount="1"/><InteractionEvent Delta="null" EndDate="2014-10-15 10:30:09.256 JST" Interest="4.0" Kind="selection" Navigation="null" OriginId="org.eclipse.php.editor" StartDate="2014-10-15 10:28:38.593 JST" StructureHandle="/Cake_NR5/app/Controller/EqsController.php" StructureKind="resource" NumEvents="4" CreationCount="125"/><InteractionEvent Delta="null" EndDate="2014-10-15 10:28:33.568 JST" Interest="1.0" Kind="propagation" Navigation="null" OriginId="org.eclipse.mylyn.resources.ui.interest.updater" StartDate="2014-10-15 10:28:33.568 JST" StructureHandle="/Cake_NR5/app/Controller/EqsController.php" StructureKind="resource"/><InteractionEvent Delta="null" EndDate="2014-10-15 10:30:09.287 JST" Interest="12.0" Kind="edit" Navigation="null" OriginId="org.eclipse.php.editor" StartDate="2014-10-15 10:28:40.978 JST" StructureHandle="/Cake_NR5/app/Controller/EqsController.php" StructureKind="resource" NumEvents="12" CreationCount="125"/><InteractionEvent Delta="null" EndDate="2014-10-15 10:28:23.964 JST" Interest="1.0" Kind="selection" Navigation="null" OriginId="org.eclipse.ui.views.ResourceNavigator" StartDate="2014-10-15 10:28:23.964 JST" StructureHandle="/Cake_NR5/app/Controller/TEMPLATEController.php" StructureKind="resource"/><InteractionEvent Delta="null" EndDate="2014-10-15 10:42:18.400 JST" Interest="285.0" Kind="propagation" Navigation="null" OriginId="org.eclipse.php.editor" StartDate="2014-10-15 10:19:43.923 JST" StructureHandle="/Cake_NR5" StructureKind="resource" NumEvents="285" CreationCount="1"/><InteractionEvent Delta="null" EndDate="2014-10-15 10:31:46.630 JST" Interest="3.0" Kind="selection" Navigation="null" OriginId="org.eclipse.ui.views.ResourceNavigator" StartDate="2014-10-15 10:29:57.63 JST" StructureHandle="/Cake_NR5/app/Model/Eq.php" StructureKind="resource" NumEvents="3" CreationCount="144"/><InteractionEvent Delta="null" EndDate="2014-10-15 10:29:54.675 JST" Interest="1.0" Kind="propagation" Navigation="null" OriginId="org.eclipse.mylyn.resources.ui.interest.updater" StartDate="2014-10-15 10:29:54.675 JST" StructureHandle="/Cake_NR5/app/Model/Eq.php" StructureKind="resource"/><InteractionEvent Delta="null" EndDate="2014-10-15 10:30:08.299 JST" Interest="8.0" Kind="edit" Navigation="null" OriginId="org.eclipse.php.editor" StartDate="2014-10-15 10:29:57.101 JST" StructureHandle="/Cake_NR5/app/Model/Eq.php" StructureKind="resource" NumEvents="8" CreationCount="144"/><InteractionEvent Delta="null" EndDate="2014-10-15 10:31:52.774 JST" Interest="2.0" Kind="selection" Navigation="null" OriginId="org.eclipse.ui.views.ResourceNavigator" StartDate="2014-10-15 10:31:50.30 JST" StructureHandle="/Cake_NR5/app/View" StructureKind="resource" NumEvents="2" CreationCount="160"/><InteractionEvent Delta="null" EndDate="2014-10-15 10:42:18.398 JST" Interest="34.073997" Kind="propagation" Navigation="org.eclipse.mylyn.core.model.edges.containment" OriginId="org.eclipse.mylyn.core.model.interest.propagation" StartDate="2014-10-15 10:31:52.506 JST" StructureHandle="/Cake_NR5/app/View" StructureKind="resource" NumEvents="49" CreationCount="160"/><InteractionEvent Delta="null" EndDate="2014-10-15 10:32:49.326 JST" Interest="2.0" Kind="selection" Navigation="null" OriginId="org.eclipse.ui.views.ResourceNavigator" StartDate="2014-10-15 10:32:47.293 JST" StructureHandle="/Cake_NR5/app/View/Elements" StructureKind="resource" NumEvents="2" CreationCount="180"/><InteractionEvent Delta="null" EndDate="2014-10-15 10:42:18.397 JST" Interest="33.733997" Kind="propagation" Navigation="org.eclipse.mylyn.core.model.edges.containment" OriginId="org.eclipse.mylyn.core.model.interest.propagation" StartDate="2014-10-15 10:32:48.783 JST" StructureHandle="/Cake_NR5/app/View/Elements" StructureKind="resource" NumEvents="48" CreationCount="180"/><InteractionEvent Delta="null" EndDate="2014-10-15 10:26:27.252 JST" Interest="1.023" Kind="manipulation" Navigation="null" OriginId="org.eclipse.mylyn.core.model.interest.decay.correction" StartDate="2014-10-15 10:26:27.252 JST" StructureHandle="/Cake_NR5/app" StructureKind="resource"/><InteractionEvent Delta="null" EndDate="2014-10-15 10:26:27.252 JST" Interest="2.0" Kind="selection" Navigation="null" OriginId="org.eclipse.ui.views.ResourceNavigator" StartDate="2014-10-15 10:19:43.907 JST" StructureHandle="/Cake_NR5/app" StructureKind="resource" NumEvents="2" CreationCount="1"/><InteractionEvent Delta="null" EndDate="2014-10-15 10:42:18.400 JST" Interest="35.753998" Kind="propagation" Navigation="org.eclipse.mylyn.core.model.edges.containment" OriginId="org.eclipse.mylyn.core.model.interest.propagation" StartDate="2014-10-15 10:26:29.27 JST" StructureHandle="/Cake_NR5/app" StructureKind="resource" NumEvents="53" CreationCount="1"/><InteractionEvent Delta="null" EndDate="2014-10-15 10:32:00.524 JST" Interest="1.0" Kind="selection" Navigation="null" OriginId="org.eclipse.ui.views.ResourceNavigator" StartDate="2014-10-15 10:32:00.524 JST" StructureHandle="/Cake_NR5/app/View/Eqs" StructureKind="resource"/><InteractionEvent Delta="null" EndDate="2014-10-15 10:32:44.440 JST" Interest="12.1" Kind="propagation" Navigation="org.eclipse.mylyn.core.model.edges.containment" OriginId="org.eclipse.mylyn.core.model.interest.propagation" StartDate="2014-10-15 10:31:58.148 JST" StructureHandle="/Cake_NR5/app/View/Eqs" StructureKind="resource" NumEvents="16" CreationCount="162"/><InteractionEvent Delta="null" EndDate="2014-10-15 10:31:46.775 JST" Interest="1.0" Kind="selection" Navigation="null" OriginId="org.eclipse.ui.views.ResourceNavigator" StartDate="2014-10-15 10:31:46.775 JST" StructureHandle="/Cake_NR5/app/Model/Keyword.php" StructureKind="resource"/><InteractionEvent Delta="null" EndDate="2014-10-15 10:31:48.181 JST" Interest="3.0" Kind="selection" Navigation="null" OriginId="org.eclipse.ui.views.ResourceNavigator" StartDate="2014-10-15 10:29:46.394 JST" StructureHandle="/Cake_NR5/app/Model" StructureKind="resource" NumEvents="3" CreationCount="142"/><InteractionEvent Delta="null" EndDate="2014-10-15 10:31:46.631 JST" Interest="7.634001" Kind="propagation" Navigation="org.eclipse.mylyn.core.model.edges.containment" OriginId="org.eclipse.mylyn.core.model.interest.propagation" StartDate="2014-10-15 10:29:48.630 JST" StructureHandle="/Cake_NR5/app/Model" StructureKind="resource" NumEvents="12" CreationCount="142"/><InteractionEvent Delta="null" EndDate="2014-10-15 10:32:44.440 JST" Interest="3.0" Kind="selection" Navigation="null" OriginId="org.eclipse.ui.views.ResourceNavigator" StartDate="2014-10-15 10:32:02.490 JST" StructureHandle="/Cake_NR5/app/View/Eqs/index.ctp" StructureKind="resource" NumEvents="3" CreationCount="162"/><InteractionEvent Delta="null" EndDate="2014-10-15 10:31:58.145 JST" Interest="1.0" Kind="propagation" Navigation="null" OriginId="org.eclipse.mylyn.resources.ui.interest.updater" StartDate="2014-10-15 10:31:58.145 JST" StructureHandle="/Cake_NR5/app/View/Eqs/index.ctp" StructureKind="resource"/><InteractionEvent Delta="null" EndDate="2014-10-15 10:32:41.818 JST" Interest="13.0" Kind="edit" Navigation="null" OriginId="org.eclipse.php.editor" StartDate="2014-10-15 10:32:03.113 JST" StructureHandle="/Cake_NR5/app/View/Eqs/index.ctp" StructureKind="resource" NumEvents="13" CreationCount="162"/><InteractionEvent Delta="null" EndDate="2014-10-15 10:29:46.595 JST" Interest="1.0" Kind="prediction" Navigation="null" OriginId="org.eclipse.mylyn.resources.ui.interest.updater" StartDate="2014-10-15 10:29:46.595 JST" StructureHandle="/Cake_NR5/app/Model/History.php" StructureKind="resource"/><InteractionEvent Delta="null" EndDate="2014-10-15 10:29:45.38 JST" Interest="1.0" Kind="selection" Navigation="null" OriginId="org.eclipse.ui.views.ResourceNavigator" StartDate="2014-10-15 10:29:45.38 JST" StructureHandle="/Cake_NR5/app/Lib" StructureKind="resource"/><InteractionEvent Delta="null" EndDate="2014-10-15 10:29:46.596 JST" Interest="1.0" Kind="prediction" Navigation="null" OriginId="org.eclipse.mylyn.resources.ui.interest.updater" StartDate="2014-10-15 10:29:46.596 JST" StructureHandle="/Cake_NR5/app/Model/SkimmedToken.php" StructureKind="resource"/><InteractionEvent Delta="null" EndDate="2014-10-15 10:28:22.14 JST" Interest="1.0" Kind="selection" Navigation="null" OriginId="org.eclipse.ui.views.ResourceNavigator" StartDate="2014-10-15 10:28:22.14 JST" StructureHandle="/Cake_NR5/app/Controller/AdminsController.php" StructureKind="resource"/><InteractionEvent Delta="null" EndDate="2014-10-15 10:29:48.629 JST" Interest="1.0" Kind="selection" Navigation="null" OriginId="org.eclipse.ui.views.ResourceNavigator" StartDate="2014-10-15 10:29:48.629 JST" StructureHandle="/Cake_NR5/app/Model/TEMPLATE.php" StructureKind="resource"/><InteractionEvent Delta="null" EndDate="2014-10-15 10:26:26.338 JST" Interest="1.0" Kind="selection" Navigation="null" OriginId="org.eclipse.ui.views.ResourceNavigator" StartDate="2014-10-15 10:26:26.338 JST" StructureHandle="/Cake_NR5/.gitignore" StructureKind="resource"/><InteractionEvent Delta="null" EndDate="2014-10-15 10:42:18.400 JST" Interest="285.0" Kind="propagation" Navigation="org.eclipse.mylyn.core.model.edges.containment" OriginId="org.eclipse.mylyn.core.model.interest.propagation" StartDate="2014-10-15 10:19:43.923 JST" StructureHandle="/" StructureKind="resource" NumEvents="285" CreationCount="1"/><InteractionEvent Delta="null" EndDate="2014-10-15 10:35:33.735 JST" Interest="95.117" Kind="propagation" Navigation="org.eclipse.mylyn.core.model.edges.containment" OriginId="org.eclipse.mylyn.core.model.interest.propagation" StartDate="2014-10-15 10:19:43.921 JST" StructureHandle="=Cake_NR5" StructureKind="c/c++" NumEvents="133" CreationCount="1"/><InteractionEvent Delta="null" EndDate="2014-10-15 10:31:58.146 JST" Interest="1.0" Kind="propagation" Navigation="null" OriginId="org.eclipse.mylyn.resources.ui.interest.updater" StartDate="2014-10-15 10:31:58.146 JST" StructureHandle="/Cake_NR5/app/View/Eqs/add.ctp" StructureKind="resource"/><InteractionEvent Delta="null" EndDate="2014-10-15 10:32:48.782 JST" Interest="1.0" Kind="selection" Navigation="null" OriginId="org.eclipse.ui.views.ResourceNavigator" StartDate="2014-10-15 10:32:48.782 JST" StructureHandle="/Cake_NR5/app/View/Elements/TEMPLATE" StructureKind="resource"/><InteractionEvent Delta="null" EndDate="2014-10-15 10:31:52.505 JST" Interest="1.0" Kind="selection" Navigation="null" OriginId="org.eclipse.ui.views.ResourceNavigator" StartDate="2014-10-15 10:31:52.505 JST" StructureHandle="/Cake_NR5/app/View/TEMPLATES" StructureKind="resource"/><InteractionEvent Delta="null" EndDate="2014-10-15 10:31:58.142 JST" Interest="1.0" Kind="propagation" Navigation="null" OriginId="org.eclipse.mylyn.resources.ui.interest.updater" StartDate="2014-10-15 10:31:58.142 JST" StructureHandle="/Cake_NR5/app/View/Eqs/view.ctp" StructureKind="resource"/><InteractionEvent Delta="null" EndDate="2014-10-15 10:32:55.998 JST" Interest="1.0" Kind="selection" Navigation="null" OriginId="org.eclipse.ui.views.ResourceNavigator" StartDate="2014-10-15 10:32:55.998 JST" StructureHandle="/Cake_NR5/app/View/Elements/eqs" StructureKind="resource"/><InteractionEvent Delta="null" EndDate="2014-10-15 10:42:18.396 JST" Interest="34.699997" Kind="propagation" Navigation="org.eclipse.mylyn.core.model.edges.containment" OriginId="org.eclipse.mylyn.core.model.interest.propagation" StartDate="2014-10-15 10:32:53.820 JST" StructureHandle="/Cake_NR5/app/View/Elements/eqs" StructureKind="resource" NumEvents="45" CreationCount="182"/><InteractionEvent Delta="null" EndDate="2014-10-15 10:35:33.711 JST" Interest="9.0" Kind="selection" Navigation="null" OriginId="org.eclipse.ui.DefaultTextEditor" StartDate="2014-10-15 10:19:45.854 JST" StructureHandle="/Cake_NR5/sql.txt" StructureKind="resource" NumEvents="9" CreationCount="2"/><InteractionEvent Delta="null" EndDate="2014-10-15 10:35:33.735 JST" Interest="123.0" Kind="edit" Navigation="null" OriginId="org.eclipse.ui.DefaultTextEditor" StartDate="2014-10-15 10:19:47.480 JST" StructureHandle="/Cake_NR5/sql.txt" StructureKind="resource" NumEvents="123" CreationCount="2"/><InteractionEvent Delta="null" EndDate="2014-10-15 10:29:42.357 JST" Interest="3.0" Kind="selection" Navigation="null" OriginId="org.eclipse.ui.views.ResourceNavigator" StartDate="2014-10-15 10:26:29.9 JST" StructureHandle="/Cake_NR5/app/Controller" StructureKind="resource" NumEvents="3" CreationCount="122"/><InteractionEvent Delta="null" EndDate="2014-10-15 10:30:09.288 JST" Interest="10.450999" Kind="propagation" Navigation="org.eclipse.mylyn.core.model.edges.containment" OriginId="org.eclipse.mylyn.core.model.interest.propagation" StartDate="2014-10-15 10:28:22.16 JST" StructureHandle="/Cake_NR5/app/Controller" StructureKind="resource" NumEvents="17" CreationCount="122"/><InteractionEvent Delta="null" EndDate="2014-10-15 10:34:54.691 JST" Interest="9.0" Kind="selection" Navigation="null" OriginId="org.eclipse.php.editor" StartDate="2014-10-15 10:32:56.947 JST" StructureHandle="/Cake_NR5/app/View/Elements/eqs/index_t_headers.ctp" StructureKind="resource" NumEvents="9" CreationCount="182"/><InteractionEvent Delta="null" EndDate="2014-10-15 10:32:53.821 JST" Interest="1.0" Kind="propagation" Navigation="null" OriginId="org.eclipse.mylyn.resources.ui.interest.updater" StartDate="2014-10-15 10:32:53.821 JST" StructureHandle="/Cake_NR5/app/View/Elements/eqs/index_t_headers.ctp" StructureKind="resource"/><InteractionEvent Delta="null" EndDate="2014-10-15 10:34:54.711 JST" Interest="20.0" Kind="edit" Navigation="null" OriginId="org.eclipse.php.editor" StartDate="2014-10-15 10:32:56.995 JST" StructureHandle="/Cake_NR5/app/View/Elements/eqs/index_t_headers.ctp" StructureKind="resource" NumEvents="20" CreationCount="182"/><InteractionEvent Delta="null" EndDate="2014-10-15 10:31:58.143 JST" Interest="1.0" Kind="propagation" Navigation="null" OriginId="org.eclipse.mylyn.resources.ui.interest.updater" StartDate="2014-10-15 10:31:58.143 JST" StructureHandle="/Cake_NR5/app/View/Eqs/edit.ctp" StructureKind="resource"/><InteractionEvent Delta="null" EndDate="2014-10-15 10:42:18.183 JST" Interest="6.0" Kind="selection" Navigation="null" OriginId="org.eclipse.php.editor" StartDate="2014-10-15 10:34:01.535 JST" StructureHandle="/Cake_NR5/app/View/Elements/eqs/index_t_entries.ctp" StructureKind="resource" NumEvents="6" CreationCount="182"/><InteractionEvent Delta="null" EndDate="2014-10-15 10:32:53.823 JST" Interest="1.0" Kind="propagation" Navigation="null" OriginId="org.eclipse.mylyn.resources.ui.interest.updater" StartDate="2014-10-15 10:32:53.823 JST" StructureHandle="/Cake_NR5/app/View/Elements/eqs/index_t_entries.ctp" StructureKind="resource"/><InteractionEvent Delta="null" EndDate="2014-10-15 10:42:18.395 JST" Interest="41.0" Kind="edit" Navigation="null" OriginId="org.eclipse.php.editor" StartDate="2014-10-15 10:34:01.575 JST" StructureHandle="/Cake_NR5/app/View/Elements/eqs/index_t_entries.ctp" StructureKind="resource" NumEvents="41" CreationCount="182"/></InteractionHistory>