<?xml version="1.0" encoding="UTF-8"?><InteractionHistory Id="local-85" Version="1"><InteractionEvent Delta="null" EndDate="2014-10-28 09:33:14.550 JST" Interest="38.717" Kind="propagation" Navigation="org.eclipse.mylyn.core.model.edges.containment" OriginId="org.eclipse.mylyn.core.model.interest.propagation" StartDate="2014-10-28 09:30:16.757 JST" StructureHandle="/Cake_SL3/app/Controller" StructureKind="resource" NumEvents="55" CreationCount="2"/><InteractionEvent Delta="null" EndDate="2014-10-28 09:30:13.704 JST" Interest="1.0" Kind="selection" Navigation="null" OriginId="org.eclipse.ui.views.ResourceNavigator" StartDate="2014-10-28 09:30:13.704 JST" StructureHandle="/Cake_SL3/app/Controller" StructureKind="resource"/><InteractionEvent Delta="null" EndDate="2014-10-28 09:33:14.551 JST" Interest="39.734" Kind="propagation" Navigation="org.eclipse.mylyn.core.model.edges.containment" OriginId="org.eclipse.mylyn.core.model.interest.propagation" StartDate="2014-10-28 09:30:11.137 JST" StructureHandle="" StructureKind="c/c++" NumEvents="59" CreationCount="1"/><InteractionEvent Delta="null" EndDate="2014-10-28 09:37:02.949 JST" Interest="12.517" Kind="propagation" Navigation="org.eclipse.mylyn.core.model.edges.containment" OriginId="org.eclipse.mylyn.core.model.interest.propagation" StartDate="2014-10-28 09:30:27.941 JST" StructureHandle="/Cake_SL3/app/View/Genres" StructureKind="resource" NumEvents="18" CreationCount="8"/><InteractionEvent Delta="null" EndDate="2014-10-28 09:30:25.541 JST" Interest="1.0" Kind="selection" Navigation="null" OriginId="org.eclipse.ui.views.ResourceNavigator" StartDate="2014-10-28 09:30:25.541 JST" StructureHandle="/Cake_SL3/app/View/Genres" StructureKind="resource"/><InteractionEvent Delta="null" EndDate="2014-10-28 09:33:14.551 JST" Interest="39.734" Kind="propagation" Navigation="org.eclipse.mylyn.core.model.edges.containment" OriginId="org.eclipse.mylyn.core.model.interest.propagation" StartDate="2014-10-28 09:30:11.137 JST" StructureHandle="=Cake_SL3" StructureKind="c/c++" NumEvents="59" CreationCount="1"/><InteractionEvent Delta="null" EndDate="2014-10-28 09:37:02.949 JST" Interest="12.533999" Kind="propagation" Navigation="org.eclipse.mylyn.core.model.edges.containment" OriginId="org.eclipse.mylyn.core.model.interest.propagation" StartDate="2014-10-28 09:30:25.541 JST" StructureHandle="/Cake_SL3/app/View" StructureKind="resource" NumEvents="19" CreationCount="7"/><InteractionEvent Delta="null" EndDate="2014-10-28 09:30:18.674 JST" Interest="1.0" Kind="selection" Navigation="null" OriginId="org.eclipse.ui.views.ResourceNavigator" StartDate="2014-10-28 09:30:18.674 JST" StructureHandle="/Cake_SL3/app/View" StructureKind="resource"/><InteractionEvent Delta="null" EndDate="2014-10-28 09:37:02.950 JST" Interest="77.0" Kind="propagation" Navigation="org.eclipse.mylyn.core.model.edges.containment" OriginId="org.eclipse.mylyn.core.model.interest.propagation" StartDate="2014-10-28 09:30:11.137 JST" StructureHandle="/" StructureKind="resource" NumEvents="77" CreationCount="1"/><InteractionEvent Delta="null" EndDate="2014-10-28 09:33:14.549 JST" Interest="51.0" Kind="edit" Navigation="null" OriginId="org.eclipse.php.editor" StartDate="2014-10-28 09:30:17.236 JST" StructureHandle="/Cake_SL3/app/Controller/GenresController.php" StructureKind="resource" NumEvents="51" CreationCount="3"/><InteractionEvent Delta="null" EndDate="2014-10-28 09:31:43.518 JST" Interest="4.0" Kind="selection" Navigation="null" OriginId="org.eclipse.php.editor" StartDate="2014-10-28 09:30:16.756 JST" StructureHandle="/Cake_SL3/app/Controller/GenresController.php" StructureKind="resource" NumEvents="4" CreationCount="3"/><InteractionEvent Delta="null" EndDate="2014-10-28 09:37:02.950 JST" Interest="77.0" Kind="propagation" Navigation="null" OriginId="org.eclipse.php.editor" StartDate="2014-10-28 09:30:11.137 JST" StructureHandle="/Cake_SL3" StructureKind="resource" NumEvents="77" CreationCount="1"/><InteractionEvent Delta="null" EndDate="2014-10-28 09:33:14.551 JST" Interest="38.734" Kind="propagation" Navigation="org.eclipse.mylyn.core.model.edges.containment" OriginId="org.eclipse.mylyn.core.model.interest.propagation" StartDate="2014-10-28 09:30:13.704 JST" StructureHandle="/Cake_SL3/app" StructureKind="resource" NumEvents="57" CreationCount="1"/><InteractionEvent Delta="null" EndDate="2014-10-28 09:30:11.137 JST" Interest="1.0" Kind="selection" Navigation="null" OriginId="org.eclipse.ui.views.ResourceNavigator" StartDate="2014-10-28 09:30:11.137 JST" StructureHandle="/Cake_SL3/app" StructureKind="resource"/><InteractionEvent Delta="null" EndDate="2014-10-28 09:37:02.948 JST" Interest="15.0" Kind="edit" Navigation="null" OriginId="org.eclipse.php.editor" StartDate="2014-10-28 09:30:28.269 JST" StructureHandle="/Cake_SL3/app/View/Genres/add.ctp" StructureKind="resource" NumEvents="15" CreationCount="9"/><InteractionEvent Delta="null" EndDate="2014-10-28 09:34:34.57 JST" Interest="3.0" Kind="selection" Navigation="null" OriginId="org.eclipse.php.editor" StartDate="2014-10-28 09:30:27.940 JST" StructureHandle="/Cake_SL3/app/View/Genres/add.ctp" StructureKind="resource" NumEvents="3" CreationCount="9"/></InteractionHistory>