<?xml version="1.0" encoding="UTF-8"?><InteractionHistory Id="local-124" Version="1"><InteractionEvent Delta="null" EndDate="2014-12-27 01:05:57.586 JST" Interest="325.445" Kind="propagation" Navigation="org.eclipse.mylyn.core.model.edges.containment" OriginId="org.eclipse.mylyn.core.model.interest.propagation" StartDate="2014-12-27 00:22:17.136 JST" StructureHandle="" StructureKind="c/c++" NumEvents="466" CreationCount="1"/><InteractionEvent Delta="null" EndDate="2014-12-27 01:05:57.586 JST" Interest="324.428" Kind="propagation" Navigation="org.eclipse.mylyn.core.model.edges.containment" OriginId="org.eclipse.mylyn.core.model.interest.propagation" StartDate="2014-12-27 00:22:33.160 JST" StructureHandle="/Cake_NR5/app/Controller" StructureKind="resource" NumEvents="463" CreationCount="2"/><InteractionEvent Delta="null" EndDate="2014-12-27 00:22:18.329 JST" Interest="1.0" Kind="selection" Navigation="null" OriginId="org.eclipse.ui.navigator.ProjectExplorer" StartDate="2014-12-27 00:22:18.329 JST" StructureHandle="/Cake_NR5/app/Controller" StructureKind="resource"/><InteractionEvent Delta="null" EndDate="2014-12-27 01:05:57.586 JST" Interest="553.0" Kind="propagation" Navigation="null" OriginId="org.eclipse.php.editor" StartDate="2014-12-27 00:22:17.135 JST" StructureHandle="/Cake_NR5" StructureKind="resource" NumEvents="553" CreationCount="1"/><InteractionEvent Delta="null" EndDate="2014-12-27 01:05:57.586 JST" Interest="324.445" Kind="propagation" Navigation="org.eclipse.mylyn.core.model.edges.containment" OriginId="org.eclipse.mylyn.core.model.interest.propagation" StartDate="2014-12-27 00:22:18.330 JST" StructureHandle="/Cake_NR5/app" StructureKind="resource" NumEvents="465" CreationCount="1"/><InteractionEvent Delta="null" EndDate="2014-12-27 00:22:17.122 JST" Interest="1.0" Kind="selection" Navigation="null" OriginId="org.eclipse.ui.navigator.ProjectExplorer" StartDate="2014-12-27 00:22:17.122 JST" StructureHandle="/Cake_NR5/app" StructureKind="resource"/><InteractionEvent Delta="null" EndDate="2014-12-27 00:29:55.504 JST" Interest="7.0" Kind="edit" Navigation="null" OriginId="org.eclipse.php.editor" StartDate="2014-12-27 00:26:07.985 JST" StructureHandle="/Cake_NR5/app/Controller/AppController.php" StructureKind="resource" NumEvents="7" CreationCount="48"/><InteractionEvent Delta="null" EndDate="2014-12-27 00:29:55.476 JST" Interest="3.0" Kind="selection" Navigation="null" OriginId="org.eclipse.php.editor" StartDate="2014-12-27 00:26:07.783 JST" StructureHandle="/Cake_NR5/app/Controller/AppController.php" StructureKind="resource" NumEvents="3" CreationCount="48"/><InteractionEvent Delta="null" EndDate="2014-12-27 00:29:44.208 JST" Interest="74.0" Kind="edit" Navigation="null" OriginId="org.eclipse.php.editor" StartDate="2014-12-27 00:22:34.978 JST" StructureHandle="/Cake_NR5/app/Controller/ArticlesController.php" StructureKind="resource" NumEvents="74" CreationCount="3"/><InteractionEvent Delta="null" EndDate="2014-12-27 00:29:44.112 JST" Interest="5.0" Kind="selection" Navigation="null" OriginId="org.eclipse.php.editor" StartDate="2014-12-27 00:22:33.159 JST" StructureHandle="/Cake_NR5/app/Controller/ArticlesController.php" StructureKind="resource" NumEvents="5" CreationCount="3"/><InteractionEvent Delta="null" EndDate="2014-12-27 01:05:57.586 JST" Interest="553.0" Kind="propagation" Navigation="org.eclipse.mylyn.core.model.edges.containment" OriginId="org.eclipse.mylyn.core.model.interest.propagation" StartDate="2014-12-27 00:22:17.135 JST" StructureHandle="/" StructureKind="resource" NumEvents="553" CreationCount="1"/><InteractionEvent Delta="null" EndDate="2014-12-27 01:05:57.586 JST" Interest="325.445" Kind="propagation" Navigation="org.eclipse.mylyn.core.model.edges.containment" OriginId="org.eclipse.mylyn.core.model.interest.propagation" StartDate="2014-12-27 00:22:17.134 JST" StructureHandle="=Cake_NR5" StructureKind="c/c++" NumEvents="466" CreationCount="1"/><InteractionEvent Delta="null" EndDate="2014-12-27 01:05:57.585 JST" Interest="460.0" Kind="edit" Navigation="null" OriginId="org.eclipse.php.editor" StartDate="2014-12-27 00:28:50.482 JST" StructureHandle="/Cake_NR5/app/Controller/HistorysController.php" StructureKind="resource" NumEvents="460" CreationCount="86"/><InteractionEvent Delta="null" EndDate="2014-12-27 00:29:55.931 JST" Interest="2.0" Kind="selection" Navigation="null" OriginId="org.eclipse.php.editor" StartDate="2014-12-27 00:28:50.407 JST" StructureHandle="/Cake_NR5/app/Controller/HistorysController.php" StructureKind="resource" NumEvents="2" CreationCount="86"/></InteractionHistory>