<?xml version="1.0" encoding="UTF-8"?><InteractionHistory Id="local-124" Version="1"><InteractionEvent Delta="null" EndDate="2015-01-03 20:35:16.278 JST" Interest="1677.645" Kind="propagation" Navigation="org.eclipse.mylyn.core.model.edges.containment" OriginId="org.eclipse.mylyn.core.model.interest.propagation" StartDate="2014-12-27 00:22:17.136 JST" StructureHandle="" StructureKind="c/c++" NumEvents="2386" CreationCount="1"/><InteractionEvent Delta="null" EndDate="2015-01-03 19:29:36.199 JST" Interest="177.13399" Kind="propagation" Navigation="org.eclipse.mylyn.core.model.edges.containment" OriginId="org.eclipse.mylyn.core.model.interest.propagation" StartDate="2015-01-03 13:05:07.426 JST" StructureHandle="/Cake_NR5/app/Lib" StructureKind="resource" NumEvents="240" CreationCount="1608"/><InteractionEvent Delta="null" EndDate="2015-01-03 13:05:04.671 JST" Interest="1.0" Kind="selection" Navigation="null" OriginId="org.eclipse.ui.navigator.ProjectExplorer" StartDate="2015-01-03 13:05:04.671 JST" StructureHandle="/Cake_NR5/app/Lib" StructureKind="resource"/><InteractionEvent Delta="null" EndDate="2015-01-03 20:35:16.278 JST" Interest="3614.0" Kind="propagation" Navigation="null" OriginId="org.eclipse.php.editor" StartDate="2014-12-27 00:22:17.135 JST" StructureHandle="/Cake_NR5" StructureKind="resource" NumEvents="3614" CreationCount="1"/><InteractionEvent Delta="null" EndDate="2015-01-03 15:34:27.912 JST" Interest="12.817" Kind="propagation" Navigation="org.eclipse.mylyn.core.model.edges.containment" OriginId="org.eclipse.mylyn.core.model.interest.propagation" StartDate="2015-01-03 15:22:09.75 JST" StructureHandle="/Cake_NR5/app/View/Historys" StructureKind="resource" NumEvents="18" CreationCount="1948"/><InteractionEvent Delta="null" EndDate="2015-01-03 15:22:06.419 JST" Interest="1.0" Kind="selection" Navigation="null" OriginId="org.eclipse.ui.navigator.ProjectExplorer" StartDate="2015-01-03 15:22:06.419 JST" StructureHandle="/Cake_NR5/app/View/Historys" StructureKind="resource"/><InteractionEvent Delta="null" EndDate="2015-01-03 11:55:14.576 JST" Interest="1.0" Kind="propagation" Navigation="null" OriginId="org.eclipse.mylyn.resources.ui.interest.updater" StartDate="2015-01-03 11:55:14.576 JST" StructureHandle="/Cake_NR5/test_Texts.php" StructureKind="resource"/><InteractionEvent Delta="null" EndDate="2015-01-03 15:34:30.19 JST" Interest="19.0" Kind="selection" Navigation="null" OriginId="org.eclipse.php.editor" StartDate="2015-01-03 11:55:16.825 JST" StructureHandle="/Cake_NR5/test_Texts.php" StructureKind="resource" NumEvents="19" CreationCount="858"/><InteractionEvent Delta="null" EndDate="2015-01-03 15:34:30.70 JST" Interest="686.0" Kind="edit" Navigation="null" OriginId="org.eclipse.php.editor" StartDate="2015-01-03 11:55:17.190 JST" StructureHandle="/Cake_NR5/test_Texts.php" StructureKind="resource" NumEvents="686" CreationCount="858"/><InteractionEvent Delta="null" EndDate="2015-01-03 15:34:27.913 JST" Interest="12.834" Kind="propagation" Navigation="org.eclipse.mylyn.core.model.edges.containment" OriginId="org.eclipse.mylyn.core.model.interest.propagation" StartDate="2015-01-03 15:22:06.420 JST" StructureHandle="/Cake_NR5/app/View" StructureKind="resource" NumEvents="19" CreationCount="1947"/><InteractionEvent Delta="null" EndDate="2015-01-03 15:22:01.0 JST" Interest="1.0" Kind="selection" Navigation="null" OriginId="org.eclipse.ui.navigator.ProjectExplorer" StartDate="2015-01-03 15:22:01.0 JST" StructureHandle="/Cake_NR5/app/View" StructureKind="resource"/><InteractionEvent Delta="null" EndDate="2015-01-03 12:50:39.893 JST" Interest="8.0" Kind="selection" Navigation="null" OriginId="org.eclipse.php.editor" StartDate="2014-12-27 00:22:33.159 JST" StructureHandle="/Cake_NR5/app/Controller/ArticlesController.php" StructureKind="resource" NumEvents="8" CreationCount="3"/><InteractionEvent Delta="null" EndDate="2015-01-03 12:50:51.66 JST" Interest="82.0" Kind="edit" Navigation="null" OriginId="org.eclipse.php.editor" StartDate="2014-12-27 00:22:34.978 JST" StructureHandle="/Cake_NR5/app/Controller/ArticlesController.php" StructureKind="resource" NumEvents="82" CreationCount="3"/><InteractionEvent Delta="null" EndDate="2015-01-03 20:35:16.278 JST" Interest="3614.0" Kind="propagation" Navigation="org.eclipse.mylyn.core.model.edges.containment" OriginId="org.eclipse.mylyn.core.model.interest.propagation" StartDate="2014-12-27 00:22:17.135 JST" StructureHandle="/" StructureKind="resource" NumEvents="3614" CreationCount="1"/><InteractionEvent Delta="null" EndDate="2015-01-03 20:35:16.278 JST" Interest="1676.645" Kind="propagation" Navigation="org.eclipse.mylyn.core.model.edges.containment" OriginId="org.eclipse.mylyn.core.model.interest.propagation" StartDate="2014-12-27 00:22:17.134 JST" StructureHandle="=Cake_NR5" StructureKind="c/c++" NumEvents="2385" CreationCount="1"/><InteractionEvent Delta="null" EndDate="2015-01-03 11:54:23.481 JST" Interest="1.0" Kind="selection" Navigation="null" OriginId="org.eclipse.ui.navigator.ProjectExplorer" StartDate="2015-01-03 11:54:23.481 JST" StructureHandle="=Cake_NR5" StructureKind="c/c++"/><InteractionEvent Delta="null" EndDate="2015-01-03 19:29:36.198 JST" Interest="177.11699" Kind="propagation" Navigation="org.eclipse.mylyn.core.model.edges.containment" OriginId="org.eclipse.mylyn.core.model.interest.propagation" StartDate="2015-01-03 13:05:09.649 JST" StructureHandle="/Cake_NR5/app/Lib/utils" StructureKind="resource" NumEvents="239" CreationCount="1609"/><InteractionEvent Delta="null" EndDate="2015-01-03 13:05:07.426 JST" Interest="1.0" Kind="selection" Navigation="null" OriginId="org.eclipse.ui.navigator.ProjectExplorer" StartDate="2015-01-03 13:05:07.426 JST" StructureHandle="/Cake_NR5/app/Lib/utils" StructureKind="resource"/><InteractionEvent Delta="null" EndDate="2015-01-03 19:29:36.163 JST" Interest="36.0" Kind="selection" Navigation="null" OriginId="org.eclipse.php.editor" StartDate="2015-01-03 13:05:09.648 JST" StructureHandle="/Cake_NR5/app/Lib/utils/utils.php" StructureKind="resource" NumEvents="36" CreationCount="1610"/><InteractionEvent Delta="null" EndDate="2015-01-03 19:29:36.198 JST" Interest="203.0" Kind="edit" Navigation="null" OriginId="org.eclipse.php.editor" StartDate="2015-01-03 15:05:59.352 JST" StructureHandle="/Cake_NR5/app/Lib/utils/utils.php" StructureKind="resource" NumEvents="203" CreationCount="1610"/><InteractionEvent Delta="null" EndDate="2015-01-03 15:34:27.858 JST" Interest="4.0" Kind="selection" Navigation="null" OriginId="org.eclipse.php.editor" StartDate="2015-01-03 15:22:09.74 JST" StructureHandle="/Cake_NR5/app/View/Historys/view.ctp" StructureKind="resource" NumEvents="4" CreationCount="1949"/><InteractionEvent Delta="null" EndDate="2015-01-03 15:34:27.912 JST" Interest="14.0" Kind="edit" Navigation="null" OriginId="org.eclipse.php.editor" StartDate="2015-01-03 15:22:09.976 JST" StructureHandle="/Cake_NR5/app/View/Historys/view.ctp" StructureKind="resource" NumEvents="14" CreationCount="1949"/><InteractionEvent Delta="null" EndDate="2015-01-03 19:29:36.547 JST" Interest="21.0" Kind="selection" Navigation="null" OriginId="org.eclipse.ui.DefaultTextEditor" StartDate="2015-01-03 11:55:20.282 JST" StructureHandle="/Cake_NR5/memos.txt" StructureKind="resource" NumEvents="21" CreationCount="864"/><InteractionEvent Delta="null" EndDate="2015-01-03 19:25:09.363 JST" Interest="5.7470016" Kind="manipulation" Navigation="null" OriginId="org.eclipse.mylyn.core.model.interest.decay.correction" StartDate="2015-01-03 19:25:09.363 JST" StructureHandle="/Cake_NR5/memos.txt" StructureKind="resource"/><InteractionEvent Delta="null" EndDate="2015-01-03 19:29:36.566 JST" Interest="32.0" Kind="edit" Navigation="null" OriginId="org.eclipse.ui.DefaultTextEditor" StartDate="2015-01-03 11:55:20.627 JST" StructureHandle="/Cake_NR5/memos.txt" StructureKind="resource" NumEvents="32" CreationCount="864"/><InteractionEvent Delta="null" EndDate="2015-01-03 11:54:27.679 JST" Interest="1.0" Kind="selection" Navigation="null" OriginId="org.eclipse.ui.navigator.ProjectExplorer" StartDate="2015-01-03 11:54:27.679 JST" StructureHandle="/Cake_NR5/SkimmedTokensController.php" StructureKind="resource"/><InteractionEvent Delta="null" EndDate="2015-01-03 13:05:04.19 JST" Interest="1.0" Kind="selection" Navigation="null" OriginId="org.eclipse.ui.navigator.ProjectExplorer" StartDate="2015-01-03 13:05:04.19 JST" StructureHandle="/Cake_NR5/app/Locale" StructureKind="resource"/><InteractionEvent Delta="null" EndDate="2015-01-03 15:21:57.742 JST" Interest="1.0" Kind="selection" Navigation="null" OriginId="org.eclipse.ui.navigator.ProjectExplorer" StartDate="2015-01-03 15:21:57.742 JST" StructureHandle="/Cake_NR5/app/Test" StructureKind="resource"/><InteractionEvent Delta="null" EndDate="2015-01-03 20:35:16.278 JST" Interest="1676.6279" Kind="propagation" Navigation="org.eclipse.mylyn.core.model.edges.containment" OriginId="org.eclipse.mylyn.core.model.interest.propagation" StartDate="2014-12-27 00:22:33.160 JST" StructureHandle="/Cake_NR5/app/Controller" StructureKind="resource" NumEvents="2381" CreationCount="2"/><InteractionEvent Delta="null" EndDate="2014-12-27 00:22:18.329 JST" Interest="1.0" Kind="selection" Navigation="null" OriginId="org.eclipse.ui.navigator.ProjectExplorer" StartDate="2014-12-27 00:22:18.329 JST" StructureHandle="/Cake_NR5/app/Controller" StructureKind="resource"/><InteractionEvent Delta="null" EndDate="2015-01-03 20:35:16.278 JST" Interest="1673.645" Kind="propagation" Navigation="org.eclipse.mylyn.core.model.edges.containment" OriginId="org.eclipse.mylyn.core.model.interest.propagation" StartDate="2014-12-27 00:22:18.330 JST" StructureHandle="/Cake_NR5/app" StructureKind="resource" NumEvents="2383" CreationCount="1"/><InteractionEvent Delta="null" EndDate="2015-01-03 13:05:01.350 JST" Interest="4.0" Kind="selection" Navigation="null" OriginId="org.eclipse.ui.navigator.ProjectExplorer" StartDate="2014-12-27 00:22:17.122 JST" StructureHandle="/Cake_NR5/app" StructureKind="resource" NumEvents="4" CreationCount="1"/><InteractionEvent Delta="null" EndDate="2015-01-03 15:34:31.414 JST" Interest="15.0" Kind="selection" Navigation="null" OriginId="org.eclipse.php.editor" StartDate="2015-01-03 11:54:30.750 JST" StructureHandle="/Cake_NR5/test.php" StructureKind="resource" NumEvents="15" CreationCount="842"/><InteractionEvent Delta="null" EndDate="2015-01-03 15:34:31.604 JST" Interest="22.0" Kind="edit" Navigation="null" OriginId="org.eclipse.php.editor" StartDate="2015-01-03 11:54:31.175 JST" StructureHandle="/Cake_NR5/test.php" StructureKind="resource" NumEvents="22" CreationCount="842"/><InteractionEvent Delta="null" EndDate="2015-01-03 19:29:37.109 JST" Interest="10.0" Kind="selection" Navigation="null" OriginId="org.eclipse.php.editor" StartDate="2014-12-27 00:26:07.783 JST" StructureHandle="/Cake_NR5/app/Controller/AppController.php" StructureKind="resource" NumEvents="10" CreationCount="48"/><InteractionEvent Delta="null" EndDate="2015-01-03 19:25:09.679 JST" Interest="31.753004" Kind="manipulation" Navigation="null" OriginId="org.eclipse.mylyn.core.model.interest.decay.correction" StartDate="2015-01-03 12:46:14.259 JST" StructureHandle="/Cake_NR5/app/Controller/AppController.php" StructureKind="resource" NumEvents="3" CreationCount="48"/><InteractionEvent Delta="null" EndDate="2015-01-03 20:32:45.314 JST" Interest="67.0" Kind="edit" Navigation="null" OriginId="org.eclipse.php.editor" StartDate="2014-12-27 00:26:07.985 JST" StructureHandle="/Cake_NR5/app/Controller/AppController.php" StructureKind="resource" NumEvents="67" CreationCount="48"/><InteractionEvent Delta="null" EndDate="2015-01-03 13:05:00.655 JST" Interest="1.0" Kind="selection" Navigation="null" OriginId="org.eclipse.ui.navigator.ProjectExplorer" StartDate="2015-01-03 13:05:00.655 JST" StructureHandle="/Cake_NR5/lib" StructureKind="resource"/><InteractionEvent Delta="null" EndDate="2015-01-03 20:35:16.261 JST" Interest="34.0" Kind="selection" Navigation="null" OriginId="org.eclipse.php.editor" StartDate="2014-12-27 00:28:50.407 JST" StructureHandle="/Cake_NR5/app/Controller/HistorysController.php" StructureKind="resource" NumEvents="34" CreationCount="86"/><InteractionEvent Delta="null" EndDate="2015-01-03 20:35:16.277 JST" Interest="2346.0" Kind="edit" Navigation="null" OriginId="org.eclipse.php.editor" StartDate="2014-12-27 00:28:50.482 JST" StructureHandle="/Cake_NR5/app/Controller/HistorysController.php" StructureKind="resource" NumEvents="2346" CreationCount="86"/></InteractionHistory>