<?xml version="1.0" encoding="UTF-8"?><InteractionHistory Id="local-13" Version="1"><InteractionEvent Delta="null" EndDate="2014-09-06 16:50:35.651 JST" Interest="10.450002" Kind="manipulation" Navigation="null" OriginId="org.eclipse.mylyn.core.model.interest.decay.correction" StartDate="2014-09-06 11:36:55.956 JST" StructureHandle="=Embedded{D-90~\/D-91_PIC16_color_changer\/D-91_PIC16_color_changer_v-4.1\/D-91_PIC16_color_changer_v-4.1.c[_pulse_u_100#74(int" StructureKind="c/c++" NumEvents="5" CreationCount="384"/><InteractionEvent Delta="null" EndDate="2014-09-05 22:53:27.85 JST" Interest="1.0" Kind="selection" Navigation="null" OriginId="org.eclipse.ui.views.ContentOutline" StartDate="2014-09-05 22:53:27.85 JST" StructureHandle="=Embedded{D-90~\/D-91_PIC16_color_changer\/D-91_PIC16_color_changer_v-4.1\/D-91_PIC16_color_changer_v-4.1.c[data_code_b#76" StructureKind="c/c++"/><InteractionEvent Delta="null" EndDate="2014-09-07 09:46:16.173 JST" Interest="1520.0479" Kind="propagation" Navigation="org.eclipse.mylyn.core.model.edges.containment" OriginId="org.eclipse.mylyn.core.model.interest.propagation" StartDate="2014-09-05 22:45:22.472 JST" StructureHandle="" StructureKind="c/c++" NumEvents="1800" CreationCount="1"/><InteractionEvent Delta="null" EndDate="2014-09-06 19:06:18.850 JST" Interest="7.0" Kind="prediction" Navigation="null" OriginId="org.eclipse.mylyn.resources.ui.interest.updater" StartDate="2014-09-06 11:36:56.540 JST" StructureHandle="/Embedded/D-90~/D-91_PIC16_color_changer/D-91_PIC16_color_changer_v-4.1/D-91_PIC16_color_changer_v-4.1.hex" StructureKind="resource" NumEvents="7" CreationCount="10"/><InteractionEvent Delta="null" EndDate="2014-09-05 22:49:41.200 JST" Interest="1.0" Kind="propagation" Navigation="null" OriginId="org.eclipse.mylyn.resources.ui.interest.updater" StartDate="2014-09-05 22:49:41.200 JST" StructureHandle="/Embedded/D-90~/D-91_PIC16_color_changer/D-91_PIC16_color_changer_v-4.1/D-91_PIC16_color_changer_v-4.1.hex" StructureKind="resource"/><InteractionEvent Delta="null" EndDate="2014-09-06 11:15:22.193 JST" Interest="1.0" Kind="selection" Navigation="null" OriginId="org.eclipse.ui.views.ContentOutline" StartDate="2014-09-06 11:15:22.193 JST" StructureHandle="=Embedded{D-90~\/D-91_PIC16_color_changer\/D-91_PIC16_color_changer_v-4.1\/D-91_PIC16_color_changer_v-4.1.c[data_code_a#76" StructureKind="c/c++"/><InteractionEvent Delta="null" EndDate="2014-09-05 22:50:10.447 JST" Interest="1.0" Kind="selection" Navigation="null" OriginId="org.eclipse.cdt.ui.editor.CEditor" StartDate="2014-09-05 22:50:10.447 JST" StructureHandle="=Embedded{D-90~\/D-91_PIC16_color_changer\/D-91_PIC16_color_changer_v-4.1\/D-91_PIC16_color_changer_v-4.1.c[RESET_TMR#79" StructureKind="c/c++"/><InteractionEvent Delta="null" EndDate="2014-09-05 22:50:12.319 JST" Interest="1.0" Kind="edit" Navigation="null" OriginId="org.eclipse.cdt.ui.editor.CEditor" StartDate="2014-09-05 22:50:12.319 JST" StructureHandle="=Embedded{D-90~\/D-91_PIC16_color_changer\/D-91_PIC16_color_changer_v-4.1\/D-91_PIC16_color_changer_v-4.1.c[RESET_TMR#79" StructureKind="c/c++"/><InteractionEvent Delta="null" EndDate="2014-09-06 15:54:54.487 JST" Interest="1.0" Kind="selection" Navigation="null" OriginId="org.eclipse.ui.views.ContentOutline" StartDate="2014-09-06 15:54:54.487 JST" StructureHandle="=Embedded{D-90~\/D-91_PIC16_color_changer\/D-91_PIC16_color_changer_v-4.1\/D-91_PIC16_color_changer_v-4.1.c[i#76" StructureKind="c/c++"/><InteractionEvent Delta="null" EndDate="2014-09-07 09:42:16.736 JST" Interest="17.043" Kind="manipulation" Navigation="null" OriginId="org.eclipse.mylyn.core.model.interest.decay.correction" StartDate="2014-09-06 16:34:12.630 JST" StructureHandle="=Embedded{D_85_16F84A_remote\/D_85_Remote_v_5_3_2b_Rcv\/D_85_Remote_v_5_3_2b_Rcv.c[interrupt#74(void" StructureKind="c/c++" NumEvents="2" CreationCount="12"/><InteractionEvent Delta="null" EndDate="2014-09-07 09:42:16.736 JST" Interest="4.0" Kind="selection" Navigation="null" OriginId="org.eclipse.cdt.ui.editor.CEditor" StartDate="2014-09-05 22:45:41.841 JST" StructureHandle="=Embedded{D_85_16F84A_remote\/D_85_Remote_v_5_3_2b_Rcv\/D_85_Remote_v_5_3_2b_Rcv.c[interrupt#74(void" StructureKind="c/c++" NumEvents="4" CreationCount="12"/><InteractionEvent Delta="null" EndDate="2014-09-07 09:42:16.760 JST" Interest="18.0" Kind="edit" Navigation="null" OriginId="org.eclipse.cdt.ui.editor.CEditor" StartDate="2014-09-05 22:45:42.499 JST" StructureHandle="=Embedded{D_85_16F84A_remote\/D_85_Remote_v_5_3_2b_Rcv\/D_85_Remote_v_5_3_2b_Rcv.c[interrupt#74(void" StructureKind="c/c++" NumEvents="18" CreationCount="12"/><InteractionEvent Delta="null" EndDate="2014-09-06 19:06:28.851 JST" Interest="2.0" Kind="selection" Navigation="null" OriginId="org.eclipse.ui.views.ContentOutline" StartDate="2014-09-06 16:59:51.46 JST" StructureHandle="=Embedded{D-90~\/D-91_PIC16_color_changer\/D-91_PIC16_color_changer_v-4.1\/D-91_PIC16_color_changer_v-4.1.c[_read_Reader#74" StructureKind="c/c++" NumEvents="2" CreationCount="1776"/><InteractionEvent Delta="null" EndDate="2014-09-06 19:06:30.16 JST" Interest="21.0" Kind="edit" Navigation="null" OriginId="org.eclipse.cdt.ui.editor.CEditor" StartDate="2014-09-06 16:59:51.856 JST" StructureHandle="=Embedded{D-90~\/D-91_PIC16_color_changer\/D-91_PIC16_color_changer_v-4.1\/D-91_PIC16_color_changer_v-4.1.c[_read_Reader#74" StructureKind="c/c++" NumEvents="21" CreationCount="1776"/><InteractionEvent Delta="null" EndDate="2014-09-06 16:47:40.156 JST" Interest="1.0" Kind="selection" Navigation="null" OriginId="org.eclipse.cdt.ui.editor.CEditor" StartDate="2014-09-06 16:47:40.156 JST" StructureHandle="=Embedded{D_85_16F84A_remote\/D_85_Remote_v_5_3_2b_Rcv\/D_85_Remote_v_5_3_2b_Rcv.c[bit_len#76" StructureKind="c/c++"/><InteractionEvent Delta="null" EndDate="2014-09-06 16:46:51.453 JST" Interest="1.0" Kind="selection" Navigation="null" OriginId="org.eclipse.cdt.ui.editor.CEditor" StartDate="2014-09-06 16:46:51.453 JST" StructureHandle="=Embedded{D-90~\/D-91_PIC16_color_changer\/D-91_PIC16_color_changer_v-4.1\/D-91_PIC16_color_changer_v-4.1.c[usi#79" StructureKind="c/c++"/><InteractionEvent Delta="null" EndDate="2014-09-06 19:06:18.854 JST" Interest="7.0" Kind="prediction" Navigation="null" OriginId="org.eclipse.mylyn.resources.ui.interest.updater" StartDate="2014-09-06 11:36:56.544 JST" StructureHandle="/Embedded/D-90~/D-91_PIC16_color_changer/D-91_PIC16_color_changer_v-4.1/D-91_PIC16_color_changer_v-4.1.lst" StructureKind="resource" NumEvents="7" CreationCount="38"/><InteractionEvent Delta="null" EndDate="2014-09-05 22:49:41.208 JST" Interest="1.0" Kind="propagation" Navigation="null" OriginId="org.eclipse.mylyn.resources.ui.interest.updater" StartDate="2014-09-05 22:49:41.208 JST" StructureHandle="/Embedded/D-90~/D-91_PIC16_color_changer/D-91_PIC16_color_changer_v-4.1/D-91_PIC16_color_changer_v-4.1.lst" StructureKind="resource"/><InteractionEvent Delta="null" EndDate="2014-09-05 22:49:40.117 JST" Interest="2.0" Kind="selection" Navigation="null" OriginId="org.eclipse.ui.navigator.ProjectExplorer" StartDate="2014-09-05 22:49:38.51 JST" StructureHandle="/Embedded/D-90~/D-91_PIC16_color_changer" StructureKind="resource" NumEvents="2" CreationCount="44"/><InteractionEvent Delta="null" EndDate="2014-09-07 09:46:16.172 JST" Interest="1517.3169" Kind="propagation" Navigation="org.eclipse.mylyn.core.model.edges.containment" OriginId="org.eclipse.mylyn.core.model.interest.propagation" StartDate="2014-09-05 22:49:41.210 JST" StructureHandle="/Embedded/D-90~/D-91_PIC16_color_changer" StructureKind="resource" NumEvents="1791" CreationCount="44"/><InteractionEvent Delta="null" EndDate="2014-09-06 19:06:18.849 JST" Interest="7.0" Kind="prediction" Navigation="null" OriginId="org.eclipse.mylyn.resources.ui.interest.updater" StartDate="2014-09-06 11:36:56.539 JST" StructureHandle="/Embedded/D-90~/D-91_PIC16_color_changer/D-91_PIC16_color_changer_v-4.1/D-91_PIC16_color_changer_v-4.1.mcl" StructureKind="resource" NumEvents="7" CreationCount="98"/><InteractionEvent Delta="null" EndDate="2014-09-05 22:49:41.199 JST" Interest="1.0" Kind="propagation" Navigation="null" OriginId="org.eclipse.mylyn.resources.ui.interest.updater" StartDate="2014-09-05 22:49:41.199 JST" StructureHandle="/Embedded/D-90~/D-91_PIC16_color_changer/D-91_PIC16_color_changer_v-4.1/D-91_PIC16_color_changer_v-4.1.mcl" StructureKind="resource"/><InteractionEvent Delta="null" EndDate="2014-09-06 16:45:55.29 JST" Interest="11.0" Kind="selection" Navigation="null" OriginId="org.eclipse.cdt.ui.editor.CEditor" StartDate="2014-09-05 22:52:58.506 JST" StructureHandle="=Embedded{D-90~\/D-91_PIC16_color_changer\/D-91_PIC16_color_changer_v-4.1\/D-91_PIC16_color_changer_v-4.1.c[_main_Setup#73(void" StructureKind="c/c++" NumEvents="11" CreationCount="147"/><InteractionEvent Delta="null" EndDate="2014-09-06 16:46:03.591 JST" Interest="9.0" Kind="edit" Navigation="null" OriginId="org.eclipse.cdt.ui.editor.CEditor" StartDate="2014-09-05 22:52:59.428 JST" StructureHandle="=Embedded{D-90~\/D-91_PIC16_color_changer\/D-91_PIC16_color_changer_v-4.1\/D-91_PIC16_color_changer_v-4.1.c[_main_Setup#73(void" StructureKind="c/c++" NumEvents="9" CreationCount="147"/><InteractionEvent Delta="null" EndDate="2014-09-06 16:50:58.527 JST" Interest="11.0" Kind="selection" Navigation="null" OriginId="org.eclipse.cdt.ui.editor.CEditor" StartDate="2014-09-05 22:55:50.626 JST" StructureHandle="=Embedded{D-90~\/D-91_PIC16_color_changer\/D-91_PIC16_color_changer_v-4.1\/D-91_PIC16_color_changer_v-4.1.c[_pulse_u_50#74(int" StructureKind="c/c++" NumEvents="11" CreationCount="384"/><InteractionEvent Delta="null" EndDate="2014-09-06 16:51:03.862 JST" Interest="18.0" Kind="edit" Navigation="null" OriginId="org.eclipse.cdt.ui.editor.CEditor" StartDate="2014-09-06 11:36:56.644 JST" StructureHandle="=Embedded{D-90~\/D-91_PIC16_color_changer\/D-91_PIC16_color_changer_v-4.1\/D-91_PIC16_color_changer_v-4.1.c[_pulse_u_50#74(int" StructureKind="c/c++" NumEvents="18" CreationCount="384"/><InteractionEvent Delta="null" EndDate="2014-09-05 22:49:41.200 JST" Interest="1.0" Kind="propagation" Navigation="null" OriginId="org.eclipse.mylyn.resources.ui.interest.updater" StartDate="2014-09-05 22:49:41.200 JST" StructureHandle="/Embedded/D-90~/D-91_PIC16_color_changer/D-91_PIC16_color_changer_v-4.1/D-91_PIC16_color_changer_v-4.1.ppc" StructureKind="resource"/><InteractionEvent Delta="null" EndDate="2014-09-05 22:45:31.129 JST" Interest="1.0" Kind="selection" Navigation="null" OriginId="org.eclipse.ui.navigator.ProjectExplorer" StartDate="2014-09-05 22:45:31.129 JST" StructureHandle="/Embedded/D_85_16F84A_remote/D_85_Remote_v_5_4_0_Snd" StructureKind="resource"/><InteractionEvent Delta="null" EndDate="2014-09-06 16:47:17.583 JST" Interest="4.0" Kind="selection" Navigation="null" OriginId="org.eclipse.cdt.ui.editor.CEditor" StartDate="2014-09-06 16:44:18.415 JST" StructureHandle="=Embedded{D-90~\/D-91_PIC16_color_changer\/D-91_PIC16_color_changer_v-4.1\/D-91_PIC16_color_changer_v-4.1.c[bit_len#76" StructureKind="c/c++" NumEvents="4" CreationCount="1427"/><InteractionEvent Delta="null" EndDate="2014-09-06 16:44:23.159 JST" Interest="2.0" Kind="edit" Navigation="null" OriginId="org.eclipse.cdt.ui.editor.CEditor" StartDate="2014-09-06 16:44:19.531 JST" StructureHandle="=Embedded{D-90~\/D-91_PIC16_color_changer\/D-91_PIC16_color_changer_v-4.1\/D-91_PIC16_color_changer_v-4.1.c[bit_len#76" StructureKind="c/c++" NumEvents="2" CreationCount="1427"/><InteractionEvent Delta="null" EndDate="2014-09-06 19:06:18.851 JST" Interest="7.0" Kind="prediction" Navigation="null" OriginId="org.eclipse.mylyn.resources.ui.interest.updater" StartDate="2014-09-06 11:36:56.541 JST" StructureHandle="/Embedded/D-90~/D-91_PIC16_color_changer/D-91_PIC16_color_changer_v-4.1/D-91_PIC16_color_changer_v-4.1.dlt" StructureKind="resource" NumEvents="7" CreationCount="108"/><InteractionEvent Delta="null" EndDate="2014-09-05 22:49:41.201 JST" Interest="1.0" Kind="propagation" Navigation="null" OriginId="org.eclipse.mylyn.resources.ui.interest.updater" StartDate="2014-09-05 22:49:41.201 JST" StructureHandle="/Embedded/D-90~/D-91_PIC16_color_changer/D-91_PIC16_color_changer_v-4.1/D-91_PIC16_color_changer_v-4.1.dlt" StructureKind="resource"/><InteractionEvent Delta="null" EndDate="2014-09-06 16:11:23.955 JST" Interest="12.062002" Kind="manipulation" Navigation="null" OriginId="org.eclipse.mylyn.core.model.interest.decay.correction" StartDate="2014-09-05 22:51:30.522 JST" StructureHandle="=Embedded{D-90~\/D-91_PIC16_color_changer\/D-91_PIC16_color_changer_v-4.1\/D-91_PIC16_color_changer_v-4.1.c[_judge_TMR_#74(int(int" StructureKind="c/c++" NumEvents="3" CreationCount="79"/><InteractionEvent Delta="null" EndDate="2014-09-06 19:06:18.276 JST" Interest="10.0" Kind="selection" Navigation="null" OriginId="org.eclipse.ui.views.ContentOutline" StartDate="2014-09-05 22:50:19.729 JST" StructureHandle="=Embedded{D-90~\/D-91_PIC16_color_changer\/D-91_PIC16_color_changer_v-4.1\/D-91_PIC16_color_changer_v-4.1.c[_judge_TMR_#74(int(int" StructureKind="c/c++" NumEvents="10" CreationCount="79"/><InteractionEvent Delta="null" EndDate="2014-09-06 19:06:22.326 JST" Interest="59.0" Kind="edit" Navigation="null" OriginId="org.eclipse.cdt.ui.editor.CEditor" StartDate="2014-09-06 16:11:24.527 JST" StructureHandle="=Embedded{D-90~\/D-91_PIC16_color_changer\/D-91_PIC16_color_changer_v-4.1\/D-91_PIC16_color_changer_v-4.1.c[_judge_TMR_#74(int(int" StructureKind="c/c++" NumEvents="59" CreationCount="79"/><InteractionEvent Delta="null" EndDate="2014-09-06 16:02:52.853 JST" Interest="8.0" Kind="selection" Navigation="null" OriginId="org.eclipse.cdt.ui.editor.CEditor" StartDate="2014-09-05 22:55:53.967 JST" StructureHandle="=Embedded{D-90~\/D-91_PIC16_color_changer\/D-91_PIC16_color_changer_v-4.1\/D-91_PIC16_color_changer_v-4.1.c[_pulse_500u#74(int" StructureKind="c/c++" NumEvents="8" CreationCount="385"/><InteractionEvent Delta="null" EndDate="2014-09-05 22:58:51.127 JST" Interest="10.0" Kind="edit" Navigation="null" OriginId="org.eclipse.cdt.ui.editor.CEditor" StartDate="2014-09-05 22:56:09.953 JST" StructureHandle="=Embedded{D-90~\/D-91_PIC16_color_changer\/D-91_PIC16_color_changer_v-4.1\/D-91_PIC16_color_changer_v-4.1.c[_pulse_500u#74(int" StructureKind="c/c++" NumEvents="10" CreationCount="385"/><InteractionEvent Delta="null" EndDate="2014-09-05 22:45:32.364 JST" Interest="1.0" Kind="selection" Navigation="null" OriginId="org.eclipse.ui.navigator.ProjectExplorer" StartDate="2014-09-05 22:45:32.364 JST" StructureHandle="/Embedded/D_85_16F84A_remote/D_85_Remote_v_5_3_2b_Rcv" StructureKind="resource"/><InteractionEvent Delta="null" EndDate="2014-09-07 09:42:37.533 JST" Interest="102.41699" Kind="propagation" Navigation="org.eclipse.mylyn.core.model.edges.containment" OriginId="org.eclipse.mylyn.core.model.interest.propagation" StartDate="2014-09-05 22:45:33.837 JST" StructureHandle="/Embedded/D_85_16F84A_remote/D_85_Remote_v_5_3_2b_Rcv" StructureKind="resource" NumEvents="119" CreationCount="4"/><InteractionEvent Delta="null" EndDate="2014-09-07 09:42:16.675 JST" Interest="8.0" Kind="selection" Navigation="null" OriginId="org.eclipse.cdt.ui.editor.CEditor" StartDate="2014-09-05 22:45:33.836 JST" StructureHandle="/Embedded/D_85_16F84A_remote/D_85_Remote_v_5_3_2b_Rcv/D_85_Remote_v_5_3_2b_Rcv.c" StructureKind="resource" NumEvents="8" CreationCount="5"/><InteractionEvent Delta="null" EndDate="2014-09-07 09:42:37.531 JST" Interest="59.0" Kind="propagation" Navigation="null" OriginId="org.eclipse.cdt.ui.editor.CEditor" StartDate="2014-09-05 22:45:35.174 JST" StructureHandle="/Embedded/D_85_16F84A_remote/D_85_Remote_v_5_3_2b_Rcv/D_85_Remote_v_5_3_2b_Rcv.c" StructureKind="resource" NumEvents="59" CreationCount="5"/><InteractionEvent Delta="null" EndDate="2014-09-07 09:42:37.532 JST" Interest="52.0" Kind="edit" Navigation="null" OriginId="org.eclipse.cdt.ui.editor.CEditor" StartDate="2014-09-05 22:45:35.177 JST" StructureHandle="/Embedded/D_85_16F84A_remote/D_85_Remote_v_5_3_2b_Rcv/D_85_Remote_v_5_3_2b_Rcv.c" StructureKind="resource" NumEvents="52" CreationCount="5"/><InteractionEvent Delta="null" EndDate="2014-09-05 22:45:22.469 JST" Interest="1.0" Kind="selection" Navigation="null" OriginId="org.eclipse.ui.navigator.ProjectExplorer" StartDate="2014-09-05 22:45:22.469 JST" StructureHandle="/Embedded/D-76_PIC12_Takahashi.103" StructureKind="resource"/><InteractionEvent Delta="null" EndDate="2014-09-06 16:42:49.924 JST" Interest="13.751" Kind="manipulation" Navigation="null" OriginId="org.eclipse.mylyn.core.model.interest.decay.correction" StartDate="2014-09-06 11:42:16.137 JST" StructureHandle="=Embedded{D-90~\/D-91_PIC16_color_changer\/D-91_PIC16_color_changer_v-4.1\/D-91_PIC16_color_changer_v-4.1.c[_read_Reader#73(void" StructureKind="c/c++" NumEvents="5" CreationCount="147"/><InteractionEvent Delta="null" EndDate="2014-09-06 16:44:27.819 JST" Interest="1.0" Kind="selection" Navigation="null" OriginId="org.eclipse.ui.views.ContentOutline" StartDate="2014-09-06 16:44:27.819 JST" StructureHandle="=Embedded{D-90~\/D-91_PIC16_color_changer\/D-91_PIC16_color_changer_v-4.1\/D-91_PIC16_color_changer_v-4.1.c[_read_Reader#73(void" StructureKind="c/c++"/><InteractionEvent Delta="null" EndDate="2014-09-05 22:45:25.506 JST" Interest="1.0" Kind="selection" Navigation="null" OriginId="org.eclipse.ui.navigator.ProjectExplorer" StartDate="2014-09-05 22:45:25.506 JST" StructureHandle="/Embedded/D_85_16F84A_remote" StructureKind="resource"/><InteractionEvent Delta="null" EndDate="2014-09-07 09:42:37.533 JST" Interest="102.451" Kind="propagation" Navigation="org.eclipse.mylyn.core.model.edges.containment" OriginId="org.eclipse.mylyn.core.model.interest.propagation" StartDate="2014-09-05 22:45:31.130 JST" StructureHandle="/Embedded/D_85_16F84A_remote" StructureKind="resource" NumEvents="121" CreationCount="2"/><InteractionEvent Delta="null" EndDate="2014-09-07 09:46:12.63 JST" Interest="58.0" Kind="selection" Navigation="null" OriginId="org.eclipse.cdt.ui.editor.CEditor" StartDate="2014-09-05 22:49:45.138 JST" StructureHandle="=Embedded{D-90~\/D-91_PIC16_color_changer\/D-91_PIC16_color_changer_v-4.1\/D-91_PIC16_color_changer_v-4.1.c" StructureKind="c/c++" NumEvents="58" CreationCount="49"/><InteractionEvent Delta="null" EndDate="2014-09-06 16:08:47.886 JST" Interest="80.41901" Kind="propagation" Navigation="org.eclipse.mylyn.core.model.edges.containment" OriginId="org.eclipse.mylyn.core.model.interest.propagation" StartDate="2014-09-05 22:50:00.537 JST" StructureHandle="=Embedded{D-90~\/D-91_PIC16_color_changer\/D-91_PIC16_color_changer_v-4.1\/D-91_PIC16_color_changer_v-4.1.c" StructureKind="c/c++" NumEvents="116" CreationCount="49"/><InteractionEvent Delta="null" EndDate="2014-09-06 19:06:13.824 JST" Interest="143.0" Kind="edit" Navigation="null" OriginId="org.eclipse.cdt.ui.editor.CEditor" StartDate="2014-09-05 22:49:46.17 JST" StructureHandle="=Embedded{D-90~\/D-91_PIC16_color_changer\/D-91_PIC16_color_changer_v-4.1\/D-91_PIC16_color_changer_v-4.1.c" StructureKind="c/c++" NumEvents="143" CreationCount="49"/><InteractionEvent Delta="null" EndDate="2014-09-07 09:46:16.173 JST" Interest="1958.0" Kind="propagation" Navigation="org.eclipse.mylyn.core.model.edges.containment" OriginId="org.eclipse.mylyn.core.model.interest.propagation" StartDate="2014-09-05 22:45:22.472 JST" StructureHandle="/" StructureKind="resource" NumEvents="1958" CreationCount="1"/><InteractionEvent Delta="null" EndDate="2014-09-06 16:43:44.33 JST" Interest="0.1730001" Kind="manipulation" Navigation="null" OriginId="org.eclipse.mylyn.core.model.interest.decay.correction" StartDate="2014-09-06 16:43:44.33 JST" StructureHandle="=Embedded{D-90~\/D-91_PIC16_color_changer\/D-91_PIC16_color_changer_v-4.1\/D-91_PIC16_color_changer_v-4.1.c[_custom_lower#74(void" StructureKind="c/c++"/><InteractionEvent Delta="null" EndDate="2014-09-06 16:56:02.27 JST" Interest="5.0" Kind="selection" Navigation="null" OriginId="org.eclipse.cdt.ui.editor.CEditor" StartDate="2014-09-06 16:42:44.784 JST" StructureHandle="=Embedded{D-90~\/D-91_PIC16_color_changer\/D-91_PIC16_color_changer_v-4.1\/D-91_PIC16_color_changer_v-4.1.c[_custom_lower#74(void" StructureKind="c/c++" NumEvents="5" CreationCount="1345"/><InteractionEvent Delta="null" EndDate="2014-09-06 16:56:48.458 JST" Interest="14.0" Kind="edit" Navigation="null" OriginId="org.eclipse.cdt.ui.editor.CEditor" StartDate="2014-09-06 16:43:46.504 JST" StructureHandle="=Embedded{D-90~\/D-91_PIC16_color_changer\/D-91_PIC16_color_changer_v-4.1\/D-91_PIC16_color_changer_v-4.1.c[_custom_lower#74(void" StructureKind="c/c++" NumEvents="14" CreationCount="1345"/><InteractionEvent Delta="null" EndDate="2014-09-07 09:42:24.953 JST" Interest="6.0" Kind="selection" Navigation="null" OriginId="org.eclipse.ui.views.ContentOutline" StartDate="2014-09-06 16:34:32.355 JST" StructureHandle="=Embedded{D_85_16F84A_remote\/D_85_Remote_v_5_3_2b_Rcv\/D_85_Remote_v_5_3_2b_Rcv.c[_custom_lower#74(void" StructureKind="c/c++" NumEvents="6" CreationCount="1295"/><InteractionEvent Delta="null" EndDate="2014-09-07 09:42:37.529 JST" Interest="24.0" Kind="edit" Navigation="null" OriginId="org.eclipse.cdt.ui.editor.CEditor" StartDate="2014-09-06 16:34:33.88 JST" StructureHandle="=Embedded{D_85_16F84A_remote\/D_85_Remote_v_5_3_2b_Rcv\/D_85_Remote_v_5_3_2b_Rcv.c[_custom_lower#74(void" StructureKind="c/c++" NumEvents="24" CreationCount="1295"/><InteractionEvent Delta="null" EndDate="2014-09-05 22:53:31.101 JST" Interest="1.0" Kind="selection" Navigation="null" OriginId="org.eclipse.ui.views.ContentOutline" StartDate="2014-09-05 22:53:31.101 JST" StructureHandle="=Embedded{D-90~\/D-91_PIC16_color_changer\/D-91_PIC16_color_changer_v-4.1\/D-91_PIC16_color_changer_v-4.1.c[true#79" StructureKind="c/c++"/><InteractionEvent Delta="null" EndDate="2014-09-07 09:43:22.175 JST" Interest="12.0" Kind="selection" Navigation="null" OriginId="org.eclipse.ui.views.ContentOutline" StartDate="2014-09-06 11:15:15.107 JST" StructureHandle="=Embedded{D-90~\/D-91_PIC16_color_changer\/D-91_PIC16_color_changer_v-4.1\/D-91_PIC16_color_changer_v-4.1.c[main#74(void" StructureKind="c/c++" NumEvents="12" CreationCount="552"/><InteractionEvent Delta="null" EndDate="2014-09-07 09:43:23.518 JST" Interest="44.0" Kind="edit" Navigation="null" OriginId="org.eclipse.cdt.ui.editor.CEditor" StartDate="2014-09-06 11:15:17.702 JST" StructureHandle="=Embedded{D-90~\/D-91_PIC16_color_changer\/D-91_PIC16_color_changer_v-4.1\/D-91_PIC16_color_changer_v-4.1.c[main#74(void" StructureKind="c/c++" NumEvents="44" CreationCount="552"/><InteractionEvent Delta="null" EndDate="2014-09-06 19:06:18.852 JST" Interest="7.0" Kind="prediction" Navigation="null" OriginId="org.eclipse.mylyn.resources.ui.interest.updater" StartDate="2014-09-06 11:36:56.542 JST" StructureHandle="/Embedded/D-90~/D-91_PIC16_color_changer/D-91_PIC16_color_changer_v-4.1/D-91_PIC16_color_changer_v-4.1.asm" StructureKind="resource" NumEvents="7" CreationCount="210"/><InteractionEvent Delta="null" EndDate="2014-09-05 22:49:41.204 JST" Interest="1.0" Kind="propagation" Navigation="null" OriginId="org.eclipse.mylyn.resources.ui.interest.updater" StartDate="2014-09-05 22:49:41.204 JST" StructureHandle="/Embedded/D-90~/D-91_PIC16_color_changer/D-91_PIC16_color_changer_v-4.1/D-91_PIC16_color_changer_v-4.1.asm" StructureKind="resource"/><InteractionEvent Delta="null" EndDate="2014-09-05 22:50:56.874 JST" Interest="1.0" Kind="selection" Navigation="null" OriginId="org.eclipse.cdt.ui.editor.CEditor" StartDate="2014-09-05 22:50:56.874 JST" StructureHandle="=Embedded{D-90~\/D-91_PIC16_color_changer\/D-91_PIC16_color_changer_v-4.1\/D-91_PIC16_color_changer_v-4.1.c[result#76" StructureKind="c/c++"/><InteractionEvent Delta="null" EndDate="2014-09-06 19:06:18.851 JST" Interest="7.0" Kind="prediction" Navigation="null" OriginId="org.eclipse.mylyn.resources.ui.interest.updater" StartDate="2014-09-06 11:36:56.542 JST" StructureHandle="/Embedded/D-90~/D-91_PIC16_color_changer/D-91_PIC16_color_changer_v-4.1/D-91_PIC16_color_changer_v-4.1.cp" StructureKind="resource" NumEvents="7" CreationCount="213"/><InteractionEvent Delta="null" EndDate="2014-09-05 22:49:41.202 JST" Interest="1.0" Kind="propagation" Navigation="null" OriginId="org.eclipse.mylyn.resources.ui.interest.updater" StartDate="2014-09-05 22:49:41.202 JST" StructureHandle="/Embedded/D-90~/D-91_PIC16_color_changer/D-91_PIC16_color_changer_v-4.1/D-91_PIC16_color_changer_v-4.1.cp" StructureKind="resource"/><InteractionEvent Delta="null" EndDate="2014-09-07 09:46:16.173 JST" Interest="1520.0479" Kind="propagation" Navigation="org.eclipse.mylyn.core.model.edges.containment" OriginId="org.eclipse.mylyn.core.model.interest.propagation" StartDate="2014-09-05 22:45:22.470 JST" StructureHandle="=Embedded" StructureKind="c/c++" NumEvents="1800" CreationCount="1"/><InteractionEvent Delta="null" EndDate="2014-09-06 16:20:02.766 JST" Interest="2.0" Kind="selection" Navigation="null" OriginId="org.eclipse.ui.views.ContentOutline" StartDate="2014-09-06 16:13:18.682 JST" StructureHandle="=Embedded{D-90~\/D-91_PIC16_color_changer\/D-91_PIC16_color_changer_v-4.1\/D-91_PIC16_color_changer_v-4.1.c[_while_PORTB_0x01#74(int" StructureKind="c/c++" NumEvents="2" CreationCount="1066"/><InteractionEvent Delta="null" EndDate="2014-09-06 16:20:06.109 JST" Interest="8.0" Kind="edit" Navigation="null" OriginId="org.eclipse.cdt.ui.editor.CEditor" StartDate="2014-09-06 16:13:20.888 JST" StructureHandle="=Embedded{D-90~\/D-91_PIC16_color_changer\/D-91_PIC16_color_changer_v-4.1\/D-91_PIC16_color_changer_v-4.1.c[_while_PORTB_0x01#74(int" StructureKind="c/c++" NumEvents="8" CreationCount="1066"/><InteractionEvent Delta="null" EndDate="2014-09-07 09:43:27.479 JST" Interest="7.0" Kind="selection" Navigation="null" OriginId="org.eclipse.ui.views.ContentOutline" StartDate="2014-09-06 16:46:10.481 JST" StructureHandle="=Embedded{D-90~\/D-91_PIC16_color_changer\/D-91_PIC16_color_changer_v-4.1\/D-91_PIC16_color_changer_v-4.1.c[_main_Setup#74" StructureKind="c/c++" NumEvents="7" CreationCount="1500"/><InteractionEvent Delta="null" EndDate="2014-09-07 09:43:30.226 JST" Interest="22.0" Kind="edit" Navigation="null" OriginId="org.eclipse.cdt.ui.editor.CEditor" StartDate="2014-09-06 16:46:14.51 JST" StructureHandle="=Embedded{D-90~\/D-91_PIC16_color_changer\/D-91_PIC16_color_changer_v-4.1\/D-91_PIC16_color_changer_v-4.1.c[_main_Setup#74" StructureKind="c/c++" NumEvents="22" CreationCount="1500"/><InteractionEvent Delta="null" EndDate="2014-09-05 22:45:37.26 JST" Interest="1.0" Kind="selection" Navigation="null" OriginId="org.eclipse.cdt.ui.editor.CEditor" StartDate="2014-09-05 22:45:37.26 JST" StructureHandle="=Embedded{D_85_16F84A_remote\/D_85_Remote_v_5_3_2b_Rcv\/D_85_Remote_v_5_3_2b_Rcv.c[TIME_OUT#79" StructureKind="c/c++"/><InteractionEvent Delta="null" EndDate="2014-09-05 22:49:42.663 JST" Interest="1.0" Kind="selection" Navigation="null" OriginId="org.eclipse.ui.navigator.ProjectExplorer" StartDate="2014-09-05 22:49:42.663 JST" StructureHandle="/Embedded/D-90~/D-91_PIC16_color_changer/D-91_PIC16_color_changer_v-4.1" StructureKind="resource"/><InteractionEvent Delta="null" EndDate="2014-09-07 09:46:16.172 JST" Interest="1518.2999" Kind="propagation" Navigation="org.eclipse.mylyn.core.model.edges.containment" OriginId="org.eclipse.mylyn.core.model.interest.propagation" StartDate="2014-09-05 22:49:41.208 JST" StructureHandle="/Embedded/D-90~/D-91_PIC16_color_changer/D-91_PIC16_color_changer_v-4.1" StructureKind="resource" NumEvents="1791" CreationCount="45"/><InteractionEvent Delta="null" EndDate="2014-09-05 22:45:38.912 JST" Interest="1.0" Kind="selection" Navigation="null" OriginId="org.eclipse.ui.views.ContentOutline" StartDate="2014-09-05 22:45:38.912 JST" StructureHandle="=Embedded{D_85_16F84A_remote\/D_85_Remote_v_5_3_2b_Rcv\/D_85_Remote_v_5_3_2b_Rcv.c[custom_code_b#76" StructureKind="c/c++"/><InteractionEvent Delta="null" EndDate="2014-09-05 22:49:35.897 JST" Interest="1.0" Kind="selection" Navigation="null" OriginId="org.eclipse.ui.navigator.ProjectExplorer" StartDate="2014-09-05 22:49:35.897 JST" StructureHandle="/Embedded/D-90~" StructureKind="resource"/><InteractionEvent Delta="null" EndDate="2014-09-07 09:46:16.173 JST" Interest="1518.3339" Kind="propagation" Navigation="org.eclipse.mylyn.core.model.edges.containment" OriginId="org.eclipse.mylyn.core.model.interest.propagation" StartDate="2014-09-05 22:49:38.52 JST" StructureHandle="/Embedded/D-90~" StructureKind="resource" NumEvents="1794" CreationCount="43"/><InteractionEvent Delta="null" EndDate="2014-09-06 15:48:55.633 JST" Interest="2.0" Kind="selection" Navigation="null" OriginId="org.eclipse.cdt.ui.editor.CEditor" StartDate="2014-09-06 11:40:05.425 JST" StructureHandle="/Embedded/D-90~/D-91_PIC16_color_changer/D-91_PIC16_color_changer_v-3.1/D-91_PIC16_color_changer_v-3.1.c" StructureKind="resource" NumEvents="2" CreationCount="629"/><InteractionEvent Delta="null" EndDate="2014-09-06 15:49:00.307 JST" Interest="12.0" Kind="propagation" Navigation="null" OriginId="org.eclipse.cdt.ui.editor.CEditor" StartDate="2014-09-06 11:40:05.647 JST" StructureHandle="/Embedded/D-90~/D-91_PIC16_color_changer/D-91_PIC16_color_changer_v-3.1/D-91_PIC16_color_changer_v-3.1.c" StructureKind="resource" NumEvents="12" CreationCount="629"/><InteractionEvent Delta="null" EndDate="2014-09-06 15:49:00.308 JST" Interest="11.0" Kind="edit" Navigation="null" OriginId="org.eclipse.cdt.ui.editor.CEditor" StartDate="2014-09-06 11:40:05.649 JST" StructureHandle="/Embedded/D-90~/D-91_PIC16_color_changer/D-91_PIC16_color_changer_v-3.1/D-91_PIC16_color_changer_v-3.1.c" StructureKind="resource" NumEvents="11" CreationCount="629"/><InteractionEvent Delta="null" EndDate="2014-09-06 11:40:00.805 JST" Interest="1.0" Kind="selection" Navigation="null" OriginId="org.eclipse.ui.navigator.ProjectExplorer" StartDate="2014-09-06 11:40:00.805 JST" StructureHandle="/Embedded/D-90~/D-91_PIC16_color_changer/D-91_PIC16_color_changer_v-3.1" StructureKind="resource"/><InteractionEvent Delta="null" EndDate="2014-09-06 15:49:00.309 JST" Interest="20.717" Kind="propagation" Navigation="org.eclipse.mylyn.core.model.edges.containment" OriginId="org.eclipse.mylyn.core.model.interest.propagation" StartDate="2014-09-06 11:40:05.426 JST" StructureHandle="/Embedded/D-90~/D-91_PIC16_color_changer/D-91_PIC16_color_changer_v-3.1" StructureKind="resource" NumEvents="25" CreationCount="628"/><InteractionEvent Delta="null" EndDate="2014-09-06 15:48:55.783 JST" Interest="2.0" Kind="selection" Navigation="null" OriginId="org.eclipse.cdt.ui.editor.CEditor" StartDate="2014-09-06 11:40:10.279 JST" StructureHandle="=Embedded{D-90~\/D-91_PIC16_color_changer\/D-91_PIC16_color_changer_v-3.1\/D-91_PIC16_color_changer_v-3.1.c[main#74(void" StructureKind="c/c++" NumEvents="2" CreationCount="635"/><InteractionEvent Delta="null" EndDate="2014-09-06 15:49:00.306 JST" Interest="8.0" Kind="edit" Navigation="null" OriginId="org.eclipse.cdt.ui.editor.CEditor" StartDate="2014-09-06 11:40:10.829 JST" StructureHandle="=Embedded{D-90~\/D-91_PIC16_color_changer\/D-91_PIC16_color_changer_v-3.1\/D-91_PIC16_color_changer_v-3.1.c[main#74(void" StructureKind="c/c++" NumEvents="8" CreationCount="635"/><InteractionEvent Delta="null" EndDate="2014-09-07 09:46:07.425 JST" Interest="29.0" Kind="selection" Navigation="null" OriginId="org.eclipse.cdt.ui.editor.CEditor" StartDate="2014-09-05 22:51:22.957 JST" StructureHandle="=Embedded{D-90~\/D-91_PIC16_color_changer\/D-91_PIC16_color_changer_v-4.1\/D-91_PIC16_color_changer_v-4.1.c[_read_Custom#74" StructureKind="c/c++" NumEvents="29" CreationCount="157"/><InteractionEvent Delta="null" EndDate="2014-09-07 09:46:10.426 JST" Interest="162.0" Kind="edit" Navigation="null" OriginId="org.eclipse.cdt.ui.editor.CEditor" StartDate="2014-09-05 22:51:24.406 JST" StructureHandle="=Embedded{D-90~\/D-91_PIC16_color_changer\/D-91_PIC16_color_changer_v-4.1\/D-91_PIC16_color_changer_v-4.1.c[_read_Custom#74" StructureKind="c/c++" NumEvents="162" CreationCount="157"/><InteractionEvent Delta="null" EndDate="2014-09-06 16:02:05.483 JST" Interest="10.121" Kind="manipulation" Navigation="null" OriginId="org.eclipse.mylyn.core.model.interest.decay.correction" StartDate="2014-09-06 11:37:21.933 JST" StructureHandle="=Embedded{D-90~\/D-91_PIC16_color_changer\/D-91_PIC16_color_changer_v-4.1\/D-91_PIC16_color_changer_v-4.1.c[_pulse#74(int" StructureKind="c/c++" NumEvents="2" CreationCount="103"/><InteractionEvent Delta="null" EndDate="2014-09-06 16:02:05.482 JST" Interest="3.0" Kind="selection" Navigation="null" OriginId="org.eclipse.ui.views.ContentOutline" StartDate="2014-09-05 22:55:44.180 JST" StructureHandle="=Embedded{D-90~\/D-91_PIC16_color_changer\/D-91_PIC16_color_changer_v-4.1\/D-91_PIC16_color_changer_v-4.1.c[_pulse#74(int" StructureKind="c/c++" NumEvents="3" CreationCount="103"/><InteractionEvent Delta="null" EndDate="2014-09-06 16:02:41.792 JST" Interest="4.0" Kind="edit" Navigation="null" OriginId="org.eclipse.cdt.ui.editor.CEditor" StartDate="2014-09-06 16:02:06.263 JST" StructureHandle="=Embedded{D-90~\/D-91_PIC16_color_changer\/D-91_PIC16_color_changer_v-4.1\/D-91_PIC16_color_changer_v-4.1.c[_pulse#74(int" StructureKind="c/c++" NumEvents="4" CreationCount="103"/><InteractionEvent Delta="null" EndDate="2014-09-05 22:49:34.786 JST" Interest="1.0" Kind="selection" Navigation="null" OriginId="org.eclipse.ui.navigator.ProjectExplorer" StartDate="2014-09-05 22:49:34.786 JST" StructureHandle="/Embedded/D-9_PIC16F84A_First" StructureKind="resource"/><InteractionEvent Delta="null" EndDate="2014-09-06 16:47:39.235 JST" Interest="2.0" Kind="selection" Navigation="null" OriginId="org.eclipse.cdt.ui.editor.CEditor" StartDate="2014-09-05 22:45:35.173 JST" StructureHandle="=Embedded{D_85_16F84A_remote\/D_85_Remote_v_5_3_2b_Rcv\/D_85_Remote_v_5_3_2b_Rcv.c" StructureKind="c/c++" NumEvents="2" CreationCount="7"/><InteractionEvent Delta="null" EndDate="2014-09-07 09:42:37.530 JST" Interest="42.696003" Kind="propagation" Navigation="org.eclipse.mylyn.core.model.edges.containment" OriginId="org.eclipse.mylyn.core.model.interest.propagation" StartDate="2014-09-05 22:45:37.26 JST" StructureHandle="=Embedded{D_85_16F84A_remote\/D_85_Remote_v_5_3_2b_Rcv\/D_85_Remote_v_5_3_2b_Rcv.c" StructureKind="c/c++" NumEvents="47" CreationCount="7"/><InteractionEvent Delta="null" EndDate="2014-09-06 19:06:18.850 JST" Interest="7.0" Kind="prediction" Navigation="null" OriginId="org.eclipse.mylyn.resources.ui.interest.updater" StartDate="2014-09-06 11:36:56.540 JST" StructureHandle="/Embedded/D-90~/D-91_PIC16_color_changer/D-91_PIC16_color_changer_v-4.1/D-91_PIC16_color_changer_v-4.1.dbg" StructureKind="resource" NumEvents="7" CreationCount="150"/><InteractionEvent Delta="null" EndDate="2014-09-05 22:49:41.201 JST" Interest="1.0" Kind="propagation" Navigation="null" OriginId="org.eclipse.mylyn.resources.ui.interest.updater" StartDate="2014-09-05 22:49:41.201 JST" StructureHandle="/Embedded/D-90~/D-91_PIC16_color_changer/D-91_PIC16_color_changer_v-4.1/D-91_PIC16_color_changer_v-4.1.dbg" StructureKind="resource"/><InteractionEvent Delta="null" EndDate="2014-09-06 16:34:30.758 JST" Interest="1.0" Kind="selection" Navigation="null" OriginId="org.eclipse.ui.views.ContentOutline" StartDate="2014-09-06 16:34:30.758 JST" StructureHandle="=Embedded{D_85_16F84A_remote\/D_85_Remote_v_5_3_2b_Rcv\/D_85_Remote_v_5_3_2b_Rcv.c[data_code_b#76" StructureKind="c/c++"/><InteractionEvent Delta="null" EndDate="2014-09-07 09:46:16.165 JST" Interest="2.0" Kind="selection" Navigation="null" OriginId="org.eclipse.cdt.ui.editor.CEditor" StartDate="2014-09-07 09:46:13.170 JST" StructureHandle="=Embedded{D-90~\/D-91_PIC16_color_changer\/D-91_PIC16_color_changer_v-4.1\/D-91_PIC16_color_changer_v-4.1.c[_read_Custom#73(void" StructureKind="c/c++" NumEvents="2" CreationCount="2047"/><InteractionEvent Delta="null" EndDate="2014-09-07 09:46:15.41 JST" Interest="1.0" Kind="edit" Navigation="null" OriginId="org.eclipse.cdt.ui.editor.CEditor" StartDate="2014-09-07 09:46:15.41 JST" StructureHandle="=Embedded{D-90~\/D-91_PIC16_color_changer\/D-91_PIC16_color_changer_v-4.1\/D-91_PIC16_color_changer_v-4.1.c[_read_Custom#73(void" StructureKind="c/c++"/><InteractionEvent Delta="null" EndDate="2014-09-07 09:42:23.197 JST" Interest="1.0" Kind="selection" Navigation="null" OriginId="org.eclipse.ui.views.ContentOutline" StartDate="2014-09-07 09:42:23.197 JST" StructureHandle="=Embedded{D_85_16F84A_remote\/D_85_Remote_v_5_3_2b_Rcv\/D_85_Remote_v_5_3_2b_Rcv.c[data_code_a#76" StructureKind="c/c++"/><InteractionEvent Delta="null" EndDate="2014-09-06 11:40:05.647 JST" Interest="1.0" Kind="selection" Navigation="null" OriginId="org.eclipse.cdt.ui.editor.CEditor" StartDate="2014-09-06 11:40:05.647 JST" StructureHandle="=Embedded{D-90~\/D-91_PIC16_color_changer\/D-91_PIC16_color_changer_v-3.1\/D-91_PIC16_color_changer_v-3.1.c" StructureKind="c/c++"/><InteractionEvent Delta="null" EndDate="2014-09-06 15:49:00.307 JST" Interest="13.108001" Kind="propagation" Navigation="org.eclipse.mylyn.core.model.edges.containment" OriginId="org.eclipse.mylyn.core.model.interest.propagation" StartDate="2014-09-06 11:40:10.833 JST" StructureHandle="=Embedded{D-90~\/D-91_PIC16_color_changer\/D-91_PIC16_color_changer_v-3.1\/D-91_PIC16_color_changer_v-3.1.c" StructureKind="c/c++" NumEvents="9" CreationCount="211"/><InteractionEvent Delta="null" EndDate="2014-09-06 11:40:06.456 JST" Interest="1.0" Kind="edit" Navigation="null" OriginId="org.eclipse.cdt.ui.editor.CEditor" StartDate="2014-09-06 11:40:06.456 JST" StructureHandle="=Embedded{D-90~\/D-91_PIC16_color_changer\/D-91_PIC16_color_changer_v-3.1\/D-91_PIC16_color_changer_v-3.1.c" StructureKind="c/c++"/><InteractionEvent Delta="null" EndDate="2014-09-06 19:06:18.853 JST" Interest="7.0" Kind="prediction" Navigation="null" OriginId="org.eclipse.mylyn.resources.ui.interest.updater" StartDate="2014-09-06 11:36:56.543 JST" StructureHandle="/Embedded/D-90~/D-91_PIC16_color_changer/D-91_PIC16_color_changer_v-4.1/D-91_PIC16_color_changer_v-4.1_callertable.txt" StructureKind="resource" NumEvents="7" CreationCount="210"/><InteractionEvent Delta="null" EndDate="2014-09-05 22:49:41.207 JST" Interest="1.0" Kind="propagation" Navigation="null" OriginId="org.eclipse.mylyn.resources.ui.interest.updater" StartDate="2014-09-05 22:49:41.207 JST" StructureHandle="/Embedded/D-90~/D-91_PIC16_color_changer/D-91_PIC16_color_changer_v-4.1/D-91_PIC16_color_changer_v-4.1_callertable.txt" StructureKind="resource"/><InteractionEvent Delta="null" EndDate="2014-09-05 22:49:34.655 JST" Interest="2.0" Kind="selection" Navigation="null" OriginId="org.eclipse.ui.navigator.ProjectExplorer" StartDate="2014-09-05 22:46:43.66 JST" StructureHandle="/Embedded/D_85_16F84A_remote/D_85_16F84A_Remote_v_5_0" StructureKind="resource" NumEvents="2" CreationCount="36"/><InteractionEvent Delta="null" EndDate="2014-09-07 09:45:14.393 JST" Interest="32.0" Kind="selection" Navigation="null" OriginId="org.eclipse.ui.views.ContentOutline" StartDate="2014-09-05 22:49:59.789 JST" StructureHandle="=Embedded{D-90~\/D-91_PIC16_color_changer\/D-91_PIC16_color_changer_v-4.1\/D-91_PIC16_color_changer_v-4.1.c[interrupt#74(void" StructureKind="c/c++" NumEvents="32" CreationCount="56"/><InteractionEvent Delta="null" EndDate="2014-09-07 09:45:40.146 JST" Interest="224.0" Kind="edit" Navigation="null" OriginId="org.eclipse.cdt.ui.editor.CEditor" StartDate="2014-09-05 22:50:00.507 JST" StructureHandle="=Embedded{D-90~\/D-91_PIC16_color_changer\/D-91_PIC16_color_changer_v-4.1\/D-91_PIC16_color_changer_v-4.1.c[interrupt#74(void" StructureKind="c/c++" NumEvents="224" CreationCount="56"/><InteractionEvent Delta="null" EndDate="2014-09-06 11:37:52.405 JST" Interest="4.0" Kind="selection" Navigation="null" OriginId="org.eclipse.ui.views.ContentOutline" StartDate="2014-09-05 22:56:35.892 JST" StructureHandle="=Embedded{D-90~\/D-91_PIC16_color_changer\/D-91_PIC16_color_changer_v-4.1\/D-91_PIC16_color_changer_v-4.1.c[_response#74(void" StructureKind="c/c++" NumEvents="4" CreationCount="410"/><InteractionEvent Delta="null" EndDate="2014-09-06 11:37:59.501 JST" Interest="23.0" Kind="edit" Navigation="null" OriginId="org.eclipse.cdt.ui.editor.CEditor" StartDate="2014-09-05 22:56:38.703 JST" StructureHandle="=Embedded{D-90~\/D-91_PIC16_color_changer\/D-91_PIC16_color_changer_v-4.1\/D-91_PIC16_color_changer_v-4.1.c[_response#74(void" StructureKind="c/c++" NumEvents="23" CreationCount="410"/><InteractionEvent Delta="null" EndDate="2014-09-07 09:46:16.173 JST" Interest="1958.0" Kind="propagation" Navigation="null" OriginId="org.eclipse.cdt.ui.editor.CEditor" StartDate="2014-09-05 22:45:22.472 JST" StructureHandle="/Embedded" StructureKind="resource" NumEvents="1958" CreationCount="1"/><InteractionEvent Delta="null" EndDate="2014-09-07 09:42:41.573 JST" Interest="14.0" Kind="selection" Navigation="null" OriginId="org.eclipse.cdt.ui.editor.CEditor" StartDate="2014-09-05 22:49:44.540 JST" StructureHandle="/Embedded/D-90~/D-91_PIC16_color_changer/D-91_PIC16_color_changer_v-4.1/D-91_PIC16_color_changer_v-4.1.c" StructureKind="resource" NumEvents="14" CreationCount="45"/><InteractionEvent Delta="null" EndDate="2014-09-07 09:46:16.167 JST" Interest="869.0" Kind="propagation" Navigation="null" OriginId="org.eclipse.cdt.ui.editor.CEditor" StartDate="2014-09-05 22:49:41.206 JST" StructureHandle="/Embedded/D-90~/D-91_PIC16_color_changer/D-91_PIC16_color_changer_v-4.1/D-91_PIC16_color_changer_v-4.1.c" StructureKind="resource" NumEvents="869" CreationCount="45"/><InteractionEvent Delta="null" EndDate="2014-09-07 09:46:16.171 JST" Interest="909.0" Kind="edit" Navigation="null" OriginId="org.eclipse.cdt.ui.editor.CEditor" StartDate="2014-09-05 22:49:45.141 JST" StructureHandle="/Embedded/D-90~/D-91_PIC16_color_changer/D-91_PIC16_color_changer_v-4.1/D-91_PIC16_color_changer_v-4.1.c" StructureKind="resource" NumEvents="909" CreationCount="45"/></InteractionHistory>