<?xml version="1.0" encoding="UTF-8"?><InteractionHistory Id="local-77" Version="1"><InteractionEvent Delta="null" EndDate="2014-10-22 09:09:00.603 JST" Interest="1.0" Kind="prediction" Navigation="null" OriginId="org.eclipse.mylyn.resources.ui.interest.updater" StartDate="2014-10-22 09:09:00.603 JST" StructureHandle="/CR6_cake/app/tmp/cache/models/myapp_cake_model_default_langs" StructureKind="resource"/><InteractionEvent Delta="null" EndDate="2014-10-22 20:09:49.251 JST" Interest="180.353" Kind="propagation" Navigation="org.eclipse.mylyn.core.model.edges.containment" OriginId="org.eclipse.mylyn.core.model.interest.propagation" StartDate="2014-10-22 08:58:45.598 JST" StructureHandle="" StructureKind="c/c++" NumEvents="253" CreationCount="1"/><InteractionEvent Delta="null" EndDate="2014-10-22 20:09:49.251 JST" Interest="1.0" Kind="selection" Navigation="null" OriginId="org.eclipse.ui.views.ResourceNavigator" StartDate="2014-10-22 20:09:49.251 JST" StructureHandle="=CR6_cake" StructureKind="c/c++"/><InteractionEvent Delta="null" EndDate="2014-10-22 20:09:44.264 JST" Interest="179.353" Kind="propagation" Navigation="org.eclipse.mylyn.core.model.edges.containment" OriginId="org.eclipse.mylyn.core.model.interest.propagation" StartDate="2014-10-22 08:58:45.598 JST" StructureHandle="=CR6_cake" StructureKind="c/c++" NumEvents="252" CreationCount="1"/><InteractionEvent Delta="null" EndDate="2014-10-22 09:47:35.987 JST" Interest="14.0" Kind="selection" Navigation="null" OriginId="org.eclipse.php.editor" StartDate="2014-10-22 08:58:53.142 JST" StructureHandle="/CR6_cake/app/Controller/WordsController.php" StructureKind="resource" NumEvents="14" CreationCount="10"/><InteractionEvent Delta="null" EndDate="2014-10-22 20:09:44.262 JST" Interest="236.0" Kind="edit" Navigation="null" OriginId="org.eclipse.php.editor" StartDate="2014-10-22 08:58:53.894 JST" StructureHandle="/CR6_cake/app/Controller/WordsController.php" StructureKind="resource" NumEvents="236" CreationCount="10"/><InteractionEvent Delta="null" EndDate="2014-10-22 09:09:00.606 JST" Interest="1.0" Kind="propagation" Navigation="org.eclipse.mylyn.core.model.edges.containment" OriginId="org.eclipse.mylyn.core.model.interest.propagation" StartDate="2014-10-22 09:09:00.606 JST" StructureHandle="/CR6_cake/app/tmp" StructureKind="resource"/><InteractionEvent Delta="null" EndDate="2014-10-22 20:10:08.121 JST" Interest="1.0" Kind="selection" Navigation="null" OriginId="org.eclipse.ui.views.ResourceNavigator" StartDate="2014-10-22 20:10:08.121 JST" StructureHandle="/CR6_cake/app/View/Words/get__log.ctp" StructureKind="resource"/><InteractionEvent Delta="null" EndDate="2014-10-22 20:32:09.239 JST" Interest="749.0" Kind="propagation" Navigation="null" OriginId="org.eclipse.ui.DefaultTextEditor" StartDate="2014-10-22 08:58:45.598 JST" StructureHandle="/CR6_cake" StructureKind="resource" NumEvents="749" CreationCount="1"/><InteractionEvent Delta="null" EndDate="2014-10-22 09:45:13.119 JST" Interest="5.0" Kind="propagation" Navigation="null" OriginId="org.eclipse.php.editor" StartDate="2014-10-22 09:45:06.164 JST" StructureHandle="/Cake_NR5" StructureKind="resource" NumEvents="5" CreationCount="437"/><InteractionEvent Delta="null" EndDate="2014-10-22 09:09:00.606 JST" Interest="1.0" Kind="propagation" Navigation="org.eclipse.mylyn.core.model.edges.containment" OriginId="org.eclipse.mylyn.core.model.interest.propagation" StartDate="2014-10-22 09:09:00.606 JST" StructureHandle="/CR6_cake/app/tmp/cache" StructureKind="resource"/><InteractionEvent Delta="null" EndDate="2014-10-22 09:38:56.475 JST" Interest="6.0" Kind="selection" Navigation="null" OriginId="org.eclipse.php.editor" StartDate="2014-10-22 09:09:28.914 JST" StructureHandle="/CR6_cake/app/View/Texts/index.ctp" StructureKind="resource" NumEvents="6" CreationCount="136"/><InteractionEvent Delta="null" EndDate="2014-10-22 09:39:04.909 JST" Interest="12.0" Kind="edit" Navigation="null" OriginId="org.eclipse.php.editor" StartDate="2014-10-22 09:09:28.966 JST" StructureHandle="/CR6_cake/app/View/Texts/index.ctp" StructureKind="resource" NumEvents="12" CreationCount="136"/><InteractionEvent Delta="null" EndDate="2014-10-22 09:46:44.571 JST" Interest="3.0" Kind="selection" Navigation="null" OriginId="org.eclipse.php.editor" StartDate="2014-10-22 09:46:43.120 JST" StructureHandle="/CR6_cake/app/View/Elements/words/index_table_entries.ctp" StructureKind="resource" NumEvents="3" CreationCount="453"/><InteractionEvent Delta="null" EndDate="2014-10-22 09:47:34.596 JST" Interest="10.0" Kind="edit" Navigation="null" OriginId="org.eclipse.php.editor" StartDate="2014-10-22 09:46:44.662 JST" StructureHandle="/CR6_cake/app/View/Elements/words/index_table_entries.ctp" StructureKind="resource" NumEvents="10" CreationCount="453"/><InteractionEvent Delta="null" EndDate="2014-10-22 09:09:00.599 JST" Interest="1.0" Kind="prediction" Navigation="null" OriginId="org.eclipse.mylyn.resources.ui.interest.updater" StartDate="2014-10-22 09:09:00.599 JST" StructureHandle="/CR6_cake/app/tmp/cache/persistent/myapp_cake_core_file_map" StructureKind="resource"/><InteractionEvent Delta="null" EndDate="2014-10-22 09:11:24.246 JST" Interest="1.0" Kind="selection" Navigation="null" OriginId="org.eclipse.ui.views.ResourceNavigator" StartDate="2014-10-22 09:11:24.246 JST" StructureHandle="/CR6_cake/app/View/Elements/words" StructureKind="resource"/><InteractionEvent Delta="null" EndDate="2014-10-22 09:38:55.672 JST" Interest="60.616997" Kind="propagation" Navigation="org.eclipse.mylyn.core.model.edges.containment" OriginId="org.eclipse.mylyn.core.model.interest.propagation" StartDate="2014-10-22 09:11:26.539 JST" StructureHandle="/CR6_cake/app/View/Elements/words" StructureKind="resource" NumEvents="85" CreationCount="191"/><InteractionEvent Delta="null" EndDate="2014-10-22 20:10:11.930 JST" Interest="1.0" Kind="selection" Navigation="null" OriginId="org.eclipse.ui.views.ResourceNavigator" StartDate="2014-10-22 20:10:11.930 JST" StructureHandle="/CR6_cake/app/View/Users/add.ctp" StructureKind="resource"/><InteractionEvent Delta="null" EndDate="2014-10-22 09:45:06.163 JST" Interest="1.0" Kind="selection" Navigation="null" OriginId="org.eclipse.php.editor" StartDate="2014-10-22 09:45:06.163 JST" StructureHandle="/Cake_NR5/app/Controller/HistorysController.php" StructureKind="resource"/><InteractionEvent Delta="null" EndDate="2014-10-22 09:45:13.118 JST" Interest="4.0" Kind="edit" Navigation="null" OriginId="org.eclipse.php.editor" StartDate="2014-10-22 09:45:06.224 JST" StructureHandle="/Cake_NR5/app/Controller/HistorysController.php" StructureKind="resource" NumEvents="4" CreationCount="437"/><InteractionEvent Delta="null" EndDate="2014-10-22 20:13:19.931 JST" Interest="4.0" Kind="selection" Navigation="null" OriginId="org.eclipse.php.editor" StartDate="2014-10-22 20:10:13.179 JST" StructureHandle="/CR6_cake/app/View/Users/login.ctp" StructureKind="resource" NumEvents="4" CreationCount="497"/><InteractionEvent Delta="null" EndDate="2014-10-22 20:15:11.551 JST" Interest="21.0" Kind="edit" Navigation="null" OriginId="org.eclipse.php.editor" StartDate="2014-10-22 20:10:13.666 JST" StructureHandle="/CR6_cake/app/View/Users/login.ctp" StructureKind="resource" NumEvents="21" CreationCount="497"/><InteractionEvent Delta="null" EndDate="2014-10-22 20:10:10.717 JST" Interest="1.0" Kind="selection" Navigation="null" OriginId="org.eclipse.ui.views.ResourceNavigator" StartDate="2014-10-22 20:10:10.717 JST" StructureHandle="/CR6_cake/app/View/Users" StructureKind="resource"/><InteractionEvent Delta="null" EndDate="2014-10-22 20:15:11.551 JST" Interest="17.734001" Kind="propagation" Navigation="org.eclipse.mylyn.core.model.edges.containment" OriginId="org.eclipse.mylyn.core.model.interest.propagation" StartDate="2014-10-22 20:10:11.931 JST" StructureHandle="/CR6_cake/app/View/Users" StructureKind="resource" NumEvents="26" CreationCount="495"/><InteractionEvent Delta="null" EndDate="2014-10-22 09:45:13.119 JST" Interest="3.8" Kind="propagation" Navigation="org.eclipse.mylyn.core.model.edges.containment" OriginId="org.eclipse.mylyn.core.model.interest.propagation" StartDate="2014-10-22 09:45:06.164 JST" StructureHandle="/Cake_NR5/app" StructureKind="resource" NumEvents="5" CreationCount="437"/><InteractionEvent Delta="null" EndDate="2014-10-22 09:09:00.602 JST" Interest="1.0" Kind="prediction" Navigation="null" OriginId="org.eclipse.mylyn.resources.ui.interest.updater" StartDate="2014-10-22 09:09:00.602 JST" StructureHandle="/CR6_cake/app/tmp/cache/persistent/myapp_cake_core_cake_en-us" StructureKind="resource"/><InteractionEvent Delta="null" EndDate="2014-10-22 09:09:00.605 JST" Interest="1.0" Kind="propagation" Navigation="org.eclipse.mylyn.core.model.edges.containment" OriginId="org.eclipse.mylyn.core.model.interest.propagation" StartDate="2014-10-22 09:09:00.605 JST" StructureHandle="/CR6_cake/app/tmp/cache/persistent" StructureKind="resource"/><InteractionEvent Delta="null" EndDate="2014-10-22 20:22:19.811 JST" Interest="3.0" Kind="selection" Navigation="null" OriginId="org.eclipse.ui.views.ResourceNavigator" StartDate="2014-10-22 20:12:32.235 JST" StructureHandle="/CR6_cake/app/webroot/css/main.css" StructureKind="resource" NumEvents="3" CreationCount="535"/><InteractionEvent Delta="null" EndDate="2014-10-22 20:12:40.562 JST" Interest="4.0" Kind="edit" Navigation="null" OriginId="org.eclipse.wst.css.core.csssource.source" StartDate="2014-10-22 20:12:33.430 JST" StructureHandle="/CR6_cake/app/webroot/css/main.css" StructureKind="resource" NumEvents="4" CreationCount="535"/><InteractionEvent Delta="null" EndDate="2014-10-22 08:58:48.722 JST" Interest="2.0" Kind="selection" Navigation="null" OriginId="org.eclipse.ui.views.ResourceNavigator" StartDate="2014-10-22 08:58:48.721 JST" StructureHandle="/CR6_cake/lib" StructureKind="resource" NumEvents="2" CreationCount="4"/><InteractionEvent Delta="null" EndDate="2014-10-22 20:09:55.430 JST" Interest="2.0" Kind="selection" Navigation="null" OriginId="org.eclipse.ui.views.ResourceNavigator" StartDate="2014-10-22 09:09:02.690 JST" StructureHandle="/CR6_cake/app/View" StructureKind="resource" NumEvents="2" CreationCount="124"/><InteractionEvent Delta="null" EndDate="2014-10-22 20:22:44.814 JST" Interest="87.488" Kind="propagation" Navigation="org.eclipse.mylyn.core.model.edges.containment" OriginId="org.eclipse.mylyn.core.model.interest.propagation" StartDate="2014-10-22 09:09:04.859 JST" StructureHandle="/CR6_cake/app/View" StructureKind="resource" NumEvents="124" CreationCount="124"/><InteractionEvent Delta="null" EndDate="2014-10-22 20:22:36.983 JST" Interest="7.0" Kind="selection" Navigation="null" OriginId="org.eclipse.php.editor" StartDate="2014-10-22 20:09:59.684 JST" StructureHandle="/CR6_cake/app/View/Words/add.ctp" StructureKind="resource" NumEvents="7" CreationCount="488"/><InteractionEvent Delta="null" EndDate="2014-10-22 20:22:44.812 JST" Interest="109.0" Kind="edit" Navigation="null" OriginId="org.eclipse.php.editor" StartDate="2014-10-22 20:10:00.209 JST" StructureHandle="/CR6_cake/app/View/Words/add.ctp" StructureKind="resource" NumEvents="109" CreationCount="488"/><InteractionEvent Delta="null" EndDate="2014-10-22 09:09:00.604 JST" Interest="1.0" Kind="prediction" Navigation="null" OriginId="org.eclipse.mylyn.resources.ui.interest.updater" StartDate="2014-10-22 09:09:00.604 JST" StructureHandle="/CR6_cake/app/tmp/cache/models/myapp_cake_model_default_development_sqlite3_list" StructureKind="resource"/><InteractionEvent Delta="null" EndDate="2014-10-22 09:46:36.235 JST" Interest="4.0" Kind="selection" Navigation="null" OriginId="org.eclipse.ui.views.ResourceNavigator" StartDate="2014-10-22 09:38:39.903 JST" StructureHandle="/CR6_cake/app/View/Elements/words/index_pagination_2.ctp" StructureKind="resource" NumEvents="4" CreationCount="389"/><InteractionEvent Delta="null" EndDate="2014-10-22 09:38:54.101 JST" Interest="7.0" Kind="edit" Navigation="null" OriginId="org.eclipse.php.editor" StartDate="2014-10-22 09:38:40.402 JST" StructureHandle="/CR6_cake/app/View/Elements/words/index_pagination_2.ctp" StructureKind="resource" NumEvents="7" CreationCount="389"/><InteractionEvent Delta="null" EndDate="2014-10-22 09:11:20.985 JST" Interest="2.0" Kind="selection" Navigation="null" OriginId="org.eclipse.ui.views.ResourceNavigator" StartDate="2014-10-22 09:11:19.954 JST" StructureHandle="/CR6_cake/app/View/Elements" StructureKind="resource" NumEvents="2" CreationCount="188"/><InteractionEvent Delta="null" EndDate="2014-10-22 09:38:55.672 JST" Interest="59.668" Kind="propagation" Navigation="org.eclipse.mylyn.core.model.edges.containment" OriginId="org.eclipse.mylyn.core.model.interest.propagation" StartDate="2014-10-22 09:11:27.726 JST" StructureHandle="/CR6_cake/app/View/Elements" StructureKind="resource" NumEvents="84" CreationCount="188"/><InteractionEvent Delta="null" EndDate="2014-10-22 20:31:59.239 JST" Interest="5.0" Kind="selection" Navigation="null" OriginId="org.eclipse.ui.views.ResourceNavigator" StartDate="2014-10-22 20:22:24.72 JST" StructureHandle="/CR6_cake/app/View/Texts/add.ctp" StructureKind="resource" NumEvents="5" CreationCount="634"/><InteractionEvent Delta="null" EndDate="2014-10-22 20:27:38.452 JST" Interest="97.0" Kind="edit" Navigation="null" OriginId="org.eclipse.php.editor" StartDate="2014-10-22 20:22:25.44 JST" StructureHandle="/CR6_cake/app/View/Texts/add.ctp" StructureKind="resource" NumEvents="97" CreationCount="634"/><InteractionEvent Delta="null" EndDate="2014-10-22 09:44:00.66 JST" Interest="10.0" Kind="selection" Navigation="null" OriginId="org.eclipse.php.editor" StartDate="2014-10-22 09:07:22.119 JST" StructureHandle="/CR6_cake/app/Controller/TextsController.php" StructureKind="resource" NumEvents="10" CreationCount="70"/><InteractionEvent Delta="null" EndDate="2014-10-22 09:44:57.909 JST" Interest="22.0" Kind="edit" Navigation="null" OriginId="org.eclipse.php.editor" StartDate="2014-10-22 09:07:22.199 JST" StructureHandle="/CR6_cake/app/Controller/TextsController.php" StructureKind="resource" NumEvents="22" CreationCount="70"/><InteractionEvent Delta="null" EndDate="2014-10-22 20:31:59.537 JST" Interest="3.0" Kind="selection" Navigation="null" OriginId="org.eclipse.ui.views.ResourceNavigator" StartDate="2014-10-22 09:09:27.727 JST" StructureHandle="/CR6_cake/app/View/Texts" StructureKind="resource" NumEvents="3" CreationCount="135"/><InteractionEvent Delta="null" EndDate="2014-10-22 20:31:59.240 JST" Interest="79.383" Kind="propagation" Navigation="org.eclipse.mylyn.core.model.edges.containment" OriginId="org.eclipse.mylyn.core.model.interest.propagation" StartDate="2014-10-22 09:09:28.915 JST" StructureHandle="/CR6_cake/app/View/Texts" StructureKind="resource" NumEvents="112" CreationCount="135"/><InteractionEvent Delta="null" EndDate="2014-10-22 20:09:47.86 JST" Interest="2.0" Kind="selection" Navigation="null" OriginId="org.eclipse.ui.views.ResourceNavigator" StartDate="2014-10-22 20:09:44.715 JST" StructureHandle="/Cake_SL3/.travis.yml" StructureKind="resource" NumEvents="2" CreationCount="480"/><InteractionEvent Delta="null" EndDate="2014-10-22 20:12:30.582 JST" Interest="1.0" Kind="selection" Navigation="null" OriginId="org.eclipse.ui.views.ResourceNavigator" StartDate="2014-10-22 20:12:30.582 JST" StructureHandle="/CR6_cake/app/webroot/css" StructureKind="resource"/><InteractionEvent Delta="null" EndDate="2014-10-22 20:22:19.812 JST" Interest="4.8170004" Kind="propagation" Navigation="org.eclipse.mylyn.core.model.edges.containment" OriginId="org.eclipse.mylyn.core.model.interest.propagation" StartDate="2014-10-22 20:12:32.236 JST" StructureHandle="/CR6_cake/app/webroot/css" StructureKind="resource" NumEvents="7" CreationCount="534"/><InteractionEvent Delta="null" EndDate="2014-10-22 09:09:00.598 JST" Interest="1.0" Kind="prediction" Navigation="null" OriginId="org.eclipse.mylyn.resources.ui.interest.updater" StartDate="2014-10-22 09:09:00.598 JST" StructureHandle="/CR6_cake/app/tmp/cache/persistent/myapp_cake_core_method_cache" StructureKind="resource"/><InteractionEvent Delta="null" EndDate="2014-10-22 09:09:00.600 JST" Interest="1.0" Kind="prediction" Navigation="null" OriginId="org.eclipse.mylyn.resources.ui.interest.updater" StartDate="2014-10-22 09:09:00.600 JST" StructureHandle="/CR6_cake/app/tmp/cache/persistent/myapp_cake_core_cake_dev_en-us" StructureKind="resource"/><InteractionEvent Delta="null" EndDate="2014-10-22 09:09:00.599 JST" Interest="1.0" Kind="prediction" Navigation="null" OriginId="org.eclipse.mylyn.resources.ui.interest.updater" StartDate="2014-10-22 09:09:00.599 JST" StructureHandle="/CR6_cake/app/tmp/cache/models/myapp_cake_model_default_words" StructureKind="resource"/><InteractionEvent Delta="null" EndDate="2014-10-22 20:32:09.239 JST" Interest="758.0" Kind="propagation" Navigation="null" OriginId="org.eclipse.ui.DefaultTextEditor" StartDate="2014-10-22 08:58:45.598 JST" StructureHandle="/" StructureKind="resource" NumEvents="758" CreationCount="1"/><InteractionEvent Delta="null" EndDate="2014-10-22 09:45:13.119 JST" Interest="3.8" Kind="propagation" Navigation="org.eclipse.mylyn.core.model.edges.containment" OriginId="org.eclipse.mylyn.core.model.interest.propagation" StartDate="2014-10-22 09:45:06.164 JST" StructureHandle="=Cake_NR5" StructureKind="c/c++" NumEvents="5" CreationCount="437"/><InteractionEvent Delta="null" EndDate="2014-10-22 20:09:58.252 JST" Interest="2.0" Kind="selection" Navigation="null" OriginId="org.eclipse.ui.views.ResourceNavigator" StartDate="2014-10-22 09:09:04.858 JST" StructureHandle="/CR6_cake/app/View/Words" StructureKind="resource" NumEvents="2" CreationCount="125"/><InteractionEvent Delta="null" EndDate="2014-10-22 20:22:44.813 JST" Interest="87.47099" Kind="propagation" Navigation="org.eclipse.mylyn.core.model.edges.containment" OriginId="org.eclipse.mylyn.core.model.interest.propagation" StartDate="2014-10-22 09:09:07.15 JST" StructureHandle="/CR6_cake/app/View/Words" StructureKind="resource" NumEvents="122" CreationCount="125"/><InteractionEvent Delta="null" EndDate="2014-10-22 09:09:00.610 JST" Interest="1.0" Kind="propagation" Navigation="org.eclipse.mylyn.core.model.edges.containment" OriginId="org.eclipse.mylyn.core.model.interest.propagation" StartDate="2014-10-22 09:09:00.610 JST" StructureHandle="/CR6_cake/app/tmp/cache/models" StructureKind="resource"/><InteractionEvent Delta="null" EndDate="2014-10-22 08:58:51.262 JST" Interest="2.0" Kind="selection" Navigation="null" OriginId="org.eclipse.ui.views.ResourceNavigator" StartDate="2014-10-22 08:58:51.261 JST" StructureHandle="/CR6_cake/app/Controller" StructureKind="resource" NumEvents="2" CreationCount="8"/><InteractionEvent Delta="null" EndDate="2014-10-22 20:09:44.263 JST" Interest="177.234" Kind="propagation" Navigation="org.eclipse.mylyn.core.model.edges.containment" OriginId="org.eclipse.mylyn.core.model.interest.propagation" StartDate="2014-10-22 08:58:53.144 JST" StructureHandle="/CR6_cake/app/Controller" StructureKind="resource" NumEvents="249" CreationCount="8"/><InteractionEvent Delta="null" EndDate="2014-10-22 20:09:47.151 JST" Interest="2.0" Kind="selection" Navigation="null" OriginId="org.eclipse.ui.views.ResourceNavigator" StartDate="2014-10-22 20:09:47.97 JST" StructureHandle="=Cake_SL3" StructureKind="c/c++" NumEvents="2" CreationCount="480"/><InteractionEvent Delta="null" EndDate="2014-10-22 20:09:47.86 JST" Interest="2.0" Kind="propagation" Navigation="org.eclipse.mylyn.core.model.edges.containment" OriginId="org.eclipse.mylyn.core.model.interest.propagation" StartDate="2014-10-22 20:09:44.716 JST" StructureHandle="=Cake_SL3" StructureKind="c/c++" NumEvents="2" CreationCount="480"/><InteractionEvent Delta="null" EndDate="2014-10-22 20:12:25.784 JST" Interest="1.0" Kind="selection" Navigation="null" OriginId="org.eclipse.ui.views.ResourceNavigator" StartDate="2014-10-22 20:12:25.784 JST" StructureHandle="/CR6_cake/app/webroot" StructureKind="resource"/><InteractionEvent Delta="null" EndDate="2014-10-22 20:22:19.812 JST" Interest="4.834" Kind="propagation" Navigation="org.eclipse.mylyn.core.model.edges.containment" OriginId="org.eclipse.mylyn.core.model.interest.propagation" StartDate="2014-10-22 20:12:30.583 JST" StructureHandle="/CR6_cake/app/webroot" StructureKind="resource" NumEvents="8" CreationCount="533"/><InteractionEvent Delta="null" EndDate="2014-10-22 09:45:13.119 JST" Interest="3.8" Kind="propagation" Navigation="org.eclipse.mylyn.core.model.edges.containment" OriginId="org.eclipse.mylyn.core.model.interest.propagation" StartDate="2014-10-22 09:45:06.163 JST" StructureHandle="/Cake_NR5/app/Controller" StructureKind="resource" NumEvents="5" CreationCount="437"/><InteractionEvent Delta="null" EndDate="2014-10-22 20:09:53.130 JST" Interest="6.0" Kind="selection" Navigation="null" OriginId="org.eclipse.ui.views.ResourceNavigator" StartDate="2014-10-22 08:58:45.598 JST" StructureHandle="/CR6_cake/app" StructureKind="resource" NumEvents="6" CreationCount="1"/><InteractionEvent Delta="null" EndDate="2014-10-22 20:09:44.264 JST" Interest="174.353" Kind="propagation" Navigation="org.eclipse.mylyn.core.model.edges.containment" OriginId="org.eclipse.mylyn.core.model.interest.propagation" StartDate="2014-10-22 08:59:00.668 JST" StructureHandle="/CR6_cake/app" StructureKind="resource" NumEvents="247" CreationCount="1"/><InteractionEvent Delta="null" EndDate="2014-10-22 09:11:22.170 JST" Interest="1.0" Kind="selection" Navigation="null" OriginId="org.eclipse.ui.views.ResourceNavigator" StartDate="2014-10-22 09:11:22.170 JST" StructureHandle="/CR6_cake/app/View/Elements/texts" StructureKind="resource"/><InteractionEvent Delta="null" EndDate="2014-10-22 20:12:23.386 JST" Interest="11.0" Kind="selection" Navigation="null" OriginId="org.eclipse.ui.views.ResourceNavigator" StartDate="2014-10-22 09:09:07.14 JST" StructureHandle="/CR6_cake/app/View/Words/index.ctp" StructureKind="resource" NumEvents="11" CreationCount="126"/><InteractionEvent Delta="null" EndDate="2014-10-22 09:45:58.607 JST" Interest="39.0" Kind="edit" Navigation="null" OriginId="org.eclipse.php.editor" StartDate="2014-10-22 09:09:10.30 JST" StructureHandle="/CR6_cake/app/View/Words/index.ctp" StructureKind="resource" NumEvents="39" CreationCount="126"/><InteractionEvent Delta="null" EndDate="2014-10-22 09:38:55.640 JST" Interest="7.0" Kind="selection" Navigation="null" OriginId="org.eclipse.php.editor" StartDate="2014-10-22 09:11:26.539 JST" StructureHandle="/CR6_cake/app/View/Elements/words/index_table_header.ctp" StructureKind="resource" NumEvents="7" CreationCount="192"/><InteractionEvent Delta="null" EndDate="2014-10-22 09:38:55.671 JST" Interest="78.0" Kind="edit" Navigation="null" OriginId="org.eclipse.php.editor" StartDate="2014-10-22 09:11:30.640 JST" StructureHandle="/CR6_cake/app/View/Elements/words/index_table_header.ctp" StructureKind="resource" NumEvents="78" CreationCount="192"/><InteractionEvent Delta="null" EndDate="2014-10-22 20:09:47.151 JST" Interest="4.0" Kind="propagation" Navigation="null" OriginId="org.eclipse.ui.views.ResourceNavigator" StartDate="2014-10-22 20:09:44.716 JST" StructureHandle="/Cake_SL3" StructureKind="resource" NumEvents="4" CreationCount="480"/><InteractionEvent Delta="null" EndDate="2014-10-22 20:32:02.997 JST" Interest="2.0" Kind="selection" Navigation="null" OriginId="org.eclipse.ui.DefaultTextEditor" StartDate="2014-10-22 20:32:02.770 JST" StructureHandle="/CR6_cake/.gitignore" StructureKind="resource" NumEvents="2" CreationCount="746"/><InteractionEvent Delta="null" EndDate="2014-10-22 20:32:09.239 JST" Interest="4.0" Kind="edit" Navigation="null" OriginId="org.eclipse.ui.DefaultTextEditor" StartDate="2014-10-22 20:32:03.25 JST" StructureHandle="/CR6_cake/.gitignore" StructureKind="resource" NumEvents="4" CreationCount="746"/></InteractionHistory>