<?xml version="1.0" encoding="UTF-8"?><InteractionHistory Id="local-17" Version="1"><InteractionEvent Delta="null" EndDate="2014-09-08 10:09:18.49 JST" Interest="24.699999" Kind="propagation" Navigation="org.eclipse.mylyn.core.model.edges.containment" OriginId="org.eclipse.mylyn.core.model.interest.propagation" StartDate="2014-09-08 10:08:31.44 JST" StructureHandle="" StructureKind="c/c++" NumEvents="30" CreationCount="1"/><InteractionEvent Delta="null" EndDate="2014-09-08 10:09:18.47 JST" Interest="24.699999" Kind="propagation" Navigation="org.eclipse.mylyn.core.model.edges.containment" OriginId="org.eclipse.mylyn.core.model.interest.propagation" StartDate="2014-09-08 10:08:31.42 JST" StructureHandle="/Embedded/D-90~/D-91_PIC16_color_changer/D-91_PIC16_color_changer_v-4.1" StructureKind="resource" NumEvents="28" CreationCount="1"/><InteractionEvent Delta="null" EndDate="2014-09-08 10:08:34.662 JST" Interest="2.0" Kind="selection" Navigation="null" OriginId="org.eclipse.cdt.ui.editor.CEditor" StartDate="2014-09-08 10:08:31.139 JST" StructureHandle="=Embedded{D-90~\/D-91_PIC16_color_changer\/D-91_PIC16_color_changer_v-4.1\/D-91_PIC16_color_changer_v-4.1.c[TIME_OUT#79" StructureKind="c/c++" NumEvents="2" CreationCount="2"/><InteractionEvent Delta="null" EndDate="2014-09-08 10:09:18.48 JST" Interest="24.699999" Kind="propagation" Navigation="org.eclipse.mylyn.core.model.edges.containment" OriginId="org.eclipse.mylyn.core.model.interest.propagation" StartDate="2014-09-08 10:08:31.43 JST" StructureHandle="/Embedded/D-90~" StructureKind="resource" NumEvents="30" CreationCount="1"/><InteractionEvent Delta="null" EndDate="2014-09-08 10:08:34.349 JST" Interest="3.0" Kind="propagation" Navigation="null" OriginId="org.eclipse.cdt.ui.editor.CEditor" StartDate="2014-09-08 10:08:33.571 JST" StructureHandle="/Embedded/D-90~/D-91_PIC16_color_changer/D-91_PIC16_color_changer_v-3.1/D-91_PIC16_color_changer_v-3.1.c" StructureKind="resource" NumEvents="3" CreationCount="4"/><InteractionEvent Delta="null" EndDate="2014-09-08 10:08:33.527 JST" Interest="1.0" Kind="selection" Navigation="null" OriginId="org.eclipse.cdt.ui.editor.CEditor" StartDate="2014-09-08 10:08:33.527 JST" StructureHandle="/Embedded/D-90~/D-91_PIC16_color_changer/D-91_PIC16_color_changer_v-3.1/D-91_PIC16_color_changer_v-3.1.c" StructureKind="resource"/><InteractionEvent Delta="null" EndDate="2014-09-08 10:08:34.351 JST" Interest="3.0" Kind="edit" Navigation="null" OriginId="org.eclipse.cdt.ui.editor.CEditor" StartDate="2014-09-08 10:08:33.574 JST" StructureHandle="/Embedded/D-90~/D-91_PIC16_color_changer/D-91_PIC16_color_changer_v-3.1/D-91_PIC16_color_changer_v-3.1.c" StructureKind="resource" NumEvents="3" CreationCount="4"/><InteractionEvent Delta="null" EndDate="2014-09-08 10:08:35.813 JST" Interest="1.0" Kind="selection" Navigation="null" OriginId="org.eclipse.cdt.ui.editor.CEditor" StartDate="2014-09-08 10:08:35.813 JST" StructureHandle="=Embedded{D-90~\/D-91_PIC16_color_changer\/D-91_PIC16_color_changer_v-4.1\/D-91_PIC16_color_changer_v-4.1.c" StructureKind="c/c++"/><InteractionEvent Delta="null" EndDate="2014-09-08 10:09:18.43 JST" Interest="4.038" Kind="propagation" Navigation="org.eclipse.mylyn.core.model.edges.containment" OriginId="org.eclipse.mylyn.core.model.interest.propagation" StartDate="2014-09-08 10:08:31.182 JST" StructureHandle="=Embedded{D-90~\/D-91_PIC16_color_changer\/D-91_PIC16_color_changer_v-4.1\/D-91_PIC16_color_changer_v-4.1.c" StructureKind="c/c++" NumEvents="6" CreationCount="2"/><InteractionEvent Delta="null" EndDate="2014-09-08 10:09:18.49 JST" Interest="35.0" Kind="propagation" Navigation="org.eclipse.mylyn.core.model.edges.containment" OriginId="org.eclipse.mylyn.core.model.interest.propagation" StartDate="2014-09-08 10:08:31.44 JST" StructureHandle="/" StructureKind="resource" NumEvents="35" CreationCount="1"/><InteractionEvent Delta="null" EndDate="2014-09-08 10:08:34.352 JST" Interest="6.1000004" Kind="propagation" Navigation="org.eclipse.mylyn.core.model.edges.containment" OriginId="org.eclipse.mylyn.core.model.interest.propagation" StartDate="2014-09-08 10:08:33.528 JST" StructureHandle="/Embedded/D-90~/D-91_PIC16_color_changer/D-91_PIC16_color_changer_v-3.1" StructureKind="resource" NumEvents="7" CreationCount="4"/><InteractionEvent Delta="null" EndDate="2014-09-08 10:09:18.48 JST" Interest="24.699999" Kind="propagation" Navigation="org.eclipse.mylyn.core.model.edges.containment" OriginId="org.eclipse.mylyn.core.model.interest.propagation" StartDate="2014-09-08 10:08:31.43 JST" StructureHandle="/Embedded/D-90~/D-91_PIC16_color_changer" StructureKind="resource" NumEvents="30" CreationCount="1"/><InteractionEvent Delta="null" EndDate="2014-09-08 10:08:41.861 JST" Interest="1.0" Kind="selection" Navigation="null" OriginId="org.eclipse.ui.views.ContentOutline" StartDate="2014-09-08 10:08:41.861 JST" StructureHandle="=Embedded{D-90~\/D-91_PIC16_color_changer\/D-91_PIC16_color_changer_v-4.1\/D-91_PIC16_color_changer_v-4.1.c[main#74(void" StructureKind="c/c++"/><InteractionEvent Delta="null" EndDate="2014-09-08 10:08:49.508 JST" Interest="4.0" Kind="edit" Navigation="null" OriginId="org.eclipse.cdt.ui.editor.CEditor" StartDate="2014-09-08 10:08:42.514 JST" StructureHandle="=Embedded{D-90~\/D-91_PIC16_color_changer\/D-91_PIC16_color_changer_v-4.1\/D-91_PIC16_color_changer_v-4.1.c[main#74(void" StructureKind="c/c++" NumEvents="4" CreationCount="18"/><InteractionEvent Delta="null" EndDate="2014-09-08 10:08:33.570 JST" Interest="1.0" Kind="selection" Navigation="null" OriginId="org.eclipse.cdt.ui.editor.CEditor" StartDate="2014-09-08 10:08:33.570 JST" StructureHandle="=Embedded{D-90~\/D-91_PIC16_color_changer\/D-91_PIC16_color_changer_v-3.1\/D-91_PIC16_color_changer_v-3.1.c" StructureKind="c/c++"/><InteractionEvent Delta="null" EndDate="2014-09-08 10:08:34.348 JST" Interest="2.0" Kind="edit" Navigation="null" OriginId="org.eclipse.cdt.ui.editor.CEditor" StartDate="2014-09-08 10:08:33.603 JST" StructureHandle="=Embedded{D-90~\/D-91_PIC16_color_changer\/D-91_PIC16_color_changer_v-3.1\/D-91_PIC16_color_changer_v-3.1.c" StructureKind="c/c++" NumEvents="2" CreationCount="5"/><InteractionEvent Delta="null" EndDate="2014-09-08 10:08:54.705 JST" Interest="2.0" Kind="selection" Navigation="null" OriginId="org.eclipse.ui.views.ContentOutline" StartDate="2014-09-08 10:08:38.90 JST" StructureHandle="=Embedded{D-90~\/D-91_PIC16_color_changer\/D-91_PIC16_color_changer_v-4.1\/D-91_PIC16_color_changer_v-4.1.c[interrupt#74(void" StructureKind="c/c++" NumEvents="2" CreationCount="16"/><InteractionEvent Delta="null" EndDate="2014-09-08 10:09:18.42 JST" Interest="4.0" Kind="edit" Navigation="null" OriginId="org.eclipse.cdt.ui.editor.CEditor" StartDate="2014-09-08 10:08:58.426 JST" StructureHandle="=Embedded{D-90~\/D-91_PIC16_color_changer\/D-91_PIC16_color_changer_v-4.1\/D-91_PIC16_color_changer_v-4.1.c[interrupt#74(void" StructureKind="c/c++" NumEvents="4" CreationCount="16"/><InteractionEvent Delta="null" EndDate="2014-09-08 10:09:18.49 JST" Interest="24.699999" Kind="propagation" Navigation="org.eclipse.mylyn.core.model.edges.containment" OriginId="org.eclipse.mylyn.core.model.interest.propagation" StartDate="2014-09-08 10:08:31.44 JST" StructureHandle="=Embedded" StructureKind="c/c++" NumEvents="30" CreationCount="1"/><InteractionEvent Delta="null" EndDate="2014-09-08 10:09:18.49 JST" Interest="35.0" Kind="propagation" Navigation="null" OriginId="org.eclipse.cdt.ui.editor.CEditor" StartDate="2014-09-08 10:08:31.44 JST" StructureHandle="/Embedded" StructureKind="resource" NumEvents="35" CreationCount="1"/><InteractionEvent Delta="null" EndDate="2014-09-08 10:08:41.86 JST" Interest="1.0" Kind="selection" Navigation="null" OriginId="org.eclipse.ui.views.ContentOutline" StartDate="2014-09-08 10:08:41.86 JST" StructureHandle="=Embedded{D-90~\/D-91_PIC16_color_changer\/D-91_PIC16_color_changer_v-4.1\/D-91_PIC16_color_changer_v-4.1.c[_main_Setup#74" StructureKind="c/c++"/><InteractionEvent Delta="null" EndDate="2014-09-08 10:09:18.43 JST" Interest="15.0" Kind="propagation" Navigation="null" OriginId="org.eclipse.cdt.ui.editor.CEditor" StartDate="2014-09-08 10:08:31.183 JST" StructureHandle="/Embedded/D-90~/D-91_PIC16_color_changer/D-91_PIC16_color_changer_v-4.1/D-91_PIC16_color_changer_v-4.1.c" StructureKind="resource" NumEvents="15" CreationCount="1"/><InteractionEvent Delta="null" EndDate="2014-09-08 10:08:34.542 JST" Interest="2.0" Kind="selection" Navigation="null" OriginId="org.eclipse.cdt.ui.editor.CEditor" StartDate="2014-09-08 10:08:31.19 JST" StructureHandle="/Embedded/D-90~/D-91_PIC16_color_changer/D-91_PIC16_color_changer_v-4.1/D-91_PIC16_color_changer_v-4.1.c" StructureKind="resource" NumEvents="2" CreationCount="1"/><InteractionEvent Delta="null" EndDate="2014-09-08 10:09:18.46 JST" Interest="11.0" Kind="edit" Navigation="null" OriginId="org.eclipse.cdt.ui.editor.CEditor" StartDate="2014-09-08 10:08:31.196 JST" StructureHandle="/Embedded/D-90~/D-91_PIC16_color_changer/D-91_PIC16_color_changer_v-4.1/D-91_PIC16_color_changer_v-4.1.c" StructureKind="resource" NumEvents="11" CreationCount="1"/></InteractionHistory>