<?xml version="1.0" encoding="UTF-8"?><InteractionHistory Id="local-63" Version="1"><InteractionEvent Delta="null" EndDate="2014-10-15 11:24:23.154 JST" Interest="94.492" Kind="propagation" Navigation="org.eclipse.mylyn.core.model.edges.containment" OriginId="org.eclipse.mylyn.core.model.interest.propagation" StartDate="2014-10-15 10:42:28.105 JST" StructureHandle="" StructureKind="c/c++" NumEvents="141" CreationCount="1"/><InteractionEvent Delta="null" EndDate="2014-10-15 10:44:42.198 JST" Interest="1.0" Kind="selection" Navigation="null" OriginId="org.eclipse.ui.views.ResourceNavigator" StartDate="2014-10-15 10:44:42.198 JST" StructureHandle="/Cake_NR5/app/Plugin" StructureKind="resource"/><InteractionEvent Delta="null" EndDate="2014-10-15 10:48:01.8 JST" Interest="4.0" Kind="selection" Navigation="null" OriginId="org.eclipse.ui.views.ResourceNavigator" StartDate="2014-10-15 10:42:37.499 JST" StructureHandle="/Cake_NR5/app/View/Elements/layouts" StructureKind="resource" NumEvents="4" CreationCount="4"/><InteractionEvent Delta="null" EndDate="2014-10-15 10:43:52.82 JST" Interest="16.717" Kind="propagation" Navigation="org.eclipse.mylyn.core.model.edges.containment" OriginId="org.eclipse.mylyn.core.model.interest.propagation" StartDate="2014-10-15 10:42:38.571 JST" StructureHandle="/Cake_NR5/app/View/Elements/layouts" StructureKind="resource" NumEvents="24" CreationCount="4"/><InteractionEvent Delta="null" EndDate="2014-10-15 11:24:23.154 JST" Interest="486.0" Kind="propagation" Navigation="null" OriginId="org.eclipse.php.editor" StartDate="2014-10-15 10:42:28.104 JST" StructureHandle="/Cake_NR5" StructureKind="resource" NumEvents="486" CreationCount="1"/><InteractionEvent Delta="null" EndDate="2014-10-15 10:58:17.453 JST" Interest="1.0" Kind="selection" Navigation="null" OriginId="org.eclipse.ui.views.ResourceNavigator" StartDate="2014-10-15 10:58:17.453 JST" StructureHandle="/Cake_NR5/app/webroot" StructureKind="resource"/><InteractionEvent Delta="null" EndDate="2014-10-15 11:05:03.283 JST" Interest="54.751003" Kind="propagation" Navigation="org.eclipse.mylyn.core.model.edges.containment" OriginId="org.eclipse.mylyn.core.model.interest.propagation" StartDate="2014-10-15 10:58:26.793 JST" StructureHandle="/Cake_NR5/app/webroot" StructureKind="resource" NumEvents="79" CreationCount="307"/><InteractionEvent Delta="null" EndDate="2014-10-15 10:44:43.901 JST" Interest="3.0" Kind="selection" Navigation="null" OriginId="org.eclipse.ui.views.ResourceNavigator" StartDate="2014-10-15 10:42:31.788 JST" StructureHandle="/Cake_NR5/app/View" StructureKind="resource" NumEvents="3" CreationCount="2"/><InteractionEvent Delta="null" EndDate="2014-10-15 11:20:05.979 JST" Interest="58.426994" Kind="propagation" Navigation="org.eclipse.mylyn.core.model.edges.containment" OriginId="org.eclipse.mylyn.core.model.interest.propagation" StartDate="2014-10-15 10:42:35.306 JST" StructureHandle="/Cake_NR5/app/View" StructureKind="resource" NumEvents="85" CreationCount="2"/><InteractionEvent Delta="null" EndDate="2014-10-15 10:49:57.633 JST" Interest="1.0" Kind="selection" Navigation="null" OriginId="org.eclipse.ui.views.ResourceNavigator" StartDate="2014-10-15 10:49:57.633 JST" StructureHandle="/Cake_NR5/app/View/Elements/skimmedtokens" StructureKind="resource"/><InteractionEvent Delta="null" EndDate="2014-10-15 11:06:13.272 JST" Interest="15.0" Kind="selection" Navigation="null" OriginId="org.eclipse.php.editor" StartDate="2014-10-15 10:44:47.988 JST" StructureHandle="/Cake_NR5/app/View/Elements/eqs/index_t_entries.ctp" StructureKind="resource" NumEvents="15" CreationCount="54"/><InteractionEvent Delta="null" EndDate="2014-10-15 11:06:13.331 JST" Interest="56.0" Kind="edit" Navigation="null" OriginId="org.eclipse.php.editor" StartDate="2014-10-15 10:44:51.676 JST" StructureHandle="/Cake_NR5/app/View/Elements/eqs/index_t_entries.ctp" StructureKind="resource" NumEvents="56" CreationCount="54"/><InteractionEvent Delta="null" EndDate="2014-10-15 10:48:01.763 JST" Interest="4.0" Kind="selection" Navigation="null" OriginId="org.eclipse.ui.views.ResourceNavigator" StartDate="2014-10-15 10:42:35.305 JST" StructureHandle="/Cake_NR5/app/View/Elements" StructureKind="resource" NumEvents="4" CreationCount="3"/><InteractionEvent Delta="null" EndDate="2014-10-15 11:06:13.333 JST" Interest="51.067005" Kind="propagation" Navigation="org.eclipse.mylyn.core.model.edges.containment" OriginId="org.eclipse.mylyn.core.model.interest.propagation" StartDate="2014-10-15 10:42:37.501 JST" StructureHandle="/Cake_NR5/app/View/Elements" StructureKind="resource" NumEvents="72" CreationCount="3"/><InteractionEvent Delta="null" EndDate="2014-10-15 10:49:53.921 JST" Interest="1.0" Kind="selection" Navigation="null" OriginId="org.eclipse.ui.views.ResourceNavigator" StartDate="2014-10-15 10:49:53.921 JST" StructureHandle="/Cake_NR5/app/Controller/HistorysController.php" StructureKind="resource"/><InteractionEvent Delta="null" EndDate="2014-10-15 10:43:58.846 JST" Interest="1.0" Kind="selection" Navigation="null" OriginId="org.eclipse.ui.views.ResourceNavigator" StartDate="2014-10-15 10:43:58.846 JST" StructureHandle="/Cake_NR5/app/View/Eqs" StructureKind="resource"/><InteractionEvent Delta="null" EndDate="2014-10-15 11:20:05.979 JST" Interest="59.916996" Kind="propagation" Navigation="org.eclipse.mylyn.core.model.edges.containment" OriginId="org.eclipse.mylyn.core.model.interest.propagation" StartDate="2014-10-15 10:44:00.252 JST" StructureHandle="/Cake_NR5/app/View/Eqs" StructureKind="resource" NumEvents="81" CreationCount="32"/><InteractionEvent Delta="null" EndDate="2014-10-15 10:42:28.104 JST" Interest="1.0" Kind="selection" Navigation="null" OriginId="org.eclipse.ui.views.ResourceNavigator" StartDate="2014-10-15 10:42:28.104 JST" StructureHandle="/Cake_NR5/app" StructureKind="resource"/><InteractionEvent Delta="null" EndDate="2014-10-15 11:24:23.153 JST" Interest="93.492" Kind="propagation" Navigation="org.eclipse.mylyn.core.model.edges.containment" OriginId="org.eclipse.mylyn.core.model.interest.propagation" StartDate="2014-10-15 10:42:31.789 JST" StructureHandle="/Cake_NR5/app" StructureKind="resource" NumEvents="139" CreationCount="1"/><InteractionEvent Delta="null" EndDate="2014-10-15 10:48:03.268 JST" Interest="1.0" Kind="selection" Navigation="null" OriginId="org.eclipse.ui.views.ResourceNavigator" StartDate="2014-10-15 10:48:03.268 JST" StructureHandle="/Cake_NR5/app/View/Articles" StructureKind="resource"/><InteractionEvent Delta="null" EndDate="2014-10-15 10:58:28.411 JST" Interest="1.0" Kind="selection" Navigation="null" OriginId="org.eclipse.ui.views.ResourceNavigator" StartDate="2014-10-15 10:58:28.411 JST" StructureHandle="/Cake_NR5/app/webroot/css" StructureKind="resource"/><InteractionEvent Delta="null" EndDate="2014-10-15 11:05:03.283 JST" Interest="54.717003" Kind="propagation" Navigation="org.eclipse.mylyn.core.model.edges.containment" OriginId="org.eclipse.mylyn.core.model.interest.propagation" StartDate="2014-10-15 10:58:29.861 JST" StructureHandle="/Cake_NR5/app/webroot/css" StructureKind="resource" NumEvents="77" CreationCount="309"/><InteractionEvent Delta="null" EndDate="2014-10-15 10:59:29.724 JST" Interest="4.0" Kind="selection" Navigation="null" OriginId="org.eclipse.php.editor" StartDate="2014-10-15 10:42:38.571 JST" StructureHandle="/Cake_NR5/app/View/Elements/layouts/links.ctp" StructureKind="resource" NumEvents="4" CreationCount="5"/><InteractionEvent Delta="null" EndDate="2014-10-15 10:59:29.798 JST" Interest="22.0" Kind="edit" Navigation="null" OriginId="org.eclipse.php.editor" StartDate="2014-10-15 10:42:39.52 JST" StructureHandle="/Cake_NR5/app/View/Elements/layouts/links.ctp" StructureKind="resource" NumEvents="22" CreationCount="5"/><InteractionEvent Delta="null" EndDate="2014-10-15 10:48:03.602 JST" Interest="1.0" Kind="selection" Navigation="null" OriginId="org.eclipse.ui.views.ResourceNavigator" StartDate="2014-10-15 10:48:03.602 JST" StructureHandle="/Cake_NR5/.git" StructureKind="resource"/><InteractionEvent Delta="null" EndDate="2014-10-15 10:58:26.792 JST" Interest="1.0" Kind="selection" Navigation="null" OriginId="org.eclipse.ui.views.ResourceNavigator" StartDate="2014-10-15 10:58:26.792 JST" StructureHandle="/Cake_NR5/app/webroot/audio" StructureKind="resource"/><InteractionEvent Delta="null" EndDate="2014-10-15 10:58:13.798 JST" Interest="1.0" Kind="selection" Navigation="null" OriginId="org.eclipse.ui.views.ResourceNavigator" StartDate="2014-10-15 10:58:13.798 JST" StructureHandle="/Cake_NR5/app/View/Elements/tokens" StructureKind="resource"/><InteractionEvent Delta="null" EndDate="2014-10-15 11:24:23.154 JST" Interest="486.0" Kind="propagation" Navigation="org.eclipse.mylyn.core.model.edges.containment" OriginId="org.eclipse.mylyn.core.model.interest.propagation" StartDate="2014-10-15 10:42:28.105 JST" StructureHandle="/" StructureKind="resource" NumEvents="486" CreationCount="1"/><InteractionEvent Delta="null" EndDate="2014-10-15 11:24:23.154 JST" Interest="94.492" Kind="propagation" Navigation="org.eclipse.mylyn.core.model.edges.containment" OriginId="org.eclipse.mylyn.core.model.interest.propagation" StartDate="2014-10-15 10:42:28.104 JST" StructureHandle="=Cake_NR5" StructureKind="c/c++" NumEvents="141" CreationCount="1"/><InteractionEvent Delta="null" EndDate="2014-10-15 11:01:50.187 JST" Interest="6.0" Kind="selection" Navigation="null" OriginId="org.eclipse.wst.css.core.csssource.source" StartDate="2014-10-15 10:58:29.860 JST" StructureHandle="/Cake_NR5/app/webroot/css/main.css" StructureKind="resource" NumEvents="6" CreationCount="310"/><InteractionEvent Delta="null" EndDate="2014-10-15 11:05:03.282 JST" Interest="71.0" Kind="edit" Navigation="null" OriginId="org.eclipse.wst.css.core.csssource.source" StartDate="2014-10-15 10:58:32.738 JST" StructureHandle="/Cake_NR5/app/webroot/css/main.css" StructureKind="resource" NumEvents="71" CreationCount="310"/><InteractionEvent Delta="null" EndDate="2014-10-15 11:05:15.742 JST" Interest="10.0" Kind="selection" Navigation="null" OriginId="org.eclipse.php.editor" StartDate="2014-10-15 10:50:00.514 JST" StructureHandle="/Cake_NR5/app/View/Eqs/add.ctp" StructureKind="resource" NumEvents="10" CreationCount="201"/><InteractionEvent Delta="null" EndDate="2014-10-15 11:05:15.813 JST" Interest="67.0" Kind="edit" Navigation="null" OriginId="org.eclipse.php.editor" StartDate="2014-10-15 10:50:00.562 JST" StructureHandle="/Cake_NR5/app/View/Eqs/add.ctp" StructureKind="resource" NumEvents="67" CreationCount="201"/><InteractionEvent Delta="null" EndDate="2014-10-15 11:06:13.505 JST" Interest="14.0" Kind="selection" Navigation="null" OriginId="org.eclipse.php.editor" StartDate="2014-10-15 10:44:00.252 JST" StructureHandle="/Cake_NR5/app/View/Eqs/view.ctp" StructureKind="resource" NumEvents="14" CreationCount="33"/><InteractionEvent Delta="null" EndDate="2014-10-15 11:20:05.978 JST" Interest="67.0" Kind="edit" Navigation="null" OriginId="org.eclipse.php.editor" StartDate="2014-10-15 10:44:00.606 JST" StructureHandle="/Cake_NR5/app/View/Eqs/view.ctp" StructureKind="resource" NumEvents="67" CreationCount="33"/><InteractionEvent Delta="null" EndDate="2014-10-15 10:44:47.144 JST" Interest="2.0" Kind="selection" Navigation="null" OriginId="org.eclipse.ui.views.ResourceNavigator" StartDate="2014-10-15 10:43:54.323 JST" StructureHandle="/Cake_NR5/app/View/Elements/eqs" StructureKind="resource" NumEvents="2" CreationCount="30"/><InteractionEvent Delta="null" EndDate="2014-10-15 11:06:13.332 JST" Interest="52.608" Kind="propagation" Navigation="org.eclipse.mylyn.core.model.edges.containment" OriginId="org.eclipse.mylyn.core.model.interest.propagation" StartDate="2014-10-15 10:44:51.646 JST" StructureHandle="/Cake_NR5/app/View/Elements/eqs" StructureKind="resource" NumEvents="70" CreationCount="30"/><InteractionEvent Delta="null" EndDate="2014-10-15 10:48:05.62 JST" Interest="1.0" Kind="selection" Navigation="null" OriginId="org.eclipse.ui.views.ResourceNavigator" StartDate="2014-10-15 10:48:05.62 JST" StructureHandle="/Cake_NR5/app/Controller" StructureKind="resource"/><InteractionEvent Delta="null" EndDate="2014-10-15 11:24:23.153 JST" Interest="90.517" Kind="propagation" Navigation="org.eclipse.mylyn.core.model.edges.containment" OriginId="org.eclipse.mylyn.core.model.interest.propagation" StartDate="2014-10-15 10:48:06.328 JST" StructureHandle="/Cake_NR5/app/Controller" StructureKind="resource" NumEvents="126" CreationCount="176"/><InteractionEvent Delta="null" EndDate="2014-10-15 10:58:17.48 JST" Interest="1.0" Kind="selection" Navigation="null" OriginId="org.eclipse.ui.views.ResourceNavigator" StartDate="2014-10-15 10:58:17.48 JST" StructureHandle="/Cake_NR5/app/View/Videos" StructureKind="resource"/><InteractionEvent Delta="null" EndDate="2014-10-15 10:46:53.614 JST" Interest="1.0" Kind="selection" Navigation="null" OriginId="org.eclipse.ui.views.ResourceNavigator" StartDate="2014-10-15 10:46:53.614 JST" StructureHandle="/Cake_NR5/app/View/Elements/categories" StructureKind="resource"/><InteractionEvent Delta="null" EndDate="2014-10-15 10:46:56.64 JST" Interest="1.0" Kind="selection" Navigation="null" OriginId="org.eclipse.ui.views.ResourceNavigator" StartDate="2014-10-15 10:46:56.64 JST" StructureHandle="/Cake_NR5/app/View/Emails" StructureKind="resource"/><InteractionEvent Delta="null" EndDate="2014-10-15 11:24:23.128 JST" Interest="11.0" Kind="selection" Navigation="null" OriginId="org.eclipse.php.editor" StartDate="2014-10-15 10:48:06.327 JST" StructureHandle="/Cake_NR5/app/Controller/EqsController.php" StructureKind="resource" NumEvents="11" CreationCount="177"/><InteractionEvent Delta="null" EndDate="2014-10-15 11:24:23.152 JST" Interest="115.0" Kind="edit" Navigation="null" OriginId="org.eclipse.php.editor" StartDate="2014-10-15 10:48:06.839 JST" StructureHandle="/Cake_NR5/app/Controller/EqsController.php" StructureKind="resource" NumEvents="115" CreationCount="177"/></InteractionHistory>