<?xml version="1.0" encoding="UTF-8"?><InteractionHistory Id="local-64" Version="1"><InteractionEvent Delta="null" EndDate="2014-10-15 11:33:46.211 JST" Interest="32.366997" Kind="propagation" Navigation="org.eclipse.mylyn.core.model.edges.containment" OriginId="org.eclipse.mylyn.core.model.interest.propagation" StartDate="2014-10-15 11:24:36.172 JST" StructureHandle="" StructureKind="c/c++" NumEvents="48" CreationCount="1"/><InteractionEvent Delta="null" EndDate="2014-10-15 11:26:11.411 JST" Interest="4.0" Kind="selection" Navigation="null" OriginId="org.eclipse.php.editor" StartDate="2014-10-15 11:25:08.682 JST" StructureHandle="/Cake_NR5/app/Controller/KeywordsController.php" StructureKind="resource" NumEvents="4" CreationCount="12"/><InteractionEvent Delta="null" EndDate="2014-10-15 11:26:12.347 JST" Interest="10.0" Kind="edit" Navigation="null" OriginId="org.eclipse.php.editor" StartDate="2014-10-15 11:25:09.201 JST" StructureHandle="/Cake_NR5/app/Controller/KeywordsController.php" StructureKind="resource" NumEvents="10" CreationCount="12"/><InteractionEvent Delta="null" EndDate="2014-10-15 11:27:14.877 JST" Interest="3.0" Kind="selection" Navigation="null" OriginId="org.eclipse.ui.views.ResourceNavigator" StartDate="2014-10-15 11:25:21.429 JST" StructureHandle="/Cake_NR5/app/Controller/TEMPLATEController.php" StructureKind="resource" NumEvents="3" CreationCount="23"/><InteractionEvent Delta="null" EndDate="2014-10-15 11:26:04.863 JST" Interest="9.0" Kind="edit" Navigation="null" OriginId="org.eclipse.php.editor" StartDate="2014-10-15 11:25:21.801 JST" StructureHandle="/Cake_NR5/app/Controller/TEMPLATEController.php" StructureKind="resource" NumEvents="9" CreationCount="23"/><InteractionEvent Delta="null" EndDate="2014-10-15 11:26:12.865 JST" Interest="4.0" Kind="selection" Navigation="null" OriginId="org.eclipse.php.editor" StartDate="2014-10-15 11:25:04.201 JST" StructureHandle="/Cake_NR5/app/Controller/EqsController.php" StructureKind="resource" NumEvents="4" CreationCount="7"/><InteractionEvent Delta="null" EndDate="2014-10-15 11:27:14.689 JST" Interest="12.0" Kind="edit" Navigation="null" OriginId="org.eclipse.php.editor" StartDate="2014-10-15 11:25:04.320 JST" StructureHandle="/Cake_NR5/app/Controller/EqsController.php" StructureKind="resource" NumEvents="12" CreationCount="7"/><InteractionEvent Delta="null" EndDate="2014-10-15 11:33:46.211 JST" Interest="103.0" Kind="propagation" Navigation="null" OriginId="org.eclipse.php.editor" StartDate="2014-10-15 11:24:36.172 JST" StructureHandle="/Cake_NR5" StructureKind="resource" NumEvents="103" CreationCount="1"/><InteractionEvent Delta="null" EndDate="2014-10-15 11:28:49.230 JST" Interest="1.0" Kind="prediction" Navigation="null" OriginId="org.eclipse.mylyn.resources.ui.interest.updater" StartDate="2014-10-15 11:28:49.230 JST" StructureHandle="/ode-0.11.1/build/ODE_D-6_v-3.0/Debug/objects.mk" StructureKind="resource"/><InteractionEvent Delta="null" EndDate="2014-10-15 11:28:49.234 JST" Interest="1.0" Kind="prediction" Navigation="null" OriginId="org.eclipse.mylyn.resources.ui.interest.updater" StartDate="2014-10-15 11:28:49.234 JST" StructureHandle="/ode-0.11.1/build/ODE_D-6_v-3.0/Debug/obj/Debug/subdir.mk" StructureKind="resource"/><InteractionEvent Delta="null" EndDate="2014-10-15 11:27:18.213 JST" Interest="1.0" Kind="selection" Navigation="null" OriginId="org.eclipse.ui.views.ResourceNavigator" StartDate="2014-10-15 11:27:18.213 JST" StructureHandle="/Cake_NR5/app/View" StructureKind="resource"/><InteractionEvent Delta="null" EndDate="2014-10-15 11:33:46.210 JST" Interest="30.517" Kind="propagation" Navigation="org.eclipse.mylyn.core.model.edges.containment" OriginId="org.eclipse.mylyn.core.model.interest.propagation" StartDate="2014-10-15 11:27:23.511 JST" StructureHandle="/Cake_NR5/app/View" StructureKind="resource" NumEvents="43" CreationCount="51"/><InteractionEvent Delta="null" EndDate="2014-10-15 11:25:19.196 JST" Interest="1.0" Kind="selection" Navigation="null" OriginId="org.eclipse.ui.views.ResourceNavigator" StartDate="2014-10-15 11:25:19.196 JST" StructureHandle="/Cake_NR5/app/Controller/TokensController.php" StructureKind="resource"/><InteractionEvent Delta="null" EndDate="2014-10-15 11:24:36.173 JST" Interest="2.0" Kind="selection" Navigation="null" OriginId="org.eclipse.ui.views.ResourceNavigator" StartDate="2014-10-15 11:24:36.172 JST" StructureHandle="/Cake_NR5/app" StructureKind="resource" NumEvents="2" CreationCount="1"/><InteractionEvent Delta="null" EndDate="2014-10-15 11:33:46.211 JST" Interest="30.366999" Kind="propagation" Navigation="org.eclipse.mylyn.core.model.edges.containment" OriginId="org.eclipse.mylyn.core.model.interest.propagation" StartDate="2014-10-15 11:25:01.264 JST" StructureHandle="/Cake_NR5/app" StructureKind="resource" NumEvents="46" CreationCount="1"/><InteractionEvent Delta="null" EndDate="2014-10-15 11:33:46.209 JST" Interest="31.5" Kind="propagation" Navigation="org.eclipse.mylyn.core.model.edges.containment" OriginId="org.eclipse.mylyn.core.model.interest.propagation" StartDate="2014-10-15 11:27:23.510 JST" StructureHandle="/Cake_NR5/app/View/Eqs" StructureKind="resource" NumEvents="42" CreationCount="52"/><InteractionEvent Delta="null" EndDate="2014-10-15 11:28:49.341 JST" Interest="4.0" Kind="propagation" Navigation="null" OriginId="org.eclipse.mylyn.resources.ui.interest.updater" StartDate="2014-10-15 11:28:49.339 JST" StructureHandle="/ode-0.11.1&amp;lt;build&amp;lt;ODE_D-6_v-3.0&amp;lt;Debug" StructureKind="resource" NumEvents="4" CreationCount="90"/><InteractionEvent Delta="null" EndDate="2014-10-15 11:25:01.263 JST" Interest="2.0" Kind="selection" Navigation="null" OriginId="org.eclipse.ui.views.ResourceNavigator" StartDate="2014-10-15 11:25:01.260 JST" StructureHandle="/Cake_NR5/app/Console" StructureKind="resource" NumEvents="2" CreationCount="3"/><InteractionEvent Delta="null" EndDate="2014-10-15 11:28:49.232 JST" Interest="1.0" Kind="prediction" Navigation="null" OriginId="org.eclipse.mylyn.resources.ui.interest.updater" StartDate="2014-10-15 11:28:49.232 JST" StructureHandle="/ode-0.11.1/build/ODE_D-6_v-3.0/Debug/sources.mk" StructureKind="resource"/><InteractionEvent Delta="null" EndDate="2014-10-15 11:28:49.343 JST" Interest="1.0" Kind="propagation" Navigation="null" OriginId="org.eclipse.mylyn.resources.ui.interest.updater" StartDate="2014-10-15 11:28:49.343 JST" StructureHandle="/ode-0.11.1&amp;lt;build&amp;lt;ODE_D-6_v-3.0&amp;lt;Debug&amp;lt;obj&amp;lt;Debug" StructureKind="resource"/><InteractionEvent Delta="null" EndDate="2014-10-15 11:33:46.211 JST" Interest="108.0" Kind="propagation" Navigation="null" OriginId="org.eclipse.php.editor" StartDate="2014-10-15 11:24:36.172 JST" StructureHandle="/" StructureKind="resource" NumEvents="108" CreationCount="1"/><InteractionEvent Delta="null" EndDate="2014-10-15 11:33:46.211 JST" Interest="32.366997" Kind="propagation" Navigation="org.eclipse.mylyn.core.model.edges.containment" OriginId="org.eclipse.mylyn.core.model.interest.propagation" StartDate="2014-10-15 11:24:36.172 JST" StructureHandle="=Cake_NR5" StructureKind="c/c++" NumEvents="49" CreationCount="1"/><InteractionEvent Delta="null" EndDate="2014-10-15 11:28:32.64 JST" Interest="2.0" Kind="selection" Navigation="null" OriginId="org.eclipse.php.editor" StartDate="2014-10-15 11:28:17.727 JST" StructureHandle="/Cake_NR5/app/View/Eqs/view.ctp" StructureKind="resource" NumEvents="2" CreationCount="74"/><InteractionEvent Delta="null" EndDate="2014-10-15 11:28:32.133 JST" Interest="7.0" Kind="edit" Navigation="null" OriginId="org.eclipse.php.editor" StartDate="2014-10-15 11:28:17.801 JST" StructureHandle="/Cake_NR5/app/View/Eqs/view.ctp" StructureKind="resource" NumEvents="7" CreationCount="74"/><InteractionEvent Delta="null" EndDate="2014-10-15 11:28:13.615 JST" Interest="1.0" Kind="selection" Navigation="null" OriginId="org.eclipse.ui.views.ResourceNavigator" StartDate="2014-10-15 11:28:13.615 JST" StructureHandle="/Cake_NR5/app/View/Commons" StructureKind="resource"/><InteractionEvent Delta="null" EndDate="2014-10-15 11:27:16.98 JST" Interest="3.0" Kind="selection" Navigation="null" OriginId="org.eclipse.ui.views.ResourceNavigator" StartDate="2014-10-15 11:25:02.290 JST" StructureHandle="/Cake_NR5/app/Controller" StructureKind="resource" NumEvents="3" CreationCount="5"/><InteractionEvent Delta="null" EndDate="2014-10-15 11:27:14.690 JST" Interest="10.433999" Kind="propagation" Navigation="org.eclipse.mylyn.core.model.edges.containment" OriginId="org.eclipse.mylyn.core.model.interest.propagation" StartDate="2014-10-15 11:25:04.946 JST" StructureHandle="/Cake_NR5/app/Controller" StructureKind="resource" NumEvents="15" CreationCount="5"/><InteractionEvent Delta="null" EndDate="2014-10-15 11:28:49.339 JST" Interest="1.0" Kind="propagation" Navigation="org.eclipse.mylyn.core.model.edges.containment" OriginId="org.eclipse.mylyn.core.model.interest.propagation" StartDate="2014-10-15 11:28:49.339 JST" StructureHandle="=ode-0.11.1\&amp;lt;build\&amp;lt;ODE_D-6_v-3.0\&amp;lt;Debug" StructureKind="c/c++"/><InteractionEvent Delta="null" EndDate="2014-10-15 11:28:49.231 JST" Interest="1.0" Kind="prediction" Navigation="null" OriginId="org.eclipse.mylyn.resources.ui.interest.updater" StartDate="2014-10-15 11:28:49.231 JST" StructureHandle="/ode-0.11.1/build/ODE_D-6_v-3.0/Debug/subdir.mk" StructureKind="resource"/><InteractionEvent Delta="null" EndDate="2014-10-15 11:28:49.342 JST" Interest="1.0" Kind="propagation" Navigation="org.eclipse.mylyn.core.model.edges.containment" OriginId="org.eclipse.mylyn.core.model.interest.propagation" StartDate="2014-10-15 11:28:49.342 JST" StructureHandle="=ode-0.11.1\&amp;lt;build\&amp;lt;ODE_D-6_v-3.0\&amp;lt;Debug\&amp;lt;obj\&amp;lt;Debug" StructureKind="c/c++"/><InteractionEvent Delta="null" EndDate="2014-10-15 11:28:49.233 JST" Interest="1.0" Kind="prediction" Navigation="null" OriginId="org.eclipse.mylyn.resources.ui.interest.updater" StartDate="2014-10-15 11:28:49.233 JST" StructureHandle="/ode-0.11.1/build/ODE_D-6_v-3.0/Debug/makefile" StructureKind="resource"/><InteractionEvent Delta="null" EndDate="2014-10-15 11:33:46.189 JST" Interest="7.0" Kind="selection" Navigation="null" OriginId="org.eclipse.php.editor" StartDate="2014-10-15 11:27:23.509 JST" StructureHandle="/Cake_NR5/app/View/Eqs/index.ctp" StructureKind="resource" NumEvents="7" CreationCount="52"/><InteractionEvent Delta="null" EndDate="2014-10-15 11:33:46.208 JST" Interest="35.0" Kind="edit" Navigation="null" OriginId="org.eclipse.php.editor" StartDate="2014-10-15 11:27:23.587 JST" StructureHandle="/Cake_NR5/app/View/Eqs/index.ctp" StructureKind="resource" NumEvents="35" CreationCount="52"/></InteractionHistory>