<?xml version="1.0" encoding="UTF-8"?><InteractionHistory Id="local-8" Version="1"><InteractionEvent Delta="null" EndDate="2014-09-01 20:07:03.685 JST" Interest="419.968" Kind="propagation" Navigation="org.eclipse.mylyn.core.model.edges.containment" OriginId="org.eclipse.mylyn.core.model.interest.propagation" StartDate="2014-09-01 15:22:13.976 JST" StructureHandle="" StructureKind="c/c++" NumEvents="530" CreationCount="1"/><InteractionEvent Delta="null" EndDate="2014-09-01 16:54:43.508 JST" Interest="1.0" Kind="selection" Navigation="null" OriginId="org.eclipse.cdt.ui.editor.CEditor" StartDate="2014-09-01 16:54:43.508 JST" StructureHandle="=Embedded{D-90~\/D-91_PIC16_color_changer\/D-91_PIC16_color_changer_v-3.0\/D-91_PIC16_color_changer_v-3.0.c[bit_len#76" StructureKind="c/c++"/><InteractionEvent Delta="null" EndDate="2014-09-01 16:54:44.321 JST" Interest="1.0" Kind="edit" Navigation="null" OriginId="org.eclipse.cdt.ui.editor.CEditor" StartDate="2014-09-01 16:54:44.321 JST" StructureHandle="=Embedded{D-90~\/D-91_PIC16_color_changer\/D-91_PIC16_color_changer_v-3.0\/D-91_PIC16_color_changer_v-3.0.c[bit_len#76" StructureKind="c/c++"/><InteractionEvent Delta="null" EndDate="2014-09-01 20:07:03.684 JST" Interest="418.917" Kind="propagation" Navigation="org.eclipse.mylyn.core.model.edges.containment" OriginId="org.eclipse.mylyn.core.model.interest.propagation" StartDate="2014-09-01 15:22:26.222 JST" StructureHandle="/Embedded/D-90~/D-91_PIC16_color_changer/D-91_PIC16_color_changer_v-3.0" StructureKind="resource" NumEvents="515" CreationCount="4"/><InteractionEvent Delta="null" EndDate="2014-09-01 15:22:23.546 JST" Interest="1.0" Kind="selection" Navigation="null" OriginId="org.eclipse.ui.navigator.ProjectExplorer" StartDate="2014-09-01 15:22:23.546 JST" StructureHandle="/Embedded/D-90~/D-91_PIC16_color_changer/D-91_PIC16_color_changer_v-3.0" StructureKind="resource"/><InteractionEvent Delta="null" EndDate="2014-09-01 16:38:20.792 JST" Interest="98.417" Kind="propagation" Navigation="org.eclipse.mylyn.core.model.edges.containment" OriginId="org.eclipse.mylyn.core.model.interest.propagation" StartDate="2014-09-01 15:22:38.367 JST" StructureHandle="/Embedded/D_85_16F84A_remote/D_85_16F84A_Remote_v_5_3_0" StructureKind="resource" NumEvents="115" CreationCount="16"/><InteractionEvent Delta="null" EndDate="2014-09-01 15:22:37.79 JST" Interest="1.0" Kind="selection" Navigation="null" OriginId="org.eclipse.ui.navigator.ProjectExplorer" StartDate="2014-09-01 15:22:37.79 JST" StructureHandle="/Embedded/D_85_16F84A_remote/D_85_16F84A_Remote_v_5_3_0" StructureKind="resource"/><InteractionEvent Delta="null" EndDate="2014-09-01 16:41:14.846 JST" Interest="5.0" Kind="selection" Navigation="null" OriginId="org.eclipse.cdt.ui.editor.CEditor" StartDate="2014-09-01 16:09:03.929 JST" StructureHandle="=Embedded{D-90~\/D-91_PIC16_color_changer\/D-91_PIC16_color_changer_v-3.0\/D-91_PIC16_color_changer_v-3.0.c[_Delay_50ms#74(void" StructureKind="c/c++" NumEvents="5" CreationCount="213"/><InteractionEvent Delta="null" EndDate="2014-09-01 16:18:38.652 JST" Interest="10.0" Kind="edit" Navigation="null" OriginId="org.eclipse.cdt.ui.editor.CEditor" StartDate="2014-09-01 16:09:07.797 JST" StructureHandle="=Embedded{D-90~\/D-91_PIC16_color_changer\/D-91_PIC16_color_changer_v-3.0\/D-91_PIC16_color_changer_v-3.0.c[_Delay_50ms#74(void" StructureKind="c/c++" NumEvents="10" CreationCount="213"/><InteractionEvent Delta="null" EndDate="2014-09-01 16:10:48.637 JST" Interest="1.0" Kind="selection" Navigation="null" OriginId="org.eclipse.cdt.ui.editor.CEditor" StartDate="2014-09-01 16:10:48.637 JST" StructureHandle="=Embedded{D-90~\/D-91_PIC16_color_changer\/D-91_PIC16_color_changer_v-3.0\/D-91_PIC16_color_changer_v-3.0.c[_pulse_Modulation#74(void" StructureKind="c/c++"/><InteractionEvent Delta="null" EndDate="2014-09-01 16:10:50.581 JST" Interest="1.0" Kind="edit" Navigation="null" OriginId="org.eclipse.cdt.ui.editor.CEditor" StartDate="2014-09-01 16:10:50.581 JST" StructureHandle="=Embedded{D-90~\/D-91_PIC16_color_changer\/D-91_PIC16_color_changer_v-3.0\/D-91_PIC16_color_changer_v-3.0.c[_pulse_Modulation#74(void" StructureKind="c/c++"/><InteractionEvent Delta="null" EndDate="2014-09-01 16:22:33.698 JST" Interest="1.0" Kind="selection" Navigation="null" OriginId="org.eclipse.cdt.ui.editor.CEditor" StartDate="2014-09-01 16:22:33.698 JST" StructureHandle="=Embedded{D-90~\/D-91_PIC16_color_changer\/D-91_PIC16_color_changer_v-3.0\/D-91_PIC16_color_changer_v-3.0.c[main#74(void" StructureKind="c/c++"/><InteractionEvent Delta="null" EndDate="2014-09-01 20:07:03.684 JST" Interest="418.951" Kind="propagation" Navigation="org.eclipse.mylyn.core.model.edges.containment" OriginId="org.eclipse.mylyn.core.model.interest.propagation" StartDate="2014-09-01 15:22:21.714 JST" StructureHandle="/Embedded/D-90~" StructureKind="resource" NumEvents="517" CreationCount="2"/><InteractionEvent Delta="null" EndDate="2014-09-01 15:22:19.959 JST" Interest="1.0" Kind="selection" Navigation="null" OriginId="org.eclipse.ui.navigator.ProjectExplorer" StartDate="2014-09-01 15:22:19.959 JST" StructureHandle="/Embedded/D-90~" StructureKind="resource"/><InteractionEvent Delta="null" EndDate="2014-09-01 16:10:26.319 JST" Interest="2.0" Kind="selection" Navigation="null" OriginId="org.eclipse.cdt.ui.editor.CEditor" StartDate="2014-09-01 16:06:40.377 JST" StructureHandle="=Embedded{D_85_16F84A_remote\/D_85_16F84A_Remote_v_5_3_0\/D_85_16F84A_Remote_v_5_3_0.c[i#76" StructureKind="c/c++" NumEvents="2" CreationCount="104"/><InteractionEvent Delta="null" EndDate="2014-09-01 16:06:41.655 JST" Interest="1.0" Kind="edit" Navigation="null" OriginId="org.eclipse.cdt.ui.editor.CEditor" StartDate="2014-09-01 16:06:41.655 JST" StructureHandle="=Embedded{D_85_16F84A_remote\/D_85_16F84A_Remote_v_5_3_0\/D_85_16F84A_Remote_v_5_3_0.c[i#76" StructureKind="c/c++"/><InteractionEvent Delta="null" EndDate="2014-09-01 16:10:26.319 JST" Interest="0.7650001" Kind="manipulation" Navigation="null" OriginId="org.eclipse.mylyn.core.model.interest.decay.correction" StartDate="2014-09-01 16:10:26.319 JST" StructureHandle="=Embedded{D_85_16F84A_remote\/D_85_16F84A_Remote_v_5_3_0\/D_85_16F84A_Remote_v_5_3_0.c[i#76" StructureKind="c/c++"/><InteractionEvent Delta="null" EndDate="2014-09-01 16:38:06.30 JST" Interest="9.0" Kind="propagation" Navigation="null" OriginId="org.eclipse.cdt.ui.editor.CEditor" StartDate="2014-09-01 16:25:31.746 JST" StructureHandle="/Embedded/D_85_16F84A_remote/D_85_Remote_v_5_4_0_Snd/D_85_Remote_v_5_4_0_Snd.c" StructureKind="resource" NumEvents="9" CreationCount="388"/><InteractionEvent Delta="null" EndDate="2014-09-01 16:38:05.979 JST" Interest="3.0" Kind="selection" Navigation="null" OriginId="org.eclipse.cdt.ui.editor.CEditor" StartDate="2014-09-01 16:25:31.518 JST" StructureHandle="/Embedded/D_85_16F84A_remote/D_85_Remote_v_5_4_0_Snd/D_85_Remote_v_5_4_0_Snd.c" StructureKind="resource" NumEvents="3" CreationCount="388"/><InteractionEvent Delta="null" EndDate="2014-09-01 16:38:06.32 JST" Interest="8.0" Kind="edit" Navigation="null" OriginId="org.eclipse.cdt.ui.editor.CEditor" StartDate="2014-09-01 16:25:31.747 JST" StructureHandle="/Embedded/D_85_16F84A_remote/D_85_Remote_v_5_4_0_Snd/D_85_Remote_v_5_4_0_Snd.c" StructureKind="resource" NumEvents="8" CreationCount="388"/><InteractionEvent Delta="null" EndDate="2014-09-01 16:49:14.43 JST" Interest="3.0" Kind="selection" Navigation="null" OriginId="org.eclipse.ui.views.ContentOutline" StartDate="2014-09-01 16:32:53.929 JST" StructureHandle="=Embedded{D-90~\/D-91_PIC16_color_changer\/D-91_PIC16_color_changer_v-3.0\/D-91_PIC16_color_changer_v-3.0.c[_pulsing_u_100#74" StructureKind="c/c++" NumEvents="3" CreationCount="598"/><InteractionEvent Delta="null" EndDate="2014-09-01 16:51:38.756 JST" Interest="9.0" Kind="edit" Navigation="null" OriginId="org.eclipse.cdt.ui.editor.CEditor" StartDate="2014-09-01 16:49:15.73 JST" StructureHandle="=Embedded{D-90~\/D-91_PIC16_color_changer\/D-91_PIC16_color_changer_v-3.0\/D-91_PIC16_color_changer_v-3.0.c[_pulsing_u_100#74" StructureKind="c/c++" NumEvents="9" CreationCount="598"/><InteractionEvent Delta="null" EndDate="2014-09-01 16:49:14.43 JST" Interest="0.70300007" Kind="manipulation" Navigation="null" OriginId="org.eclipse.mylyn.core.model.interest.decay.correction" StartDate="2014-09-01 16:49:14.43 JST" StructureHandle="=Embedded{D-90~\/D-91_PIC16_color_changer\/D-91_PIC16_color_changer_v-3.0\/D-91_PIC16_color_changer_v-3.0.c[_pulsing_u_100#74" StructureKind="c/c++"/><InteractionEvent Delta="null" EndDate="2014-09-01 16:06:48.550 JST" Interest="1.0" Kind="selection" Navigation="null" OriginId="org.eclipse.cdt.ui.editor.CEditor" StartDate="2014-09-01 16:06:48.550 JST" StructureHandle="=Embedded{D-90~\/D-91_PIC16_color_changer\/D-91_PIC16_color_changer_v-3.0\/D-91_PIC16_color_changer_v-3.0.c[i#76" StructureKind="c/c++"/><InteractionEvent Delta="null" EndDate="2014-09-01 16:24:09.223 JST" Interest="4.0" Kind="selection" Navigation="null" OriginId="org.eclipse.ui.views.ContentOutline" StartDate="2014-09-01 16:18:42.861 JST" StructureHandle="=Embedded{D-90~\/D-91_PIC16_color_changer\/D-91_PIC16_color_changer_v-3.0\/D-91_PIC16_color_changer_v-3.0.c[interrupt#74(void" StructureKind="c/c++" NumEvents="4" CreationCount="296"/><InteractionEvent Delta="null" EndDate="2014-09-01 16:24:10.638 JST" Interest="3.0" Kind="edit" Navigation="null" OriginId="org.eclipse.cdt.ui.editor.CEditor" StartDate="2014-09-01 16:24:10.50 JST" StructureHandle="=Embedded{D-90~\/D-91_PIC16_color_changer\/D-91_PIC16_color_changer_v-3.0\/D-91_PIC16_color_changer_v-3.0.c[interrupt#74(void" StructureKind="c/c++" NumEvents="3" CreationCount="296"/><InteractionEvent Delta="null" EndDate="2014-09-01 20:07:03.684 JST" Interest="418.934" Kind="propagation" Navigation="org.eclipse.mylyn.core.model.edges.containment" OriginId="org.eclipse.mylyn.core.model.interest.propagation" StartDate="2014-09-01 15:22:23.547 JST" StructureHandle="/Embedded/D-90~/D-91_PIC16_color_changer" StructureKind="resource" NumEvents="516" CreationCount="3"/><InteractionEvent Delta="null" EndDate="2014-09-01 15:22:21.713 JST" Interest="1.0" Kind="selection" Navigation="null" OriginId="org.eclipse.ui.navigator.ProjectExplorer" StartDate="2014-09-01 15:22:21.713 JST" StructureHandle="/Embedded/D-90~/D-91_PIC16_color_changer" StructureKind="resource"/><InteractionEvent Delta="null" EndDate="2014-09-01 16:32:51.775 JST" Interest="3.0" Kind="selection" Navigation="null" OriginId="org.eclipse.cdt.ui.editor.CEditor" StartDate="2014-09-01 16:27:13.252 JST" StructureHandle="=Embedded{D-90~\/D-91_PIC16_color_changer\/D-91_PIC16_color_changer_v-3.0\/D-91_PIC16_color_changer_v-3.0.c[_pulsing_u_50#73(void" StructureKind="c/c++" NumEvents="3" CreationCount="480"/><InteractionEvent Delta="null" EndDate="2014-09-01 16:27:23.783 JST" Interest="2.0" Kind="edit" Navigation="null" OriginId="org.eclipse.cdt.ui.editor.CEditor" StartDate="2014-09-01 16:27:15.47 JST" StructureHandle="=Embedded{D-90~\/D-91_PIC16_color_changer\/D-91_PIC16_color_changer_v-3.0\/D-91_PIC16_color_changer_v-3.0.c[_pulsing_u_50#73(void" StructureKind="c/c++" NumEvents="2" CreationCount="480"/><InteractionEvent Delta="null" EndDate="2014-09-01 16:38:20.790 JST" Interest="12.0" Kind="selection" Navigation="null" OriginId="org.eclipse.cdt.ui.editor.CEditor" StartDate="2014-09-01 15:22:46.882 JST" StructureHandle="=Embedded{D_85_16F84A_remote\/D_85_16F84A_Remote_v_5_3_0\/D_85_16F84A_Remote_v_5_3_0.c[_custom_lower#74(void" StructureKind="c/c++" NumEvents="12" CreationCount="23"/><InteractionEvent Delta="null" EndDate="2014-09-01 16:38:17.629 JST" Interest="26.0" Kind="edit" Navigation="null" OriginId="org.eclipse.cdt.ui.editor.CEditor" StartDate="2014-09-01 15:22:47.532 JST" StructureHandle="=Embedded{D_85_16F84A_remote\/D_85_16F84A_Remote_v_5_3_0\/D_85_16F84A_Remote_v_5_3_0.c[_custom_lower#74(void" StructureKind="c/c++" NumEvents="26" CreationCount="23"/><InteractionEvent Delta="null" EndDate="2014-09-01 16:38:06.33 JST" Interest="16.617" Kind="propagation" Navigation="org.eclipse.mylyn.core.model.edges.containment" OriginId="org.eclipse.mylyn.core.model.interest.propagation" StartDate="2014-09-01 16:25:31.518 JST" StructureHandle="/Embedded/D_85_16F84A_remote/D_85_Remote_v_5_4_0_Snd" StructureKind="resource" NumEvents="20" CreationCount="387"/><InteractionEvent Delta="null" EndDate="2014-09-01 16:25:29.95 JST" Interest="1.0" Kind="selection" Navigation="null" OriginId="org.eclipse.ui.navigator.ProjectExplorer" StartDate="2014-09-01 16:25:29.95 JST" StructureHandle="/Embedded/D_85_16F84A_remote/D_85_Remote_v_5_4_0_Snd" StructureKind="resource"/><InteractionEvent Delta="null" EndDate="2014-09-01 16:36:42.700 JST" Interest="6.0" Kind="selection" Navigation="null" OriginId="org.eclipse.cdt.ui.editor.CEditor" StartDate="2014-09-01 15:31:48.107 JST" StructureHandle="=Embedded{D_85_16F84A_remote\/D_85_16F84A_Remote_v_5_3_0\/D_85_16F84A_Remote_v_5_3_0.c[_pulse_Modulation#74(void" StructureKind="c/c++" NumEvents="6" CreationCount="58"/><InteractionEvent Delta="null" EndDate="2014-09-01 16:10:35.23 JST" Interest="1.0" Kind="edit" Navigation="null" OriginId="org.eclipse.cdt.ui.editor.CEditor" StartDate="2014-09-01 16:10:35.23 JST" StructureHandle="=Embedded{D_85_16F84A_remote\/D_85_16F84A_Remote_v_5_3_0\/D_85_16F84A_Remote_v_5_3_0.c[_pulse_Modulation#74(void" StructureKind="c/c++"/><InteractionEvent Delta="null" EndDate="2014-09-01 16:36:42.700 JST" Interest="4.007001" Kind="manipulation" Navigation="null" OriginId="org.eclipse.mylyn.core.model.interest.decay.correction" StartDate="2014-09-01 16:10:31.304 JST" StructureHandle="=Embedded{D_85_16F84A_remote\/D_85_16F84A_Remote_v_5_3_0\/D_85_16F84A_Remote_v_5_3_0.c[_pulse_Modulation#74(void" StructureKind="c/c++" NumEvents="3" CreationCount="58"/><InteractionEvent Delta="null" EndDate="2014-09-01 16:38:06.29 JST" Interest="3.0" Kind="selection" Navigation="null" OriginId="org.eclipse.cdt.ui.editor.CEditor" StartDate="2014-09-01 16:25:40.709 JST" StructureHandle="=Embedded{D_85_16F84A_remote\/D_85_Remote_v_5_4_0_Snd\/D_85_Remote_v_5_4_0_Snd.c[_pulsing_u_100#74" StructureKind="c/c++" NumEvents="3" CreationCount="395"/><InteractionEvent Delta="null" EndDate="2014-09-01 16:25:46.906 JST" Interest="3.0" Kind="edit" Navigation="null" OriginId="org.eclipse.cdt.ui.editor.CEditor" StartDate="2014-09-01 16:25:46.321 JST" StructureHandle="=Embedded{D_85_16F84A_remote\/D_85_Remote_v_5_4_0_Snd\/D_85_Remote_v_5_4_0_Snd.c[_pulsing_u_100#74" StructureKind="c/c++" NumEvents="3" CreationCount="395"/><InteractionEvent Delta="null" EndDate="2014-09-01 16:38:06.30 JST" Interest="0.55800056" Kind="manipulation" Navigation="null" OriginId="org.eclipse.mylyn.core.model.interest.decay.correction" StartDate="2014-09-01 16:38:06.30 JST" StructureHandle="=Embedded{D_85_16F84A_remote\/D_85_Remote_v_5_4_0_Snd\/D_85_Remote_v_5_4_0_Snd.c[_pulsing_u_100#74" StructureKind="c/c++"/><InteractionEvent Delta="null" EndDate="2014-09-01 16:31:12.145 JST" Interest="4.0" Kind="selection" Navigation="null" OriginId="org.eclipse.ui.views.ContentOutline" StartDate="2014-09-01 16:24:16.439 JST" StructureHandle="=Embedded{D-90~\/D-91_PIC16_color_changer\/D-91_PIC16_color_changer_v-3.0\/D-91_PIC16_color_changer_v-3.0.c[custom_code_a#76" StructureKind="c/c++" NumEvents="4" CreationCount="366"/><InteractionEvent Delta="null" EndDate="2014-09-01 16:24:19.738 JST" Interest="2.0" Kind="edit" Navigation="null" OriginId="org.eclipse.cdt.ui.editor.CEditor" StartDate="2014-09-01 16:24:19.712 JST" StructureHandle="=Embedded{D-90~\/D-91_PIC16_color_changer\/D-91_PIC16_color_changer_v-3.0\/D-91_PIC16_color_changer_v-3.0.c[custom_code_a#76" StructureKind="c/c++" NumEvents="2" CreationCount="366"/><InteractionEvent Delta="null" EndDate="2014-09-01 16:36:45.371 JST" Interest="1.0" Kind="selection" Navigation="null" OriginId="org.eclipse.cdt.ui.editor.CEditor" StartDate="2014-09-01 16:36:45.371 JST" StructureHandle="=Embedded{D_85_16F84A_remote\/D_85_16F84A_Remote_v_5_3_0\/D_85_16F84A_Remote_v_5_3_0.c[_reader#74(void" StructureKind="c/c++"/><InteractionEvent Delta="null" EndDate="2014-09-01 16:49:07.593 JST" Interest="46.416004" Kind="propagation" Navigation="org.eclipse.mylyn.core.model.edges.containment" OriginId="org.eclipse.mylyn.core.model.interest.propagation" StartDate="2014-09-01 16:08:47.689 JST" StructureHandle="=Embedded{D-90~\/D-91_PIC16_color_changer\/D-91_PIC16_color_changer_v-3.0\/D-91_PIC16_color_changer_v-3.0.c" StructureKind="c/c++" NumEvents="65" CreationCount="6"/><InteractionEvent Delta="null" EndDate="2014-09-01 16:54:41.917 JST" Interest="21.0" Kind="selection" Navigation="null" OriginId="org.eclipse.cdt.ui.editor.CEditor" StartDate="2014-09-01 15:22:26.381 JST" StructureHandle="=Embedded{D-90~\/D-91_PIC16_color_changer\/D-91_PIC16_color_changer_v-3.0\/D-91_PIC16_color_changer_v-3.0.c" StructureKind="c/c++" NumEvents="21" CreationCount="6"/><InteractionEvent Delta="null" EndDate="2014-09-01 16:33:01.261 JST" Interest="30.0" Kind="edit" Navigation="null" OriginId="org.eclipse.cdt.ui.editor.CEditor" StartDate="2014-09-01 15:22:27.409 JST" StructureHandle="=Embedded{D-90~\/D-91_PIC16_color_changer\/D-91_PIC16_color_changer_v-3.0\/D-91_PIC16_color_changer_v-3.0.c" StructureKind="c/c++" NumEvents="30" CreationCount="6"/><InteractionEvent Delta="null" EndDate="2014-09-01 15:22:33.867 JST" Interest="1.0" Kind="selection" Navigation="null" OriginId="org.eclipse.ui.navigator.ProjectExplorer" StartDate="2014-09-01 15:22:33.867 JST" StructureHandle="/Embedded/D-76_PIC12_Takahashi.103" StructureKind="resource"/><InteractionEvent Delta="null" EndDate="2014-09-01 16:38:20.792 JST" Interest="98.434" Kind="propagation" Navigation="org.eclipse.mylyn.core.model.edges.containment" OriginId="org.eclipse.mylyn.core.model.interest.propagation" StartDate="2014-09-01 15:22:37.81 JST" StructureHandle="/Embedded/D_85_16F84A_remote" StructureKind="resource" NumEvents="116" CreationCount="15"/><InteractionEvent Delta="null" EndDate="2014-09-01 15:22:34.844 JST" Interest="1.0" Kind="selection" Navigation="null" OriginId="org.eclipse.ui.navigator.ProjectExplorer" StartDate="2014-09-01 15:22:34.844 JST" StructureHandle="/Embedded/D_85_16F84A_remote" StructureKind="resource"/><InteractionEvent Delta="null" EndDate="2014-09-01 16:38:20.790 JST" Interest="25.567999" Kind="propagation" Navigation="org.eclipse.mylyn.core.model.edges.containment" OriginId="org.eclipse.mylyn.core.model.interest.propagation" StartDate="2014-09-01 15:22:47.533 JST" StructureHandle="=Embedded{D_85_16F84A_remote\/D_85_16F84A_Remote_v_5_3_0\/D_85_16F84A_Remote_v_5_3_0.c" StructureKind="c/c++" NumEvents="34" CreationCount="19"/><InteractionEvent Delta="null" EndDate="2014-09-01 16:10:30.56 JST" Interest="4.0" Kind="selection" Navigation="null" OriginId="org.eclipse.cdt.ui.editor.CEditor" StartDate="2014-09-01 15:22:38.727 JST" StructureHandle="=Embedded{D_85_16F84A_remote\/D_85_16F84A_Remote_v_5_3_0\/D_85_16F84A_Remote_v_5_3_0.c" StructureKind="c/c++" NumEvents="4" CreationCount="19"/><InteractionEvent Delta="null" EndDate="2014-09-01 15:22:39.748 JST" Interest="1.0" Kind="edit" Navigation="null" OriginId="org.eclipse.cdt.ui.editor.CEditor" StartDate="2014-09-01 15:22:39.748 JST" StructureHandle="=Embedded{D_85_16F84A_remote\/D_85_16F84A_Remote_v_5_3_0\/D_85_16F84A_Remote_v_5_3_0.c" StructureKind="c/c++"/><InteractionEvent Delta="null" EndDate="2014-09-01 16:54:50.656 JST" Interest="21.0" Kind="selection" Navigation="null" OriginId="org.eclipse.ui.views.ContentOutline" StartDate="2014-09-01 16:06:30.548 JST" StructureHandle="=Embedded{D-90~\/D-91_PIC16_color_changer\/D-91_PIC16_color_changer_v-3.0\/D-91_PIC16_color_changer_v-3.0.c[_custom_lower#74(void" StructureKind="c/c++" NumEvents="21" CreationCount="91"/><InteractionEvent Delta="null" EndDate="2014-09-01 20:07:03.682 JST" Interest="55.0" Kind="edit" Navigation="null" OriginId="org.eclipse.cdt.ui.editor.CEditor" StartDate="2014-09-01 16:06:35.260 JST" StructureHandle="=Embedded{D-90~\/D-91_PIC16_color_changer\/D-91_PIC16_color_changer_v-3.0\/D-91_PIC16_color_changer_v-3.0.c[_custom_lower#74(void" StructureKind="c/c++" NumEvents="55" CreationCount="91"/><InteractionEvent Delta="null" EndDate="2014-09-01 16:06:38.617 JST" Interest="1.0" Kind="selection" Navigation="null" OriginId="org.eclipse.cdt.ui.editor.CEditor" StartDate="2014-09-01 16:06:38.617 JST" StructureHandle="=Embedded{D_85_16F84A_remote\/D_85_16F84A_Remote_v_5_3_0\/D_85_16F84A_Remote_v_5_3_0.c[custom_code_a#76" StructureKind="c/c++"/><InteractionEvent Delta="null" EndDate="2014-09-01 20:07:03.685 JST" Interest="658.0" Kind="propagation" Navigation="org.eclipse.mylyn.core.model.edges.containment" OriginId="org.eclipse.mylyn.core.model.interest.propagation" StartDate="2014-09-01 15:22:13.976 JST" StructureHandle="/" StructureKind="resource" NumEvents="658" CreationCount="1"/><InteractionEvent Delta="null" EndDate="2014-09-01 16:18:45.324 JST" Interest="6.0" Kind="selection" Navigation="null" OriginId="org.eclipse.ui.views.ContentOutline" StartDate="2014-09-01 16:06:17.247 JST" StructureHandle="=Embedded{D-90~\/D-91_PIC16_color_changer\/D-91_PIC16_color_changer_v-3.0\/D-91_PIC16_color_changer_v-3.0.c[_reader#74(void" StructureKind="c/c++" NumEvents="6" CreationCount="83"/><InteractionEvent Delta="null" EndDate="2014-09-01 16:19:36.699 JST" Interest="6.0" Kind="edit" Navigation="null" OriginId="org.eclipse.cdt.ui.editor.CEditor" StartDate="2014-09-01 16:18:45.899 JST" StructureHandle="=Embedded{D-90~\/D-91_PIC16_color_changer\/D-91_PIC16_color_changer_v-3.0\/D-91_PIC16_color_changer_v-3.0.c[_reader#74(void" StructureKind="c/c++" NumEvents="6" CreationCount="83"/><InteractionEvent Delta="null" EndDate="2014-09-01 16:10:22.929 JST" Interest="0.77100015" Kind="manipulation" Navigation="null" OriginId="org.eclipse.mylyn.core.model.interest.decay.correction" StartDate="2014-09-01 16:10:22.929 JST" StructureHandle="=Embedded{D-90~\/D-91_PIC16_color_changer\/D-91_PIC16_color_changer_v-3.0\/D-91_PIC16_color_changer_v-3.0.c[_reader#74(void" StructureKind="c/c++"/><InteractionEvent Delta="null" EndDate="2014-09-01 16:48:58.872 JST" Interest="17.0" Kind="selection" Navigation="null" OriginId="org.eclipse.cdt.ui.editor.CEditor" StartDate="2014-09-01 16:06:20.409 JST" StructureHandle="=Embedded{D-90~\/D-91_PIC16_color_changer\/D-91_PIC16_color_changer_v-3.0\/D-91_PIC16_color_changer_v-3.0.c[_Opearations#74" StructureKind="c/c++" NumEvents="17" CreationCount="85"/><InteractionEvent Delta="null" EndDate="2014-09-01 16:49:07.593 JST" Interest="97.0" Kind="edit" Navigation="null" OriginId="org.eclipse.cdt.ui.editor.CEditor" StartDate="2014-09-01 16:08:18.811 JST" StructureHandle="=Embedded{D-90~\/D-91_PIC16_color_changer\/D-91_PIC16_color_changer_v-3.0\/D-91_PIC16_color_changer_v-3.0.c[_Opearations#74" StructureKind="c/c++" NumEvents="97" CreationCount="85"/><InteractionEvent Delta="null" EndDate="2014-09-01 16:08:17.866 JST" Interest="0.1730001" Kind="manipulation" Navigation="null" OriginId="org.eclipse.mylyn.core.model.interest.decay.correction" StartDate="2014-09-01 16:08:17.866 JST" StructureHandle="=Embedded{D-90~\/D-91_PIC16_color_changer\/D-91_PIC16_color_changer_v-3.0\/D-91_PIC16_color_changer_v-3.0.c[_Opearations#74" StructureKind="c/c++"/><InteractionEvent Delta="null" EndDate="2014-09-01 16:38:20.791 JST" Interest="49.0" Kind="propagation" Navigation="null" OriginId="org.eclipse.cdt.ui.editor.CEditor" StartDate="2014-09-01 15:22:38.727 JST" StructureHandle="/Embedded/D_85_16F84A_remote/D_85_16F84A_Remote_v_5_3_0/D_85_16F84A_Remote_v_5_3_0.c" StructureKind="resource" NumEvents="49" CreationCount="17"/><InteractionEvent Delta="null" EndDate="2014-09-01 16:38:20.749 JST" Interest="14.0" Kind="selection" Navigation="null" OriginId="org.eclipse.cdt.ui.editor.CEditor" StartDate="2014-09-01 15:22:38.366 JST" StructureHandle="/Embedded/D_85_16F84A_remote/D_85_16F84A_Remote_v_5_3_0/D_85_16F84A_Remote_v_5_3_0.c" StructureKind="resource" NumEvents="14" CreationCount="17"/><InteractionEvent Delta="null" EndDate="2014-09-01 16:38:20.792 JST" Interest="52.0" Kind="edit" Navigation="null" OriginId="org.eclipse.cdt.ui.editor.CEditor" StartDate="2014-09-01 15:22:38.730 JST" StructureHandle="/Embedded/D_85_16F84A_remote/D_85_16F84A_Remote_v_5_3_0/D_85_16F84A_Remote_v_5_3_0.c" StructureKind="resource" NumEvents="52" CreationCount="17"/><InteractionEvent Delta="null" EndDate="2014-09-01 20:07:03.684 JST" Interest="418.968" Kind="propagation" Navigation="org.eclipse.mylyn.core.model.edges.containment" OriginId="org.eclipse.mylyn.core.model.interest.propagation" StartDate="2014-09-01 15:22:19.959 JST" StructureHandle="=Embedded" StructureKind="c/c++" NumEvents="519" CreationCount="1"/><InteractionEvent Delta="null" EndDate="2014-09-01 15:22:13.975 JST" Interest="1.0" Kind="selection" Navigation="null" OriginId="org.eclipse.ui.navigator.ProjectExplorer" StartDate="2014-09-01 15:22:13.975 JST" StructureHandle="=Embedded" StructureKind="c/c++"/><InteractionEvent Delta="null" EndDate="2014-09-01 20:07:03.684 JST" Interest="658.0" Kind="propagation" Navigation="null" OriginId="org.eclipse.cdt.ui.editor.CEditor" StartDate="2014-09-01 15:22:13.976 JST" StructureHandle="/Embedded" StructureKind="resource" NumEvents="658" CreationCount="1"/><InteractionEvent Delta="null" EndDate="2014-09-01 16:38:06.30 JST" Interest="3.0430005" Kind="propagation" Navigation="org.eclipse.mylyn.core.model.edges.containment" OriginId="org.eclipse.mylyn.core.model.interest.propagation" StartDate="2014-09-01 16:25:46.322 JST" StructureHandle="=Embedded{D_85_16F84A_remote\/D_85_Remote_v_5_4_0_Snd\/D_85_Remote_v_5_4_0_Snd.c" StructureKind="c/c++" NumEvents="4" CreationCount="390"/><InteractionEvent Delta="null" EndDate="2014-09-01 16:25:50.744 JST" Interest="2.0" Kind="selection" Navigation="null" OriginId="org.eclipse.cdt.ui.editor.CEditor" StartDate="2014-09-01 16:25:31.745 JST" StructureHandle="=Embedded{D_85_16F84A_remote\/D_85_Remote_v_5_4_0_Snd\/D_85_Remote_v_5_4_0_Snd.c" StructureKind="c/c++" NumEvents="2" CreationCount="390"/><InteractionEvent Delta="null" EndDate="2014-09-01 16:25:32.742 JST" Interest="1.0" Kind="edit" Navigation="null" OriginId="org.eclipse.cdt.ui.editor.CEditor" StartDate="2014-09-01 16:25:32.742 JST" StructureHandle="=Embedded{D_85_16F84A_remote\/D_85_Remote_v_5_4_0_Snd\/D_85_Remote_v_5_4_0_Snd.c" StructureKind="c/c++"/><InteractionEvent Delta="null" EndDate="2014-09-01 16:54:41.918 JST" Interest="185.0" Kind="propagation" Navigation="null" OriginId="org.eclipse.cdt.ui.editor.CEditor" StartDate="2014-09-01 15:22:26.382 JST" StructureHandle="/Embedded/D-90~/D-91_PIC16_color_changer/D-91_PIC16_color_changer_v-3.0/D-91_PIC16_color_changer_v-3.0.c" StructureKind="resource" NumEvents="185" CreationCount="5"/><InteractionEvent Delta="null" EndDate="2014-09-01 16:38:23.84 JST" Interest="13.0" Kind="selection" Navigation="null" OriginId="org.eclipse.cdt.ui.editor.CEditor" StartDate="2014-09-01 15:22:26.220 JST" StructureHandle="/Embedded/D-90~/D-91_PIC16_color_changer/D-91_PIC16_color_changer_v-3.0/D-91_PIC16_color_changer_v-3.0.c" StructureKind="resource" NumEvents="13" CreationCount="5"/><InteractionEvent Delta="null" EndDate="2014-09-01 20:07:03.683 JST" Interest="317.0" Kind="edit" Navigation="null" OriginId="org.eclipse.cdt.ui.editor.CEditor" StartDate="2014-09-01 15:22:26.387 JST" StructureHandle="/Embedded/D-90~/D-91_PIC16_color_changer/D-91_PIC16_color_changer_v-3.0/D-91_PIC16_color_changer_v-3.0.c" StructureKind="resource" NumEvents="317" CreationCount="5"/></InteractionHistory>