<?xml version="1.0" encoding="UTF-8"?><InteractionHistory Id="local-15" Version="1"><InteractionEvent Delta="null" EndDate="2014-09-07 11:29:37.341 JST" Interest="1.1930001" Kind="manipulation" Navigation="null" OriginId="org.eclipse.mylyn.core.model.interest.decay.correction" StartDate="2014-09-07 11:29:37.341 JST" StructureHandle="=Embedded{D-90~\/D-91_PIC16_color_changer\/D-91_PIC16_color_changer_v-4.1\/D-91_PIC16_color_changer_v-4.1.c[_pulse_u_100#74(int" StructureKind="c/c++"/><InteractionEvent Delta="null" EndDate="2014-09-07 11:29:37.341 JST" Interest="2.0" Kind="selection" Navigation="null" OriginId="org.eclipse.ui.views.ContentOutline" StartDate="2014-09-07 10:30:18.963 JST" StructureHandle="=Embedded{D-90~\/D-91_PIC16_color_changer\/D-91_PIC16_color_changer_v-4.1\/D-91_PIC16_color_changer_v-4.1.c[_pulse_u_100#74(int" StructureKind="c/c++" NumEvents="2" CreationCount="272"/><InteractionEvent Delta="null" EndDate="2014-09-07 13:43:16.79 JST" Interest="548.102" Kind="propagation" Navigation="org.eclipse.mylyn.core.model.edges.containment" OriginId="org.eclipse.mylyn.core.model.interest.propagation" StartDate="2014-09-07 09:46:52.242 JST" StructureHandle="" StructureKind="c/c++" NumEvents="644" CreationCount="1"/><InteractionEvent Delta="null" EndDate="2014-09-07 10:14:18.422 JST" Interest="4.0" Kind="selection" Navigation="null" OriginId="org.eclipse.ui.views.ContentOutline" StartDate="2014-09-07 10:13:39.487 JST" StructureHandle="=Embedded{D_85_16F84A_remote\/D_85_Remote_v_5_3_2b_Rcv\/D_85_Remote_v_5_3_2b_Rcv.c[main#74(void" StructureKind="c/c++" NumEvents="4" CreationCount="129"/><InteractionEvent Delta="null" EndDate="2014-09-07 10:14:00.274 JST" Interest="4.0" Kind="edit" Navigation="null" OriginId="org.eclipse.cdt.ui.editor.CEditor" StartDate="2014-09-07 10:13:40.136 JST" StructureHandle="=Embedded{D_85_16F84A_remote\/D_85_Remote_v_5_3_2b_Rcv\/D_85_Remote_v_5_3_2b_Rcv.c[main#74(void" StructureKind="c/c++" NumEvents="4" CreationCount="129"/><InteractionEvent Delta="null" EndDate="2014-09-07 09:47:01.818 JST" Interest="1.0" Kind="selection" Navigation="null" OriginId="org.eclipse.ui.navigator.ProjectExplorer" StartDate="2014-09-07 09:47:01.818 JST" StructureHandle="/Embedded/D-90~/D-91_PIC16_color_changer/D-91_PIC16_color_changer_v-4.1" StructureKind="resource"/><InteractionEvent Delta="null" EndDate="2014-09-07 13:43:16.78 JST" Interest="547.017" Kind="propagation" Navigation="org.eclipse.mylyn.core.model.edges.containment" OriginId="org.eclipse.mylyn.core.model.interest.propagation" StartDate="2014-09-07 09:47:05.115 JST" StructureHandle="/Embedded/D-90~/D-91_PIC16_color_changer/D-91_PIC16_color_changer_v-4.1" StructureKind="resource" NumEvents="638" CreationCount="6"/><InteractionEvent Delta="null" EndDate="2014-09-07 11:53:49.687 JST" Interest="7.0" Kind="selection" Navigation="null" OriginId="org.eclipse.ui.views.ContentOutline" StartDate="2014-09-07 10:37:21.442 JST" StructureHandle="=Embedded{D-90~\/D-91_PIC16_color_changer\/D-91_PIC16_color_changer_v-3.1\/D-91_PIC16_color_changer_v-3.1.c[_custom_lower_num#74(int" StructureKind="c/c++" NumEvents="7" CreationCount="351"/><InteractionEvent Delta="null" EndDate="2014-09-07 11:53:48.153 JST" Interest="8.0" Kind="edit" Navigation="null" OriginId="org.eclipse.cdt.ui.editor.CEditor" StartDate="2014-09-07 10:37:22.839 JST" StructureHandle="=Embedded{D-90~\/D-91_PIC16_color_changer\/D-91_PIC16_color_changer_v-3.1\/D-91_PIC16_color_changer_v-3.1.c[_custom_lower_num#74(int" StructureKind="c/c++" NumEvents="8" CreationCount="351"/><InteractionEvent Delta="null" EndDate="2014-09-07 10:33:15.716 JST" Interest="1.0" Kind="selection" Navigation="null" OriginId="org.eclipse.ui.views.ContentOutline" StartDate="2014-09-07 10:33:15.716 JST" StructureHandle="=Embedded{D-90~\/D-91_PIC16_color_changer\/D-91_PIC16_color_changer_v-4.1\/D-91_PIC16_color_changer_v-4.1.c[data_code_a#76" StructureKind="c/c++"/><InteractionEvent Delta="null" EndDate="2014-09-07 10:31:47.527 JST" Interest="1.0" Kind="selection" Navigation="null" OriginId="org.eclipse.ui.views.ContentOutline" StartDate="2014-09-07 10:31:47.527 JST" StructureHandle="=Embedded{D-90~\/D-91_PIC16_color_changer\/D-91_PIC16_color_changer_v-4.1\/D-91_PIC16_color_changer_v-4.1.c[RESET_TMR#79" StructureKind="c/c++"/><InteractionEvent Delta="null" EndDate="2014-09-07 10:31:48.839 JST" Interest="2.0" Kind="edit" Navigation="null" OriginId="org.eclipse.cdt.ui.editor.CEditor" StartDate="2014-09-07 10:31:48.812 JST" StructureHandle="=Embedded{D-90~\/D-91_PIC16_color_changer\/D-91_PIC16_color_changer_v-4.1\/D-91_PIC16_color_changer_v-4.1.c[RESET_TMR#79" StructureKind="c/c++" NumEvents="2" CreationCount="299"/><InteractionEvent Delta="null" EndDate="2014-09-07 10:33:49.320 JST" Interest="1.0" Kind="selection" Navigation="null" OriginId="org.eclipse.ui.views.ContentOutline" StartDate="2014-09-07 10:33:49.320 JST" StructureHandle="=Embedded{D-90~\/D-91_PIC16_color_changer\/D-91_PIC16_color_changer_v-4.1\/D-91_PIC16_color_changer_v-4.1.c[i#76" StructureKind="c/c++"/><InteractionEvent Delta="null" EndDate="2014-09-07 11:53:16.280 JST" Interest="8.0" Kind="selection" Navigation="null" OriginId="org.eclipse.cdt.ui.editor.CEditor" StartDate="2014-09-07 10:16:08.911 JST" StructureHandle="=Embedded{D-90~\/D-91_PIC16_color_changer\/D-91_PIC16_color_changer_v-4.1\/D-91_PIC16_color_changer_v-4.1.c[TIME_OUT#79" StructureKind="c/c++" NumEvents="8" CreationCount="184"/><InteractionEvent Delta="null" EndDate="2014-09-07 11:53:17.532 JST" Interest="14.0" Kind="edit" Navigation="null" OriginId="org.eclipse.cdt.ui.editor.CEditor" StartDate="2014-09-07 10:16:14.43 JST" StructureHandle="=Embedded{D-90~\/D-91_PIC16_color_changer\/D-91_PIC16_color_changer_v-4.1\/D-91_PIC16_color_changer_v-4.1.c[TIME_OUT#79" StructureKind="c/c++" NumEvents="14" CreationCount="184"/><InteractionEvent Delta="null" EndDate="2014-09-07 09:46:58.693 JST" Interest="1.0" Kind="selection" Navigation="null" OriginId="org.eclipse.ui.navigator.ProjectExplorer" StartDate="2014-09-07 09:46:58.693 JST" StructureHandle="/Embedded/D-90~" StructureKind="resource"/><InteractionEvent Delta="null" EndDate="2014-09-07 13:43:16.79 JST" Interest="547.051" Kind="propagation" Navigation="org.eclipse.mylyn.core.model.edges.containment" OriginId="org.eclipse.mylyn.core.model.interest.propagation" StartDate="2014-09-07 09:47:00.252 JST" StructureHandle="/Embedded/D-90~" StructureKind="resource" NumEvents="644" CreationCount="4"/><InteractionEvent Delta="null" EndDate="2014-09-07 11:53:46.528 JST" Interest="6.0" Kind="selection" Navigation="null" OriginId="org.eclipse.cdt.ui.editor.CEditor" StartDate="2014-09-07 10:37:08.577 JST" StructureHandle="/Embedded/D-90~/D-91_PIC16_color_changer/D-91_PIC16_color_changer_v-3.1/D-91_PIC16_color_changer_v-3.1.c" StructureKind="resource" NumEvents="6" CreationCount="341"/><InteractionEvent Delta="null" EndDate="2014-09-07 13:07:16.509 JST" Interest="113.0" Kind="propagation" Navigation="null" OriginId="org.eclipse.cdt.ui.editor.CEditor" StartDate="2014-09-07 10:37:08.996 JST" StructureHandle="/Embedded/D-90~/D-91_PIC16_color_changer/D-91_PIC16_color_changer_v-3.1/D-91_PIC16_color_changer_v-3.1.c" StructureKind="resource" NumEvents="113" CreationCount="341"/><InteractionEvent Delta="null" EndDate="2014-09-07 13:07:16.510 JST" Interest="139.0" Kind="edit" Navigation="null" OriginId="org.eclipse.cdt.ui.editor.CEditor" StartDate="2014-09-07 10:37:08.998 JST" StructureHandle="/Embedded/D-90~/D-91_PIC16_color_changer/D-91_PIC16_color_changer_v-3.1/D-91_PIC16_color_changer_v-3.1.c" StructureKind="resource" NumEvents="139" CreationCount="341"/><InteractionEvent Delta="null" EndDate="2014-09-07 10:12:56.73 JST" Interest="3.0" Kind="selection" Navigation="null" OriginId="org.eclipse.ui.navigator.ProjectExplorer" StartDate="2014-09-07 10:12:37.673 JST" StructureHandle="/Embedded/D_85_16F84A_remote/D_85_Remote_v_5_4_0_Snd/D_85_Remote_v_5_4_0_Snd.c" StructureKind="resource" NumEvents="3" CreationCount="89"/><InteractionEvent Delta="null" EndDate="2014-09-07 10:13:01.113 JST" Interest="8.0" Kind="propagation" Navigation="null" OriginId="org.eclipse.ui.views.ContentOutline" StartDate="2014-09-07 10:12:38.38 JST" StructureHandle="/Embedded/D_85_16F84A_remote/D_85_Remote_v_5_4_0_Snd/D_85_Remote_v_5_4_0_Snd.c" StructureKind="resource" NumEvents="8" CreationCount="89"/><InteractionEvent Delta="null" EndDate="2014-09-07 10:12:54.350 JST" Interest="6.0" Kind="edit" Navigation="null" OriginId="org.eclipse.cdt.ui.editor.CEditor" StartDate="2014-09-07 10:12:38.39 JST" StructureHandle="/Embedded/D_85_16F84A_remote/D_85_Remote_v_5_4_0_Snd/D_85_Remote_v_5_4_0_Snd.c" StructureKind="resource" NumEvents="6" CreationCount="89"/><InteractionEvent Delta="null" EndDate="2014-09-07 11:53:39.222 JST" Interest="0.7130003" Kind="manipulation" Navigation="null" OriginId="org.eclipse.mylyn.core.model.interest.decay.correction" StartDate="2014-09-07 11:53:39.222 JST" StructureHandle="=Embedded{D_85_16F84A_remote\/D_85_Remote_v_5_3_2b_Rcv\/D_85_Remote_v_5_3_2b_Rcv.c[interrupt#74(void" StructureKind="c/c++"/><InteractionEvent Delta="null" EndDate="2014-09-07 11:53:39.222 JST" Interest="2.0" Kind="selection" Navigation="null" OriginId="org.eclipse.ui.views.ContentOutline" StartDate="2014-09-07 10:13:03.647 JST" StructureHandle="=Embedded{D_85_16F84A_remote\/D_85_Remote_v_5_3_2b_Rcv\/D_85_Remote_v_5_3_2b_Rcv.c[interrupt#74(void" StructureKind="c/c++" NumEvents="2" CreationCount="114"/><InteractionEvent Delta="null" EndDate="2014-09-07 11:53:40.727 JST" Interest="10.0" Kind="edit" Navigation="null" OriginId="org.eclipse.cdt.ui.editor.CEditor" StartDate="2014-09-07 10:13:04.239 JST" StructureHandle="=Embedded{D_85_16F84A_remote\/D_85_Remote_v_5_3_2b_Rcv\/D_85_Remote_v_5_3_2b_Rcv.c[interrupt#74(void" StructureKind="c/c++" NumEvents="10" CreationCount="114"/><InteractionEvent Delta="null" EndDate="2014-09-07 13:07:26.430 JST" Interest="1.0" Kind="selection" Navigation="null" OriginId="org.eclipse.cdt.ui.editor.CEditor" StartDate="2014-09-07 13:07:26.430 JST" StructureHandle="=Embedded{D-90~\/D-91_PIC16_color_changer\/D-91_PIC16_color_changer_v-4.1\/D-91_PIC16_color_changer_v-4.1.c[_read_Reader#74" StructureKind="c/c++"/><InteractionEvent Delta="null" EndDate="2014-09-07 10:37:04.57 JST" Interest="1.0" Kind="selection" Navigation="null" OriginId="org.eclipse.ui.navigator.ProjectExplorer" StartDate="2014-09-07 10:37:04.57 JST" StructureHandle="/Embedded/D-90~/D-91_PIC16_color_changer/D-91_PIC16_color_changer_v-3.1" StructureKind="resource"/><InteractionEvent Delta="null" EndDate="2014-09-07 13:07:16.511 JST" Interest="215.31699" Kind="propagation" Navigation="org.eclipse.mylyn.core.model.edges.containment" OriginId="org.eclipse.mylyn.core.model.interest.propagation" StartDate="2014-09-07 10:37:08.577 JST" StructureHandle="/Embedded/D-90~/D-91_PIC16_color_changer/D-91_PIC16_color_changer_v-3.1" StructureKind="resource" NumEvents="258" CreationCount="340"/><InteractionEvent Delta="null" EndDate="2014-09-07 09:47:00.251 JST" Interest="1.0" Kind="selection" Navigation="null" OriginId="org.eclipse.ui.navigator.ProjectExplorer" StartDate="2014-09-07 09:47:00.251 JST" StructureHandle="/Embedded/D-90~/D-91_PIC16_color_changer" StructureKind="resource"/><InteractionEvent Delta="null" EndDate="2014-09-07 13:43:16.79 JST" Interest="547.034" Kind="propagation" Navigation="org.eclipse.mylyn.core.model.edges.containment" OriginId="org.eclipse.mylyn.core.model.interest.propagation" StartDate="2014-09-07 09:47:01.819 JST" StructureHandle="/Embedded/D-90~/D-91_PIC16_color_changer" StructureKind="resource" NumEvents="639" CreationCount="5"/><InteractionEvent Delta="null" EndDate="2014-09-07 11:53:53.16 JST" Interest="1.0" Kind="selection" Navigation="null" OriginId="org.eclipse.ui.views.ContentOutline" StartDate="2014-09-07 11:53:53.16 JST" StructureHandle="=Embedded{D-90~\/D-91_PIC16_color_changer\/D-91_PIC16_color_changer_v-3.1\/D-91_PIC16_color_changer_v-3.1.c[main#74(void" StructureKind="c/c++"/><InteractionEvent Delta="null" EndDate="2014-09-07 11:53:54.50 JST" Interest="3.0" Kind="edit" Navigation="null" OriginId="org.eclipse.cdt.ui.editor.CEditor" StartDate="2014-09-07 11:53:53.461 JST" StructureHandle="=Embedded{D-90~\/D-91_PIC16_color_changer\/D-91_PIC16_color_changer_v-3.1\/D-91_PIC16_color_changer_v-3.1.c[main#74(void" StructureKind="c/c++" NumEvents="3" CreationCount="518"/><InteractionEvent Delta="null" EndDate="2014-09-07 11:53:18.342 JST" Interest="1.0" Kind="selection" Navigation="null" OriginId="org.eclipse.cdt.ui.editor.CEditor" StartDate="2014-09-07 11:53:18.342 JST" StructureHandle="=Embedded{D-90~\/D-91_PIC16_color_changer\/D-91_PIC16_color_changer_v-4.1\/D-91_PIC16_color_changer_v-4.1.c[_pulse#74(int" StructureKind="c/c++"/><InteractionEvent Delta="null" EndDate="2014-09-07 13:07:32.187 JST" Interest="13.0" Kind="selection" Navigation="null" OriginId="org.eclipse.cdt.ui.editor.CEditor" StartDate="2014-09-07 10:07:27.746 JST" StructureHandle="=Embedded{D-90~\/D-91_PIC16_color_changer\/D-91_PIC16_color_changer_v-4.1\/D-91_PIC16_color_changer_v-4.1.c[_read_Custom#74" StructureKind="c/c++" NumEvents="13" CreationCount="38"/><InteractionEvent Delta="null" EndDate="2014-09-07 11:51:39.499 JST" Interest="31.0" Kind="edit" Navigation="null" OriginId="org.eclipse.cdt.ui.editor.CEditor" StartDate="2014-09-07 10:07:28.423 JST" StructureHandle="=Embedded{D-90~\/D-91_PIC16_color_changer\/D-91_PIC16_color_changer_v-4.1\/D-91_PIC16_color_changer_v-4.1.c[_read_Custom#74" StructureKind="c/c++" NumEvents="31" CreationCount="38"/><InteractionEvent Delta="null" EndDate="2014-09-07 11:57:07.851 JST" Interest="2.0" Kind="selection" Navigation="null" OriginId="org.eclipse.cdt.ui.editor.CEditor" StartDate="2014-09-07 11:54:00.303 JST" StructureHandle="=Embedded{D-90~\/D-91_PIC16_color_changer\/D-91_PIC16_color_changer_v-3.1\/D-91_PIC16_color_changer_v-3.1.c[interrupt#74(void" StructureKind="c/c++" NumEvents="2" CreationCount="525"/><InteractionEvent Delta="null" EndDate="2014-09-07 12:00:44.349 JST" Interest="10.0" Kind="edit" Navigation="null" OriginId="org.eclipse.cdt.ui.editor.CEditor" StartDate="2014-09-07 11:54:00.778 JST" StructureHandle="=Embedded{D-90~\/D-91_PIC16_color_changer\/D-91_PIC16_color_changer_v-3.1\/D-91_PIC16_color_changer_v-3.1.c[interrupt#74(void" StructureKind="c/c++" NumEvents="10" CreationCount="525"/><InteractionEvent Delta="null" EndDate="2014-09-07 10:12:35.499 JST" Interest="1.0" Kind="selection" Navigation="null" OriginId="org.eclipse.ui.navigator.ProjectExplorer" StartDate="2014-09-07 10:12:35.499 JST" StructureHandle="/Embedded/D_85_16F84A_remote/D_85_Remote_v_5_4_0_Snd" StructureKind="resource"/><InteractionEvent Delta="null" EndDate="2014-09-07 10:13:01.113 JST" Interest="14.217" Kind="propagation" Navigation="org.eclipse.mylyn.core.model.edges.containment" OriginId="org.eclipse.mylyn.core.model.interest.propagation" StartDate="2014-09-07 10:12:37.674 JST" StructureHandle="/Embedded/D_85_16F84A_remote/D_85_Remote_v_5_4_0_Snd" StructureKind="resource" NumEvents="17" CreationCount="88"/><InteractionEvent Delta="null" EndDate="2014-09-07 10:32:58.195 JST" Interest="1.0" Kind="selection" Navigation="null" OriginId="org.eclipse.ui.views.ContentOutline" StartDate="2014-09-07 10:32:58.195 JST" StructureHandle="=Embedded{D-90~\/D-91_PIC16_color_changer\/D-91_PIC16_color_changer_v-4.1\/D-91_PIC16_color_changer_v-4.1.c[bit_len#76" StructureKind="c/c++"/><InteractionEvent Delta="null" EndDate="2014-09-07 10:12:30.397 JST" Interest="1.0" Kind="selection" Navigation="null" OriginId="org.eclipse.ui.navigator.ProjectExplorer" StartDate="2014-09-07 10:12:30.397 JST" StructureHandle="/Embedded/D-6_PIC12_First" StructureKind="resource"/><InteractionEvent Delta="null" EndDate="2014-09-07 10:13:01.111 JST" Interest="2.0" Kind="selection" Navigation="null" OriginId="org.eclipse.ui.views.ContentOutline" StartDate="2014-09-07 10:12:52.515 JST" StructureHandle="=Embedded{D_85_16F84A_remote\/D_85_Remote_v_5_4_0_Snd\/D_85_Remote_v_5_4_0_Snd.c[custom_code_a#76" StructureKind="c/c++" NumEvents="2" CreationCount="98"/><InteractionEvent Delta="null" EndDate="2014-09-07 10:12:53.686 JST" Interest="2.0" Kind="edit" Navigation="null" OriginId="org.eclipse.cdt.ui.editor.CEditor" StartDate="2014-09-07 10:12:53.663 JST" StructureHandle="=Embedded{D_85_16F84A_remote\/D_85_Remote_v_5_4_0_Snd\/D_85_Remote_v_5_4_0_Snd.c[custom_code_a#76" StructureKind="c/c++" NumEvents="2" CreationCount="98"/><InteractionEvent Delta="null" EndDate="2014-09-07 10:12:58.998 JST" Interest="1.0" Kind="selection" Navigation="null" OriginId="org.eclipse.cdt.ui.editor.CEditor" StartDate="2014-09-07 10:12:58.998 JST" StructureHandle="=Embedded{D_85_16F84A_remote\/D_85_Remote_v_5_3_2b_Rcv\/D_85_Remote_v_5_3_2b_Rcv.c" StructureKind="c/c++"/><InteractionEvent Delta="null" EndDate="2014-09-07 11:53:36.165 JST" Interest="11.019001" Kind="propagation" Navigation="org.eclipse.mylyn.core.model.edges.containment" OriginId="org.eclipse.mylyn.core.model.interest.propagation" StartDate="2014-09-07 10:13:04.240 JST" StructureHandle="=Embedded{D_85_16F84A_remote\/D_85_Remote_v_5_3_2b_Rcv\/D_85_Remote_v_5_3_2b_Rcv.c" StructureKind="c/c++" NumEvents="16" CreationCount="109"/><InteractionEvent Delta="null" EndDate="2014-09-07 10:12:59.978 JST" Interest="1.0" Kind="edit" Navigation="null" OriginId="org.eclipse.cdt.ui.editor.CEditor" StartDate="2014-09-07 10:12:59.978 JST" StructureHandle="=Embedded{D_85_16F84A_remote\/D_85_Remote_v_5_3_2b_Rcv\/D_85_Remote_v_5_3_2b_Rcv.c" StructureKind="c/c++"/><InteractionEvent Delta="null" EndDate="2014-09-07 13:28:47.804 JST" Interest="3.0" Kind="selection" Navigation="null" OriginId="org.eclipse.ui.views.ContentOutline" StartDate="2014-09-07 13:18:08.93 JST" StructureHandle="=Embedded{D-90~\/D-91_PIC16_color_changer\/D-91_PIC16_color_changer_v-4.1\/D-91_PIC16_color_changer_v-4.1.c[_judge_TMR_#74(int(int" StructureKind="c/c++" NumEvents="3" CreationCount="863"/><InteractionEvent Delta="null" EndDate="2014-09-07 13:28:50.864 JST" Interest="9.0" Kind="edit" Navigation="null" OriginId="org.eclipse.cdt.ui.editor.CEditor" StartDate="2014-09-07 13:18:16.488 JST" StructureHandle="=Embedded{D-90~\/D-91_PIC16_color_changer\/D-91_PIC16_color_changer_v-4.1\/D-91_PIC16_color_changer_v-4.1.c[_judge_TMR_#74(int(int" StructureKind="c/c++" NumEvents="9" CreationCount="863"/><InteractionEvent Delta="null" EndDate="2014-09-07 10:14:23.266 JST" Interest="1.0" Kind="selection" Navigation="null" OriginId="org.eclipse.ui.views.ContentOutline" StartDate="2014-09-07 10:14:23.266 JST" StructureHandle="=Embedded{D_85_16F84A_remote\/D_85_Remote_v_5_3_2b_Rcv\/D_85_Remote_v_5_3_2b_Rcv.c[_response#74(void" StructureKind="c/c++"/><InteractionEvent Delta="null" EndDate="2014-09-07 10:36:56.89 JST" Interest="1.0" Kind="selection" Navigation="null" OriginId="org.eclipse.ui.navigator.ProjectExplorer" StartDate="2014-09-07 10:36:56.89 JST" StructureHandle="/Embedded/D_85_16F84A_remote/D_85_Remote_v_5_4_0_Snd/D_85_Remote_v_5_4_0_Snd_callertable.txt" StructureKind="resource"/><InteractionEvent Delta="null" EndDate="2014-09-07 10:12:56.225 JST" Interest="1.0" Kind="selection" Navigation="null" OriginId="org.eclipse.ui.navigator.ProjectExplorer" StartDate="2014-09-07 10:12:56.225 JST" StructureHandle="/Embedded/D_85_16F84A_remote/D_85_Remote_v_5_3_2b_Rcv" StructureKind="resource"/><InteractionEvent Delta="null" EndDate="2014-09-07 11:53:40.730 JST" Interest="63.316998" Kind="propagation" Navigation="org.eclipse.mylyn.core.model.edges.containment" OriginId="org.eclipse.mylyn.core.model.interest.propagation" StartDate="2014-09-07 10:12:58.712 JST" StructureHandle="/Embedded/D_85_16F84A_remote/D_85_Remote_v_5_3_2b_Rcv" StructureKind="resource" NumEvents="73" CreationCount="106"/><InteractionEvent Delta="null" EndDate="2014-09-07 11:53:33.650 JST" Interest="8.0" Kind="selection" Navigation="null" OriginId="org.eclipse.cdt.ui.editor.CEditor" StartDate="2014-09-07 10:12:58.711 JST" StructureHandle="/Embedded/D_85_16F84A_remote/D_85_Remote_v_5_3_2b_Rcv/D_85_Remote_v_5_3_2b_Rcv.c" StructureKind="resource" NumEvents="8" CreationCount="107"/><InteractionEvent Delta="null" EndDate="2014-09-07 11:53:40.728 JST" Interest="36.0" Kind="propagation" Navigation="null" OriginId="org.eclipse.cdt.ui.editor.CEditor" StartDate="2014-09-07 10:12:58.999 JST" StructureHandle="/Embedded/D_85_16F84A_remote/D_85_Remote_v_5_3_2b_Rcv/D_85_Remote_v_5_3_2b_Rcv.c" StructureKind="resource" NumEvents="36" CreationCount="107"/><InteractionEvent Delta="null" EndDate="2014-09-07 11:53:40.729 JST" Interest="29.0" Kind="edit" Navigation="null" OriginId="org.eclipse.cdt.ui.editor.CEditor" StartDate="2014-09-07 10:12:59.1 JST" StructureHandle="/Embedded/D_85_16F84A_remote/D_85_Remote_v_5_3_2b_Rcv/D_85_Remote_v_5_3_2b_Rcv.c" StructureKind="resource" NumEvents="29" CreationCount="107"/><InteractionEvent Delta="null" EndDate="2014-09-07 11:56:04.561 JST" Interest="1.0" Kind="selection" Navigation="null" OriginId="org.eclipse.ui.views.ContentOutline" StartDate="2014-09-07 11:56:04.561 JST" StructureHandle="=Embedded{D-90~\/D-91_PIC16_color_changer\/D-91_PIC16_color_changer_v-3.1\/D-91_PIC16_color_changer_v-3.1.c[_pulse_Modulation#74(void" StructureKind="c/c++"/><InteractionEvent Delta="null" EndDate="2014-09-07 11:56:10.537 JST" Interest="3.0" Kind="edit" Navigation="null" OriginId="org.eclipse.cdt.ui.editor.CEditor" StartDate="2014-09-07 11:56:09.687 JST" StructureHandle="=Embedded{D-90~\/D-91_PIC16_color_changer\/D-91_PIC16_color_changer_v-3.1\/D-91_PIC16_color_changer_v-3.1.c[_pulse_Modulation#74(void" StructureKind="c/c++" NumEvents="3" CreationCount="625"/><InteractionEvent Delta="null" EndDate="2014-09-07 10:12:32.286 JST" Interest="1.0" Kind="selection" Navigation="null" OriginId="org.eclipse.ui.navigator.ProjectExplorer" StartDate="2014-09-07 10:12:32.286 JST" StructureHandle="/Embedded/D_85_16F84A_remote" StructureKind="resource"/><InteractionEvent Delta="null" EndDate="2014-09-07 11:53:40.730 JST" Interest="63.64" Kind="propagation" Navigation="org.eclipse.mylyn.core.model.edges.containment" OriginId="org.eclipse.mylyn.core.model.interest.propagation" StartDate="2014-09-07 10:12:35.500 JST" StructureHandle="/Embedded/D_85_16F84A_remote" StructureKind="resource" NumEvents="75" CreationCount="87"/><InteractionEvent Delta="null" EndDate="2014-09-07 13:20:34.467 JST" Interest="20.0" Kind="selection" Navigation="null" OriginId="org.eclipse.cdt.ui.editor.CEditor" StartDate="2014-09-07 09:47:05.623 JST" StructureHandle="=Embedded{D-90~\/D-91_PIC16_color_changer\/D-91_PIC16_color_changer_v-4.1\/D-91_PIC16_color_changer_v-4.1.c" StructureKind="c/c++" NumEvents="20" CreationCount="9"/><InteractionEvent Delta="null" EndDate="2014-09-07 13:43:16.76 JST" Interest="102.701996" Kind="propagation" Navigation="org.eclipse.mylyn.core.model.edges.containment" OriginId="org.eclipse.mylyn.core.model.interest.propagation" StartDate="2014-09-07 09:47:16.833 JST" StructureHandle="=Embedded{D-90~\/D-91_PIC16_color_changer\/D-91_PIC16_color_changer_v-4.1\/D-91_PIC16_color_changer_v-4.1.c" StructureKind="c/c++" NumEvents="145" CreationCount="9"/><InteractionEvent Delta="null" EndDate="2014-09-07 13:16:10.562 JST" Interest="18.0" Kind="edit" Navigation="null" OriginId="org.eclipse.cdt.ui.editor.CEditor" StartDate="2014-09-07 09:47:06.834 JST" StructureHandle="=Embedded{D-90~\/D-91_PIC16_color_changer\/D-91_PIC16_color_changer_v-4.1\/D-91_PIC16_color_changer_v-4.1.c" StructureKind="c/c++" NumEvents="18" CreationCount="9"/><InteractionEvent Delta="null" EndDate="2014-09-07 13:43:16.79 JST" Interest="998.0" Kind="propagation" Navigation="org.eclipse.mylyn.core.model.edges.containment" OriginId="org.eclipse.mylyn.core.model.interest.propagation" StartDate="2014-09-07 09:46:52.242 JST" StructureHandle="/" StructureKind="resource" NumEvents="998" CreationCount="1"/><InteractionEvent Delta="null" EndDate="2014-09-07 12:00:47.314 JST" Interest="3.0" Kind="selection" Navigation="null" OriginId="org.eclipse.ui.views.ContentOutline" StartDate="2014-09-07 11:54:07.573 JST" StructureHandle="=Embedded{D-90~\/D-91_PIC16_color_changer\/D-91_PIC16_color_changer_v-3.1\/D-91_PIC16_color_changer_v-3.1.c[_Opearations#74" StructureKind="c/c++" NumEvents="3" CreationCount="534"/><InteractionEvent Delta="null" EndDate="2014-09-07 13:07:16.508 JST" Interest="61.0" Kind="edit" Navigation="null" OriginId="org.eclipse.cdt.ui.editor.CEditor" StartDate="2014-09-07 11:54:08.68 JST" StructureHandle="=Embedded{D-90~\/D-91_PIC16_color_changer\/D-91_PIC16_color_changer_v-3.1\/D-91_PIC16_color_changer_v-3.1.c[_Opearations#74" StructureKind="c/c++" NumEvents="61" CreationCount="534"/><InteractionEvent Delta="null" EndDate="2014-09-07 11:30:39.636 JST" Interest="1.2180004" Kind="manipulation" Navigation="null" OriginId="org.eclipse.mylyn.core.model.interest.decay.correction" StartDate="2014-09-07 11:30:39.636 JST" StructureHandle="=Embedded{D_85_16F84A_remote\/D_85_Remote_v_5_3_2b_Rcv\/D_85_Remote_v_5_3_2b_Rcv.c[_custom_lower#74(void" StructureKind="c/c++"/><InteractionEvent Delta="null" EndDate="2014-09-07 11:53:36.164 JST" Interest="5.0" Kind="selection" Navigation="null" OriginId="org.eclipse.ui.views.ContentOutline" StartDate="2014-09-07 10:14:24.621 JST" StructureHandle="=Embedded{D_85_16F84A_remote\/D_85_Remote_v_5_3_2b_Rcv\/D_85_Remote_v_5_3_2b_Rcv.c[_custom_lower#74(void" StructureKind="c/c++" NumEvents="5" CreationCount="162"/><InteractionEvent Delta="null" EndDate="2014-09-07 11:53:35.50 JST" Interest="8.0" Kind="edit" Navigation="null" OriginId="org.eclipse.cdt.ui.editor.CEditor" StartDate="2014-09-07 10:14:25.552 JST" StructureHandle="=Embedded{D_85_16F84A_remote\/D_85_Remote_v_5_3_2b_Rcv\/D_85_Remote_v_5_3_2b_Rcv.c[_custom_lower#74(void" StructureKind="c/c++" NumEvents="8" CreationCount="162"/><InteractionEvent Delta="null" EndDate="2014-09-07 13:18:02.213 JST" Interest="1.0" Kind="selection" Navigation="null" OriginId="org.eclipse.cdt.ui.editor.CEditor" StartDate="2014-09-07 13:18:02.213 JST" StructureHandle="=Embedded{D-90~\/D-91_PIC16_color_changer\/D-91_PIC16_color_changer_v-4.1\/D-91_PIC16_color_changer_v-4.1.c[main#74(void" StructureKind="c/c++"/><InteractionEvent Delta="null" EndDate="2014-09-07 13:18:04.973 JST" Interest="1.0" Kind="edit" Navigation="null" OriginId="org.eclipse.cdt.ui.editor.CEditor" StartDate="2014-09-07 13:18:04.973 JST" StructureHandle="=Embedded{D-90~\/D-91_PIC16_color_changer\/D-91_PIC16_color_changer_v-4.1\/D-91_PIC16_color_changer_v-4.1.c[main#74(void" StructureKind="c/c++"/><InteractionEvent Delta="null" EndDate="2014-09-07 10:37:17.410 JST" Interest="1.0" Kind="selection" Navigation="null" OriginId="org.eclipse.ui.views.ContentOutline" StartDate="2014-09-07 10:37:17.410 JST" StructureHandle="=Embedded{D-90~\/D-91_PIC16_color_changer\/D-91_PIC16_color_changer_v-3.1\/D-91_PIC16_color_changer_v-3.1.c[data_code_a#76" StructureKind="c/c++"/><InteractionEvent Delta="null" EndDate="2014-09-07 11:54:58.233 JST" Interest="4.0" Kind="selection" Navigation="null" OriginId="org.eclipse.cdt.ui.editor.CEditor" StartDate="2014-09-07 11:54:50.211 JST" StructureHandle="=Embedded{D-90~\/D-91_PIC16_color_changer\/D-91_PIC16_color_changer_v-3.1\/D-91_PIC16_color_changer_v-3.1.c[_send_StopBit#73(int" StructureKind="c/c++" NumEvents="4" CreationCount="561"/><InteractionEvent Delta="null" EndDate="2014-09-07 11:55:02.161 JST" Interest="3.0" Kind="edit" Navigation="null" OriginId="org.eclipse.cdt.ui.editor.CEditor" StartDate="2014-09-07 11:54:52.721 JST" StructureHandle="=Embedded{D-90~\/D-91_PIC16_color_changer\/D-91_PIC16_color_changer_v-3.1\/D-91_PIC16_color_changer_v-3.1.c[_send_StopBit#73(void" StructureKind="c/c++" NumEvents="3" CreationCount="561"/><InteractionEvent Delta="null" EndDate="2014-09-07 11:57:03.733 JST" Interest="4.0" Kind="selection" Navigation="null" OriginId="org.eclipse.cdt.ui.editor.CEditor" StartDate="2014-09-07 10:37:08.996 JST" StructureHandle="=Embedded{D-90~\/D-91_PIC16_color_changer\/D-91_PIC16_color_changer_v-3.1\/D-91_PIC16_color_changer_v-3.1.c" StructureKind="c/c++" NumEvents="4" CreationCount="343"/><InteractionEvent Delta="null" EndDate="2014-09-07 13:07:16.509 JST" Interest="41.447002" Kind="propagation" Navigation="org.eclipse.mylyn.core.model.edges.containment" OriginId="org.eclipse.mylyn.core.model.interest.propagation" StartDate="2014-09-07 10:37:22.865 JST" StructureHandle="=Embedded{D-90~\/D-91_PIC16_color_changer\/D-91_PIC16_color_changer_v-3.1\/D-91_PIC16_color_changer_v-3.1.c" StructureKind="c/c++" NumEvents="58" CreationCount="343"/><InteractionEvent Delta="null" EndDate="2014-09-07 11:57:04.902 JST" Interest="5.0" Kind="edit" Navigation="null" OriginId="org.eclipse.cdt.ui.editor.CEditor" StartDate="2014-09-07 10:37:09.857 JST" StructureHandle="=Embedded{D-90~\/D-91_PIC16_color_changer\/D-91_PIC16_color_changer_v-3.1\/D-91_PIC16_color_changer_v-3.1.c" StructureKind="c/c++" NumEvents="5" CreationCount="343"/><InteractionEvent Delta="null" EndDate="2014-09-07 11:56:12.424 JST" Interest="2.0" Kind="selection" Navigation="null" OriginId="org.eclipse.cdt.ui.editor.CEditor" StartDate="2014-09-07 11:55:11.442 JST" StructureHandle="=Embedded{D-90~\/D-91_PIC16_color_changer\/D-91_PIC16_color_changer_v-3.1\/D-91_PIC16_color_changer_v-3.1.c[_send_StopBit#74(void" StructureKind="c/c++" NumEvents="2" CreationCount="585"/><InteractionEvent Delta="null" EndDate="2014-09-07 11:56:40.115 JST" Interest="29.0" Kind="edit" Navigation="null" OriginId="org.eclipse.cdt.ui.editor.CEditor" StartDate="2014-09-07 11:55:21.894 JST" StructureHandle="=Embedded{D-90~\/D-91_PIC16_color_changer\/D-91_PIC16_color_changer_v-3.1\/D-91_PIC16_color_changer_v-3.1.c[_send_StopBit#74(void" StructureKind="c/c++" NumEvents="29" CreationCount="585"/><InteractionEvent Delta="null" EndDate="2014-09-07 10:30:21.426 JST" Interest="1.0" Kind="selection" Navigation="null" OriginId="org.eclipse.cdt.ui.editor.CEditor" StartDate="2014-09-07 10:30:21.426 JST" StructureHandle="=Embedded{D-90~\/D-91_PIC16_color_changer\/D-91_PIC16_color_changer_v-4.1\/D-91_PIC16_color_changer_v-4.1.c[_response#74(void" StructureKind="c/c++"/><InteractionEvent Delta="null" EndDate="2014-09-07 10:30:55.497 JST" Interest="4.0" Kind="edit" Navigation="null" OriginId="org.eclipse.cdt.ui.editor.CEditor" StartDate="2014-09-07 10:30:24.735 JST" StructureHandle="=Embedded{D-90~\/D-91_PIC16_color_changer\/D-91_PIC16_color_changer_v-4.1\/D-91_PIC16_color_changer_v-4.1.c[_response#74(void" StructureKind="c/c++" NumEvents="4" CreationCount="274"/><InteractionEvent Delta="null" EndDate="2014-09-07 13:29:10.234 JST" Interest="19.0" Kind="selection" Navigation="null" OriginId="org.eclipse.ui.views.ContentOutline" StartDate="2014-09-07 09:47:16.142 JST" StructureHandle="=Embedded{D-90~\/D-91_PIC16_color_changer\/D-91_PIC16_color_changer_v-4.1\/D-91_PIC16_color_changer_v-4.1.c[interrupt#74(void" StructureKind="c/c++" NumEvents="19" CreationCount="15"/><InteractionEvent Delta="null" EndDate="2014-09-07 13:43:16.76 JST" Interest="166.0" Kind="edit" Navigation="null" OriginId="org.eclipse.cdt.ui.editor.CEditor" StartDate="2014-09-07 09:47:16.799 JST" StructureHandle="=Embedded{D-90~\/D-91_PIC16_color_changer\/D-91_PIC16_color_changer_v-4.1\/D-91_PIC16_color_changer_v-4.1.c[interrupt#74(void" StructureKind="c/c++" NumEvents="166" CreationCount="15"/><InteractionEvent Delta="null" EndDate="2014-09-07 09:46:53.581 JST" Interest="3.0" Kind="selection" Navigation="null" OriginId="org.eclipse.ui.navigator.ProjectExplorer" StartDate="2014-09-07 09:46:52.242 JST" StructureHandle="=Embedded" StructureKind="c/c++" NumEvents="3" CreationCount="1"/><InteractionEvent Delta="null" EndDate="2014-09-07 13:43:16.79 JST" Interest="545.102" Kind="propagation" Navigation="org.eclipse.mylyn.core.model.edges.containment" OriginId="org.eclipse.mylyn.core.model.interest.propagation" StartDate="2014-09-07 09:47:05.624 JST" StructureHandle="=Embedded" StructureKind="c/c++" NumEvents="640" CreationCount="1"/><InteractionEvent Delta="null" EndDate="2014-09-07 11:53:50.365 JST" Interest="1.0" Kind="selection" Navigation="null" OriginId="org.eclipse.ui.views.ContentOutline" StartDate="2014-09-07 11:53:50.365 JST" StructureHandle="=Embedded{D-90~\/D-91_PIC16_color_changer\/D-91_PIC16_color_changer_v-3.1\/D-91_PIC16_color_changer_v-3.1.c[data_code_b#76" StructureKind="c/c++"/><InteractionEvent Delta="null" EndDate="2014-09-07 13:43:16.79 JST" Interest="998.0" Kind="propagation" Navigation="null" OriginId="org.eclipse.cdt.ui.editor.CEditor" StartDate="2014-09-07 09:46:52.242 JST" StructureHandle="/Embedded" StructureKind="resource" NumEvents="998" CreationCount="1"/><InteractionEvent Delta="null" EndDate="2014-09-07 10:08:38.490 JST" Interest="1.0" Kind="selection" Navigation="null" OriginId="org.eclipse.cdt.ui.editor.CEditor" StartDate="2014-09-07 10:08:38.490 JST" StructureHandle="=Embedded{D-90~\/D-91_PIC16_color_changer\/D-91_PIC16_color_changer_v-4.1\/D-91_PIC16_color_changer_v-4.1.c[_main_Setup#74" StructureKind="c/c++"/><InteractionEvent Delta="null" EndDate="2014-09-07 10:09:15.275 JST" Interest="1.0" Kind="edit" Navigation="null" OriginId="org.eclipse.cdt.ui.editor.CEditor" StartDate="2014-09-07 10:09:15.275 JST" StructureHandle="=Embedded{D-90~\/D-91_PIC16_color_changer\/D-91_PIC16_color_changer_v-4.1\/D-91_PIC16_color_changer_v-4.1.c[_main_Setup#74" StructureKind="c/c++"/><InteractionEvent Delta="null" EndDate="2014-09-07 10:12:54.348 JST" Interest="2.0" Kind="selection" Navigation="null" OriginId="org.eclipse.cdt.ui.editor.CEditor" StartDate="2014-09-07 10:12:38.37 JST" StructureHandle="=Embedded{D_85_16F84A_remote\/D_85_Remote_v_5_4_0_Snd\/D_85_Remote_v_5_4_0_Snd.c" StructureKind="c/c++" NumEvents="2" CreationCount="91"/><InteractionEvent Delta="null" EndDate="2014-09-07 10:12:53.686 JST" Interest="0.11899996" Kind="propagation" Navigation="org.eclipse.mylyn.core.model.edges.containment" OriginId="org.eclipse.mylyn.core.model.interest.propagation" StartDate="2014-09-07 10:12:53.686 JST" StructureHandle="=Embedded{D_85_16F84A_remote\/D_85_Remote_v_5_4_0_Snd\/D_85_Remote_v_5_4_0_Snd.c" StructureKind="c/c++"/><InteractionEvent Delta="null" EndDate="2014-09-07 10:12:39.964 JST" Interest="2.0" Kind="edit" Navigation="null" OriginId="org.eclipse.cdt.ui.editor.CEditor" StartDate="2014-09-07 10:12:38.903 JST" StructureHandle="=Embedded{D_85_16F84A_remote\/D_85_Remote_v_5_4_0_Snd\/D_85_Remote_v_5_4_0_Snd.c" StructureKind="c/c++" NumEvents="2" CreationCount="91"/><InteractionEvent Delta="null" EndDate="2014-09-07 13:07:22.988 JST" Interest="10.0" Kind="selection" Navigation="null" OriginId="org.eclipse.cdt.ui.editor.CEditor" StartDate="2014-09-07 09:47:05.114 JST" StructureHandle="/Embedded/D-90~/D-91_PIC16_color_changer/D-91_PIC16_color_changer_v-4.1/D-91_PIC16_color_changer_v-4.1.c" StructureKind="resource" NumEvents="10" CreationCount="7"/><InteractionEvent Delta="null" EndDate="2014-09-07 13:43:16.76 JST" Interest="328.0" Kind="propagation" Navigation="null" OriginId="org.eclipse.cdt.ui.editor.CEditor" StartDate="2014-09-07 09:47:05.623 JST" StructureHandle="/Embedded/D-90~/D-91_PIC16_color_changer/D-91_PIC16_color_changer_v-4.1/D-91_PIC16_color_changer_v-4.1.c" StructureKind="resource" NumEvents="328" CreationCount="7"/><InteractionEvent Delta="null" EndDate="2014-09-07 13:43:16.78 JST" Interest="300.0" Kind="edit" Navigation="null" OriginId="org.eclipse.cdt.ui.editor.CEditor" StartDate="2014-09-07 09:47:05.626 JST" StructureHandle="/Embedded/D-90~/D-91_PIC16_color_changer/D-91_PIC16_color_changer_v-4.1/D-91_PIC16_color_changer_v-4.1.c" StructureKind="resource" NumEvents="300" CreationCount="7"/></InteractionHistory>