<?xml version="1.0" encoding="UTF-8"?><InteractionHistory Id="local-73" Version="1"><InteractionEvent Delta="null" EndDate="2014-10-21 09:35:09.120 JST" Interest="19.219002" Kind="propagation" Navigation="org.eclipse.mylyn.core.model.edges.containment" OriginId="org.eclipse.mylyn.core.model.interest.propagation" StartDate="2014-10-21 08:29:04.65 JST" StructureHandle="" StructureKind="c/c++" NumEvents="29" CreationCount="1"/><InteractionEvent Delta="null" EndDate="2014-10-21 09:50:56.785 JST" Interest="2.0" Kind="selection" Navigation="null" OriginId="org.eclipse.ui.views.ResourceNavigator" StartDate="2014-10-21 09:49:40.729 JST" StructureHandle="/Cake_SL3/lib/log" StructureKind="resource" NumEvents="2" CreationCount="56"/><InteractionEvent Delta="null" EndDate="2014-10-21 08:29:03.999 JST" Interest="1.0" Kind="selection" Navigation="null" OriginId="org.eclipse.ui.views.ResourceNavigator" StartDate="2014-10-21 08:29:03.999 JST" StructureHandle="/Cake_SL3/.git" StructureKind="resource"/><InteractionEvent Delta="null" EndDate="2014-10-21 09:35:13.568 JST" Interest="1.0" Kind="selection" Navigation="null" OriginId="org.eclipse.ui.views.ResourceNavigator" StartDate="2014-10-21 09:35:13.568 JST" StructureHandle="/Cake_SL3/app/Config/routes.php" StructureKind="resource"/><InteractionEvent Delta="null" EndDate="2014-10-21 09:50:47.997 JST" Interest="1.0" Kind="selection" Navigation="null" OriginId="org.eclipse.ui.views.ResourceNavigator" StartDate="2014-10-21 09:50:47.997 JST" StructureHandle="/Cake_SL3/app/webroot/img/player_stop.png" StructureKind="resource"/><InteractionEvent Delta="null" EndDate="2014-10-21 09:50:10.941 JST" Interest="1.0" Kind="selection" Navigation="null" OriginId="org.eclipse.ui.views.ResourceNavigator" StartDate="2014-10-21 09:50:10.941 JST" StructureHandle="/Cake_SL3/app/webroot/audio/POOL-Pool_Shot-709343898.mp3" StructureKind="resource"/><InteractionEvent Delta="null" EndDate="2014-10-21 09:50:46.715 JST" Interest="1.0" Kind="selection" Navigation="null" OriginId="org.eclipse.ui.views.ResourceNavigator" StartDate="2014-10-21 09:50:46.715 JST" StructureHandle="/Cake_SL3/app/webroot/img/test-skip-icon.png" StructureKind="resource"/><InteractionEvent Delta="null" EndDate="2014-10-21 09:50:32.528 JST" Interest="1.0" Kind="selection" Navigation="null" OriginId="org.eclipse.ui.views.ResourceNavigator" StartDate="2014-10-21 09:50:32.528 JST" StructureHandle="/Cake_SL3/app/webroot/img/delete_position_v2.png" StructureKind="resource"/><InteractionEvent Delta="null" EndDate="2014-10-21 09:50:51.171 JST" Interest="1.0" Kind="selection" Navigation="null" OriginId="org.eclipse.ui.views.ResourceNavigator" StartDate="2014-10-21 09:50:51.171 JST" StructureHandle="/Cake_SL3/app/webroot/img/image_list.txt" StructureKind="resource"/><InteractionEvent Delta="null" EndDate="2014-10-21 09:49:37.529 JST" Interest="1.0" Kind="selection" Navigation="null" OriginId="org.eclipse.ui.views.ResourceNavigator" StartDate="2014-10-21 09:49:37.529 JST" StructureHandle="/Cake_SL3/.editorconfig" StructureKind="resource"/><InteractionEvent Delta="null" EndDate="2014-10-21 09:36:01.942 JST" Interest="13.0" Kind="edit" Navigation="null" OriginId="org.eclipse.php.editor" StartDate="2014-10-21 09:35:19.198 JST" StructureHandle="/Cake_SL3/app/Controller/AppController.php" StructureKind="resource" NumEvents="13" CreationCount="37"/><InteractionEvent Delta="null" EndDate="2014-10-21 09:49:32.371 JST" Interest="3.0" Kind="selection" Navigation="null" OriginId="org.eclipse.ui.views.ResourceNavigator" StartDate="2014-10-21 09:35:18.740 JST" StructureHandle="/Cake_SL3/app/Controller/AppController.php" StructureKind="resource" NumEvents="3" CreationCount="37"/><InteractionEvent Delta="null" EndDate="2014-10-21 09:49:43.480 JST" Interest="1.0" Kind="selection" Navigation="null" OriginId="org.eclipse.ui.views.ResourceNavigator" StartDate="2014-10-21 09:49:43.480 JST" StructureHandle="/Cake_SL3/app/webroot/audio" StructureKind="resource"/><InteractionEvent Delta="null" EndDate="2014-10-21 09:50:05.623 JST" Interest="2.0170002" Kind="propagation" Navigation="org.eclipse.mylyn.core.model.edges.containment" OriginId="org.eclipse.mylyn.core.model.interest.propagation" StartDate="2014-10-21 09:49:45.268 JST" StructureHandle="/Cake_SL3/app/webroot/audio" StructureKind="resource" NumEvents="3" CreationCount="58"/><InteractionEvent Delta="null" EndDate="2014-10-21 09:34:33.337 JST" Interest="23.0" Kind="edit" Navigation="null" OriginId="org.eclipse.php.editor" StartDate="2014-10-21 09:30:55.546 JST" StructureHandle="/Cake_SL3/app/Config/database.php" StructureKind="resource" NumEvents="23" CreationCount="8"/><InteractionEvent Delta="null" EndDate="2014-10-21 09:35:09.111 JST" Interest="3.0" Kind="selection" Navigation="null" OriginId="org.eclipse.ui.views.ResourceNavigator" StartDate="2014-10-21 09:30:40.653 JST" StructureHandle="/Cake_SL3/app/Config/database.php" StructureKind="resource" NumEvents="3" CreationCount="8"/><InteractionEvent Delta="null" EndDate="2014-10-21 09:49:38.34 JST" Interest="2.0" Kind="selection" Navigation="null" OriginId="org.eclipse.ui.views.ResourceNavigator" StartDate="2014-10-21 09:30:35.827 JST" StructureHandle="/Cake_SL3/lib" StructureKind="resource" NumEvents="2" CreationCount="5"/><InteractionEvent Delta="null" EndDate="2014-10-21 09:50:56.786 JST" Interest="0.867" Kind="propagation" Navigation="org.eclipse.mylyn.core.model.edges.containment" OriginId="org.eclipse.mylyn.core.model.interest.propagation" StartDate="2014-10-21 09:50:56.786 JST" StructureHandle="/Cake_SL3/lib" StructureKind="resource"/><InteractionEvent Delta="null" EndDate="2014-10-21 09:49:41.777 JST" Interest="1.0" Kind="selection" Navigation="null" OriginId="org.eclipse.ui.views.ResourceNavigator" StartDate="2014-10-21 09:49:41.777 JST" StructureHandle="/Cake_SL3/app/webroot" StructureKind="resource"/><InteractionEvent Delta="null" EndDate="2014-10-21 09:50:05.623 JST" Interest="2.0340002" Kind="propagation" Navigation="org.eclipse.mylyn.core.model.edges.containment" OriginId="org.eclipse.mylyn.core.model.interest.propagation" StartDate="2014-10-21 09:49:43.481 JST" StructureHandle="/Cake_SL3/app/webroot" StructureKind="resource" NumEvents="4" CreationCount="57"/><InteractionEvent Delta="null" EndDate="2014-10-21 08:33:28.917 JST" Interest="1.0" Kind="selection" Navigation="null" OriginId="org.eclipse.ui.views.ResourceNavigator" StartDate="2014-10-21 08:33:28.917 JST" StructureHandle="/Cake_SL3/.gitignore" StructureKind="resource"/><InteractionEvent Delta="null" EndDate="2014-10-21 09:30:38.105 JST" Interest="1.0" Kind="selection" Navigation="null" OriginId="org.eclipse.ui.views.ResourceNavigator" StartDate="2014-10-21 09:30:38.105 JST" StructureHandle="/Cake_SL3/app/Config" StructureKind="resource"/><InteractionEvent Delta="null" EndDate="2014-10-21 09:35:09.118 JST" Interest="18.117" Kind="propagation" Navigation="org.eclipse.mylyn.core.model.edges.containment" OriginId="org.eclipse.mylyn.core.model.interest.propagation" StartDate="2014-10-21 09:30:40.655 JST" StructureHandle="/Cake_SL3/app/Config" StructureKind="resource" NumEvents="26" CreationCount="7"/><InteractionEvent Delta="null" EndDate="2014-10-21 09:50:53.759 JST" Interest="1.0" Kind="selection" Navigation="null" OriginId="org.eclipse.ui.views.ResourceNavigator" StartDate="2014-10-21 09:50:53.759 JST" StructureHandle="/Cake_SL3/app/webroot/audio/pin_dropping-Brian_Rocca-2084700791.mp3" StructureKind="resource"/><InteractionEvent Delta="null" EndDate="2014-10-21 09:30:37.600 JST" Interest="3.0" Kind="selection" Navigation="null" OriginId="org.eclipse.ui.views.ResourceNavigator" StartDate="2014-10-21 08:47:11.161 JST" StructureHandle="/Cake_SL3/app" StructureKind="resource" NumEvents="3" CreationCount="3"/><InteractionEvent Delta="null" EndDate="2014-10-21 09:35:09.119 JST" Interest="16.185001" Kind="propagation" Navigation="org.eclipse.mylyn.core.model.edges.containment" OriginId="org.eclipse.mylyn.core.model.interest.propagation" StartDate="2014-10-21 09:30:57.839 JST" StructureHandle="/Cake_SL3/app" StructureKind="resource" NumEvents="23" CreationCount="3"/><InteractionEvent Delta="null" EndDate="2014-10-21 09:50:12.988 JST" Interest="1.0" Kind="selection" Navigation="null" OriginId="org.eclipse.ui.views.ResourceNavigator" StartDate="2014-10-21 09:50:12.988 JST" StructureHandle="/Cake_SL3/app/webroot/audio/Tick-DeepFrozenApps-397275646.wav" StructureKind="resource"/><InteractionEvent Delta="null" EndDate="2014-10-21 09:49:32.492 JST" Interest="1.0" Kind="selection" Navigation="null" OriginId="org.eclipse.ui.views.ResourceNavigator" StartDate="2014-10-21 09:49:32.492 JST" StructureHandle="/Cake_SL3/app/Controller/AdminsController.php" StructureKind="resource"/><InteractionEvent Delta="null" EndDate="2014-10-21 09:50:36.839 JST" Interest="1.0" Kind="selection" Navigation="null" OriginId="org.eclipse.ui.views.ResourceNavigator" StartDate="2014-10-21 09:50:36.839 JST" StructureHandle="/Cake_SL3/app/webroot/img/test-pass-icon.png" StructureKind="resource"/><InteractionEvent Delta="null" EndDate="2014-10-21 09:51:05.239 JST" Interest="71.0" Kind="propagation" Navigation="org.eclipse.mylyn.core.model.edges.containment" OriginId="org.eclipse.mylyn.core.model.interest.propagation" StartDate="2014-10-21 08:29:04.65 JST" StructureHandle="/" StructureKind="resource" NumEvents="71" CreationCount="1"/><InteractionEvent Delta="null" EndDate="2014-10-21 09:35:16.891 JST" Interest="2.0" Kind="selection" Navigation="null" OriginId="org.eclipse.ui.views.ResourceNavigator" StartDate="2014-10-21 09:35:09.323 JST" StructureHandle="/Cake_SL3/app/Controller" StructureKind="resource" NumEvents="2" CreationCount="34"/><InteractionEvent Delta="null" EndDate="2014-10-21 09:49:32.372 JST" Interest="10.150999" Kind="propagation" Navigation="org.eclipse.mylyn.core.model.edges.containment" OriginId="org.eclipse.mylyn.core.model.interest.propagation" StartDate="2014-10-21 09:35:19.106 JST" StructureHandle="/Cake_SL3/app/Controller" StructureKind="resource" NumEvents="15" CreationCount="34"/><InteractionEvent Delta="null" EndDate="2014-10-21 09:35:09.120 JST" Interest="19.219002" Kind="propagation" Navigation="org.eclipse.mylyn.core.model.edges.containment" OriginId="org.eclipse.mylyn.core.model.interest.propagation" StartDate="2014-10-21 08:29:04.53 JST" StructureHandle="=Cake_SL3" StructureKind="c/c++" NumEvents="29" CreationCount="1"/><InteractionEvent Delta="null" EndDate="2014-10-21 09:50:05.622 JST" Interest="3.0" Kind="selection" Navigation="null" OriginId="org.eclipse.ui.views.ResourceNavigator" StartDate="2014-10-21 09:49:45.267 JST" StructureHandle="/Cake_SL3/app/webroot/audio/Come on and Stomp, Stomp, Stomp - Johnny Dodds.mp3" StructureKind="resource" NumEvents="3" CreationCount="59"/><InteractionEvent Delta="null" EndDate="2014-10-21 09:50:51.172 JST" Interest="1.0680001" Kind="propagation" Navigation="org.eclipse.mylyn.core.model.edges.containment" OriginId="org.eclipse.mylyn.core.model.interest.propagation" StartDate="2014-10-21 09:50:32.528 JST" StructureHandle="/Cake_SL3/app/webroot/img" StructureKind="resource" NumEvents="5" CreationCount="64"/><InteractionEvent Delta="null" EndDate="2014-10-21 09:51:05.239 JST" Interest="71.0" Kind="propagation" Navigation="null" OriginId="org.eclipse.ui.views.ResourceNavigator" StartDate="2014-10-21 08:29:04.65 JST" StructureHandle="/Cake_SL3" StructureKind="resource" NumEvents="71" CreationCount="1"/><InteractionEvent Delta="null" EndDate="2014-10-21 09:51:05.237 JST" Interest="1.0" Kind="selection" Navigation="null" OriginId="org.eclipse.ui.views.ResourceNavigator" StartDate="2014-10-21 09:51:05.237 JST" StructureHandle="/Cake_SL3/app/Controller/KeywordsController.php" StructureKind="resource"/></InteractionHistory>