<?xml version="1.0" encoding="UTF-8"?><InteractionHistory Id="local-108" Version="1"><InteractionEvent Delta="null" EndDate="2014-12-04 16:29:04.706 JST" Interest="1.0" Kind="selection" Navigation="null" OriginId="org.eclipse.cdt.ui.editor.CEditor" StartDate="2014-12-04 16:29:04.706 JST" StructureHandle="=Embedded{D-100~\/D-110\/D-110_v_1_0\/D-110_v_1_0.X\/D-110_v_1_0.c[_Setup#73(void" StructureKind="c/c++"/><InteractionEvent Delta="null" EndDate="2014-12-04 19:04:16.982 JST" Interest="380.368" Kind="propagation" Navigation="org.eclipse.mylyn.core.model.edges.containment" OriginId="org.eclipse.mylyn.core.model.interest.propagation" StartDate="2014-12-04 16:28:17.68 JST" StructureHandle="" StructureKind="c/c++" NumEvents="470" CreationCount="1"/><InteractionEvent Delta="null" EndDate="2014-12-04 16:51:48.806 JST" Interest="5.0" Kind="selection" Navigation="null" OriginId="org.eclipse.cdt.ui.editor.CEditor" StartDate="2014-12-04 16:40:02.718 JST" StructureHandle="=Embedded{D-100~\/D-110\/D-110_v_1_0\/D-110_v_1_0.X\/D-110_v_1_0.c[_While#74(void" StructureKind="c/c++" NumEvents="5" CreationCount="290"/><InteractionEvent Delta="null" EndDate="2014-12-04 16:54:49.585 JST" Interest="57.0" Kind="edit" Navigation="null" OriginId="org.eclipse.cdt.ui.editor.CEditor" StartDate="2014-12-04 16:40:06.197 JST" StructureHandle="=Embedded{D-100~\/D-110\/D-110_v_1_0\/D-110_v_1_0.X\/D-110_v_1_0.c[_While#74(void" StructureKind="c/c++" NumEvents="57" CreationCount="290"/><InteractionEvent Delta="null" EndDate="2014-12-04 16:28:18.500 JST" Interest="4.0" Kind="selection" Navigation="null" OriginId="org.eclipse.ui.navigator.ProjectExplorer" StartDate="2014-12-04 16:28:17.67 JST" StructureHandle="/Embedded/D-100~/D-110" StructureKind="resource" NumEvents="4" CreationCount="1"/><InteractionEvent Delta="null" EndDate="2014-12-04 19:04:16.981 JST" Interest="376.368" Kind="propagation" Navigation="org.eclipse.mylyn.core.model.edges.containment" OriginId="org.eclipse.mylyn.core.model.interest.propagation" StartDate="2014-12-04 16:28:29.983 JST" StructureHandle="/Embedded/D-100~/D-110" StructureKind="resource" NumEvents="466" CreationCount="1"/><InteractionEvent Delta="null" EndDate="2014-12-04 19:04:16.981 JST" Interest="380.30002" Kind="propagation" Navigation="org.eclipse.mylyn.core.model.edges.containment" OriginId="org.eclipse.mylyn.core.model.interest.propagation" StartDate="2014-12-04 16:28:28.755 JST" StructureHandle="/Embedded/D-100~/D-110/D-110_v_1_0/D-110_v_1_0.X" StructureKind="resource" NumEvents="470" CreationCount="5"/><InteractionEvent Delta="null" EndDate="2014-12-04 16:40:31.594 JST" Interest="1.0" Kind="selection" Navigation="null" OriginId="org.eclipse.cdt.ui.editor.CEditor" StartDate="2014-12-04 16:40:31.594 JST" StructureHandle="=Embedded{D-100~\/D-110\/D-110_v_1_0\/D-110_v_1_0.X\/D-110_v_1_0.c[residue#76" StructureKind="c/c++"/><InteractionEvent Delta="null" EndDate="2014-12-04 19:04:16.982 JST" Interest="474.0" Kind="propagation" Navigation="org.eclipse.mylyn.core.model.edges.containment" OriginId="org.eclipse.mylyn.core.model.interest.propagation" StartDate="2014-12-04 16:28:17.68 JST" StructureHandle="/" StructureKind="resource" NumEvents="474" CreationCount="1"/><InteractionEvent Delta="null" EndDate="2014-12-04 16:54:54.701 JST" Interest="1.0" Kind="selection" Navigation="null" OriginId="org.eclipse.cdt.ui.editor.CEditor" StartDate="2014-12-04 16:54:54.701 JST" StructureHandle="=Embedded{D-100~\/D-110\/D-110_v_1_0\/D-110_v_1_0.X\/D-110_v_1_0.c[_Display__Hex_2Items#74(int" StructureKind="c/c++"/><InteractionEvent Delta="null" EndDate="2014-12-04 16:28:30.760 JST" Interest="1.0" Kind="selection" Navigation="null" OriginId="org.eclipse.cdt.ui.editor.CEditor" StartDate="2014-12-04 16:28:30.760 JST" StructureHandle="=Embedded{D-100~\/D-110\/D-110_v_1_0\/D-110_v_1_0.X\/D-110_v_1_0.c[debug.h#75" StructureKind="c/c++"/><InteractionEvent Delta="null" EndDate="2014-12-04 16:47:33.826 JST" Interest="2.0" Kind="selection" Navigation="null" OriginId="org.eclipse.cdt.ui.editor.CEditor" StartDate="2014-12-04 16:47:30.797 JST" StructureHandle="=Embedded{D-100~\/D-110\/D-110_v_1_0\/D-110_v_1_0.X\/D-110_v_1_0.c[get_ADC_Values#73(void" StructureKind="c/c++" NumEvents="2" CreationCount="440"/><InteractionEvent Delta="null" EndDate="2014-12-04 16:47:23.919 JST" Interest="1.0" Kind="selection" Navigation="null" OriginId="org.eclipse.cdt.ui.editor.CEditor" StartDate="2014-12-04 16:47:23.919 JST" StructureHandle="=Embedded{D-100~\/D-110\/D-110_v_1_0\/D-110_v_1_0.X\/D-110_v_1_0.c[msg_num#76" StructureKind="c/c++"/><InteractionEvent Delta="null" EndDate="2014-12-04 16:41:59.34 JST" Interest="1.0" Kind="selection" Navigation="null" OriginId="org.eclipse.cdt.ui.editor.CEditor" StartDate="2014-12-04 16:41:59.34 JST" StructureHandle="=Embedded{D-100~\/D-110\/D-110_v_1_0\/D-110_v_1_0.X\/D-110_v_1_0.c[binary_display#76" StructureKind="c/c++"/><InteractionEvent Delta="null" EndDate="2014-12-04 16:55:04.607 JST" Interest="3.0" Kind="selection" Navigation="null" OriginId="org.eclipse.cdt.ui.editor.CEditor" StartDate="2014-12-04 16:47:37.481 JST" StructureHandle="=Embedded{D-100~\/D-110\/D-110_v_1_0\/D-110_v_1_0.X\/D-110_v_1_0.c[get_ADC_Values#74(void" StructureKind="c/c++" NumEvents="3" CreationCount="450"/><InteractionEvent Delta="null" EndDate="2014-12-04 19:04:16.978 JST" Interest="25.0" Kind="edit" Navigation="null" OriginId="org.eclipse.cdt.ui.editor.CEditor" StartDate="2014-12-04 16:47:38.770 JST" StructureHandle="=Embedded{D-100~\/D-110\/D-110_v_1_0\/D-110_v_1_0.X\/D-110_v_1_0.c[get_ADC_Values#74(void" StructureKind="c/c++" NumEvents="25" CreationCount="450"/><InteractionEvent Delta="null" EndDate="2014-12-04 16:45:59.320 JST" Interest="6.0" Kind="selection" Navigation="null" OriginId="org.eclipse.cdt.ui.editor.CEditor" StartDate="2014-12-04 16:39:27.540 JST" StructureHandle="=Embedded{D-100~\/D-110\/D-110_v_1_0\/D-110_v_1_0.X\/D-110_v_1_0.c[main#74(void" StructureKind="c/c++" NumEvents="6" CreationCount="258"/><InteractionEvent Delta="null" EndDate="2014-12-04 16:46:03.673 JST" Interest="33.0" Kind="edit" Navigation="null" OriginId="org.eclipse.cdt.ui.editor.CEditor" StartDate="2014-12-04 16:39:32.188 JST" StructureHandle="=Embedded{D-100~\/D-110\/D-110_v_1_0\/D-110_v_1_0.X\/D-110_v_1_0.c[main#74(void" StructureKind="c/c++" NumEvents="33" CreationCount="258"/><InteractionEvent Delta="null" EndDate="2014-12-04 16:29:07.141 JST" Interest="1.0" Kind="selection" Navigation="null" OriginId="org.eclipse.cdt.ui.editor.CEditor" StartDate="2014-12-04 16:29:07.141 JST" StructureHandle="=Embedded{D-100~\/D-110\/D-110_v_1_0\/D-110_v_1_0.X\/D-110_v_1_0.c[_Setup_Timer#73(void" StructureKind="c/c++"/><InteractionEvent Delta="null" EndDate="2014-12-04 16:39:38.647 JST" Interest="5.0" Kind="selection" Navigation="null" OriginId="org.eclipse.cdt.ui.editor.CEditor" StartDate="2014-12-04 16:28:57.655 JST" StructureHandle="=Embedded{D-100~\/D-110\/D-110_v_1_0\/D-110_v_1_0.X\/D-110_v_1_0.c[_Setup_ANSEL#74(void" StructureKind="c/c++" NumEvents="5" CreationCount="36"/><InteractionEvent Delta="null" EndDate="2014-12-04 16:39:39.350 JST" Interest="93.0" Kind="edit" Navigation="null" OriginId="org.eclipse.cdt.ui.editor.CEditor" StartDate="2014-12-04 16:29:00.775 JST" StructureHandle="=Embedded{D-100~\/D-110\/D-110_v_1_0\/D-110_v_1_0.X\/D-110_v_1_0.c[_Setup_ANSEL#74(void" StructureKind="c/c++" NumEvents="93" CreationCount="36"/><InteractionEvent Delta="null" EndDate="2014-12-04 19:04:16.982 JST" Interest="380.368" Kind="propagation" Navigation="org.eclipse.mylyn.core.model.edges.containment" OriginId="org.eclipse.mylyn.core.model.interest.propagation" StartDate="2014-12-04 16:28:17.67 JST" StructureHandle="/Embedded/D-100~" StructureKind="resource" NumEvents="470" CreationCount="1"/><InteractionEvent Delta="null" EndDate="2014-12-04 16:47:29.786 JST" Interest="1.0" Kind="selection" Navigation="null" OriginId="org.eclipse.cdt.ui.editor.CEditor" StartDate="2014-12-04 16:47:29.786 JST" StructureHandle="=Embedded{D-100~\/D-110\/D-110_v_1_0\/D-110_v_1_0.X\/D-110_v_1_0.c[get_ADC_Values#73" StructureKind="c/c++"/><InteractionEvent Delta="null" EndDate="2014-12-04 16:40:30.752 JST" Interest="1.0" Kind="selection" Navigation="null" OriginId="org.eclipse.cdt.ui.editor.CEditor" StartDate="2014-12-04 16:40:30.752 JST" StructureHandle="=Embedded{D-100~\/D-110\/D-110_v_1_0\/D-110_v_1_0.X\/D-110_v_1_0.c[msg_Len#76" StructureKind="c/c++"/><InteractionEvent Delta="null" EndDate="2014-12-04 16:40:29.519 JST" Interest="2.0" Kind="selection" Navigation="null" OriginId="org.eclipse.cdt.ui.editor.CEditor" StartDate="2014-12-04 16:40:24.12 JST" StructureHandle="=Embedded{D-100~\/D-110\/D-110_v_1_0\/D-110_v_1_0.X\/D-110_v_1_0.c[_While#73(void" StructureKind="c/c++" NumEvents="2" CreationCount="312"/><InteractionEvent Delta="null" EndDate="2014-12-04 19:04:16.982 JST" Interest="380.368" Kind="propagation" Navigation="org.eclipse.mylyn.core.model.edges.containment" OriginId="org.eclipse.mylyn.core.model.interest.propagation" StartDate="2014-12-04 16:28:17.68 JST" StructureHandle="=Embedded" StructureKind="c/c++" NumEvents="470" CreationCount="1"/><InteractionEvent Delta="null" EndDate="2014-12-04 19:04:16.982 JST" Interest="474.0" Kind="propagation" Navigation="null" OriginId="org.eclipse.cdt.ui.editor.CEditor" StartDate="2014-12-04 16:28:17.68 JST" StructureHandle="/Embedded" StructureKind="resource" NumEvents="474" CreationCount="1"/><InteractionEvent Delta="null" EndDate="2014-12-04 16:46:12.157 JST" Interest="2.0" Kind="selection" Navigation="null" OriginId="org.eclipse.ui.views.ContentOutline" StartDate="2014-12-04 16:42:02.386 JST" StructureHandle="=Embedded{D-100~\/D-110\/D-110_v_1_0\/D-110_v_1_0.X\/D-110_v_1_0.c[msg_1#76" StructureKind="c/c++" NumEvents="2" CreationCount="396"/><InteractionEvent Delta="null" EndDate="2014-12-04 16:42:03.50 JST" Interest="1.0" Kind="edit" Navigation="null" OriginId="org.eclipse.cdt.ui.editor.CEditor" StartDate="2014-12-04 16:42:03.50 JST" StructureHandle="=Embedded{D-100~\/D-110\/D-110_v_1_0\/D-110_v_1_0.X\/D-110_v_1_0.c[msg_1#76" StructureKind="c/c++"/><InteractionEvent Delta="null" EndDate="2014-12-04 16:39:25.839 JST" Interest="0.7450001" Kind="manipulation" Navigation="null" OriginId="org.eclipse.mylyn.core.model.interest.decay.correction" StartDate="2014-12-04 16:39:25.839 JST" StructureHandle="=Embedded{D-100~\/D-110\/D-110_v_1_0\/D-110_v_1_0.X\/D-110_v_1_0.c[_Setup#74(void" StructureKind="c/c++"/><InteractionEvent Delta="null" EndDate="2014-12-04 16:39:25.839 JST" Interest="2.0" Kind="selection" Navigation="null" OriginId="org.eclipse.cdt.ui.editor.CEditor" StartDate="2014-12-04 16:29:28.435 JST" StructureHandle="=Embedded{D-100~\/D-110\/D-110_v_1_0\/D-110_v_1_0.X\/D-110_v_1_0.c[_Setup#74(void" StructureKind="c/c++" NumEvents="2" CreationCount="70"/><InteractionEvent Delta="null" EndDate="2014-12-04 16:29:31.210 JST" Interest="2.0" Kind="edit" Navigation="null" OriginId="org.eclipse.cdt.ui.editor.CEditor" StartDate="2014-12-04 16:29:29.182 JST" StructureHandle="=Embedded{D-100~\/D-110\/D-110_v_1_0\/D-110_v_1_0.X\/D-110_v_1_0.c[_Setup#74(void" StructureKind="c/c++" NumEvents="2" CreationCount="70"/><InteractionEvent Delta="null" EndDate="2014-12-04 19:04:16.981 JST" Interest="380.30002" Kind="propagation" Navigation="org.eclipse.mylyn.core.model.edges.containment" OriginId="org.eclipse.mylyn.core.model.interest.propagation" StartDate="2014-12-04 16:28:28.755 JST" StructureHandle="/Embedded/D-100~/D-110/D-110_v_1_0" StructureKind="resource" NumEvents="470" CreationCount="5"/><InteractionEvent Delta="null" EndDate="2014-12-04 16:51:35.520 JST" Interest="1.4310002" Kind="manipulation" Navigation="null" OriginId="org.eclipse.mylyn.core.model.interest.decay.correction" StartDate="2014-12-04 16:51:35.520 JST" StructureHandle="=Embedded{D-100~\/D-110\/D-110_v_1_0\/D-110_v_1_0.X\/D-110_v_1_0.c[hex#76" StructureKind="c/c++"/><InteractionEvent Delta="null" EndDate="2014-12-04 16:51:35.520 JST" Interest="2.0" Kind="selection" Navigation="null" OriginId="org.eclipse.cdt.ui.editor.CEditor" StartDate="2014-12-04 16:46:59.554 JST" StructureHandle="=Embedded{D-100~\/D-110\/D-110_v_1_0\/D-110_v_1_0.X\/D-110_v_1_0.c[hex#76" StructureKind="c/c++" NumEvents="2" CreationCount="418"/><InteractionEvent Delta="null" EndDate="2014-12-04 16:55:02.188 JST" Interest="24.0" Kind="selection" Navigation="null" OriginId="org.eclipse.cdt.ui.editor.CEditor" StartDate="2014-12-04 16:28:28.755 JST" StructureHandle="=Embedded{D-100~\/D-110\/D-110_v_1_0\/D-110_v_1_0.X\/D-110_v_1_0.c" StructureKind="c/c++" NumEvents="24" CreationCount="5"/><InteractionEvent Delta="null" EndDate="2014-12-04 16:54:49.585 JST" Interest="12.044997" Kind="propagation" Navigation="org.eclipse.mylyn.core.model.edges.containment" OriginId="org.eclipse.mylyn.core.model.interest.propagation" StartDate="2014-12-04 16:28:48.639 JST" StructureHandle="=Embedded{D-100~\/D-110\/D-110_v_1_0\/D-110_v_1_0.X\/D-110_v_1_0.c" StructureKind="c/c++" NumEvents="18" CreationCount="5"/><InteractionEvent Delta="null" EndDate="2014-12-04 16:51:34.536 JST" Interest="21.0" Kind="edit" Navigation="null" OriginId="org.eclipse.cdt.ui.editor.CEditor" StartDate="2014-12-04 16:28:29.979 JST" StructureHandle="=Embedded{D-100~\/D-110\/D-110_v_1_0\/D-110_v_1_0.X\/D-110_v_1_0.c" StructureKind="c/c++" NumEvents="21" CreationCount="5"/><InteractionEvent Delta="null" EndDate="2014-12-04 19:04:16.921 JST" Interest="2.0" Kind="selection" Navigation="null" OriginId="org.eclipse.cdt.ui.editor.CEditor" StartDate="2014-12-04 16:28:28.904 JST" StructureHandle="/Embedded/D-100~/D-110/D-110_v_1_0/D-110_v_1_0.X/D-110_v_1_0.c" StructureKind="resource" NumEvents="2" CreationCount="5"/><InteractionEvent Delta="null" EndDate="2014-12-04 16:55:02.189 JST" Interest="169.0" Kind="propagation" Navigation="null" OriginId="org.eclipse.cdt.ui.editor.CEditor" StartDate="2014-12-04 16:28:28.755 JST" StructureHandle="/Embedded/D-100~/D-110/D-110_v_1_0/D-110_v_1_0.X/D-110_v_1_0.c" StructureKind="resource" NumEvents="169" CreationCount="5"/><InteractionEvent Delta="null" EndDate="2014-12-04 19:04:16.980 JST" Interest="299.0" Kind="edit" Navigation="null" OriginId="org.eclipse.cdt.ui.editor.CEditor" StartDate="2014-12-04 16:28:28.756 JST" StructureHandle="/Embedded/D-100~/D-110/D-110_v_1_0/D-110_v_1_0.X/D-110_v_1_0.c" StructureKind="resource" NumEvents="299" CreationCount="5"/></InteractionHistory>