<?xml version="1.0" encoding="UTF-8"?><InteractionHistory Id="local-111" Version="1"><InteractionEvent Delta="null" EndDate="2014-12-08 16:18:22.122 JST" Interest="437.70602" Kind="propagation" Navigation="org.eclipse.mylyn.core.model.edges.containment" OriginId="org.eclipse.mylyn.core.model.interest.propagation" StartDate="2014-12-08 15:39:39.194 JST" StructureHandle="" StructureKind="c/c++" NumEvents="553" CreationCount="1"/><InteractionEvent Delta="null" EndDate="2014-12-08 16:00:38.839 JST" Interest="9.0" Kind="edit" Navigation="null" OriginId="org.eclipse.cdt.ui.editor.CEditor" StartDate="2014-12-08 15:40:32.426 JST" StructureHandle="=Embedded{D-100~\/D-110\/D-110_v_1_0\/D-110_v_1_0.X\/D-110_v_1_0.c[intr__INT#74(void" StructureKind="c/c++" NumEvents="9" CreationCount="45"/><InteractionEvent Delta="null" EndDate="2014-12-08 16:00:36.543 JST" Interest="8.083001" Kind="manipulation" Navigation="null" OriginId="org.eclipse.mylyn.core.model.interest.decay.correction" StartDate="2014-12-08 15:47:45.776 JST" StructureHandle="=Embedded{D-100~\/D-110\/D-110_v_1_0\/D-110_v_1_0.X\/D-110_v_1_0.c[intr__INT#74(void" StructureKind="c/c++" NumEvents="2" CreationCount="45"/><InteractionEvent Delta="null" EndDate="2014-12-08 16:00:36.543 JST" Interest="3.0" Kind="selection" Navigation="null" OriginId="org.eclipse.ui.views.ContentOutline" StartDate="2014-12-08 15:40:31.305 JST" StructureHandle="=Embedded{D-100~\/D-110\/D-110_v_1_0\/D-110_v_1_0.X\/D-110_v_1_0.c[intr__INT#74(void" StructureKind="c/c++" NumEvents="3" CreationCount="45"/><InteractionEvent Delta="null" EndDate="2014-12-08 16:18:21.114 JST" Interest="1.0" Kind="prediction" Navigation="null" OriginId="org.eclipse.mylyn.resources.ui.interest.updater" StartDate="2014-12-08 16:18:21.114 JST" StructureHandle="/Embedded/D-100~/D-110/D-110_v_1_0/D-110_v_1_0.X/l.obj" StructureKind="resource"/><InteractionEvent Delta="null" EndDate="2014-12-08 15:54:30.365 JST" Interest="4.0" Kind="edit" Navigation="null" OriginId="org.eclipse.cdt.ui.editor.CEditor" StartDate="2014-12-08 15:54:27.608 JST" StructureHandle="=Embedded{TEST\/D-110\/v_3-0\/D-110_v-3-0.c[conv_Hex_to_3Digit_String#74(int(char\[]" StructureKind="c/c++" NumEvents="4" CreationCount="44"/><InteractionEvent Delta="null" EndDate="2014-12-08 15:54:27.96 JST" Interest="10.376" Kind="manipulation" Navigation="null" OriginId="org.eclipse.mylyn.core.model.interest.decay.correction" StartDate="2014-12-08 15:46:12.268 JST" StructureHandle="=Embedded{TEST\/D-110\/v_3-0\/D-110_v-3-0.c[conv_Hex_to_3Digit_String#74(int(char\[]" StructureKind="c/c++" NumEvents="2" CreationCount="44"/><InteractionEvent Delta="null" EndDate="2014-12-08 15:55:51.35 JST" Interest="4.0" Kind="selection" Navigation="null" OriginId="org.eclipse.cdt.ui.editor.CEditor" StartDate="2014-12-08 15:40:24.470 JST" StructureHandle="=Embedded{TEST\/D-110\/v_3-0\/D-110_v-3-0.c[conv_Hex_to_3Digit_String#74(int(char\[]" StructureKind="c/c++" NumEvents="4" CreationCount="44"/><InteractionEvent Delta="null" EndDate="2014-12-08 15:48:10.252 JST" Interest="1.9070001" Kind="manipulation" Navigation="null" OriginId="org.eclipse.mylyn.core.model.interest.decay.correction" StartDate="2014-12-08 15:48:10.252 JST" StructureHandle="=Embedded{TEST\/D-110\/v_3-0\/D-110_v-3-0.c[conv_ADC_to_FloatString#73(int(int(double(char\[]" StructureKind="c/c++"/><InteractionEvent Delta="null" EndDate="2014-12-08 15:48:10.252 JST" Interest="2.0" Kind="selection" Navigation="null" OriginId="org.eclipse.cdt.ui.editor.CEditor" StartDate="2014-12-08 15:45:46.607 JST" StructureHandle="=Embedded{TEST\/D-110\/v_3-0\/D-110_v-3-0.c[conv_ADC_to_FloatString#73(int(int(double(char\[]" StructureKind="c/c++" NumEvents="2" CreationCount="296"/><InteractionEvent Delta="null" EndDate="2014-12-08 15:46:10.801 JST" Interest="3.0" Kind="edit" Navigation="null" OriginId="org.eclipse.cdt.ui.editor.CEditor" StartDate="2014-12-08 15:41:53.525 JST" StructureHandle="=Embedded{TEST\/D-110\/v_3-0\/D-110_v-3-0.c" StructureKind="c/c++" NumEvents="3" CreationCount="44"/><InteractionEvent Delta="null" EndDate="2014-12-08 15:45:43.717 JST" Interest="0.61500025" Kind="manipulation" Navigation="null" OriginId="org.eclipse.mylyn.core.model.interest.decay.correction" StartDate="2014-12-08 15:45:43.717 JST" StructureHandle="=Embedded{TEST\/D-110\/v_3-0\/D-110_v-3-0.c" StructureKind="c/c++"/><InteractionEvent Delta="null" EndDate="2014-12-08 15:54:26.76 JST" Interest="14.464001" Kind="propagation" Navigation="org.eclipse.mylyn.core.model.edges.containment" OriginId="org.eclipse.mylyn.core.model.interest.propagation" StartDate="2014-12-08 15:40:24.481 JST" StructureHandle="=Embedded{TEST\/D-110\/v_3-0\/D-110_v-3-0.c" StructureKind="c/c++" NumEvents="17" CreationCount="44"/><InteractionEvent Delta="null" EndDate="2014-12-08 15:46:10.258 JST" Interest="3.0" Kind="selection" Navigation="null" OriginId="org.eclipse.cdt.ui.editor.CEditor" StartDate="2014-12-08 15:41:51.940 JST" StructureHandle="=Embedded{TEST\/D-110\/v_3-0\/D-110_v-3-0.c" StructureKind="c/c++" NumEvents="3" CreationCount="44"/><InteractionEvent Delta="null" EndDate="2014-12-08 16:18:21.114 JST" Interest="1.0" Kind="prediction" Navigation="null" OriginId="org.eclipse.mylyn.resources.ui.interest.updater" StartDate="2014-12-08 16:18:21.114 JST" StructureHandle="/Embedded/D-100~/D-110/D-110_v_1_0/D-110_v_1_0.X/SD1602_4bit_mode.h" StructureKind="resource"/><InteractionEvent Delta="null" EndDate="2014-12-08 15:48:16.149 JST" Interest="3.0" Kind="edit" Navigation="null" OriginId="org.eclipse.cdt.ui.editor.CEditor" StartDate="2014-12-08 15:48:13.419 JST" StructureHandle="=Embedded{TEST\/D-110\/v_3-0\/D-110_v-3-0.c[main#74(int(char**" StructureKind="c/c++" NumEvents="3" CreationCount="470"/><InteractionEvent Delta="null" EndDate="2014-12-08 15:52:45.873 JST" Interest="0.7080002" Kind="manipulation" Navigation="null" OriginId="org.eclipse.mylyn.core.model.interest.decay.correction" StartDate="2014-12-08 15:52:45.873 JST" StructureHandle="=Embedded{TEST\/D-110\/v_3-0\/D-110_v-3-0.c[main#74(int(char**" StructureKind="c/c++"/><InteractionEvent Delta="null" EndDate="2014-12-08 15:53:56.253 JST" Interest="3.0" Kind="selection" Navigation="null" OriginId="org.eclipse.cdt.ui.editor.CEditor" StartDate="2014-12-08 15:48:11.115 JST" StructureHandle="=Embedded{TEST\/D-110\/v_3-0\/D-110_v-3-0.c[main#74(int(char**" StructureKind="c/c++" NumEvents="3" CreationCount="470"/><InteractionEvent Delta="null" EndDate="2014-12-08 15:55:52.623 JST" Interest="9.053" Kind="manipulation" Navigation="null" OriginId="org.eclipse.mylyn.core.model.interest.decay.correction" StartDate="2014-12-08 15:48:09.550 JST" StructureHandle="=Embedded{TEST\/D-110\/v_3-0\/D-110_v-3-0.c[stdlib.h#75" StructureKind="c/c++" NumEvents="3" CreationCount="96"/><InteractionEvent Delta="null" EndDate="2014-12-08 15:55:52.623 JST" Interest="4.0" Kind="selection" Navigation="null" OriginId="org.eclipse.cdt.ui.editor.CEditor" StartDate="2014-12-08 15:41:50.271 JST" StructureHandle="=Embedded{TEST\/D-110\/v_3-0\/D-110_v-3-0.c[stdlib.h#75" StructureKind="c/c++" NumEvents="4" CreationCount="96"/><InteractionEvent Delta="null" EndDate="2014-12-08 15:40:24.413 JST" Interest="2.0" Kind="edit" Navigation="null" OriginId="org.eclipse.cdt.ui.editor.CEditor" StartDate="2014-12-08 15:40:18.474 JST" StructureHandle="=Embedded{D-100~\/D-110\/D-110_v_1_0\/D-110_v_1_0.X\/D-110_v_1_0.c[main#74(void" StructureKind="c/c++" NumEvents="2" CreationCount="38"/><InteractionEvent Delta="null" EndDate="2014-12-08 15:40:16.171 JST" Interest="1.0" Kind="selection" Navigation="null" OriginId="org.eclipse.cdt.ui.editor.CEditor" StartDate="2014-12-08 15:40:16.171 JST" StructureHandle="=Embedded{D-100~\/D-110\/D-110_v_1_0\/D-110_v_1_0.X\/D-110_v_1_0.c[main#74(void" StructureKind="c/c++"/><InteractionEvent Delta="null" EndDate="2014-12-08 16:18:20.846 JST" Interest="433.638" Kind="propagation" Navigation="org.eclipse.mylyn.core.model.edges.containment" OriginId="org.eclipse.mylyn.core.model.interest.propagation" StartDate="2014-12-08 15:39:48.302 JST" StructureHandle="/Embedded/D-100~" StructureKind="resource" NumEvents="548" CreationCount="5"/><InteractionEvent Delta="null" EndDate="2014-12-08 16:18:22.122 JST" Interest="4.0" Kind="selection" Navigation="null" OriginId="org.eclipse.ui.navigator.ProjectExplorer" StartDate="2014-12-08 15:39:45.774 JST" StructureHandle="/Embedded/D-100~" StructureKind="resource" NumEvents="4" CreationCount="5"/><InteractionEvent Delta="null" EndDate="2014-12-08 15:39:57.698 JST" Interest="2.0" Kind="selection" Navigation="null" OriginId="org.eclipse.ui.navigator.ProjectExplorer" StartDate="2014-12-08 15:39:57.696 JST" StructureHandle="/Embedded/D-100~/D-110/D-110_v_1_0/D-110_v_1_0.X/build" StructureKind="resource" NumEvents="2" CreationCount="17"/><InteractionEvent Delta="null" EndDate="2014-12-08 15:55:56.44 JST" Interest="88.1" Kind="propagation" Navigation="org.eclipse.mylyn.core.model.edges.containment" OriginId="org.eclipse.mylyn.core.model.interest.propagation" StartDate="2014-12-08 15:40:24.481 JST" StructureHandle="/Embedded/TEST" StructureKind="resource" NumEvents="101" CreationCount="44"/><InteractionEvent Delta="null" EndDate="2014-12-08 15:56:02.297 JST" Interest="48.0" Kind="edit" Navigation="null" OriginId="org.eclipse.cdt.ui.editor.CEditor" StartDate="2014-12-08 15:40:01.719 JST" StructureHandle="=Embedded{D-100~\/D-110\/D-110_v_1_0\/D-110_v_1_0.X\/D-110_v_1_0.c" StructureKind="c/c++" NumEvents="48" CreationCount="22"/><InteractionEvent Delta="null" EndDate="2014-12-08 15:42:20.265 JST" Interest="8.184" Kind="propagation" Navigation="org.eclipse.mylyn.core.model.edges.containment" OriginId="org.eclipse.mylyn.core.model.interest.propagation" StartDate="2014-12-08 15:40:53.606 JST" StructureHandle="=Embedded{D-100~\/D-110\/D-110_v_1_0\/D-110_v_1_0.X\/D-110_v_1_0.c" StructureKind="c/c++" NumEvents="12" CreationCount="22"/><InteractionEvent Delta="null" EndDate="2014-12-08 16:03:21.18 JST" Interest="35.0" Kind="selection" Navigation="null" OriginId="org.eclipse.cdt.ui.editor.CEditor" StartDate="2014-12-08 15:40:00.953 JST" StructureHandle="=Embedded{D-100~\/D-110\/D-110_v_1_0\/D-110_v_1_0.X\/D-110_v_1_0.c" StructureKind="c/c++" NumEvents="35" CreationCount="22"/><InteractionEvent Delta="null" EndDate="2014-12-08 15:41:04.558 JST" Interest="1.0" Kind="selection" Navigation="null" OriginId="org.eclipse.ui.views.ContentOutline" StartDate="2014-12-08 15:41:04.558 JST" StructureHandle="=Embedded{D-100~\/D-110\/D-110_v_1_0\/D-110_v_1_0.X\/D-110_v_1_0.c[_Setup#73(void" StructureKind="c/c++"/><InteractionEvent Delta="null" EndDate="2014-12-08 16:18:31.649 JST" Interest="430.304" Kind="propagation" Navigation="org.eclipse.mylyn.core.model.edges.containment" OriginId="org.eclipse.mylyn.core.model.interest.propagation" StartDate="2014-12-08 15:39:49.324 JST" StructureHandle="/Embedded/D-100~/D-110" StructureKind="resource" NumEvents="543" CreationCount="7"/><InteractionEvent Delta="null" EndDate="2014-12-08 16:18:20.845 JST" Interest="6.0" Kind="selection" Navigation="null" OriginId="org.eclipse.ui.navigator.ProjectExplorer" StartDate="2014-12-08 15:39:48.300 JST" StructureHandle="/Embedded/D-100~/D-110" StructureKind="resource" NumEvents="6" CreationCount="7"/><InteractionEvent Delta="null" EndDate="2014-12-08 16:18:31.648 JST" Interest="434.16797" Kind="propagation" Navigation="org.eclipse.mylyn.core.model.edges.containment" OriginId="org.eclipse.mylyn.core.model.interest.propagation" StartDate="2014-12-08 15:39:57.699 JST" StructureHandle="/Embedded/D-100~/D-110/D-110_v_1_0/D-110_v_1_0.X" StructureKind="resource" NumEvents="545" CreationCount="15"/><InteractionEvent Delta="null" EndDate="2014-12-08 15:39:57.103 JST" Interest="2.0" Kind="selection" Navigation="null" OriginId="org.eclipse.ui.navigator.ProjectExplorer" StartDate="2014-12-08 15:39:57.101 JST" StructureHandle="/Embedded/D-100~/D-110/D-110_v_1_0/D-110_v_1_0.X" StructureKind="resource" NumEvents="2" CreationCount="15"/><InteractionEvent Delta="null" EndDate="2014-12-08 15:43:59.294 JST" Interest="1.0" Kind="edit" Navigation="null" OriginId="org.eclipse.cdt.ui.editor.CEditor" StartDate="2014-12-08 15:43:59.294 JST" StructureHandle="=Embedded{D-100~\/D-110\/D-110_v_1_0\/D-110_v_1_0.X\/D-110_v_1_0.c[binary_display_9#76" StructureKind="c/c++"/><InteractionEvent Delta="null" EndDate="2014-12-08 15:50:04.196 JST" Interest="5.0150003" Kind="manipulation" Navigation="null" OriginId="org.eclipse.mylyn.core.model.interest.decay.correction" StartDate="2014-12-08 15:50:04.196 JST" StructureHandle="=Embedded{D-100~\/D-110\/D-110_v_1_0\/D-110_v_1_0.X\/D-110_v_1_0.c[binary_display_9#76" StructureKind="c/c++"/><InteractionEvent Delta="null" EndDate="2014-12-08 15:50:04.196 JST" Interest="2.0" Kind="selection" Navigation="null" OriginId="org.eclipse.cdt.ui.editor.CEditor" StartDate="2014-12-08 15:43:58.650 JST" StructureHandle="=Embedded{D-100~\/D-110\/D-110_v_1_0\/D-110_v_1_0.X\/D-110_v_1_0.c[binary_display_9#76" StructureKind="c/c++" NumEvents="2" CreationCount="183"/><InteractionEvent Delta="null" EndDate="2014-12-08 15:55:56.44 JST" Interest="88.1" Kind="propagation" Navigation="org.eclipse.mylyn.core.model.edges.containment" OriginId="org.eclipse.mylyn.core.model.interest.propagation" StartDate="2014-12-08 15:40:24.481 JST" StructureHandle="/Embedded/TEST/D-110" StructureKind="resource" NumEvents="101" CreationCount="44"/><InteractionEvent Delta="null" EndDate="2014-12-08 15:55:56.42 JST" Interest="43.0" Kind="edit" Navigation="null" OriginId="org.eclipse.cdt.ui.editor.CEditor" StartDate="2014-12-08 15:41:50.274 JST" StructureHandle="/Embedded/TEST/D-110/v_3-0/D-110_v-3-0.c" StructureKind="resource" NumEvents="43" CreationCount="44"/><InteractionEvent Delta="null" EndDate="2014-12-08 15:55:56.41 JST" Interest="46.0" Kind="propagation" Navigation="null" OriginId="org.eclipse.cdt.ui.editor.CEditor" StartDate="2014-12-08 15:40:24.481 JST" StructureHandle="/Embedded/TEST/D-110/v_3-0/D-110_v-3-0.c" StructureKind="resource" NumEvents="46" CreationCount="44"/><InteractionEvent Delta="null" EndDate="2014-12-08 15:55:50.996 JST" Interest="12.0" Kind="selection" Navigation="null" OriginId="org.eclipse.cdt.ui.editor.CEditor" StartDate="2014-12-08 15:41:50.18 JST" StructureHandle="/Embedded/TEST/D-110/v_3-0/D-110_v-3-0.c" StructureKind="resource" NumEvents="12" CreationCount="44"/><InteractionEvent Delta="null" EndDate="2014-12-08 16:18:31.649 JST" Interest="697.0" Kind="propagation" Navigation="org.eclipse.mylyn.core.model.edges.containment" OriginId="org.eclipse.mylyn.core.model.interest.propagation" StartDate="2014-12-08 15:39:39.194 JST" StructureHandle="/" StructureKind="resource" NumEvents="697" CreationCount="1"/><InteractionEvent Delta="null" EndDate="2014-12-08 15:45:02.810 JST" Interest="1.0" Kind="selection" Navigation="null" OriginId="org.eclipse.cdt.ui.editor.CEditor" StartDate="2014-12-08 15:45:02.810 JST" StructureHandle="=Embedded{D-100~\/D-110\/D-110_v_1_0\/D-110_v_1_0.X\/D-110_v_1_0.c[_Display__ADC_Fractional#73(" StructureKind="c/c++"/><InteractionEvent Delta="null" EndDate="2014-12-08 15:54:24.90 JST" Interest="5.0" Kind="edit" Navigation="null" OriginId="org.eclipse.cdt.ui.editor.CEditor" StartDate="2014-12-08 15:54:03.454 JST" StructureHandle="=Embedded{TEST\/D-110\/v_3-0\/D-110_v-3-0.c[conv_Hex_to_3Digit_String#73(int(char\[]" StructureKind="c/c++" NumEvents="5" CreationCount="731"/><InteractionEvent Delta="null" EndDate="2014-12-08 15:54:26.76 JST" Interest="5.0" Kind="selection" Navigation="null" OriginId="org.eclipse.ui.views.ContentOutline" StartDate="2014-12-08 15:54:00.552 JST" StructureHandle="=Embedded{TEST\/D-110\/v_3-0\/D-110_v-3-0.c[conv_Hex_to_3Digit_String#73(int(char\[]" StructureKind="c/c++" NumEvents="5" CreationCount="731"/><InteractionEvent Delta="null" EndDate="2014-12-08 16:18:22.122 JST" Interest="433.70602" Kind="propagation" Navigation="org.eclipse.mylyn.core.model.edges.containment" OriginId="org.eclipse.mylyn.core.model.interest.propagation" StartDate="2014-12-08 15:39:50.489 JST" StructureHandle="=Embedded" StructureKind="c/c++" NumEvents="549" CreationCount="1"/><InteractionEvent Delta="null" EndDate="2014-12-08 15:39:41.160 JST" Interest="4.0" Kind="selection" Navigation="null" OriginId="org.eclipse.ui.navigator.ProjectExplorer" StartDate="2014-12-08 15:39:39.194 JST" StructureHandle="=Embedded" StructureKind="c/c++" NumEvents="4" CreationCount="1"/><InteractionEvent Delta="null" EndDate="2014-12-08 15:54:12.35 JST" Interest="4.602" Kind="manipulation" Navigation="null" OriginId="org.eclipse.mylyn.core.model.interest.decay.correction" StartDate="2014-12-08 15:46:02.217 JST" StructureHandle="=Embedded{D-100~\/D-110\/D-110_v_1_0\/D-110_v_1_0.X\/D-110_v_1_0.c[_While#73(void" StructureKind="c/c++" NumEvents="4" CreationCount="243"/><InteractionEvent Delta="null" EndDate="2014-12-08 15:54:12.35 JST" Interest="5.0" Kind="selection" Navigation="null" OriginId="org.eclipse.cdt.ui.editor.CEditor" StartDate="2014-12-08 15:44:55.751 JST" StructureHandle="=Embedded{D-100~\/D-110\/D-110_v_1_0\/D-110_v_1_0.X\/D-110_v_1_0.c[_While#73(void" StructureKind="c/c++" NumEvents="5" CreationCount="243"/><InteractionEvent Delta="null" EndDate="2014-12-08 16:18:21.115 JST" Interest="1.0" Kind="prediction" Navigation="null" OriginId="org.eclipse.mylyn.resources.ui.interest.updater" StartDate="2014-12-08 16:18:21.115 JST" StructureHandle="/Embedded/D-100~/D-110/D-110_v_1_0/D-110_v_1_0.X/Makefile" StructureKind="resource"/><InteractionEvent Delta="null" EndDate="2014-12-08 15:52:47.482 JST" Interest="3.0" Kind="edit" Navigation="null" OriginId="org.eclipse.cdt.ui.editor.CEditor" StartDate="2014-12-08 15:52:12.85 JST" StructureHandle="=Embedded{D-100~\/D-110\/D-110_v_1_0\/D-110_v_1_0.X\/lib_D-108_v_2_5_3.h" StructureKind="c/c++" NumEvents="3" CreationCount="668"/><InteractionEvent Delta="null" EndDate="2014-12-08 15:54:16.253 JST" Interest="4.0" Kind="selection" Navigation="null" OriginId="org.eclipse.cdt.ui.editor.CEditor" StartDate="2014-12-08 15:52:11.179 JST" StructureHandle="=Embedded{D-100~\/D-110\/D-110_v_1_0\/D-110_v_1_0.X\/lib_D-108_v_2_5_3.h" StructureKind="c/c++" NumEvents="4" CreationCount="668"/><InteractionEvent Delta="null" EndDate="2014-12-08 16:18:21.116 JST" Interest="1.0" Kind="prediction" Navigation="null" OriginId="org.eclipse.mylyn.resources.ui.interest.updater" StartDate="2014-12-08 16:18:21.116 JST" StructureHandle="/Embedded/D-100~/D-110/D-110_v_1_0/D-110_v_1_0.X/funclist" StructureKind="resource"/><InteractionEvent Delta="null" EndDate="2014-12-08 16:18:31.645 JST" Interest="26.0" Kind="edit" Navigation="null" OriginId="org.eclipse.cdt.ui.editor.CEditor" StartDate="2014-12-08 15:40:41.8 JST" StructureHandle="=Embedded{D-100~\/D-110\/D-110_v_1_0\/D-110_v_1_0.X\/D-110_v_1_0.c[_While#74(void" StructureKind="c/c++" NumEvents="26" CreationCount="56"/><InteractionEvent Delta="null" EndDate="2014-12-08 16:00:44.68 JST" Interest="5.949001" Kind="manipulation" Navigation="null" OriginId="org.eclipse.mylyn.core.model.interest.decay.correction" StartDate="2014-12-08 16:00:44.68 JST" StructureHandle="=Embedded{D-100~\/D-110\/D-110_v_1_0\/D-110_v_1_0.X\/D-110_v_1_0.c[_While#74(void" StructureKind="c/c++"/><InteractionEvent Delta="null" EndDate="2014-12-08 16:03:21.984 JST" Interest="4.0" Kind="selection" Navigation="null" OriginId="org.eclipse.cdt.ui.editor.CEditor" StartDate="2014-12-08 15:40:40.312 JST" StructureHandle="=Embedded{D-100~\/D-110\/D-110_v_1_0\/D-110_v_1_0.X\/D-110_v_1_0.c[_While#74(void" StructureKind="c/c++" NumEvents="4" CreationCount="56"/><InteractionEvent Delta="null" EndDate="2014-12-08 15:47:30.862 JST" Interest="1.0" Kind="selection" Navigation="null" OriginId="org.eclipse.cdt.ui.editor.CEditor" StartDate="2014-12-08 15:47:30.862 JST" StructureHandle="=Embedded{D-100~\/D-110\/D-110_v_1_0\/D-110_v_1_0.X\/D-110_v_1_0.c[intr__TMR#74(void" StructureKind="c/c++"/><InteractionEvent Delta="null" EndDate="2014-12-08 15:48:08.458 JST" Interest="1.0" Kind="selection" Navigation="null" OriginId="org.eclipse.cdt.ui.editor.CEditor" StartDate="2014-12-08 15:48:08.458 JST" StructureHandle="=Embedded{TEST\/D-110\/v_3-0\/D-110_v-3-0.c[conv_ADC_to_FloatString#74(int(int(double(char\[]" StructureKind="c/c++"/><InteractionEvent Delta="null" EndDate="2014-12-08 15:55:56.43 JST" Interest="88.1" Kind="propagation" Navigation="org.eclipse.mylyn.core.model.edges.containment" OriginId="org.eclipse.mylyn.core.model.interest.propagation" StartDate="2014-12-08 15:40:24.481 JST" StructureHandle="/Embedded/TEST/D-110/v_3-0" StructureKind="resource" NumEvents="101" CreationCount="44"/><InteractionEvent Delta="null" EndDate="2014-12-08 15:51:08.226 JST" Interest="1.0" Kind="selection" Navigation="null" OriginId="org.eclipse.ui.views.ContentOutline" StartDate="2014-12-08 15:51:08.226 JST" StructureHandle="=Embedded{D-100~\/D-110\/D-110_v_1_0\/D-110_v_1_0.X\/D-110_v_1_0.c[_Display__Hex_2Items#74(int" StructureKind="c/c++"/><InteractionEvent Delta="null" EndDate="2014-12-08 16:03:17.414 JST" Interest="85.0" Kind="edit" Navigation="null" OriginId="org.eclipse.cdt.ui.editor.CEditor" StartDate="2014-12-08 15:44:49.494 JST" StructureHandle="=Embedded{D-100~\/D-110\/D-110_v_1_0\/D-110_v_1_0.X\/D-110_v_1_0.c[_Display__ADC_Fractional#74" StructureKind="c/c++" NumEvents="85" CreationCount="231"/><InteractionEvent Delta="null" EndDate="2014-12-08 16:03:15.314 JST" Interest="14.0" Kind="selection" Navigation="null" OriginId="org.eclipse.ui.views.ContentOutline" StartDate="2014-12-08 15:44:47.397 JST" StructureHandle="=Embedded{D-100~\/D-110\/D-110_v_1_0\/D-110_v_1_0.X\/D-110_v_1_0.c[_Display__ADC_Fractional#74" StructureKind="c/c++" NumEvents="14" CreationCount="231"/><InteractionEvent Delta="null" EndDate="2014-12-08 15:49:59.880 JST" Interest="1.0" Kind="selection" Navigation="null" OriginId="org.eclipse.cdt.ui.editor.CEditor" StartDate="2014-12-08 15:49:59.880 JST" StructureHandle="=Embedded{D-100~\/D-110\/D-110_v_1_0\/D-110_v_1_0.X\/D-110_v_1_0.c[binary#76" StructureKind="c/c++"/><InteractionEvent Delta="null" EndDate="2014-12-08 15:48:31.93 JST" Interest="1.0" Kind="selection" Navigation="null" OriginId="org.eclipse.cdt.ui.editor.CEditor" StartDate="2014-12-08 15:48:31.93 JST" StructureHandle="=Embedded{D-100~\/D-110\/D-110_v_1_0\/D-110_v_1_0.X\/D-110_v_1_0.c[msg_num#76" StructureKind="c/c++"/><InteractionEvent Delta="null" EndDate="2014-12-08 16:18:31.649 JST" Interest="432.26996" Kind="propagation" Navigation="org.eclipse.mylyn.core.model.edges.containment" OriginId="org.eclipse.mylyn.core.model.interest.propagation" StartDate="2014-12-08 15:40:00.954 JST" StructureHandle="/Embedded/D-100~/D-110/D-110_v_1_0" StructureKind="resource" NumEvents="543" CreationCount="9"/><InteractionEvent Delta="null" EndDate="2014-12-08 15:39:56.545 JST" Interest="4.0" Kind="selection" Navigation="null" OriginId="org.eclipse.ui.navigator.ProjectExplorer" StartDate="2014-12-08 15:39:49.322 JST" StructureHandle="/Embedded/D-100~/D-110/D-110_v_1_0" StructureKind="resource" NumEvents="4" CreationCount="9"/><InteractionEvent Delta="null" EndDate="2014-12-08 15:51:09.97 JST" Interest="5.5280004" Kind="manipulation" Navigation="null" OriginId="org.eclipse.mylyn.core.model.interest.decay.correction" StartDate="2014-12-08 15:51:09.97 JST" StructureHandle="=Embedded{D-100~\/D-110\/D-110_v_1_0\/D-110_v_1_0.X\/D-110_v_1_0.c[_Display__ADC_Fractional#73(void" StructureKind="c/c++"/><InteractionEvent Delta="null" EndDate="2014-12-08 15:51:09.97 JST" Interest="2.0" Kind="selection" Navigation="null" OriginId="org.eclipse.ui.views.ContentOutline" StartDate="2014-12-08 15:45:03.607 JST" StructureHandle="=Embedded{D-100~\/D-110\/D-110_v_1_0\/D-110_v_1_0.X\/D-110_v_1_0.c[_Display__ADC_Fractional#73(void" StructureKind="c/c++" NumEvents="2" CreationCount="251"/><InteractionEvent Delta="null" EndDate="2014-12-08 16:00:32.37 JST" Interest="46.0" Kind="edit" Navigation="null" OriginId="org.eclipse.cdt.ui.editor.CEditor" StartDate="2014-12-08 15:46:22.846 JST" StructureHandle="=Embedded{D-100~\/D-110\/D-110_v_1_0\/D-110_v_1_0.X\/D-110_v_1_0.c[conv_Float_to_String#74(float(char\[]" StructureKind="c/c++" NumEvents="46" CreationCount="341"/><InteractionEvent Delta="null" EndDate="2014-12-08 15:56:26.928 JST" Interest="12.0" Kind="selection" Navigation="null" OriginId="org.eclipse.cdt.ui.editor.CEditor" StartDate="2014-12-08 15:46:21.177 JST" StructureHandle="=Embedded{D-100~\/D-110\/D-110_v_1_0\/D-110_v_1_0.X\/D-110_v_1_0.c[conv_Float_to_String#74(float(char\[]" StructureKind="c/c++" NumEvents="12" CreationCount="341"/><InteractionEvent Delta="null" EndDate="2014-12-08 15:48:05.974 JST" Interest="1.1930001" Kind="manipulation" Navigation="null" OriginId="org.eclipse.mylyn.core.model.interest.decay.correction" StartDate="2014-12-08 15:48:05.974 JST" StructureHandle="=Embedded{TEST\/D-110\/v_3-0\/D-110_v-3-0.c[conv_Float_to_String#74(float(char\[]" StructureKind="c/c++"/><InteractionEvent Delta="null" EndDate="2014-12-08 15:48:05.974 JST" Interest="2.0" Kind="selection" Navigation="null" OriginId="org.eclipse.cdt.ui.editor.CEditor" StartDate="2014-12-08 15:46:13.925 JST" StructureHandle="=Embedded{TEST\/D-110\/v_3-0\/D-110_v-3-0.c[conv_Float_to_String#74(float(char\[]" StructureKind="c/c++" NumEvents="2" CreationCount="332"/><InteractionEvent Delta="null" EndDate="2014-12-08 15:55:56.40 JST" Interest="1.0" Kind="edit" Navigation="null" OriginId="org.eclipse.cdt.ui.editor.CEditor" StartDate="2014-12-08 15:55:56.40 JST" StructureHandle="=Embedded{TEST\/D-110\/v_3-0\/D-110_v-3-0.c[MAX_NUM#79" StructureKind="c/c++"/><InteractionEvent Delta="null" EndDate="2014-12-08 15:55:53.857 JST" Interest="1.0" Kind="selection" Navigation="null" OriginId="org.eclipse.cdt.ui.editor.CEditor" StartDate="2014-12-08 15:55:53.857 JST" StructureHandle="=Embedded{TEST\/D-110\/v_3-0\/D-110_v-3-0.c[MAX_NUM#79" StructureKind="c/c++"/><InteractionEvent Delta="null" EndDate="2014-12-08 15:45:59.415 JST" Interest="2.0" Kind="edit" Navigation="null" OriginId="org.eclipse.cdt.ui.editor.CEditor" StartDate="2014-12-08 15:45:55.280 JST" StructureHandle="=Embedded{TEST\/D-110\/v_3-0\/D-110_v-3-0.c[conv_Float_to_String#73(float(char\[]" StructureKind="c/c++" NumEvents="2" CreationCount="298"/><InteractionEvent Delta="null" EndDate="2014-12-08 15:46:06.875 JST" Interest="3.0" Kind="selection" Navigation="null" OriginId="org.eclipse.cdt.ui.editor.CEditor" StartDate="2014-12-08 15:45:49.357 JST" StructureHandle="=Embedded{TEST\/D-110\/v_3-0\/D-110_v-3-0.c[conv_Float_to_String#73(float(char\[]" StructureKind="c/c++" NumEvents="3" CreationCount="298"/><InteractionEvent Delta="null" EndDate="2014-12-08 15:48:37.272 JST" Interest="1.0" Kind="edit" Navigation="null" OriginId="org.eclipse.cdt.ui.editor.CEditor" StartDate="2014-12-08 15:48:37.272 JST" StructureHandle="=Embedded{D-100~\/D-110\/D-110_v_1_0\/D-110_v_1_0.X\/D-110_v_1_0.c[adcL#76" StructureKind="c/c++"/><InteractionEvent Delta="null" EndDate="2014-12-08 15:48:35.961 JST" Interest="1.0" Kind="selection" Navigation="null" OriginId="org.eclipse.cdt.ui.editor.CEditor" StartDate="2014-12-08 15:48:35.961 JST" StructureHandle="=Embedded{D-100~\/D-110\/D-110_v_1_0\/D-110_v_1_0.X\/D-110_v_1_0.c[adcL#76" StructureKind="c/c++"/><InteractionEvent Delta="null" EndDate="2014-12-08 15:48:52.292 JST" Interest="1.0" Kind="edit" Navigation="null" OriginId="org.eclipse.cdt.ui.editor.CEditor" StartDate="2014-12-08 15:48:52.292 JST" StructureHandle="=Embedded{D-100~\/D-110\/D-110_v_1_0\/D-110_v_1_0.X\/D-110_v_1_0.c[ref#76" StructureKind="c/c++"/><InteractionEvent Delta="null" EndDate="2014-12-08 15:48:51.155 JST" Interest="1.0" Kind="selection" Navigation="null" OriginId="org.eclipse.cdt.ui.editor.CEditor" StartDate="2014-12-08 15:48:51.155 JST" StructureHandle="=Embedded{D-100~\/D-110\/D-110_v_1_0\/D-110_v_1_0.X\/D-110_v_1_0.c[ref#76" StructureKind="c/c++"/><InteractionEvent Delta="null" EndDate="2014-12-08 15:53:43.833 JST" Interest="19.0" Kind="edit" Navigation="null" OriginId="org.eclipse.cdt.ui.editor.CEditor" StartDate="2014-12-08 15:47:12.914 JST" StructureHandle="=Embedded{D-100~\/D-110\/D-110_v_1_0\/D-110_v_1_0.X\/D-110_v_1_0.c[conv_ADC_to_FloatString#74(int(int(double(char\[]" StructureKind="c/c++" NumEvents="19" CreationCount="389"/><InteractionEvent Delta="null" EndDate="2014-12-08 15:52:57.129 JST" Interest="6.0" Kind="selection" Navigation="null" OriginId="org.eclipse.cdt.ui.editor.CEditor" StartDate="2014-12-08 15:47:11.505 JST" StructureHandle="=Embedded{D-100~\/D-110\/D-110_v_1_0\/D-110_v_1_0.X\/D-110_v_1_0.c[conv_ADC_to_FloatString#74(int(int(double(char\[]" StructureKind="c/c++" NumEvents="6" CreationCount="389"/><InteractionEvent Delta="null" EndDate="2014-12-08 16:18:20.203 JST" Interest="1.3320003" Kind="manipulation" Navigation="null" OriginId="org.eclipse.mylyn.core.model.interest.decay.correction" StartDate="2014-12-08 16:18:20.203 JST" StructureHandle="/Embedded/D-100~/D-110/D-110_v_1_0/D-110_v_1_0.X/debug.h" StructureKind="resource"/><InteractionEvent Delta="null" EndDate="2014-12-08 16:18:20.806 JST" Interest="5.0" Kind="selection" Navigation="null" OriginId="org.eclipse.ui.navigator.ProjectExplorer" StartDate="2014-12-08 15:52:53.431 JST" StructureHandle="/Embedded/D-100~/D-110/D-110_v_1_0/D-110_v_1_0.X/debug.h" StructureKind="resource" NumEvents="5" CreationCount="703"/><InteractionEvent Delta="null" EndDate="2014-12-08 15:54:16.254 JST" Interest="7.0" Kind="edit" Navigation="null" OriginId="org.eclipse.cdt.ui.editor.CEditor" StartDate="2014-12-08 15:52:11.181 JST" StructureHandle="/Embedded/D-100~/D-110/D-110_v_1_0/D-110_v_1_0.X/lib_D-108_v_2_5_3.h" StructureKind="resource" NumEvents="7" CreationCount="665"/><InteractionEvent Delta="null" EndDate="2014-12-08 15:54:16.254 JST" Interest="7.0" Kind="propagation" Navigation="null" OriginId="org.eclipse.cdt.ui.editor.CEditor" StartDate="2014-12-08 15:52:11.180 JST" StructureHandle="/Embedded/D-100~/D-110/D-110_v_1_0/D-110_v_1_0.X/lib_D-108_v_2_5_3.h" StructureKind="resource" NumEvents="7" CreationCount="665"/><InteractionEvent Delta="null" EndDate="2014-12-08 15:54:16.220 JST" Interest="6.0" Kind="selection" Navigation="null" OriginId="org.eclipse.cdt.ui.editor.CEditor" StartDate="2014-12-08 15:52:10.846 JST" StructureHandle="/Embedded/D-100~/D-110/D-110_v_1_0/D-110_v_1_0.X/lib_D-108_v_2_5_3.h" StructureKind="resource" NumEvents="6" CreationCount="665"/><InteractionEvent Delta="null" EndDate="2014-12-08 16:18:31.649 JST" Interest="697.0" Kind="propagation" Navigation="null" OriginId="org.eclipse.cdt.ui.editor.CEditor" StartDate="2014-12-08 15:39:39.194 JST" StructureHandle="/Embedded" StructureKind="resource" NumEvents="697" CreationCount="1"/><InteractionEvent Delta="null" EndDate="2014-12-08 16:18:31.647 JST" Interest="363.0" Kind="edit" Navigation="null" OriginId="org.eclipse.cdt.ui.editor.CEditor" StartDate="2014-12-08 15:40:00.956 JST" StructureHandle="/Embedded/D-100~/D-110/D-110_v_1_0/D-110_v_1_0.X/D-110_v_1_0.c" StructureKind="resource" NumEvents="363" CreationCount="19"/><InteractionEvent Delta="null" EndDate="2014-12-08 16:18:31.646 JST" Interest="162.0" Kind="propagation" Navigation="null" OriginId="org.eclipse.cdt.ui.editor.CEditor" StartDate="2014-12-08 15:40:00.954 JST" StructureHandle="/Embedded/D-100~/D-110/D-110_v_1_0/D-110_v_1_0.X/D-110_v_1_0.c" StructureKind="resource" NumEvents="162" CreationCount="19"/><InteractionEvent Delta="null" EndDate="2014-12-08 16:18:31.624 JST" Interest="20.0" Kind="selection" Navigation="null" OriginId="org.eclipse.cdt.ui.editor.CEditor" StartDate="2014-12-08 15:39:59.644 JST" StructureHandle="/Embedded/D-100~/D-110/D-110_v_1_0/D-110_v_1_0.X/D-110_v_1_0.c" StructureKind="resource" NumEvents="20" CreationCount="19"/></InteractionHistory>