<?xml version="1.0" encoding="UTF-8"?><InteractionHistory Id="local-45" Version="1"><InteractionEvent Delta="null" EndDate="2014-09-25 22:29:10.107 JST" Interest="121.65099" Kind="propagation" Navigation="org.eclipse.mylyn.core.model.edges.containment" OriginId="org.eclipse.mylyn.core.model.interest.propagation" StartDate="2014-09-25 21:48:06.955 JST" StructureHandle="" StructureKind="c/c++" NumEvents="173" CreationCount="1"/><InteractionEvent Delta="null" EndDate="2014-09-25 22:03:15.415 JST" Interest="1.0" Kind="selection" Navigation="null" OriginId="org.eclipse.ui.views.ResourceNavigator" StartDate="2014-09-25 22:03:15.415 JST" StructureHandle="/Cake_NR5/app/Controller/KeywordsController.php" StructureKind="resource"/><InteractionEvent Delta="null" EndDate="2014-09-25 22:16:01.150 JST" Interest="27.199999" Kind="propagation" Navigation="org.eclipse.mylyn.core.model.edges.containment" OriginId="org.eclipse.mylyn.core.model.interest.propagation" StartDate="2014-09-25 22:12:50.772 JST" StructureHandle="=Cake_IFM11" StructureKind="c/c++" NumEvents="38" CreationCount="199"/><InteractionEvent Delta="null" EndDate="2014-09-25 22:23:08.462 JST" Interest="128.0" Kind="edit" Navigation="null" OriginId="org.eclipse.php.editor" StartDate="2014-09-25 22:03:30.440 JST" StructureHandle="/Cake_NR5/app/View/Elements/articles/index/_idx_test_D_9_V_1_1.ctp" StructureKind="resource" NumEvents="128" CreationCount="47"/><InteractionEvent Delta="null" EndDate="2014-09-25 22:23:08.432 JST" Interest="9.0" Kind="selection" Navigation="null" OriginId="org.eclipse.php.editor" StartDate="2014-09-25 22:03:30.50 JST" StructureHandle="/Cake_NR5/app/View/Elements/articles/index/_idx_test_D_9_V_1_1.ctp" StructureKind="resource" NumEvents="9" CreationCount="47"/><InteractionEvent Delta="null" EndDate="2014-09-25 22:03:27.32 JST" Interest="1.0" Kind="selection" Navigation="null" OriginId="org.eclipse.ui.views.ResourceNavigator" StartDate="2014-09-25 22:03:27.32 JST" StructureHandle="/Cake_NR5/app/View/Elements/articles/index" StructureKind="resource"/><InteractionEvent Delta="null" EndDate="2014-09-25 22:23:08.463 JST" Interest="97.617" Kind="propagation" Navigation="org.eclipse.mylyn.core.model.edges.containment" OriginId="org.eclipse.mylyn.core.model.interest.propagation" StartDate="2014-09-25 22:03:30.51 JST" StructureHandle="/Cake_NR5/app/View/Elements/articles/index" StructureKind="resource" NumEvents="137" CreationCount="46"/><InteractionEvent Delta="null" EndDate="2014-09-25 22:03:26.524 JST" Interest="1.0" Kind="selection" Navigation="null" OriginId="org.eclipse.ui.views.ResourceNavigator" StartDate="2014-09-25 22:03:26.524 JST" StructureHandle="/Cake_NR5/app/View/Elements/articles" StructureKind="resource"/><InteractionEvent Delta="null" EndDate="2014-09-25 22:23:08.464 JST" Interest="97.634" Kind="propagation" Navigation="org.eclipse.mylyn.core.model.edges.containment" OriginId="org.eclipse.mylyn.core.model.interest.propagation" StartDate="2014-09-25 22:03:27.33 JST" StructureHandle="/Cake_NR5/app/View/Elements/articles" StructureKind="resource" NumEvents="138" CreationCount="45"/><InteractionEvent Delta="null" EndDate="2014-09-25 22:29:10.107 JST" Interest="317.0" Kind="propagation" Navigation="null" OriginId="org.eclipse.php.editor" StartDate="2014-09-25 21:48:06.955 JST" StructureHandle="/Cake_NR5" StructureKind="resource" NumEvents="317" CreationCount="1"/><InteractionEvent Delta="null" EndDate="2014-09-25 22:16:01.149 JST" Interest="36.0" Kind="edit" Navigation="null" OriginId="org.eclipse.php.editor" StartDate="2014-09-25 22:12:50.816 JST" StructureHandle="/Cake_IFM11/app/Controller/ImagesController.php" StructureKind="resource" NumEvents="36" CreationCount="199"/><InteractionEvent Delta="null" EndDate="2014-09-25 22:16:01.127 JST" Interest="2.0" Kind="selection" Navigation="null" OriginId="org.eclipse.php.editor" StartDate="2014-09-25 22:12:50.770 JST" StructureHandle="/Cake_IFM11/app/Controller/ImagesController.php" StructureKind="resource" NumEvents="2" CreationCount="199"/><InteractionEvent Delta="null" EndDate="2014-09-25 22:16:01.150 JST" Interest="27.199999" Kind="propagation" Navigation="org.eclipse.mylyn.core.model.edges.containment" OriginId="org.eclipse.mylyn.core.model.interest.propagation" StartDate="2014-09-25 22:12:50.772 JST" StructureHandle="/Cake_IFM11/app" StructureKind="resource" NumEvents="38" CreationCount="199"/><InteractionEvent Delta="null" EndDate="2014-09-25 22:29:10.107 JST" Interest="121.65099" Kind="propagation" Navigation="org.eclipse.mylyn.core.model.edges.containment" OriginId="org.eclipse.mylyn.core.model.interest.propagation" StartDate="2014-09-25 21:48:06.955 JST" StructureHandle="=Cake_NR5" StructureKind="c/c++" NumEvents="173" CreationCount="1"/><InteractionEvent Delta="null" EndDate="2014-09-25 22:29:10.107 JST" Interest="355.0" Kind="propagation" Navigation="null" OriginId="org.eclipse.php.editor" StartDate="2014-09-25 21:48:06.955 JST" StructureHandle="/" StructureKind="resource" NumEvents="355" CreationCount="1"/><InteractionEvent Delta="null" EndDate="2014-09-25 22:03:18.438 JST" Interest="1.0" Kind="selection" Navigation="null" OriginId="org.eclipse.ui.views.ResourceNavigator" StartDate="2014-09-25 22:03:18.438 JST" StructureHandle="/Cake_NR5/app/View" StructureKind="resource"/><InteractionEvent Delta="null" EndDate="2014-09-25 22:23:08.465 JST" Interest="97.685" Kind="propagation" Navigation="org.eclipse.mylyn.core.model.edges.containment" OriginId="org.eclipse.mylyn.core.model.interest.propagation" StartDate="2014-09-25 22:03:22.712 JST" StructureHandle="/Cake_NR5/app/View" StructureKind="resource" NumEvents="141" CreationCount="42"/><InteractionEvent Delta="null" EndDate="2014-09-25 21:48:11.321 JST" Interest="1.0" Kind="selection" Navigation="null" OriginId="org.eclipse.ui.views.ResourceNavigator" StartDate="2014-09-25 21:48:11.321 JST" StructureHandle="/Cake_NR5/app/Controller/HistorysController.php" StructureKind="resource"/><InteractionEvent Delta="null" EndDate="2014-09-25 22:03:25.289 JST" Interest="1.0" Kind="selection" Navigation="null" OriginId="org.eclipse.ui.views.ResourceNavigator" StartDate="2014-09-25 22:03:25.289 JST" StructureHandle="/Cake_NR5/app/View/Elements" StructureKind="resource"/><InteractionEvent Delta="null" EndDate="2014-09-25 22:23:08.465 JST" Interest="97.651" Kind="propagation" Navigation="org.eclipse.mylyn.core.model.edges.containment" OriginId="org.eclipse.mylyn.core.model.interest.propagation" StartDate="2014-09-25 22:03:26.524 JST" StructureHandle="/Cake_NR5/app/View/Elements" StructureKind="resource" NumEvents="139" CreationCount="44"/><InteractionEvent Delta="null" EndDate="2014-09-25 22:03:15.179 JST" Interest="3.0" Kind="selection" Navigation="null" OriginId="org.eclipse.ui.views.ResourceNavigator" StartDate="2014-09-25 21:48:09.21 JST" StructureHandle="/Cake_NR5/app/Controller" StructureKind="resource" NumEvents="3" CreationCount="2"/><InteractionEvent Delta="null" EndDate="2014-09-25 22:29:10.106 JST" Interest="118.633995" Kind="propagation" Navigation="org.eclipse.mylyn.core.model.edges.containment" OriginId="org.eclipse.mylyn.core.model.interest.propagation" StartDate="2014-09-25 21:48:11.322 JST" StructureHandle="/Cake_NR5/app/Controller" StructureKind="resource" NumEvents="168" CreationCount="2"/><InteractionEvent Delta="null" EndDate="2014-09-25 21:48:06.954 JST" Interest="1.0" Kind="selection" Navigation="null" OriginId="org.eclipse.ui.views.ResourceNavigator" StartDate="2014-09-25 21:48:06.954 JST" StructureHandle="/Cake_NR5/app" StructureKind="resource"/><InteractionEvent Delta="null" EndDate="2014-09-25 22:29:10.107 JST" Interest="120.65099" Kind="propagation" Navigation="org.eclipse.mylyn.core.model.edges.containment" OriginId="org.eclipse.mylyn.core.model.interest.propagation" StartDate="2014-09-25 21:48:09.22 JST" StructureHandle="/Cake_NR5/app" StructureKind="resource" NumEvents="172" CreationCount="1"/><InteractionEvent Delta="null" EndDate="2014-09-25 22:03:22.711 JST" Interest="1.0" Kind="selection" Navigation="null" OriginId="org.eclipse.ui.views.ResourceNavigator" StartDate="2014-09-25 22:03:22.711 JST" StructureHandle="/Cake_NR5/app/View/Articles" StructureKind="resource"/><InteractionEvent Delta="null" EndDate="2014-09-25 22:16:01.150 JST" Interest="38.0" Kind="propagation" Navigation="null" OriginId="org.eclipse.php.editor" StartDate="2014-09-25 22:12:50.772 JST" StructureHandle="/Cake_IFM11" StructureKind="resource" NumEvents="38" CreationCount="199"/><InteractionEvent Delta="null" EndDate="2014-09-25 22:16:01.149 JST" Interest="27.199999" Kind="propagation" Navigation="org.eclipse.mylyn.core.model.edges.containment" OriginId="org.eclipse.mylyn.core.model.interest.propagation" StartDate="2014-09-25 22:12:50.771 JST" StructureHandle="/Cake_IFM11/app/Controller" StructureKind="resource" NumEvents="38" CreationCount="199"/><InteractionEvent Delta="null" EndDate="2014-09-25 22:29:10.106 JST" Interest="158.0" Kind="edit" Navigation="null" OriginId="org.eclipse.php.editor" StartDate="2014-09-25 21:48:17.228 JST" StructureHandle="/Cake_NR5/app/Controller/ArticlesController.php" StructureKind="resource" NumEvents="158" CreationCount="4"/><InteractionEvent Delta="null" EndDate="2014-09-25 22:23:09.253 JST" Interest="11.0" Kind="selection" Navigation="null" OriginId="org.eclipse.php.editor" StartDate="2014-09-25 21:48:16.814 JST" StructureHandle="/Cake_NR5/app/Controller/ArticlesController.php" StructureKind="resource" NumEvents="11" CreationCount="4"/></InteractionHistory>