<?xml version="1.0" encoding="UTF-8"?><InteractionHistory Id="local-45" Version="1"><InteractionEvent Delta="null" EndDate="2014-09-26 09:22:07.826 JST" Interest="455.65106" Kind="propagation" Navigation="org.eclipse.mylyn.core.model.edges.containment" OriginId="org.eclipse.mylyn.core.model.interest.propagation" StartDate="2014-09-25 21:48:06.955 JST" StructureHandle="" StructureKind="c/c++" NumEvents="646" CreationCount="1"/><InteractionEvent Delta="null" EndDate="2014-09-25 22:03:15.415 JST" Interest="1.0" Kind="selection" Navigation="null" OriginId="org.eclipse.ui.views.ResourceNavigator" StartDate="2014-09-25 22:03:15.415 JST" StructureHandle="/Cake_NR5/app/Controller/KeywordsController.php" StructureKind="resource"/><InteractionEvent Delta="null" EndDate="2014-09-26 07:54:20.469 JST" Interest="46.6" Kind="propagation" Navigation="org.eclipse.mylyn.core.model.edges.containment" OriginId="org.eclipse.mylyn.core.model.interest.propagation" StartDate="2014-09-25 22:12:50.772 JST" StructureHandle="=Cake_IFM11" StructureKind="c/c++" NumEvents="61" CreationCount="199"/><InteractionEvent Delta="null" EndDate="2014-09-26 08:48:22.887 JST" Interest="23.0" Kind="selection" Navigation="null" OriginId="org.eclipse.php.editor" StartDate="2014-09-25 22:03:30.50 JST" StructureHandle="/Cake_NR5/app/View/Elements/articles/index/_idx_test_D_9_V_1_1.ctp" StructureKind="resource" NumEvents="23" CreationCount="47"/><InteractionEvent Delta="null" EndDate="2014-09-26 08:48:32.602 JST" Interest="212.0" Kind="edit" Navigation="null" OriginId="org.eclipse.php.editor" StartDate="2014-09-25 22:03:30.440 JST" StructureHandle="/Cake_NR5/app/View/Elements/articles/index/_idx_test_D_9_V_1_1.ctp" StructureKind="resource" NumEvents="212" CreationCount="47"/><InteractionEvent Delta="null" EndDate="2014-09-26 08:48:32.603 JST" Interest="168.81898" Kind="propagation" Navigation="org.eclipse.mylyn.core.model.edges.containment" OriginId="org.eclipse.mylyn.core.model.interest.propagation" StartDate="2014-09-25 22:03:27.33 JST" StructureHandle="/Cake_NR5/app/View/Elements/articles" StructureKind="resource" NumEvents="236" CreationCount="140"/><InteractionEvent Delta="null" EndDate="2014-09-25 22:03:26.524 JST" Interest="1.0" Kind="selection" Navigation="null" OriginId="org.eclipse.ui.views.ResourceNavigator" StartDate="2014-09-25 22:03:26.524 JST" StructureHandle="/Cake_NR5/app/View/Elements/articles" StructureKind="resource"/><InteractionEvent Delta="null" EndDate="2014-09-26 07:54:20.468 JST" Interest="13.0" Kind="selection" Navigation="null" OriginId="org.eclipse.php.editor" StartDate="2014-09-25 22:12:50.770 JST" StructureHandle="/Cake_IFM11/app/Controller/ImagesController.php" StructureKind="resource" NumEvents="13" CreationCount="199"/><InteractionEvent Delta="null" EndDate="2014-09-26 07:54:20.415 JST" Interest="48.0" Kind="edit" Navigation="null" OriginId="org.eclipse.php.editor" StartDate="2014-09-25 22:12:50.816 JST" StructureHandle="/Cake_IFM11/app/Controller/ImagesController.php" StructureKind="resource" NumEvents="48" CreationCount="199"/><InteractionEvent Delta="null" EndDate="2014-09-26 07:39:32.817 JST" Interest="1.0" Kind="propagation" Navigation="null" OriginId="org.eclipse.mylyn.resources.ui.interest.updater" StartDate="2014-09-26 07:39:32.817 JST" StructureHandle="/ode-0.11.1/build/ODE_D-6_v-3.0/Debug/objects.mk" StructureKind="resource"/><InteractionEvent Delta="null" EndDate="2014-09-26 09:19:39.659 JST" Interest="51.0" Kind="selection" Navigation="null" OriginId="org.eclipse.php.editor" StartDate="2014-09-25 21:48:16.814 JST" StructureHandle="/Cake_NR5/app/Controller/ArticlesController.php" StructureKind="resource" NumEvents="51" CreationCount="4"/><InteractionEvent Delta="null" EndDate="2014-09-26 09:21:00.761 JST" Interest="578.0" Kind="edit" Navigation="null" OriginId="org.eclipse.php.editor" StartDate="2014-09-25 21:48:17.228 JST" StructureHandle="/Cake_NR5/app/Controller/ArticlesController.php" StructureKind="resource" NumEvents="578" CreationCount="4"/><InteractionEvent Delta="null" EndDate="2014-09-26 07:54:19.948 JST" Interest="45.0" Kind="propagation" Navigation="org.eclipse.mylyn.core.model.edges.containment" OriginId="org.eclipse.mylyn.core.model.interest.propagation" StartDate="2014-09-26 07:35:14.904 JST" StructureHandle="/Cake_NR5/app/Lib/utils" StructureKind="resource" NumEvents="60" CreationCount="386"/><InteractionEvent Delta="null" EndDate="2014-09-26 07:54:19.948 JST" Interest="50.0" Kind="edit" Navigation="null" OriginId="org.eclipse.php.editor" StartDate="2014-09-26 07:35:14.972 JST" StructureHandle="/Cake_NR5/app/Lib/utils/CONS.php" StructureKind="resource" NumEvents="50" CreationCount="386"/><InteractionEvent Delta="null" EndDate="2014-09-26 07:54:19.920 JST" Interest="10.0" Kind="selection" Navigation="null" OriginId="org.eclipse.php.editor" StartDate="2014-09-26 07:35:14.903 JST" StructureHandle="/Cake_NR5/app/Lib/utils/CONS.php" StructureKind="resource" NumEvents="10" CreationCount="386"/><InteractionEvent Delta="null" EndDate="2014-09-26 07:39:32.815 JST" Interest="1.0" Kind="propagation" Navigation="null" OriginId="org.eclipse.mylyn.resources.ui.interest.updater" StartDate="2014-09-26 07:39:32.815 JST" StructureHandle="=ode-0.11.1&amp;lt;build&amp;lt;ODE_D-6_v-3.0&amp;lt;Debug&amp;lt;obj&amp;lt;Debug" StructureKind="c/c++"/><InteractionEvent Delta="null" EndDate="2014-09-26 08:48:32.603 JST" Interest="168.83598" Kind="propagation" Navigation="org.eclipse.mylyn.core.model.edges.containment" OriginId="org.eclipse.mylyn.core.model.interest.propagation" StartDate="2014-09-25 22:03:30.51 JST" StructureHandle="/Cake_NR5/app/View/Elements/articles/index" StructureKind="resource" NumEvents="234" CreationCount="139"/><InteractionEvent Delta="null" EndDate="2014-09-25 22:03:27.32 JST" Interest="1.0" Kind="selection" Navigation="null" OriginId="org.eclipse.ui.views.ResourceNavigator" StartDate="2014-09-25 22:03:27.32 JST" StructureHandle="/Cake_NR5/app/View/Elements/articles/index" StructureKind="resource"/><InteractionEvent Delta="null" EndDate="2014-09-26 07:39:32.834 JST" Interest="1.0" Kind="propagation" Navigation="null" OriginId="org.eclipse.mylyn.resources.ui.interest.updater" StartDate="2014-09-26 07:39:32.834 JST" StructureHandle="/ode-0.11.1&amp;lt;build&amp;lt;ODE_D-6_v-3.0&amp;lt;Debug&amp;lt;obj&amp;lt;Debug" StructureKind="resource"/><InteractionEvent Delta="null" EndDate="2014-09-26 09:22:07.826 JST" Interest="455.65103" Kind="propagation" Navigation="org.eclipse.mylyn.core.model.edges.containment" OriginId="org.eclipse.mylyn.core.model.interest.propagation" StartDate="2014-09-25 21:48:06.955 JST" StructureHandle="=Cake_NR5" StructureKind="c/c++" NumEvents="646" CreationCount="1"/><InteractionEvent Delta="null" EndDate="2014-09-26 09:26:22.802 JST" Interest="1637.0" Kind="propagation" Navigation="null" OriginId="org.eclipse.php.editor" StartDate="2014-09-25 21:48:06.955 JST" StructureHandle="/" StructureKind="resource" NumEvents="1637" CreationCount="1"/><InteractionEvent Delta="null" EndDate="2014-09-26 08:58:38.822 JST" Interest="3.0" Kind="edit" Navigation="null" OriginId="org.eclipse.php.editor" StartDate="2014-09-26 08:58:37.395 JST" StructureHandle="/Cake_NR5/app/View/Historys/index.ctp" StructureKind="resource" NumEvents="3" CreationCount="1187"/><InteractionEvent Delta="null" EndDate="2014-09-26 08:58:37.342 JST" Interest="1.0" Kind="selection" Navigation="null" OriginId="org.eclipse.php.editor" StartDate="2014-09-26 08:58:37.342 JST" StructureHandle="/Cake_NR5/app/View/Historys/index.ctp" StructureKind="resource"/><InteractionEvent Delta="null" EndDate="2014-09-26 07:49:14.308 JST" Interest="1.0" Kind="propagation" Navigation="null" OriginId="org.eclipse.mylyn.resources.ui.interest.updater" StartDate="2014-09-26 07:49:14.308 JST" StructureHandle="/Cake_NR5/app/View/Helper/ArticleHelper.php" StructureKind="resource"/><InteractionEvent Delta="null" EndDate="2014-09-26 08:28:19.354 JST" Interest="11.0" Kind="selection" Navigation="null" OriginId="org.eclipse.php.editor" StartDate="2014-09-26 07:49:25.456 JST" StructureHandle="/Cake_NR5/app/View/Helper/ArticleHelper.php" StructureKind="resource" NumEvents="11" CreationCount="576"/><InteractionEvent Delta="null" EndDate="2014-09-26 08:28:19.379 JST" Interest="26.0" Kind="edit" Navigation="null" OriginId="org.eclipse.php.editor" StartDate="2014-09-26 07:49:24.32 JST" StructureHandle="/Cake_NR5/app/View/Helper/ArticleHelper.php" StructureKind="resource" NumEvents="26" CreationCount="576"/><InteractionEvent Delta="null" EndDate="2014-09-26 09:21:38.703 JST" Interest="11.0" Kind="edit" Navigation="null" OriginId="org.eclipse.ui.DefaultTextEditor" StartDate="2014-09-26 09:03:08.41 JST" StructureHandle="/Cake_NR5/sql.txt" StructureKind="resource" NumEvents="11" CreationCount="1249"/><InteractionEvent Delta="null" EndDate="2014-09-26 09:21:38.697 JST" Interest="11.0" Kind="selection" Navigation="null" OriginId="org.eclipse.ui.DefaultTextEditor" StartDate="2014-09-26 09:03:08.25 JST" StructureHandle="/Cake_NR5/sql.txt" StructureKind="resource" NumEvents="11" CreationCount="1249"/><InteractionEvent Delta="null" EndDate="2014-09-26 09:13:56.488 JST" Interest="0.26600027" Kind="manipulation" Navigation="null" OriginId="org.eclipse.mylyn.core.model.interest.decay.correction" StartDate="2014-09-26 09:13:56.488 JST" StructureHandle="/Cake_NR5/sql.txt" StructureKind="resource"/><InteractionEvent Delta="null" EndDate="2014-09-26 07:39:32.830 JST" Interest="1.0" Kind="propagation" Navigation="org.eclipse.mylyn.core.model.edges.containment" OriginId="org.eclipse.mylyn.core.model.interest.propagation" StartDate="2014-09-26 07:39:32.830 JST" StructureHandle="=ode-0.11.1\&amp;lt;build\&amp;lt;ODE_D-6_v-3.0\&amp;lt;Debug" StructureKind="c/c++"/><InteractionEvent Delta="null" EndDate="2014-09-26 07:39:32.820 JST" Interest="1.0" Kind="propagation" Navigation="null" OriginId="org.eclipse.mylyn.resources.ui.interest.updater" StartDate="2014-09-26 07:39:32.820 JST" StructureHandle="/ode-0.11.1/build/ODE_D-6_v-3.0/Debug/makefile" StructureKind="resource"/><InteractionEvent Delta="null" EndDate="2014-09-26 08:50:39.220 JST" Interest="1.0" Kind="propagation" Navigation="null" OriginId="org.eclipse.mylyn.resources.ui.interest.updater" StartDate="2014-09-26 08:50:39.220 JST" StructureHandle="/Cake_NR5/app/View/Elements/articles/index/_idx_articles_header.ctp" StructureKind="resource"/><InteractionEvent Delta="null" EndDate="2014-09-26 09:26:22.802 JST" Interest="1571.0" Kind="propagation" Navigation="null" OriginId="org.eclipse.php.editor" StartDate="2014-09-25 21:48:06.955 JST" StructureHandle="/Cake_NR5" StructureKind="resource" NumEvents="1571" CreationCount="1"/><InteractionEvent Delta="null" EndDate="2014-09-26 07:39:32.821 JST" Interest="1.0" Kind="propagation" Navigation="null" OriginId="org.eclipse.mylyn.resources.ui.interest.updater" StartDate="2014-09-26 07:39:32.821 JST" StructureHandle="/ode-0.11.1/build/ODE_D-6_v-3.0/Debug/obj/Debug/subdir.mk" StructureKind="resource"/><InteractionEvent Delta="null" EndDate="2014-09-26 07:39:32.830 JST" Interest="1.0" Kind="propagation" Navigation="null" OriginId="org.eclipse.mylyn.resources.ui.interest.updater" StartDate="2014-09-26 07:39:32.830 JST" StructureHandle="=ode-0.11.1&amp;lt;build&amp;lt;ODE_D-6_v-3.0&amp;lt;Debug&amp;lt;obj" StructureKind="c/c++"/><InteractionEvent Delta="null" EndDate="2014-09-26 08:49:11.183 JST" Interest="168.156" Kind="propagation" Navigation="org.eclipse.mylyn.core.model.edges.containment" OriginId="org.eclipse.mylyn.core.model.interest.propagation" StartDate="2014-09-25 22:03:22.712 JST" StructureHandle="/Cake_NR5/app/View" StructureKind="resource" NumEvents="243" CreationCount="179"/><InteractionEvent Delta="null" EndDate="2014-09-25 22:03:18.438 JST" Interest="1.0" Kind="selection" Navigation="null" OriginId="org.eclipse.ui.views.ResourceNavigator" StartDate="2014-09-25 22:03:18.438 JST" StructureHandle="/Cake_NR5/app/View" StructureKind="resource"/><InteractionEvent Delta="null" EndDate="2014-09-26 08:48:32.604 JST" Interest="168.122" Kind="propagation" Navigation="org.eclipse.mylyn.core.model.edges.containment" OriginId="org.eclipse.mylyn.core.model.interest.propagation" StartDate="2014-09-25 22:03:26.524 JST" StructureHandle="/Cake_NR5/app/View/Elements" StructureKind="resource" NumEvents="238" CreationCount="181"/><InteractionEvent Delta="null" EndDate="2014-09-25 22:03:25.289 JST" Interest="1.0" Kind="selection" Navigation="null" OriginId="org.eclipse.ui.views.ResourceNavigator" StartDate="2014-09-25 22:03:25.289 JST" StructureHandle="/Cake_NR5/app/View/Elements" StructureKind="resource"/><InteractionEvent Delta="null" EndDate="2014-09-26 09:15:51.883 JST" Interest="25.0" Kind="edit" Navigation="null" OriginId="org.eclipse.php.editor" StartDate="2014-09-26 08:59:20.551 JST" StructureHandle="/Cake_NR5/app/Controller/HistorysController.php" StructureKind="resource" NumEvents="25" CreationCount="180"/><InteractionEvent Delta="null" EndDate="2014-09-26 09:15:51.860 JST" Interest="8.0" Kind="selection" Navigation="null" OriginId="org.eclipse.php.editor" StartDate="2014-09-25 21:48:11.321 JST" StructureHandle="/Cake_NR5/app/Controller/HistorysController.php" StructureKind="resource" NumEvents="8" CreationCount="180"/><InteractionEvent Delta="null" EndDate="2014-09-26 08:59:20.491 JST" Interest="16.306002" Kind="manipulation" Navigation="null" OriginId="org.eclipse.mylyn.core.model.interest.decay.correction" StartDate="2014-09-26 08:59:20.491 JST" StructureHandle="/Cake_NR5/app/Controller/HistorysController.php" StructureKind="resource"/><InteractionEvent Delta="null" EndDate="2014-09-26 08:48:01.480 JST" Interest="3.0" Kind="edit" Navigation="null" OriginId="org.eclipse.php.editor" StartDate="2014-09-26 08:47:52.965 JST" StructureHandle="/Cake_NR5/app/View/Elements/articles/index/_idx_test_D_9.ctp" StructureKind="resource" NumEvents="3" CreationCount="1068"/><InteractionEvent Delta="null" EndDate="2014-09-26 08:47:52.923 JST" Interest="1.0" Kind="selection" Navigation="null" OriginId="org.eclipse.php.editor" StartDate="2014-09-26 08:47:52.923 JST" StructureHandle="/Cake_NR5/app/View/Elements/articles/index/_idx_test_D_9.ctp" StructureKind="resource"/><InteractionEvent Delta="null" EndDate="2014-09-26 09:21:38.531 JST" Interest="150.5" Kind="propagation" Navigation="org.eclipse.mylyn.core.model.edges.containment" OriginId="org.eclipse.mylyn.core.model.interest.propagation" StartDate="2014-09-26 08:58:43.624 JST" StructureHandle="/Cake_NR5/app/View/Elements/historys" StructureKind="resource" NumEvents="206" CreationCount="1191"/><InteractionEvent Delta="null" EndDate="2014-09-26 09:21:00.762 JST" Interest="451.523" Kind="propagation" Navigation="org.eclipse.mylyn.core.model.edges.containment" OriginId="org.eclipse.mylyn.core.model.interest.propagation" StartDate="2014-09-25 21:48:09.22 JST" StructureHandle="/Cake_NR5/app" StructureKind="resource" NumEvents="628" CreationCount="185"/><InteractionEvent Delta="null" EndDate="2014-09-25 21:48:06.954 JST" Interest="1.0" Kind="selection" Navigation="null" OriginId="org.eclipse.ui.views.ResourceNavigator" StartDate="2014-09-25 21:48:06.954 JST" StructureHandle="/Cake_NR5/app" StructureKind="resource"/><InteractionEvent Delta="null" EndDate="2014-09-26 08:51:13.858 JST" Interest="28.962002" Kind="propagation" Navigation="org.eclipse.mylyn.core.model.edges.containment" OriginId="org.eclipse.mylyn.core.model.interest.propagation" StartDate="2014-09-26 08:48:14.465 JST" StructureHandle="/Cake_NR5/app/View/Articles" StructureKind="resource" NumEvents="20" CreationCount="186"/><InteractionEvent Delta="null" EndDate="2014-09-25 22:03:22.711 JST" Interest="1.0" Kind="selection" Navigation="null" OriginId="org.eclipse.ui.views.ResourceNavigator" StartDate="2014-09-25 22:03:22.711 JST" StructureHandle="/Cake_NR5/app/View/Articles" StructureKind="resource"/><InteractionEvent Delta="null" EndDate="2014-09-26 07:54:20.470 JST" Interest="61.0" Kind="propagation" Navigation="null" OriginId="org.eclipse.php.editor" StartDate="2014-09-25 22:12:50.772 JST" StructureHandle="/Cake_IFM11" StructureKind="resource" NumEvents="61" CreationCount="199"/><InteractionEvent Delta="null" EndDate="2014-09-26 07:39:32.833 JST" Interest="4.0" Kind="propagation" Navigation="null" OriginId="org.eclipse.mylyn.resources.ui.interest.updater" StartDate="2014-09-26 07:39:32.831 JST" StructureHandle="/ode-0.11.1&amp;lt;build&amp;lt;ODE_D-6_v-3.0&amp;lt;Debug" StructureKind="resource" NumEvents="4" CreationCount="434"/><InteractionEvent Delta="null" EndDate="2014-09-26 08:49:07.117 JST" Interest="1.0" Kind="propagation" Navigation="null" OriginId="org.eclipse.mylyn.resources.ui.interest.updater" StartDate="2014-09-26 08:49:07.117 JST" StructureHandle="/Cake_NR5/app/View/Elements/articles/index/_idx_articles.ctp" StructureKind="resource"/><InteractionEvent Delta="null" EndDate="2014-09-26 09:21:41.48 JST" Interest="6.0" Kind="selection" Navigation="null" OriginId="org.eclipse.php.editor" StartDate="2014-09-26 08:50:14.88 JST" StructureHandle="/Cake_NR5/app/View/Elements/articles/index/_idx_articles.ctp" StructureKind="resource" NumEvents="6" CreationCount="1083"/><InteractionEvent Delta="null" EndDate="2014-09-26 09:21:47.542 JST" Interest="18.0" Kind="edit" Navigation="null" OriginId="org.eclipse.php.editor" StartDate="2014-09-26 08:49:10.591 JST" StructureHandle="/Cake_NR5/app/View/Elements/articles/index/_idx_articles.ctp" StructureKind="resource" NumEvents="18" CreationCount="1083"/><InteractionEvent Delta="null" EndDate="2014-09-26 07:54:19.949 JST" Interest="45.0" Kind="propagation" Navigation="org.eclipse.mylyn.core.model.edges.containment" OriginId="org.eclipse.mylyn.core.model.interest.propagation" StartDate="2014-09-26 07:35:14.904 JST" StructureHandle="/Cake_NR5/app/Lib" StructureKind="resource" NumEvents="60" CreationCount="386"/><InteractionEvent Delta="null" EndDate="2014-09-26 08:51:13.857 JST" Interest="17.0" Kind="edit" Navigation="null" OriginId="org.eclipse.php.editor" StartDate="2014-09-26 08:48:14.504 JST" StructureHandle="/Cake_NR5/app/View/Articles/index.ctp" StructureKind="resource" NumEvents="17" CreationCount="1072"/><InteractionEvent Delta="null" EndDate="2014-09-26 08:51:13.832 JST" Interest="3.0" Kind="selection" Navigation="null" OriginId="org.eclipse.php.editor" StartDate="2014-09-26 08:48:14.464 JST" StructureHandle="/Cake_NR5/app/View/Articles/index.ctp" StructureKind="resource" NumEvents="3" CreationCount="1072"/><InteractionEvent Delta="null" EndDate="2014-09-26 08:58:38.823 JST" Interest="3.1" Kind="propagation" Navigation="org.eclipse.mylyn.core.model.edges.containment" OriginId="org.eclipse.mylyn.core.model.interest.propagation" StartDate="2014-09-26 08:58:37.342 JST" StructureHandle="/Cake_NR5/app/View/Historys" StructureKind="resource" NumEvents="4" CreationCount="1187"/><InteractionEvent Delta="null" EndDate="2014-09-26 07:49:05.513 JST" Interest="37.6" Kind="propagation" Navigation="org.eclipse.mylyn.core.model.edges.containment" OriginId="org.eclipse.mylyn.core.model.interest.propagation" StartDate="2014-09-26 07:43:58.129 JST" StructureHandle="/Cake_NR5/app/View/Helper" StructureKind="resource" NumEvents="52" CreationCount="476"/><InteractionEvent Delta="null" EndDate="2014-09-26 09:21:38.530 JST" Interest="185.0" Kind="edit" Navigation="null" OriginId="org.eclipse.php.editor" StartDate="2014-09-26 08:58:43.686 JST" StructureHandle="/Cake_NR5/app/View/Elements/historys/index_t_entries.ctp" StructureKind="resource" NumEvents="185" CreationCount="1191"/><InteractionEvent Delta="null" EndDate="2014-09-26 09:21:38.511 JST" Interest="21.0" Kind="selection" Navigation="null" OriginId="org.eclipse.php.editor" StartDate="2014-09-26 08:58:43.623 JST" StructureHandle="/Cake_NR5/app/View/Elements/historys/index_t_entries.ctp" StructureKind="resource" NumEvents="21" CreationCount="1191"/><InteractionEvent Delta="null" EndDate="2014-09-26 07:39:32.819 JST" Interest="1.0" Kind="propagation" Navigation="null" OriginId="org.eclipse.mylyn.resources.ui.interest.updater" StartDate="2014-09-26 07:39:32.819 JST" StructureHandle="/ode-0.11.1/build/ODE_D-6_v-3.0/Debug/sources.mk" StructureKind="resource"/><InteractionEvent Delta="null" EndDate="2014-09-26 07:54:20.469 JST" Interest="46.6" Kind="propagation" Navigation="org.eclipse.mylyn.core.model.edges.containment" OriginId="org.eclipse.mylyn.core.model.interest.propagation" StartDate="2014-09-25 22:12:50.772 JST" StructureHandle="/Cake_IFM11/app" StructureKind="resource" NumEvents="61" CreationCount="199"/><InteractionEvent Delta="null" EndDate="2014-09-26 08:49:24.896 JST" Interest="13.0" Kind="edit" Navigation="null" OriginId="org.eclipse.php.editor" StartDate="2014-09-26 07:50:10.966 JST" StructureHandle="/Cake_NR5/app/View/Helper/KeywordHelper.php" StructureKind="resource" NumEvents="13" CreationCount="593"/><InteractionEvent Delta="null" EndDate="2014-09-26 08:49:24.875 JST" Interest="7.0" Kind="selection" Navigation="null" OriginId="org.eclipse.php.editor" StartDate="2014-09-26 07:50:10.922 JST" StructureHandle="/Cake_NR5/app/View/Helper/KeywordHelper.php" StructureKind="resource" NumEvents="7" CreationCount="593"/><InteractionEvent Delta="null" EndDate="2014-09-26 08:47:48.17 JST" Interest="1.0" Kind="propagation" Navigation="null" OriginId="org.eclipse.mylyn.resources.ui.interest.updater" StartDate="2014-09-26 08:47:48.17 JST" StructureHandle="/Cake_NR5/app/View/Elements/articles/index/_idx_entries.ctp" StructureKind="resource"/><InteractionEvent Delta="null" EndDate="2014-09-26 08:48:44.73 JST" Interest="2.0" Kind="edit" Navigation="null" OriginId="org.eclipse.php.editor" StartDate="2014-09-26 08:48:42.691 JST" StructureHandle="/Cake_NR5/app/View/Elements/articles/index/_idx_entries.ctp" StructureKind="resource" NumEvents="2" CreationCount="1067"/><InteractionEvent Delta="null" EndDate="2014-09-26 08:48:42.633 JST" Interest="1.0" Kind="selection" Navigation="null" OriginId="org.eclipse.php.editor" StartDate="2014-09-26 08:48:42.633 JST" StructureHandle="/Cake_NR5/app/View/Elements/articles/index/_idx_entries.ctp" StructureKind="resource"/><InteractionEvent Delta="null" EndDate="2014-09-26 09:21:00.762 JST" Interest="452.634" Kind="propagation" Navigation="org.eclipse.mylyn.core.model.edges.containment" OriginId="org.eclipse.mylyn.core.model.interest.propagation" StartDate="2014-09-25 21:48:11.322 JST" StructureHandle="/Cake_NR5/app/Controller" StructureKind="resource" NumEvents="628" CreationCount="2"/><InteractionEvent Delta="null" EndDate="2014-09-25 22:03:15.179 JST" Interest="3.0" Kind="selection" Navigation="null" OriginId="org.eclipse.ui.views.ResourceNavigator" StartDate="2014-09-25 21:48:09.21 JST" StructureHandle="/Cake_NR5/app/Controller" StructureKind="resource" NumEvents="3" CreationCount="2"/><InteractionEvent Delta="null" EndDate="2014-09-26 07:39:32.818 JST" Interest="1.0" Kind="propagation" Navigation="null" OriginId="org.eclipse.mylyn.resources.ui.interest.updater" StartDate="2014-09-26 07:39:32.818 JST" StructureHandle="/ode-0.11.1/build/ODE_D-6_v-3.0/Debug/subdir.mk" StructureKind="resource"/><InteractionEvent Delta="null" EndDate="2014-09-26 07:39:32.834 JST" Interest="1.0" Kind="propagation" Navigation="org.eclipse.mylyn.core.model.edges.containment" OriginId="org.eclipse.mylyn.core.model.interest.propagation" StartDate="2014-09-26 07:39:32.834 JST" StructureHandle="=ode-0.11.1\&amp;lt;build\&amp;lt;ODE_D-6_v-3.0\&amp;lt;Debug\&amp;lt;obj\&amp;lt;Debug" StructureKind="c/c++"/><InteractionEvent Delta="null" EndDate="2014-09-26 07:39:32.830 JST" Interest="1.0" Kind="propagation" Navigation="null" OriginId="org.eclipse.mylyn.resources.ui.interest.updater" StartDate="2014-09-26 07:39:32.830 JST" StructureHandle="=ode-0.11.1&amp;lt;build&amp;lt;ODE_D-6_v-3.0&amp;lt;Debug" StructureKind="c/c++"/><InteractionEvent Delta="null" EndDate="2014-09-26 07:54:20.469 JST" Interest="46.6" Kind="propagation" Navigation="org.eclipse.mylyn.core.model.edges.containment" OriginId="org.eclipse.mylyn.core.model.interest.propagation" StartDate="2014-09-25 22:12:50.771 JST" StructureHandle="/Cake_IFM11/app/Controller" StructureKind="resource" NumEvents="61" CreationCount="199"/><InteractionEvent Delta="null" EndDate="2014-09-26 09:13:56.587 JST" Interest="1.0" Kind="selection" Navigation="null" OriginId="org.eclipse.php.ui.explorer" StartDate="2014-09-26 09:13:56.587 JST" StructureHandle="/Cake_NR5/app/.htaccess" StructureKind="resource"/><InteractionEvent Delta="null" EndDate="2014-09-26 07:43:58.129 JST" Interest="1.0" Kind="propagation" Navigation="null" OriginId="org.eclipse.mylyn.resources.ui.interest.updater" StartDate="2014-09-26 07:43:58.129 JST" StructureHandle="/Cake_NR5/app/View/Helper/ArticlesHelper.php" StructureKind="resource"/><InteractionEvent Delta="null" EndDate="2014-09-26 07:49:05.512 JST" Interest="48.0" Kind="edit" Navigation="null" OriginId="org.eclipse.php.editor" StartDate="2014-09-26 07:44:00.312 JST" StructureHandle="/Cake_NR5/app/View/Helper/ArticlesHelper.php" StructureKind="resource" NumEvents="48" CreationCount="476"/><InteractionEvent Delta="null" EndDate="2014-09-26 07:48:56.487 JST" Interest="3.0" Kind="selection" Navigation="null" OriginId="org.eclipse.php.editor" StartDate="2014-09-26 07:44:00.246 JST" StructureHandle="/Cake_NR5/app/View/Helper/ArticlesHelper.php" StructureKind="resource" NumEvents="3" CreationCount="476"/><InteractionEvent Delta="null" EndDate="2014-09-26 08:49:22.601 JST" Interest="21.2" Kind="propagation" Navigation="org.eclipse.mylyn.core.model.edges.containment" OriginId="org.eclipse.mylyn.core.model.interest.propagation" StartDate="2014-09-26 07:48:15.623 JST" StructureHandle="/Cake_NR5/app/View/Keywords" StructureKind="resource" NumEvents="26" CreationCount="534"/><InteractionEvent Delta="null" EndDate="2014-09-26 08:49:22.600 JST" Interest="16.0" Kind="edit" Navigation="null" OriginId="org.eclipse.php.editor" StartDate="2014-09-26 07:48:15.666 JST" StructureHandle="/Cake_NR5/app/View/Keywords/view.ctp" StructureKind="resource" NumEvents="16" CreationCount="534"/><InteractionEvent Delta="null" EndDate="2014-09-26 08:49:20.880 JST" Interest="10.0" Kind="selection" Navigation="null" OriginId="org.eclipse.php.editor" StartDate="2014-09-26 07:48:15.622 JST" StructureHandle="/Cake_NR5/app/View/Keywords/view.ctp" StructureKind="resource" NumEvents="10" CreationCount="534"/><InteractionEvent Delta="null" EndDate="2014-09-26 08:49:27.764 JST" Interest="73.0" Kind="edit" Navigation="null" OriginId="org.eclipse.php.editor" StartDate="2014-09-26 07:59:43.690 JST" StructureHandle="/Cake_NR5/app/View/Elements/articles/index/_idx_test_D_9_V_1_1_Header.ctp" StructureKind="resource" NumEvents="73" CreationCount="686"/><InteractionEvent Delta="null" EndDate="2014-09-26 08:49:25.286 JST" Interest="8.0" Kind="selection" Navigation="null" OriginId="org.eclipse.php.editor" StartDate="2014-09-26 07:59:43.604 JST" StructureHandle="/Cake_NR5/app/View/Elements/articles/index/_idx_test_D_9_V_1_1_Header.ctp" StructureKind="resource" NumEvents="8" CreationCount="686"/><InteractionEvent Delta="null" EndDate="2014-09-26 08:51:35.146 JST" Interest="1.0" Kind="propagation" Navigation="null" OriginId="org.eclipse.mylyn.resources.ui.interest.updater" StartDate="2014-09-26 08:51:35.146 JST" StructureHandle="/Cake_NR5/app/View/Elements/articles/index/_idx_articles_line.ctp" StructureKind="resource"/><InteractionEvent Delta="null" EndDate="2014-09-26 09:26:22.801 JST" Interest="88.0" Kind="edit" Navigation="null" OriginId="org.eclipse.php.editor" StartDate="2014-09-26 08:51:39.267 JST" StructureHandle="/Cake_NR5/app/View/Elements/articles/index/_idx_articles_line.ctp" StructureKind="resource" NumEvents="88" CreationCount="1121"/><InteractionEvent Delta="null" EndDate="2014-09-26 09:26:22.793 JST" Interest="11.0" Kind="selection" Navigation="null" OriginId="org.eclipse.php.editor" StartDate="2014-09-26 08:51:39.223 JST" StructureHandle="/Cake_NR5/app/View/Elements/articles/index/_idx_articles_line.ctp" StructureKind="resource" NumEvents="11" CreationCount="1121"/></InteractionHistory>