<?xml version="1.0" encoding="UTF-8"?><InteractionHistory Id="local-127" Version="1"><InteractionEvent Delta="null" EndDate="2015-01-09 21:17:36.503 JST" Interest="176.0" Kind="propagation" Navigation="org.eclipse.mylyn.core.model.edges.containment" OriginId="org.eclipse.mylyn.core.model.interest.propagation" StartDate="2015-01-09 20:48:09.402 JST" StructureHandle="/CR6_cake/app/Lib/utils" StructureKind="resource" NumEvents="245" CreationCount="32"/><InteractionEvent Delta="null" EndDate="2015-01-10 00:08:49.911 JST" Interest="204.7" Kind="propagation" Navigation="org.eclipse.mylyn.core.model.edges.containment" OriginId="org.eclipse.mylyn.core.model.interest.propagation" StartDate="2015-01-09 20:37:46.788 JST" StructureHandle="" StructureKind="c/c++" NumEvents="285" CreationCount="1"/><InteractionEvent Delta="null" EndDate="2015-01-09 21:17:36.503 JST" Interest="176.0" Kind="propagation" Navigation="org.eclipse.mylyn.core.model.edges.containment" OriginId="org.eclipse.mylyn.core.model.interest.propagation" StartDate="2015-01-09 20:48:09.402 JST" StructureHandle="/CR6_cake/app/Lib" StructureKind="resource" NumEvents="245" CreationCount="32"/><InteractionEvent Delta="null" EndDate="2015-01-10 00:08:49.911 JST" Interest="204.7" Kind="propagation" Navigation="org.eclipse.mylyn.core.model.edges.containment" OriginId="org.eclipse.mylyn.core.model.interest.propagation" StartDate="2015-01-09 20:37:46.788 JST" StructureHandle="=CR6_cake" StructureKind="c/c++" NumEvents="285" CreationCount="1"/><InteractionEvent Delta="null" EndDate="2015-01-10 00:08:49.911 JST" Interest="204.7" Kind="propagation" Navigation="org.eclipse.mylyn.core.model.edges.containment" OriginId="org.eclipse.mylyn.core.model.interest.propagation" StartDate="2015-01-09 20:37:46.788 JST" StructureHandle="/CR6_cake/app/Controller" StructureKind="resource" NumEvents="283" CreationCount="1"/><InteractionEvent Delta="null" EndDate="2015-01-10 00:08:58.782 JST" Interest="1.0" Kind="propagation" Navigation="org.eclipse.mylyn.core.model.edges.containment" OriginId="org.eclipse.mylyn.core.model.interest.propagation" StartDate="2015-01-10 00:08:58.782 JST" StructureHandle="=WS_Lisp" StructureKind="c/c++"/><InteractionEvent Delta="null" EndDate="2015-01-09 21:17:13.448 JST" Interest="15.0" Kind="selection" Navigation="null" OriginId="org.eclipse.php.editor" StartDate="2015-01-09 20:48:09.554 JST" StructureHandle="/CR6_cake/app/Lib/utils/methods.php" StructureKind="resource" NumEvents="15" CreationCount="32"/><InteractionEvent Delta="null" EndDate="2015-01-09 21:17:36.503 JST" Interest="230.0" Kind="edit" Navigation="null" OriginId="org.eclipse.php.editor" StartDate="2015-01-09 20:48:09.402 JST" StructureHandle="/CR6_cake/app/Lib/utils/methods.php" StructureKind="resource" NumEvents="230" CreationCount="32"/><InteractionEvent Delta="null" EndDate="2015-01-10 00:08:49.911 JST" Interest="528.0" Kind="propagation" Navigation="null" OriginId="org.eclipse.php.editor" StartDate="2015-01-09 20:37:46.788 JST" StructureHandle="/CR6_cake" StructureKind="resource" NumEvents="528" CreationCount="1"/><InteractionEvent Delta="null" EndDate="2015-01-10 00:08:49.911 JST" Interest="204.7" Kind="propagation" Navigation="org.eclipse.mylyn.core.model.edges.containment" OriginId="org.eclipse.mylyn.core.model.interest.propagation" StartDate="2015-01-09 20:37:46.788 JST" StructureHandle="/CR6_cake/app" StructureKind="resource" NumEvents="285" CreationCount="1"/><InteractionEvent Delta="null" EndDate="2015-01-10 00:08:58.782 JST" Interest="1.0" Kind="propagation" Navigation="null" OriginId="org.eclipse.ui.views.ResourceNavigator" StartDate="2015-01-10 00:08:58.782 JST" StructureHandle="/WS_Lisp" StructureKind="resource"/><InteractionEvent Delta="null" EndDate="2015-01-09 21:18:13.619 JST" Interest="22.0" Kind="selection" Navigation="null" OriginId="org.eclipse.php.editor" StartDate="2015-01-09 20:37:46.788 JST" StructureHandle="/CR6_cake/app/Controller/TextsController.php" StructureKind="resource" NumEvents="22" CreationCount="1"/><InteractionEvent Delta="null" EndDate="2015-01-10 00:08:49.911 JST" Interest="261.0" Kind="edit" Navigation="null" OriginId="org.eclipse.php.editor" StartDate="2015-01-09 20:37:47.48 JST" StructureHandle="/CR6_cake/app/Controller/TextsController.php" StructureKind="resource" NumEvents="261" CreationCount="1"/><InteractionEvent Delta="null" EndDate="2015-01-10 00:08:58.782 JST" Interest="529.0" Kind="propagation" Navigation="null" OriginId="org.eclipse.ui.views.ResourceNavigator" StartDate="2015-01-09 20:37:46.788 JST" StructureHandle="/" StructureKind="resource" NumEvents="529" CreationCount="1"/><InteractionEvent Delta="null" EndDate="2015-01-10 00:08:58.782 JST" Interest="1.0" Kind="selection" Navigation="null" OriginId="org.eclipse.ui.views.ResourceNavigator" StartDate="2015-01-10 00:08:58.782 JST" StructureHandle="/WS_Lisp/.gitignore" StructureKind="resource"/></InteractionHistory>