<?xml version="1.0" encoding="UTF-8"?><InteractionHistory Id="local-61" Version="1"><InteractionEvent Delta="null" EndDate="2014-10-07 11:58:47.450 JST" Interest="119.235" Kind="propagation" Navigation="org.eclipse.mylyn.core.model.edges.containment" OriginId="org.eclipse.mylyn.core.model.interest.propagation" StartDate="2014-10-07 09:43:33.96 JST" StructureHandle="" StructureKind="c/c++" NumEvents="166" CreationCount="1"/><InteractionEvent Delta="null" EndDate="2014-10-07 11:09:02.84 JST" Interest="5.0" Kind="selection" Navigation="null" OriginId="org.eclipse.ui.views.ResourceNavigator" StartDate="2014-10-07 11:08:44.67 JST" StructureHandle="/Cake_NR5/app/Controller/KeywordsController.php" StructureKind="resource" NumEvents="5" CreationCount="521"/><InteractionEvent Delta="null" EndDate="2014-10-07 11:09:01.627 JST" Interest="6.0" Kind="edit" Navigation="null" OriginId="org.eclipse.php.editor" StartDate="2014-10-07 11:08:44.979 JST" StructureHandle="/Cake_NR5/app/Controller/KeywordsController.php" StructureKind="resource" NumEvents="6" CreationCount="521"/><InteractionEvent Delta="null" EndDate="2014-10-07 10:23:35.542 JST" Interest="4.0" Kind="selection" Navigation="null" OriginId="org.eclipse.ui.views.ResourceNavigator" StartDate="2014-10-07 10:23:28.446 JST" StructureHandle="/Cake_NR5/app/View/Elements/tokens/_index_pagination.ctp" StructureKind="resource" NumEvents="4" CreationCount="218"/><InteractionEvent Delta="null" EndDate="2014-10-07 11:19:23.555 JST" Interest="1.0" Kind="selection" Navigation="null" OriginId="org.eclipse.ui.views.ResourceNavigator" StartDate="2014-10-07 11:19:23.555 JST" StructureHandle="/Cake_NR5/app/View/Elements/layouts" StructureKind="resource"/><InteractionEvent Delta="null" EndDate="2014-10-07 11:25:14.200 JST" Interest="24.317" Kind="propagation" Navigation="org.eclipse.mylyn.core.model.edges.containment" OriginId="org.eclipse.mylyn.core.model.interest.propagation" StartDate="2014-10-07 11:19:24.446 JST" StructureHandle="/Cake_NR5/app/View/Elements/layouts" StructureKind="resource" NumEvents="34" CreationCount="604"/><InteractionEvent Delta="null" EndDate="2014-10-07 11:07:22.176 JST" Interest="4.208" Kind="manipulation" Navigation="null" OriginId="org.eclipse.mylyn.core.model.interest.decay.correction" StartDate="2014-10-07 11:07:22.176 JST" StructureHandle="/Cake_NR5/app/Controller/TEMPLATEController.php" StructureKind="resource"/><InteractionEvent Delta="null" EndDate="2014-10-07 11:56:10.924 JST" Interest="8.0" Kind="selection" Navigation="null" OriginId="org.eclipse.ui.views.ResourceNavigator" StartDate="2014-10-07 09:55:03.743 JST" StructureHandle="/Cake_NR5/app/Controller/TEMPLATEController.php" StructureKind="resource" NumEvents="8" CreationCount="52"/><InteractionEvent Delta="null" EndDate="2014-10-07 11:08:33.202 JST" Interest="13.0" Kind="edit" Navigation="null" OriginId="org.eclipse.php.editor" StartDate="2014-10-07 11:07:22.997 JST" StructureHandle="/Cake_NR5/app/Controller/TEMPLATEController.php" StructureKind="resource" NumEvents="13" CreationCount="52"/><InteractionEvent Delta="null" EndDate="2014-10-07 09:55:01.345 JST" Interest="1.0" Kind="propagation" Navigation="null" OriginId="org.eclipse.mylyn.resources.ui.interest.updater" StartDate="2014-10-07 09:55:01.345 JST" StructureHandle="/Cake_NR5/app/Controller/TEMPLATEController.php" StructureKind="resource"/><InteractionEvent Delta="null" EndDate="2014-10-07 10:08:02.889 JST" Interest="2.0" Kind="propagation" Navigation="org.eclipse.mylyn.core.model.edges.containment" OriginId="org.eclipse.mylyn.core.model.interest.propagation" StartDate="2014-10-07 10:07:26.408 JST" StructureHandle="=Cake_IFM11" StructureKind="c/c++" NumEvents="2" CreationCount="202"/><InteractionEvent Delta="null" EndDate="2014-10-07 11:09:29.30 JST" Interest="2.6610003" Kind="manipulation" Navigation="null" OriginId="org.eclipse.mylyn.core.model.interest.decay.correction" StartDate="2014-10-07 11:09:29.30 JST" StructureHandle="/CR6_cake" StructureKind="resource"/><InteractionEvent Delta="null" EndDate="2014-10-07 11:11:54.701 JST" Interest="12.0" Kind="propagation" Navigation="null" OriginId="org.eclipse.php.editor" StartDate="2014-10-07 10:08:17.30 JST" StructureHandle="/CR6_cake" StructureKind="resource" NumEvents="12" CreationCount="207"/><InteractionEvent Delta="null" EndDate="2014-10-07 10:23:35.550 JST" Interest="2.0" Kind="selection" Navigation="null" OriginId="org.eclipse.ui.views.ResourceNavigator" StartDate="2014-10-07 10:23:28.686 JST" StructureHandle="/Cake_NR5/app/View/Elements/tokens/index_t_headers.ctp" StructureKind="resource" NumEvents="2" CreationCount="222"/><InteractionEvent Delta="null" EndDate="2014-10-07 11:08:38.317 JST" Interest="1.0" Kind="selection" Navigation="null" OriginId="org.eclipse.ui.views.ResourceNavigator" StartDate="2014-10-07 11:08:38.317 JST" StructureHandle="/Cake_NR5/app/Controller/Component" StructureKind="resource"/><InteractionEvent Delta="null" EndDate="2014-10-07 11:58:51.511 JST" Interest="2.0" Kind="selection" Navigation="null" OriginId="org.eclipse.ui.views.ResourceNavigator" StartDate="2014-10-07 11:56:26.885 JST" StructureHandle="/Cake_NR5/app/Controller/SkimmedtokensController.php" StructureKind="resource" NumEvents="2" CreationCount="756"/><InteractionEvent Delta="null" EndDate="2014-10-07 11:58:51.453 JST" Interest="4.0" Kind="edit" Navigation="null" OriginId="org.eclipse.php.editor" StartDate="2014-10-07 11:58:47.449 JST" StructureHandle="/Cake_NR5/app/Controller/SkimmedtokensController.php" StructureKind="resource" NumEvents="4" CreationCount="756"/><InteractionEvent Delta="null" EndDate="2014-10-07 11:56:19.367 JST" Interest="1.0" Kind="propagation" Navigation="null" OriginId="org.eclipse.mylyn.resources.ui.interest.updater" StartDate="2014-10-07 11:56:19.367 JST" StructureHandle="/Cake_NR5/app/Controller/SkimmedtokensController.php" StructureKind="resource"/><InteractionEvent Delta="null" EndDate="2014-10-07 11:23:20.569 JST" Interest="1.0" Kind="selection" Navigation="null" OriginId="org.eclipse.ui.views.ResourceNavigator" StartDate="2014-10-07 11:23:20.569 JST" StructureHandle="/Cake_NR5/app/View/Elements/genres" StructureKind="resource"/><InteractionEvent Delta="null" EndDate="2014-10-07 11:27:54.238 JST" Interest="11.0" Kind="selection" Navigation="null" OriginId="org.eclipse.ui.views.ResourceNavigator" StartDate="2014-10-07 09:58:41.582 JST" StructureHandle="/Cake_NR5/app/Controller/TokensController.php" StructureKind="resource" NumEvents="11" CreationCount="104"/><InteractionEvent Delta="null" EndDate="2014-10-07 11:52:51.43 JST" Interest="24.0" Kind="edit" Navigation="null" OriginId="org.eclipse.php.editor" StartDate="2014-10-07 09:58:41.983 JST" StructureHandle="/Cake_NR5/app/Controller/TokensController.php" StructureKind="resource" NumEvents="24" CreationCount="104"/><InteractionEvent Delta="null" EndDate="2014-10-07 10:01:09.376 JST" Interest="1.0" Kind="selection" Navigation="null" OriginId="org.eclipse.ui.views.ResourceNavigator" StartDate="2014-10-07 10:01:09.376 JST" StructureHandle="/Cake_NR5/app/Model/Token.php" StructureKind="resource"/><InteractionEvent Delta="null" EndDate="2014-10-07 11:06:43.108 JST" Interest="4.2900004" Kind="manipulation" Navigation="null" OriginId="org.eclipse.mylyn.core.model.interest.decay.correction" StartDate="2014-10-07 10:27:31.818 JST" StructureHandle="/Cake_NR5/app/View/SkimmedTokens/edit.ctp" StructureKind="resource" NumEvents="2" CreationCount="75"/><InteractionEvent Delta="null" EndDate="2014-10-07 11:07:47.621 JST" Interest="9.0" Kind="selection" Navigation="null" OriginId="org.eclipse.php.editor" StartDate="2014-10-07 10:27:31.818 JST" StructureHandle="/Cake_NR5/app/View/SkimmedTokens/edit.ctp" StructureKind="resource" NumEvents="9" CreationCount="75"/><InteractionEvent Delta="null" EndDate="2014-10-07 11:07:47.535 JST" Interest="7.0" Kind="edit" Navigation="null" OriginId="org.eclipse.php.editor" StartDate="2014-10-07 11:06:43.300 JST" StructureHandle="/Cake_NR5/app/View/SkimmedTokens/edit.ctp" StructureKind="resource" NumEvents="7" CreationCount="75"/><InteractionEvent Delta="null" EndDate="2014-10-07 09:56:55.789 JST" Interest="1.0" Kind="propagation" Navigation="null" OriginId="org.eclipse.mylyn.resources.ui.interest.updater" StartDate="2014-10-07 09:56:55.789 JST" StructureHandle="/Cake_NR5/app/View/SkimmedTokens/edit.ctp" StructureKind="resource"/><InteractionEvent Delta="null" EndDate="2014-10-07 10:31:04.27 JST" Interest="6.0" Kind="selection" Navigation="null" OriginId="org.eclipse.php.editor" StartDate="2014-10-07 10:27:06.501 JST" StructureHandle="/Cake_NR5/app/View/Tokens/add.ctp" StructureKind="resource" NumEvents="6" CreationCount="296"/><InteractionEvent Delta="null" EndDate="2014-10-07 10:31:04.36 JST" Interest="4.0" Kind="edit" Navigation="null" OriginId="org.eclipse.php.editor" StartDate="2014-10-07 10:27:33.416 JST" StructureHandle="/Cake_NR5/app/View/Tokens/add.ctp" StructureKind="resource" NumEvents="4" CreationCount="296"/><InteractionEvent Delta="null" EndDate="2014-10-07 11:25:48.750 JST" Interest="9.0" Kind="selection" Navigation="null" OriginId="org.eclipse.ui.views.ResourceNavigator" StartDate="2014-10-07 11:23:32.2 JST" StructureHandle="/Cake_NR5/app/View/Tokens/index.ctp" StructureKind="resource" NumEvents="9" CreationCount="629"/><InteractionEvent Delta="null" EndDate="2014-10-07 11:25:46.629 JST" Interest="18.0" Kind="edit" Navigation="null" OriginId="org.eclipse.php.editor" StartDate="2014-10-07 11:23:33.63 JST" StructureHandle="/Cake_NR5/app/View/Tokens/index.ctp" StructureKind="resource" NumEvents="18" CreationCount="629"/><InteractionEvent Delta="null" EndDate="2014-10-07 10:08:19.896 JST" Interest="1.0" Kind="selection" Navigation="null" OriginId="org.eclipse.search.ui.views.SearchView" StartDate="2014-10-07 10:08:19.896 JST" StructureHandle="/CR6_cake/lib/Cake" StructureKind="resource"/><InteractionEvent Delta="null" EndDate="2014-10-07 10:23:35.547 JST" Interest="4.0" Kind="selection" Navigation="null" OriginId="org.eclipse.ui.views.ResourceNavigator" StartDate="2014-10-07 10:23:28.450 JST" StructureHandle="/Cake_NR5/app/View/Elements/tokens/index_t_entries.ctp" StructureKind="resource" NumEvents="4" CreationCount="219"/><InteractionEvent Delta="null" EndDate="2014-10-07 11:19:15.543 JST" Interest="19.0" Kind="selection" Navigation="null" OriginId="org.eclipse.ui.views.ResourceNavigator" StartDate="2014-10-07 10:01:18.160 JST" StructureHandle="/Cake_NR5/app/Model/SkimmedToken.php" StructureKind="resource" NumEvents="19" CreationCount="173"/><InteractionEvent Delta="null" EndDate="2014-10-07 11:14:10.712 JST" Interest="114.0" Kind="edit" Navigation="null" OriginId="org.eclipse.php.editor" StartDate="2014-10-07 10:01:21.240 JST" StructureHandle="/Cake_NR5/app/Model/SkimmedToken.php" StructureKind="resource" NumEvents="114" CreationCount="173"/><InteractionEvent Delta="null" EndDate="2014-10-07 10:01:15.905 JST" Interest="1.0" Kind="propagation" Navigation="null" OriginId="org.eclipse.mylyn.resources.ui.interest.updater" StartDate="2014-10-07 10:01:15.905 JST" StructureHandle="/Cake_NR5/app/Model/SkimmedToken.php" StructureKind="resource"/><InteractionEvent Delta="null" EndDate="2014-10-07 11:24:11.805 JST" Interest="4.0" Kind="selection" Navigation="null" OriginId="org.eclipse.ui.views.ResourceNavigator" StartDate="2014-10-07 09:56:59.71 JST" StructureHandle="/Cake_NR5/app/View/SkimmedTokens" StructureKind="resource" NumEvents="4" CreationCount="75"/><InteractionEvent Delta="null" EndDate="2014-10-07 11:07:15.629 JST" Interest="35.887" Kind="propagation" Navigation="org.eclipse.mylyn.core.model.edges.containment" OriginId="org.eclipse.mylyn.core.model.interest.propagation" StartDate="2014-10-07 09:56:55.791 JST" StructureHandle="/Cake_NR5/app/View/SkimmedTokens" StructureKind="resource" NumEvents="46" CreationCount="75"/><InteractionEvent Delta="null" EndDate="2014-10-07 11:09:29.28 JST" Interest="1.0" Kind="selection" Navigation="null" OriginId="org.eclipse.php.editor" StartDate="2014-10-07 11:09:29.28 JST" StructureHandle="/CR6_cake/app/Controller/TextsController.php" StructureKind="resource"/><InteractionEvent Delta="null" EndDate="2014-10-07 11:11:54.698 JST" Interest="8.0" Kind="edit" Navigation="null" OriginId="org.eclipse.php.editor" StartDate="2014-10-07 11:09:30.253 JST" StructureHandle="/CR6_cake/app/Controller/TextsController.php" StructureKind="resource" NumEvents="8" CreationCount="540"/><InteractionEvent Delta="null" EndDate="2014-10-07 10:23:25.163 JST" Interest="1.0" Kind="selection" Navigation="null" OriginId="org.eclipse.ui.views.ResourceNavigator" StartDate="2014-10-07 10:23:25.163 JST" StructureHandle="/Cake_NR5/app/View/Elements/tokens" StructureKind="resource"/><InteractionEvent Delta="null" EndDate="2014-10-07 10:23:35.547 JST" Interest="3.034" Kind="propagation" Navigation="org.eclipse.mylyn.core.model.edges.containment" OriginId="org.eclipse.mylyn.core.model.interest.propagation" StartDate="2014-10-07 10:23:28.447 JST" StructureHandle="/Cake_NR5/app/View/Elements/tokens" StructureKind="resource" NumEvents="8" CreationCount="217"/><InteractionEvent Delta="null" EndDate="2014-10-07 11:58:47.450 JST" Interest="119.235" Kind="propagation" Navigation="org.eclipse.mylyn.core.model.edges.containment" OriginId="org.eclipse.mylyn.core.model.interest.propagation" StartDate="2014-10-07 09:43:33.83 JST" StructureHandle="=Cake_NR5" StructureKind="c/c++" NumEvents="166" CreationCount="1"/><InteractionEvent Delta="null" EndDate="2014-10-07 11:58:51.739 JST" Interest="777.0" Kind="propagation" Navigation="null" OriginId="org.eclipse.ui.views.ResourceNavigator" StartDate="2014-10-07 09:43:33.96 JST" StructureHandle="/" StructureKind="resource" NumEvents="777" CreationCount="1"/><InteractionEvent Delta="null" EndDate="2014-10-07 09:55:18.592 JST" Interest="1.0" Kind="selection" Navigation="null" OriginId="org.eclipse.ui.views.ResourceNavigator" StartDate="2014-10-07 09:55:18.592 JST" StructureHandle="/Cake_NR5/app/Controller/SkmmedTokensController.php" StructureKind="resource"/><InteractionEvent Delta="null" EndDate="2014-10-07 09:55:14.462 JST" Interest="1.0" Kind="propagation" Navigation="null" OriginId="org.eclipse.mylyn.resources.ui.interest.updater" StartDate="2014-10-07 09:55:14.462 JST" StructureHandle="/Cake_NR5/app/Controller/SkmmedTokensController.php" StructureKind="resource"/><InteractionEvent Delta="null" EndDate="2014-10-07 10:27:03.298 JST" Interest="2.7230003" Kind="manipulation" Navigation="null" OriginId="org.eclipse.mylyn.core.model.interest.decay.correction" StartDate="2014-10-07 10:27:03.298 JST" StructureHandle="/Cake_NR5/app/View/TEMPLATES" StructureKind="resource"/><InteractionEvent Delta="null" EndDate="2014-10-07 10:27:03.298 JST" Interest="2.0" Kind="selection" Navigation="null" OriginId="org.eclipse.ui.views.ResourceNavigator" StartDate="2014-10-07 09:56:50.512 JST" StructureHandle="/Cake_NR5/app/View/TEMPLATES" StructureKind="resource" NumEvents="2" CreationCount="74"/><InteractionEvent Delta="null" EndDate="2014-10-07 09:54:45.820 JST" Interest="3.0" Kind="selection" Navigation="null" OriginId="org.eclipse.ui.views.ResourceNavigator" StartDate="2014-10-07 09:43:34.727 JST" StructureHandle="/Cake_NR5/sql.txt" StructureKind="resource" NumEvents="3" CreationCount="2"/><InteractionEvent Delta="null" EndDate="2014-10-07 09:54:45.598 JST" Interest="45.0" Kind="edit" Navigation="null" OriginId="org.eclipse.ui.DefaultTextEditor" StartDate="2014-10-07 09:43:36.56 JST" StructureHandle="/Cake_NR5/sql.txt" StructureKind="resource" NumEvents="45" CreationCount="2"/><InteractionEvent Delta="null" EndDate="2014-10-07 11:11:54.700 JST" Interest="6.6" Kind="propagation" Navigation="org.eclipse.mylyn.core.model.edges.containment" OriginId="org.eclipse.mylyn.core.model.interest.propagation" StartDate="2014-10-07 11:09:29.30 JST" StructureHandle="/CR6_cake/app" StructureKind="resource" NumEvents="9" CreationCount="540"/><InteractionEvent Delta="null" EndDate="2014-10-07 09:54:50.635 JST" Interest="1.0" Kind="selection" Navigation="null" OriginId="org.eclipse.ui.views.ResourceNavigator" StartDate="2014-10-07 09:54:50.635 JST" StructureHandle="/Cake_NR5/app/Controller/TemplateController.php" StructureKind="resource"/><InteractionEvent Delta="null" EndDate="2014-10-07 10:08:14.639 JST" Interest="1.0" Kind="selection" Navigation="null" OriginId="org.eclipse.search.ui.views.SearchView" StartDate="2014-10-07 10:08:14.639 JST" StructureHandle="/Cake_IFM11/lib/Cake/Model" StructureKind="resource"/><InteractionEvent Delta="null" EndDate="2014-10-07 10:08:17.29 JST" Interest="1.0" Kind="selection" Navigation="null" OriginId="org.eclipse.search.ui.views.SearchView" StartDate="2014-10-07 10:08:17.29 JST" StructureHandle="=CR6_cake" StructureKind="c/c++"/><InteractionEvent Delta="null" EndDate="2014-10-07 11:11:54.701 JST" Interest="11.261" Kind="propagation" Navigation="org.eclipse.mylyn.core.model.edges.containment" OriginId="org.eclipse.mylyn.core.model.interest.propagation" StartDate="2014-10-07 10:08:18.172 JST" StructureHandle="=CR6_cake" StructureKind="c/c++" NumEvents="11" CreationCount="207"/><InteractionEvent Delta="null" EndDate="2014-10-07 11:58:51.738 JST" Interest="762.0" Kind="propagation" Navigation="null" OriginId="org.eclipse.ui.views.ResourceNavigator" StartDate="2014-10-07 09:43:33.96 JST" StructureHandle="/Cake_NR5" StructureKind="resource" NumEvents="762" CreationCount="1"/><InteractionEvent Delta="null" EndDate="2014-10-07 11:19:23.72 JST" Interest="1.0" Kind="selection" Navigation="null" OriginId="org.eclipse.ui.views.ResourceNavigator" StartDate="2014-10-07 11:19:23.72 JST" StructureHandle="/Cake_NR5/app/View/Elements/keywords" StructureKind="resource"/><InteractionEvent Delta="null" EndDate="2014-10-07 11:11:57.299 JST" Interest="3.0" Kind="selection" Navigation="null" OriginId="org.eclipse.ui.views.ResourceNavigator" StartDate="2014-10-07 11:09:04.827 JST" StructureHandle="/Cake_NR5/app/Controller/CategorysController.php" StructureKind="resource" NumEvents="3" CreationCount="533"/><InteractionEvent Delta="null" EndDate="2014-10-07 11:09:12.639 JST" Interest="5.0" Kind="edit" Navigation="null" OriginId="org.eclipse.php.editor" StartDate="2014-10-07 11:09:05.898 JST" StructureHandle="/Cake_NR5/app/Controller/CategorysController.php" StructureKind="resource" NumEvents="5" CreationCount="533"/><InteractionEvent Delta="null" EndDate="2014-10-07 10:08:02.889 JST" Interest="2.0" Kind="propagation" Navigation="org.eclipse.mylyn.core.model.edges.containment" OriginId="org.eclipse.mylyn.core.model.interest.propagation" StartDate="2014-10-07 10:07:26.407 JST" StructureHandle="/Cake_IFM11/lib" StructureKind="resource" NumEvents="2" CreationCount="202"/><InteractionEvent Delta="null" EndDate="2014-10-07 10:08:02.887 JST" Interest="2.0" Kind="propagation" Navigation="org.eclipse.mylyn.core.model.edges.containment" OriginId="org.eclipse.mylyn.core.model.interest.propagation" StartDate="2014-10-07 10:07:26.407 JST" StructureHandle="/Cake_IFM11/lib/Cake" StructureKind="resource" NumEvents="2" CreationCount="202"/><InteractionEvent Delta="null" EndDate="2014-10-07 10:25:20.183 JST" Interest="2.2300003" Kind="manipulation" Navigation="null" OriginId="org.eclipse.mylyn.core.model.interest.decay.correction" StartDate="2014-10-07 10:25:20.183 JST" StructureHandle="/Cake_NR5/app/View/SkimmedTokens/index.ctp" StructureKind="resource"/><InteractionEvent Delta="null" EndDate="2014-10-07 11:25:34.505 JST" Interest="12.0" Kind="selection" Navigation="null" OriginId="org.eclipse.php.editor" StartDate="2014-10-07 10:25:20.183 JST" StructureHandle="/Cake_NR5/app/View/SkimmedTokens/index.ctp" StructureKind="resource" NumEvents="12" CreationCount="75"/><InteractionEvent Delta="null" EndDate="2014-10-07 11:25:34.553 JST" Interest="31.0" Kind="edit" Navigation="null" OriginId="org.eclipse.php.editor" StartDate="2014-10-07 10:25:20.270 JST" StructureHandle="/Cake_NR5/app/View/SkimmedTokens/index.ctp" StructureKind="resource" NumEvents="31" CreationCount="75"/><InteractionEvent Delta="null" EndDate="2014-10-07 09:56:55.786 JST" Interest="1.0" Kind="propagation" Navigation="null" OriginId="org.eclipse.mylyn.resources.ui.interest.updater" StartDate="2014-10-07 09:56:55.786 JST" StructureHandle="/Cake_NR5/app/View/SkimmedTokens/index.ctp" StructureKind="resource"/><InteractionEvent Delta="null" EndDate="2014-10-07 11:19:16.425 JST" Interest="5.0" Kind="selection" Navigation="null" OriginId="org.eclipse.ui.views.ResourceNavigator" StartDate="2014-10-07 09:56:47.201 JST" StructureHandle="/Cake_NR5/app/View" StructureKind="resource" NumEvents="5" CreationCount="72"/><InteractionEvent Delta="null" EndDate="2014-10-07 11:07:15.629 JST" Interest="35.938004" Kind="propagation" Navigation="org.eclipse.mylyn.core.model.edges.containment" OriginId="org.eclipse.mylyn.core.model.interest.propagation" StartDate="2014-10-07 09:56:59.72 JST" StructureHandle="/Cake_NR5/app/View" StructureKind="resource" NumEvents="54" CreationCount="72"/><InteractionEvent Delta="null" EndDate="2014-10-07 10:25:15.595 JST" Interest="5.0" Kind="selection" Navigation="null" OriginId="org.eclipse.ui.views.ResourceNavigator" StartDate="2014-10-07 09:57:12.596 JST" StructureHandle="/Cake_NR5/app/View/Elements/skimmedtokens" StructureKind="resource" NumEvents="5" CreationCount="80"/><InteractionEvent Delta="null" EndDate="2014-10-07 11:07:01.201 JST" Interest="33.799995" Kind="propagation" Navigation="org.eclipse.mylyn.core.model.edges.containment" OriginId="org.eclipse.mylyn.core.model.interest.propagation" StartDate="2014-10-07 09:57:10.449 JST" StructureHandle="/Cake_NR5/app/View/Elements/skimmedtokens" StructureKind="resource" NumEvents="41" CreationCount="80"/><InteractionEvent Delta="null" EndDate="2014-10-07 11:19:21.214 JST" Interest="3.0" Kind="selection" Navigation="null" OriginId="org.eclipse.ui.views.ResourceNavigator" StartDate="2014-10-07 09:57:02.629 JST" StructureHandle="/Cake_NR5/app/View/Elements" StructureKind="resource" NumEvents="3" CreationCount="78"/><InteractionEvent Delta="null" EndDate="2014-10-07 11:07:01.202 JST" Interest="36.833992" Kind="propagation" Navigation="org.eclipse.mylyn.core.model.edges.containment" OriginId="org.eclipse.mylyn.core.model.interest.propagation" StartDate="2014-10-07 09:57:04.220 JST" StructureHandle="/Cake_NR5/app/View/Elements" StructureKind="resource" NumEvents="50" CreationCount="78"/><InteractionEvent Delta="null" EndDate="2014-10-07 09:54:46.1 JST" Interest="2.0" Kind="selection" Navigation="null" OriginId="org.eclipse.ui.views.ResourceNavigator" StartDate="2014-10-07 09:43:33.70 JST" StructureHandle="/Cake_NR5/app" StructureKind="resource" NumEvents="2" CreationCount="1"/><InteractionEvent Delta="null" EndDate="2014-10-07 11:58:47.450 JST" Interest="117.235" Kind="propagation" Navigation="org.eclipse.mylyn.core.model.edges.containment" OriginId="org.eclipse.mylyn.core.model.interest.propagation" StartDate="2014-10-07 09:55:03.745 JST" StructureHandle="/Cake_NR5/app" StructureKind="resource" NumEvents="163" CreationCount="1"/><InteractionEvent Delta="null" EndDate="2014-10-07 10:23:38.779 JST" Interest="1.0" Kind="selection" Navigation="null" OriginId="org.eclipse.ui.views.ResourceNavigator" StartDate="2014-10-07 10:23:38.779 JST" StructureHandle="/Cake_NR5/app/View/Elements/skimmedtokens/_index_pagination.ctp" StructureKind="resource"/><InteractionEvent Delta="null" EndDate="2014-10-07 10:23:38.252 JST" Interest="1.0" Kind="propagation" Navigation="null" OriginId="org.eclipse.mylyn.resources.ui.interest.updater" StartDate="2014-10-07 10:23:38.252 JST" StructureHandle="/Cake_NR5/app/View/Elements/skimmedtokens/_index_pagination.ctp" StructureKind="resource"/><InteractionEvent Delta="null" EndDate="2014-10-07 10:08:14.640 JST" Interest="3.0" Kind="propagation" Navigation="null" OriginId="org.eclipse.search.ui.views.SearchView" StartDate="2014-10-07 10:07:26.408 JST" StructureHandle="/Cake_IFM11" StructureKind="resource" NumEvents="3" CreationCount="202"/><InteractionEvent Delta="null" EndDate="2014-10-07 10:01:09.812 JST" Interest="2.0" Kind="selection" Navigation="null" OriginId="org.eclipse.ui.views.ResourceNavigator" StartDate="2014-10-07 10:01:07.300 JST" StructureHandle="/Cake_NR5/app/Model" StructureKind="resource" NumEvents="2" CreationCount="171"/><InteractionEvent Delta="null" EndDate="2014-10-07 11:19:15.544 JST" Interest="97.83399" Kind="propagation" Navigation="org.eclipse.mylyn.core.model.edges.containment" OriginId="org.eclipse.mylyn.core.model.interest.propagation" StartDate="2014-10-07 10:01:09.377 JST" StructureHandle="/Cake_NR5/app/Model" StructureKind="resource" NumEvents="135" CreationCount="171"/><InteractionEvent Delta="null" EndDate="2014-10-07 11:14:38.665 JST" Interest="1.0" Kind="selection" Navigation="null" OriginId="org.eclipse.ui.views.ResourceNavigator" StartDate="2014-10-07 11:14:38.665 JST" StructureHandle="/Cake_NR5/app/Model/Genre.php" StructureKind="resource"/><InteractionEvent Delta="null" EndDate="2014-10-07 10:23:14.374 JST" Interest="3.0" Kind="selection" Navigation="null" OriginId="org.eclipse.ui.views.ResourceNavigator" StartDate="2014-10-07 10:01:59.178 JST" StructureHandle="/Cake_NR5/app/Model/History.php" StructureKind="resource" NumEvents="3" CreationCount="182"/><InteractionEvent Delta="null" EndDate="2014-10-07 10:02:20.483 JST" Interest="12.0" Kind="edit" Navigation="null" OriginId="org.eclipse.php.editor" StartDate="2014-10-07 10:01:59.218 JST" StructureHandle="/Cake_NR5/app/Model/History.php" StructureKind="resource" NumEvents="12" CreationCount="182"/><InteractionEvent Delta="null" EndDate="2014-10-07 10:08:18.172 JST" Interest="1.0" Kind="selection" Navigation="null" OriginId="org.eclipse.search.ui.views.SearchView" StartDate="2014-10-07 10:08:18.172 JST" StructureHandle="/CR6_cake/lib" StructureKind="resource"/><InteractionEvent Delta="null" EndDate="2014-10-07 10:08:19.897 JST" Interest="0.01700002" Kind="propagation" Navigation="org.eclipse.mylyn.core.model.edges.containment" OriginId="org.eclipse.mylyn.core.model.interest.propagation" StartDate="2014-10-07 10:08:19.897 JST" StructureHandle="/CR6_cake/lib" StructureKind="resource"/><InteractionEvent Delta="null" EndDate="2014-10-07 11:24:57.181 JST" Interest="5.0" Kind="selection" Navigation="null" OriginId="org.eclipse.php.editor" StartDate="2014-10-07 11:19:24.445 JST" StructureHandle="/Cake_NR5/app/View/Elements/layouts/links.ctp" StructureKind="resource" NumEvents="5" CreationCount="605"/><InteractionEvent Delta="null" EndDate="2014-10-07 11:25:14.199 JST" Interest="29.0" Kind="edit" Navigation="null" OriginId="org.eclipse.php.editor" StartDate="2014-10-07 11:19:29.564 JST" StructureHandle="/Cake_NR5/app/View/Elements/layouts/links.ctp" StructureKind="resource" NumEvents="29" CreationCount="605"/><InteractionEvent Delta="null" EndDate="2014-10-07 10:23:14.557 JST" Interest="1.0" Kind="selection" Navigation="null" OriginId="org.eclipse.ui.views.ResourceNavigator" StartDate="2014-10-07 10:23:14.557 JST" StructureHandle="/Cake_NR5/app/Model/Admin.php" StructureKind="resource"/><InteractionEvent Delta="null" EndDate="2014-10-07 11:27:54.462 JST" Interest="10.237" Kind="manipulation" Navigation="null" OriginId="org.eclipse.mylyn.core.model.interest.decay.correction" StartDate="2014-10-07 11:27:54.462 JST" StructureHandle="/Cake_NR5/app/Controller/PositionsController.php" StructureKind="resource"/><InteractionEvent Delta="null" EndDate="2014-10-07 11:52:39.787 JST" Interest="3.0" Kind="selection" Navigation="null" OriginId="org.eclipse.ui.views.ResourceNavigator" StartDate="2014-10-07 09:55:18.15 JST" StructureHandle="/Cake_NR5/app/Controller/PositionsController.php" StructureKind="resource" NumEvents="3" CreationCount="55"/><InteractionEvent Delta="null" EndDate="2014-10-07 10:27:00.873 JST" Interest="1.0" Kind="selection" Navigation="null" OriginId="org.eclipse.ui.views.ResourceNavigator" StartDate="2014-10-07 10:27:00.873 JST" StructureHandle="/Cake_NR5/app/View/Scaffolds" StructureKind="resource"/><InteractionEvent Delta="null" EndDate="2014-10-07 11:25:16.999 JST" Interest="1.0" Kind="selection" Navigation="null" OriginId="org.eclipse.ui.views.ResourceNavigator" StartDate="2014-10-07 11:25:16.999 JST" StructureHandle="/Cake_NR5/app/View/Historys" StructureKind="resource"/><InteractionEvent Delta="null" EndDate="2014-10-07 11:18:21.89 JST" Interest="2.0" Kind="selection" Navigation="null" OriginId="org.eclipse.ui.views.ResourceNavigator" StartDate="2014-10-07 11:16:03.930 JST" StructureHandle="/Cake_NR5/app/Controller/AdminsController.php" StructureKind="resource" NumEvents="2" CreationCount="588"/><InteractionEvent Delta="null" EndDate="2014-10-07 10:08:02.886 JST" Interest="2.0" Kind="selection" Navigation="null" OriginId="org.eclipse.search.ui.views.SearchView" StartDate="2014-10-07 10:07:26.406 JST" StructureHandle="/Cake_IFM11/lib/Cake/Test" StructureKind="resource" NumEvents="2" CreationCount="202"/><InteractionEvent Delta="null" EndDate="2014-10-07 10:26:51.867 JST" Interest="2.5700002" Kind="manipulation" Navigation="null" OriginId="org.eclipse.mylyn.core.model.interest.decay.correction" StartDate="2014-10-07 10:26:51.867 JST" StructureHandle="/Cake_NR5/app/View/SkimmedTokens/view.ctp" StructureKind="resource"/><InteractionEvent Delta="null" EndDate="2014-10-07 10:26:51.867 JST" Interest="1.0" Kind="selection" Navigation="null" OriginId="org.eclipse.ui.views.ResourceNavigator" StartDate="2014-10-07 10:26:51.867 JST" StructureHandle="/Cake_NR5/app/View/SkimmedTokens/view.ctp" StructureKind="resource"/><InteractionEvent Delta="null" EndDate="2014-10-07 09:56:55.790 JST" Interest="1.0" Kind="propagation" Navigation="null" OriginId="org.eclipse.mylyn.resources.ui.interest.updater" StartDate="2014-10-07 09:56:55.790 JST" StructureHandle="/Cake_NR5/app/View/SkimmedTokens/view.ctp" StructureKind="resource"/><InteractionEvent Delta="null" EndDate="2014-10-07 11:11:54.699 JST" Interest="6.6" Kind="propagation" Navigation="org.eclipse.mylyn.core.model.edges.containment" OriginId="org.eclipse.mylyn.core.model.interest.propagation" StartDate="2014-10-07 11:09:29.29 JST" StructureHandle="/CR6_cake/app/Controller" StructureKind="resource" NumEvents="9" CreationCount="540"/><InteractionEvent Delta="null" EndDate="2014-10-07 10:25:12.836 JST" Interest="2.111" Kind="manipulation" Navigation="null" OriginId="org.eclipse.mylyn.core.model.interest.decay.correction" StartDate="2014-10-07 10:25:12.836 JST" StructureHandle="/Cake_NR5/app/View/Elements/TEMPLATE" StructureKind="resource"/><InteractionEvent Delta="null" EndDate="2014-10-07 10:25:12.836 JST" Interest="2.0" Kind="selection" Navigation="null" OriginId="org.eclipse.ui.views.ResourceNavigator" StartDate="2014-10-07 09:57:04.219 JST" StructureHandle="/Cake_NR5/app/View/Elements/TEMPLATE" StructureKind="resource" NumEvents="2" CreationCount="79"/><InteractionEvent Delta="null" EndDate="2014-10-07 09:57:01.723 JST" Interest="1.0" Kind="selection" Navigation="null" OriginId="org.eclipse.ui.views.ResourceNavigator" StartDate="2014-10-07 09:57:01.723 JST" StructureHandle="/Cake_NR5/app/View/Commons" StructureKind="resource"/><InteractionEvent Delta="null" EndDate="2014-10-07 11:14:41.685 JST" Interest="7.0" Kind="selection" Navigation="null" OriginId="org.eclipse.ui.views.ResourceNavigator" StartDate="2014-10-07 09:54:48.532 JST" StructureHandle="/Cake_NR5/app/Controller" StructureKind="resource" NumEvents="7" CreationCount="51"/><InteractionEvent Delta="null" EndDate="2014-10-07 11:56:11.302 JST" Interest="111.384995" Kind="propagation" Navigation="org.eclipse.mylyn.core.model.edges.containment" OriginId="org.eclipse.mylyn.core.model.interest.propagation" StartDate="2014-10-07 09:54:50.638 JST" StructureHandle="/Cake_NR5/app/Controller" StructureKind="resource" NumEvents="153" CreationCount="51"/><InteractionEvent Delta="null" EndDate="2014-10-07 11:56:11.302 JST" Interest="27.0" Kind="selection" Navigation="null" OriginId="org.eclipse.ui.views.ResourceNavigator" StartDate="2014-10-07 09:55:26.816 JST" StructureHandle="/Cake_NR5/app/Controller/SkimmedTokensController.php" StructureKind="resource" NumEvents="27" CreationCount="56"/><InteractionEvent Delta="null" EndDate="2014-10-07 11:56:00.957 JST" Interest="129.0" Kind="edit" Navigation="null" OriginId="org.eclipse.php.editor" StartDate="2014-10-07 09:55:28.279 JST" StructureHandle="/Cake_NR5/app/Controller/SkimmedTokensController.php" StructureKind="resource" NumEvents="129" CreationCount="56"/><InteractionEvent Delta="null" EndDate="2014-10-07 09:55:21.588 JST" Interest="1.0" Kind="propagation" Navigation="null" OriginId="org.eclipse.mylyn.resources.ui.interest.updater" StartDate="2014-10-07 09:55:21.588 JST" StructureHandle="/Cake_NR5/app/Controller/SkimmedTokensController.php" StructureKind="resource"/><InteractionEvent Delta="null" EndDate="2014-10-07 11:23:29.939 JST" Interest="2.0" Kind="selection" Navigation="null" OriginId="org.eclipse.ui.views.ResourceNavigator" StartDate="2014-10-07 10:27:04.122 JST" StructureHandle="/Cake_NR5/app/View/Tokens" StructureKind="resource" NumEvents="2" CreationCount="295"/><InteractionEvent Delta="null" EndDate="2014-10-07 11:25:48.752 JST" Interest="25.278" Kind="propagation" Navigation="org.eclipse.mylyn.core.model.edges.containment" OriginId="org.eclipse.mylyn.core.model.interest.propagation" StartDate="2014-10-07 10:27:06.502 JST" StructureHandle="/Cake_NR5/app/View/Tokens" StructureKind="resource" NumEvents="32" CreationCount="295"/><InteractionEvent Delta="null" EndDate="2014-10-07 11:25:30.831 JST" Interest="6.0" Kind="selection" Navigation="null" OriginId="org.eclipse.php.editor" StartDate="2014-10-07 11:23:48.89 JST" StructureHandle="/Cake_NR5/app/View/Keywords/index.ctp" StructureKind="resource" NumEvents="6" CreationCount="639"/><InteractionEvent Delta="null" EndDate="2014-10-07 11:25:30.878 JST" Interest="11.0" Kind="edit" Navigation="null" OriginId="org.eclipse.php.editor" StartDate="2014-10-07 11:23:49.135 JST" StructureHandle="/Cake_NR5/app/View/Keywords/index.ctp" StructureKind="resource" NumEvents="11" CreationCount="639"/><InteractionEvent Delta="null" EndDate="2014-10-07 11:07:01.189 JST" Interest="21.0" Kind="selection" Navigation="null" OriginId="org.eclipse.php.editor" StartDate="2014-10-07 09:57:13.603 JST" StructureHandle="/Cake_NR5/app/View/Elements/skimmedtokens/index_t_entries.ctp" StructureKind="resource" NumEvents="21" CreationCount="80"/><InteractionEvent Delta="null" EndDate="2014-10-07 11:07:01.200 JST" Interest="24.0" Kind="edit" Navigation="null" OriginId="org.eclipse.php.editor" StartDate="2014-10-07 09:57:13.657 JST" StructureHandle="/Cake_NR5/app/View/Elements/skimmedtokens/index_t_entries.ctp" StructureKind="resource" NumEvents="24" CreationCount="80"/><InteractionEvent Delta="null" EndDate="2014-10-07 09:57:10.446 JST" Interest="1.0" Kind="propagation" Navigation="null" OriginId="org.eclipse.mylyn.resources.ui.interest.updater" StartDate="2014-10-07 09:57:10.446 JST" StructureHandle="/Cake_NR5/app/View/Elements/skimmedtokens/index_t_entries.ctp" StructureKind="resource"/><InteractionEvent Delta="null" EndDate="2014-10-07 10:26:56.915 JST" Interest="2.5870001" Kind="manipulation" Navigation="null" OriginId="org.eclipse.mylyn.core.model.interest.decay.correction" StartDate="2014-10-07 10:26:56.915 JST" StructureHandle="/Cake_NR5/app/View/SkimmedTokens/add.ctp" StructureKind="resource"/><InteractionEvent Delta="null" EndDate="2014-10-07 11:07:15.628 JST" Interest="15.0" Kind="selection" Navigation="null" OriginId="org.eclipse.ui.views.ResourceNavigator" StartDate="2014-10-07 10:26:56.915 JST" StructureHandle="/Cake_NR5/app/View/SkimmedTokens/add.ctp" StructureKind="resource" NumEvents="15" CreationCount="75"/><InteractionEvent Delta="null" EndDate="2014-10-07 11:06:55.134 JST" Interest="29.0" Kind="edit" Navigation="null" OriginId="org.eclipse.php.editor" StartDate="2014-10-07 10:26:56.950 JST" StructureHandle="/Cake_NR5/app/View/SkimmedTokens/add.ctp" StructureKind="resource" NumEvents="29" CreationCount="75"/><InteractionEvent Delta="null" EndDate="2014-10-07 09:56:55.788 JST" Interest="1.0" Kind="propagation" Navigation="null" OriginId="org.eclipse.mylyn.resources.ui.interest.updater" StartDate="2014-10-07 09:56:55.788 JST" StructureHandle="/Cake_NR5/app/View/SkimmedTokens/add.ctp" StructureKind="resource"/><InteractionEvent Delta="null" EndDate="2014-10-07 10:23:30.790 JST" Interest="1.4310002" Kind="manipulation" Navigation="null" OriginId="org.eclipse.mylyn.core.model.interest.decay.correction" StartDate="2014-10-07 10:23:30.790 JST" StructureHandle="/Cake_NR5/app/View/Elements/skimmedtokens/index_t_headers.ctp" StructureKind="resource"/><InteractionEvent Delta="null" EndDate="2014-10-07 11:06:51.202 JST" Interest="6.0" Kind="selection" Navigation="null" OriginId="org.eclipse.php.editor" StartDate="2014-10-07 10:23:30.790 JST" StructureHandle="/Cake_NR5/app/View/Elements/skimmedtokens/index_t_headers.ctp" StructureKind="resource" NumEvents="6" CreationCount="80"/><InteractionEvent Delta="null" EndDate="2014-10-07 11:06:52.785 JST" Interest="5.0" Kind="edit" Navigation="null" OriginId="org.eclipse.php.editor" StartDate="2014-10-07 10:23:40.572 JST" StructureHandle="/Cake_NR5/app/View/Elements/skimmedtokens/index_t_headers.ctp" StructureKind="resource" NumEvents="5" CreationCount="80"/><InteractionEvent Delta="null" EndDate="2014-10-07 09:57:10.448 JST" Interest="1.0" Kind="propagation" Navigation="null" OriginId="org.eclipse.mylyn.resources.ui.interest.updater" StartDate="2014-10-07 09:57:10.448 JST" StructureHandle="/Cake_NR5/app/View/Elements/skimmedtokens/index_t_headers.ctp" StructureKind="resource"/><InteractionEvent Delta="null" EndDate="2014-10-07 11:23:46.585 JST" Interest="1.0" Kind="selection" Navigation="null" OriginId="org.eclipse.ui.views.ResourceNavigator" StartDate="2014-10-07 11:23:46.585 JST" StructureHandle="/Cake_NR5/app/View/Keywords" StructureKind="resource"/><InteractionEvent Delta="null" EndDate="2014-10-07 11:25:30.878 JST" Interest="12.716999" Kind="propagation" Navigation="org.eclipse.mylyn.core.model.edges.containment" OriginId="org.eclipse.mylyn.core.model.interest.propagation" StartDate="2014-10-07 11:23:48.90 JST" StructureHandle="/Cake_NR5/app/View/Keywords" StructureKind="resource" NumEvents="17" CreationCount="638"/><InteractionEvent Delta="null" EndDate="2014-10-07 10:27:02.903 JST" Interest="1.0" Kind="selection" Navigation="null" OriginId="org.eclipse.ui.views.ResourceNavigator" StartDate="2014-10-07 10:27:02.903 JST" StructureHandle="/Cake_NR5/app/View/Users" StructureKind="resource"/><InteractionEvent Delta="null" EndDate="2014-10-07 11:58:51.737 JST" Interest="2.9100003" Kind="manipulation" Navigation="null" OriginId="org.eclipse.mylyn.core.model.interest.decay.correction" StartDate="2014-10-07 11:58:51.737 JST" StructureHandle="/Cake_NR5/app/Controller/GenresController.php" StructureKind="resource"/><InteractionEvent Delta="null" EndDate="2014-10-07 11:58:51.737 JST" Interest="2.0" Kind="selection" Navigation="null" OriginId="org.eclipse.ui.views.ResourceNavigator" StartDate="2014-10-07 11:09:02.218 JST" StructureHandle="/Cake_NR5/app/Controller/GenresController.php" StructureKind="resource" NumEvents="2" CreationCount="532"/></InteractionHistory>