<?xml version="1.0" encoding="UTF-8"?><InteractionHistory Id="local-100" Version="1"><InteractionEvent Delta="null" EndDate="2014-11-24 11:31:45.352 JST" Interest="1.0" Kind="selection" Navigation="null" OriginId="org.eclipse.cdt.ui.editor.CEditor" StartDate="2014-11-24 11:31:45.352 JST" StructureHandle="=Embedded{D-100~\/D-108_Aoki_TMR0\/D-108_v_2_5_2\/D-108_v_2_5_2.X\/D-108_v_2_5_2.c[msg_Hex_2Digit#76" StructureKind="c/c++"/><InteractionEvent Delta="null" EndDate="2014-11-24 11:56:06.944 JST" Interest="203.60397" Kind="propagation" Navigation="org.eclipse.mylyn.core.model.edges.containment" OriginId="org.eclipse.mylyn.core.model.interest.propagation" StartDate="2014-11-23 16:52:31.212 JST" StructureHandle="" StructureKind="c/c++" NumEvents="270" CreationCount="1"/><InteractionEvent Delta="null" EndDate="2014-11-24 11:35:17.888 JST" Interest="1.0" Kind="selection" Navigation="null" OriginId="org.eclipse.cdt.ui.editor.CEditor" StartDate="2014-11-24 11:35:17.888 JST" StructureHandle="=Embedded{D-100~\/D-108_Aoki_TMR0\/D-108_v_2_5_3\/D-108_v_2_5_3.X\/D-108_v_2_5_3.c[msg_Hex_2Digit#76" StructureKind="c/c++"/><InteractionEvent Delta="null" EndDate="2014-11-24 11:31:32.684 JST" Interest="1.0" Kind="selection" Navigation="null" OriginId="org.eclipse.cdt.ui.editor.CEditor" StartDate="2014-11-24 11:31:32.684 JST" StructureHandle="=Embedded{D-100~\/D-108_Aoki_TMR0\/D-108_v_2_5_2\/D-108_v_2_5_2.X\/D-108_v_2_5_2.c[_Init_Vars#74(void" StructureKind="c/c++"/><InteractionEvent Delta="null" EndDate="2014-11-23 16:53:25.188 JST" Interest="2.0" Kind="selection" Navigation="null" OriginId="org.eclipse.ui.navigator.ProjectExplorer" StartDate="2014-11-23 16:53:25.187 JST" StructureHandle="/Embedded/TEST/D-108" StructureKind="resource" NumEvents="2" CreationCount="56"/><InteractionEvent Delta="null" EndDate="2014-11-23 16:53:48.690 JST" Interest="13.967999" Kind="propagation" Navigation="org.eclipse.mylyn.core.model.edges.containment" OriginId="org.eclipse.mylyn.core.model.interest.propagation" StartDate="2014-11-23 16:53:25.956 JST" StructureHandle="/Embedded/TEST/D-108" StructureKind="resource" NumEvents="18" CreationCount="56"/><InteractionEvent Delta="null" EndDate="2014-11-23 16:53:48.683 JST" Interest="1.0" Kind="selection" Navigation="null" OriginId="org.eclipse.cdt.ui.editor.CEditor" StartDate="2014-11-23 16:53:48.683 JST" StructureHandle="=Embedded{TEST\/D-108\/v_2-5-3\/D-108_v-2-5-3.c[conv_Dex_to_Binary#73(int(char\[]" StructureKind="c/c++"/><InteractionEvent Delta="null" EndDate="2014-11-24 11:32:10.315 JST" Interest="9.0" Kind="selection" Navigation="null" OriginId="org.eclipse.cdt.ui.editor.CEditor" StartDate="2014-11-24 11:24:48.205 JST" StructureHandle="/Embedded/D-100~/D-108_Aoki_TMR0/D-108_v_2_5_2/D-108_v_2_5_2.X/D-108_v_2_5_2.c" StructureKind="resource" NumEvents="9" CreationCount="151"/><InteractionEvent Delta="null" EndDate="2014-11-24 11:32:14.392 JST" Interest="22.0" Kind="edit" Navigation="null" OriginId="org.eclipse.cdt.ui.editor.CEditor" StartDate="2014-11-24 11:24:48.885 JST" StructureHandle="/Embedded/D-100~/D-108_Aoki_TMR0/D-108_v_2_5_2/D-108_v_2_5_2.X/D-108_v_2_5_2.c" StructureKind="resource" NumEvents="22" CreationCount="151"/><InteractionEvent Delta="null" EndDate="2014-11-24 11:32:14.390 JST" Interest="22.0" Kind="propagation" Navigation="null" OriginId="org.eclipse.cdt.ui.editor.CEditor" StartDate="2014-11-24 11:24:48.883 JST" StructureHandle="/Embedded/D-100~/D-108_Aoki_TMR0/D-108_v_2_5_2/D-108_v_2_5_2.X/D-108_v_2_5_2.c" StructureKind="resource" NumEvents="22" CreationCount="151"/><InteractionEvent Delta="null" EndDate="2014-11-24 11:36:03.170 JST" Interest="7.0" Kind="selection" Navigation="null" OriginId="org.eclipse.cdt.ui.editor.CEditor" StartDate="2014-11-23 16:53:39.745 JST" StructureHandle="=Embedded{D-100~\/D-108_Aoki_TMR0\/D-108_v_2_5_3\/D-108_v_2_5_3.X\/lib_D-108_v_2_5_3.h[conv_Dex_to_Binary#74(int(char\[]" StructureKind="c/c++" NumEvents="7" CreationCount="74"/><InteractionEvent Delta="null" EndDate="2014-11-24 11:36:08.73 JST" Interest="12.0" Kind="edit" Navigation="null" OriginId="org.eclipse.cdt.ui.editor.CEditor" StartDate="2014-11-23 16:53:41.625 JST" StructureHandle="=Embedded{D-100~\/D-108_Aoki_TMR0\/D-108_v_2_5_3\/D-108_v_2_5_3.X\/lib_D-108_v_2_5_3.h[conv_Dex_to_Binary#74(int(char\[]" StructureKind="c/c++" NumEvents="12" CreationCount="74"/><InteractionEvent Delta="null" EndDate="2014-11-24 11:51:13.517 JST" Interest="7.0" Kind="selection" Navigation="null" OriginId="org.eclipse.cdt.ui.editor.CEditor" StartDate="2014-11-23 16:52:47.265 JST" StructureHandle="=Embedded{D-100~\/D-108_Aoki_TMR0\/D-108_v_2_5_3\/D-108_v_2_5_3.X\/D-108_v_2_5_3.c[main#74(void" StructureKind="c/c++" NumEvents="7" CreationCount="20"/><InteractionEvent Delta="null" EndDate="2014-11-24 11:33:14.756 JST" Interest="2.0" Kind="edit" Navigation="null" OriginId="org.eclipse.cdt.ui.editor.CEditor" StartDate="2014-11-24 11:33:13.679 JST" StructureHandle="=Embedded{D-100~\/D-108_Aoki_TMR0\/D-108_v_2_5_3\/D-108_v_2_5_3.X\/D-108_v_2_5_3.c[main#74(void" StructureKind="c/c++" NumEvents="2" CreationCount="20"/><InteractionEvent Delta="null" EndDate="2014-11-24 11:51:13.517 JST" Interest="2.5960002" Kind="manipulation" Navigation="null" OriginId="org.eclipse.mylyn.core.model.interest.decay.correction" StartDate="2014-11-24 11:33:12.431 JST" StructureHandle="=Embedded{D-100~\/D-108_Aoki_TMR0\/D-108_v_2_5_3\/D-108_v_2_5_3.X\/D-108_v_2_5_3.c[main#74(void" StructureKind="c/c++" NumEvents="2" CreationCount="20"/><InteractionEvent Delta="null" EndDate="2014-11-24 11:40:42.572 JST" Interest="3.0" Kind="selection" Navigation="null" OriginId="org.eclipse.cdt.ui.editor.CEditor" StartDate="2014-11-24 11:33:18.604 JST" StructureHandle="=Embedded{D-100~\/D-108_Aoki_TMR0\/D-108_v_2_5_3\/D-108_v_2_5_3.X\/D-108_v_2_5_3.c[msg_1#76" StructureKind="c/c++" NumEvents="3" CreationCount="301"/><InteractionEvent Delta="null" EndDate="2014-11-24 11:41:10.815 JST" Interest="5.0" Kind="edit" Navigation="null" OriginId="org.eclipse.cdt.ui.editor.CEditor" StartDate="2014-11-24 11:40:46.800 JST" StructureHandle="=Embedded{D-100~\/D-108_Aoki_TMR0\/D-108_v_2_5_3\/D-108_v_2_5_3.X\/D-108_v_2_5_3.c[msg_1#76" StructureKind="c/c++" NumEvents="5" CreationCount="301"/><InteractionEvent Delta="null" EndDate="2014-11-24 11:40:42.572 JST" Interest="0.4310001" Kind="manipulation" Navigation="null" OriginId="org.eclipse.mylyn.core.model.interest.decay.correction" StartDate="2014-11-24 11:35:13.472 JST" StructureHandle="=Embedded{D-100~\/D-108_Aoki_TMR0\/D-108_v_2_5_3\/D-108_v_2_5_3.X\/D-108_v_2_5_3.c[msg_1#76" StructureKind="c/c++" NumEvents="2" CreationCount="301"/><InteractionEvent Delta="null" EndDate="2014-11-23 16:53:46.375 JST" Interest="1.0" Kind="selection" Navigation="null" OriginId="org.eclipse.cdt.ui.editor.CEditor" StartDate="2014-11-23 16:53:46.375 JST" StructureHandle="=Embedded{TEST\/D-108\/v_2-5-3\/D-108_v-2-5-3.c" StructureKind="c/c++"/><InteractionEvent Delta="null" EndDate="2014-11-23 16:53:47.217 JST" Interest="1.0" Kind="edit" Navigation="null" OriginId="org.eclipse.cdt.ui.editor.CEditor" StartDate="2014-11-23 16:53:47.217 JST" StructureHandle="=Embedded{TEST\/D-108\/v_2-5-3\/D-108_v-2-5-3.c" StructureKind="c/c++"/><InteractionEvent Delta="null" EndDate="2014-11-23 16:53:44.902 JST" Interest="2.0679998" Kind="propagation" Navigation="org.eclipse.mylyn.core.model.edges.containment" OriginId="org.eclipse.mylyn.core.model.interest.propagation" StartDate="2014-11-23 16:53:28.6 JST" StructureHandle="=Embedded{TEST\/D-108\/v_2-5-3\/D-108_v-2-5-3.c" StructureKind="c/c++" NumEvents="4" CreationCount="63"/><InteractionEvent Delta="null" EndDate="2014-11-24 11:33:20.192 JST" Interest="1.0" Kind="selection" Navigation="null" OriginId="org.eclipse.ui.views.ContentOutline" StartDate="2014-11-24 11:33:20.192 JST" StructureHandle="=Embedded{D-100~\/D-108_Aoki_TMR0\/D-108_v_2_5_3\/D-108_v_2_5_3.X\/D-108_v_2_5_3.c[_Init_Vars#74(void" StructureKind="c/c++"/><InteractionEvent Delta="null" EndDate="2014-11-24 11:33:26.517 JST" Interest="6.0" Kind="edit" Navigation="null" OriginId="org.eclipse.cdt.ui.editor.CEditor" StartDate="2014-11-24 11:33:20.833 JST" StructureHandle="=Embedded{D-100~\/D-108_Aoki_TMR0\/D-108_v_2_5_3\/D-108_v_2_5_3.X\/D-108_v_2_5_3.c[_Init_Vars#74(void" StructureKind="c/c++" NumEvents="6" CreationCount="302"/><InteractionEvent Delta="null" EndDate="2014-11-24 11:51:18.682 JST" Interest="1.0" Kind="selection" Navigation="null" OriginId="org.eclipse.cdt.ui.editor.CEditor" StartDate="2014-11-24 11:51:18.682 JST" StructureHandle="=Embedded{D-100~\/D-108_Aoki_TMR0\/D-108_v_2_5_3\/D-108_v_2_5_3.X\/D-108_v_2_5_3.c[hex#76" StructureKind="c/c++"/><InteractionEvent Delta="null" EndDate="2014-11-24 11:51:23.71 JST" Interest="1.0" Kind="edit" Navigation="null" OriginId="org.eclipse.cdt.ui.editor.CEditor" StartDate="2014-11-24 11:51:23.71 JST" StructureHandle="=Embedded{D-100~\/D-108_Aoki_TMR0\/D-108_v_2_5_3\/D-108_v_2_5_3.X\/D-108_v_2_5_3.c[hex#76" StructureKind="c/c++"/><InteractionEvent Delta="null" EndDate="2014-11-23 16:52:39.101 JST" Interest="2.0" Kind="selection" Navigation="null" OriginId="org.eclipse.ui.navigator.ProjectExplorer" StartDate="2014-11-23 16:52:39.100 JST" StructureHandle="/Embedded/D-100~/D-108_Aoki_TMR0" StructureKind="resource" NumEvents="2" CreationCount="7"/><InteractionEvent Delta="null" EndDate="2014-11-24 11:56:06.943 JST" Interest="201.50198" Kind="propagation" Navigation="org.eclipse.mylyn.core.model.edges.containment" OriginId="org.eclipse.mylyn.core.model.interest.propagation" StartDate="2014-11-23 16:52:41.977 JST" StructureHandle="/Embedded/D-100~/D-108_Aoki_TMR0" StructureKind="resource" NumEvents="274" CreationCount="7"/><InteractionEvent Delta="null" EndDate="2014-11-24 11:32:53.320 JST" Interest="1.0" Kind="selection" Navigation="null" OriginId="org.eclipse.cdt.ui.editor.CEditor" StartDate="2014-11-24 11:32:53.320 JST" StructureHandle="=Embedded{D-100~\/D-108_Aoki_TMR0\/D-108_v_2_5_3\/D-108_v_2_5_3.X\/D-108_v_2_5_3.c[_Setup#74(void" StructureKind="c/c++"/><InteractionEvent Delta="null" EndDate="2014-11-24 11:33:10.855 JST" Interest="4.0" Kind="edit" Navigation="null" OriginId="org.eclipse.cdt.ui.editor.CEditor" StartDate="2014-11-24 11:33:03.648 JST" StructureHandle="=Embedded{D-100~\/D-108_Aoki_TMR0\/D-108_v_2_5_3\/D-108_v_2_5_3.X\/D-108_v_2_5_3.c[_Setup#74(void" StructureKind="c/c++" NumEvents="4" CreationCount="284"/><InteractionEvent Delta="null" EndDate="2014-11-24 11:55:48.953 JST" Interest="20.0" Kind="selection" Navigation="null" OriginId="org.eclipse.cdt.ui.editor.CEditor" StartDate="2014-11-23 16:52:45.157 JST" StructureHandle="=Embedded{D-100~\/D-108_Aoki_TMR0\/D-108_v_2_5_3\/D-108_v_2_5_3.X\/D-108_v_2_5_3.c" StructureKind="c/c++" NumEvents="20" CreationCount="64"/><InteractionEvent Delta="null" EndDate="2014-11-24 11:56:06.940 JST" Interest="26.0" Kind="edit" Navigation="null" OriginId="org.eclipse.cdt.ui.editor.CEditor" StartDate="2014-11-23 16:52:46.142 JST" StructureHandle="=Embedded{D-100~\/D-108_Aoki_TMR0\/D-108_v_2_5_3\/D-108_v_2_5_3.X\/D-108_v_2_5_3.c" StructureKind="c/c++" NumEvents="26" CreationCount="64"/><InteractionEvent Delta="null" EndDate="2014-11-23 16:54:20.704 JST" Interest="1.3679999" Kind="propagation" Navigation="org.eclipse.mylyn.core.model.edges.containment" OriginId="org.eclipse.mylyn.core.model.interest.propagation" StartDate="2014-11-23 16:53:16.710 JST" StructureHandle="=Embedded{D-100~\/D-108_Aoki_TMR0\/D-108_v_2_5_3\/D-108_v_2_5_3.X\/D-108_v_2_5_3.c" StructureKind="c/c++" NumEvents="2" CreationCount="16"/><InteractionEvent Delta="null" EndDate="2014-11-24 11:40:38.703 JST" Interest="3.0" Kind="selection" Navigation="null" OriginId="org.eclipse.cdt.ui.editor.CEditor" StartDate="2014-11-24 11:32:38.610 JST" StructureHandle="=Embedded{D-100~\/D-108_Aoki_TMR0\/D-108_v_2_5_3\/D-108_v_2_5_3.X\/D-108_v_2_5_3.c[lib_D-108_V_2_5_3.h#75" StructureKind="c/c++" NumEvents="3" CreationCount="273"/><InteractionEvent Delta="null" EndDate="2014-11-24 11:40:38.703 JST" Interest="0.87300014" Kind="manipulation" Navigation="null" OriginId="org.eclipse.mylyn.core.model.interest.decay.correction" StartDate="2014-11-24 11:40:38.703 JST" StructureHandle="=Embedded{D-100~\/D-108_Aoki_TMR0\/D-108_v_2_5_3\/D-108_v_2_5_3.X\/D-108_v_2_5_3.c[lib_D-108_V_2_5_3.h#75" StructureKind="c/c++"/><InteractionEvent Delta="null" EndDate="2014-11-24 11:31:42.726 JST" Interest="2.0" Kind="selection" Navigation="null" OriginId="org.eclipse.cdt.ui.editor.CEditor" StartDate="2014-11-24 11:31:33.604 JST" StructureHandle="=Embedded{D-100~\/D-108_Aoki_TMR0\/D-108_v_2_5_2\/D-108_v_2_5_2.X\/D-108_v_2_5_2.c[_Setup#74(void" StructureKind="c/c++" NumEvents="2" CreationCount="183"/><InteractionEvent Delta="null" EndDate="2014-11-24 11:31:36.292 JST" Interest="1.0" Kind="edit" Navigation="null" OriginId="org.eclipse.cdt.ui.editor.CEditor" StartDate="2014-11-24 11:31:36.292 JST" StructureHandle="=Embedded{D-100~\/D-108_Aoki_TMR0\/D-108_v_2_5_2\/D-108_v_2_5_2.X\/D-108_v_2_5_2.c[_Setup#74(void" StructureKind="c/c++"/><InteractionEvent Delta="null" EndDate="2014-11-24 11:24:38.497 JST" Interest="5.0" Kind="selection" Navigation="null" OriginId="org.eclipse.ui.navigator.ProjectExplorer" StartDate="2014-11-23 16:52:36.426 JST" StructureHandle="/Embedded/D-100~" StructureKind="resource" NumEvents="5" CreationCount="5"/><InteractionEvent Delta="null" EndDate="2014-11-24 11:56:06.943 JST" Interest="198.53598" Kind="propagation" Navigation="org.eclipse.mylyn.core.model.edges.containment" OriginId="org.eclipse.mylyn.core.model.interest.propagation" StartDate="2014-11-23 16:52:39.102 JST" StructureHandle="/Embedded/D-100~" StructureKind="resource" NumEvents="265" CreationCount="5"/><InteractionEvent Delta="null" EndDate="2014-11-24 11:13:24.83 JST" Interest="6.0" Kind="selection" Navigation="null" OriginId="org.eclipse.cdt.ui.editor.CEditor" StartDate="2014-11-23 16:52:48.225 JST" StructureHandle="=Embedded{D-100~\/D-108_Aoki_TMR0\/D-108_v_2_5_3\/D-108_v_2_5_3.X\/lib_D-108_v_2_5_3.h" StructureKind="c/c++" NumEvents="6" CreationCount="26"/><InteractionEvent Delta="null" EndDate="2014-11-24 11:13:27.307 JST" Interest="17.0" Kind="edit" Navigation="null" OriginId="org.eclipse.cdt.ui.editor.CEditor" StartDate="2014-11-23 16:52:49.192 JST" StructureHandle="=Embedded{D-100~\/D-108_Aoki_TMR0\/D-108_v_2_5_3\/D-108_v_2_5_3.X\/lib_D-108_v_2_5_3.h" StructureKind="c/c++" NumEvents="17" CreationCount="26"/><InteractionEvent Delta="null" EndDate="2014-11-24 11:13:29.180 JST" Interest="1.0" Kind="selection" Navigation="null" OriginId="org.eclipse.cdt.ui.editor.CEditor" StartDate="2014-11-24 11:13:29.180 JST" StructureHandle="=Embedded{D-100~\/D-108_Aoki_TMR0\/D-108_v_2_5_3\/D-108_v_2_5_3.X\/lib_D-108_v_2_5_3.h[conv_Dex_to_Binary#73(int(char\[]" StructureKind="c/c++"/><InteractionEvent Delta="null" EndDate="2014-11-23 16:53:44.873 JST" Interest="4.0" Kind="selection" Navigation="null" OriginId="org.eclipse.cdt.ui.editor.CEditor" StartDate="2014-11-23 16:53:27.739 JST" StructureHandle="/Embedded/TEST/D-108/v_2-5-3/D-108_v-2-5-3.c" StructureKind="resource" NumEvents="4" CreationCount="60"/><InteractionEvent Delta="null" EndDate="2014-11-23 16:53:48.688 JST" Interest="7.0" Kind="edit" Navigation="null" OriginId="org.eclipse.cdt.ui.editor.CEditor" StartDate="2014-11-23 16:53:28.8 JST" StructureHandle="/Embedded/TEST/D-108/v_2-5-3/D-108_v-2-5-3.c" StructureKind="resource" NumEvents="7" CreationCount="60"/><InteractionEvent Delta="null" EndDate="2014-11-23 16:53:48.685 JST" Interest="7.0" Kind="propagation" Navigation="null" OriginId="org.eclipse.cdt.ui.editor.CEditor" StartDate="2014-11-23 16:53:28.7 JST" StructureHandle="/Embedded/TEST/D-108/v_2-5-3/D-108_v-2-5-3.c" StructureKind="resource" NumEvents="7" CreationCount="60"/><InteractionEvent Delta="null" EndDate="2014-11-23 16:53:23.839 JST" Interest="2.0" Kind="selection" Navigation="null" OriginId="org.eclipse.ui.navigator.ProjectExplorer" StartDate="2014-11-23 16:53:23.839 JST" StructureHandle="/Embedded/TEST" StructureKind="resource" NumEvents="2" CreationCount="54"/><InteractionEvent Delta="null" EndDate="2014-11-23 16:53:48.691 JST" Interest="14.002" Kind="propagation" Navigation="org.eclipse.mylyn.core.model.edges.containment" OriginId="org.eclipse.mylyn.core.model.interest.propagation" StartDate="2014-11-23 16:53:25.189 JST" StructureHandle="/Embedded/TEST" StructureKind="resource" NumEvents="19" CreationCount="54"/><InteractionEvent Delta="null" EndDate="2014-11-24 11:42:47.283 JST" Interest="3.0" Kind="selection" Navigation="null" OriginId="org.eclipse.cdt.ui.editor.CEditor" StartDate="2014-11-24 11:34:29.151 JST" StructureHandle="=Embedded{D-100~\/D-108_Aoki_TMR0\/D-108_v_2_5_3\/D-108_v_2_5_3.X\/D-108_v_2_5_3.c[binary#76" StructureKind="c/c++" NumEvents="3" CreationCount="341"/><InteractionEvent Delta="null" EndDate="2014-11-24 11:42:58.486 JST" Interest="4.0" Kind="edit" Navigation="null" OriginId="org.eclipse.cdt.ui.editor.CEditor" StartDate="2014-11-24 11:42:48.559 JST" StructureHandle="=Embedded{D-100~\/D-108_Aoki_TMR0\/D-108_v_2_5_3\/D-108_v_2_5_3.X\/D-108_v_2_5_3.c[binary_display#76" StructureKind="c/c++" NumEvents="4" CreationCount="341"/><InteractionEvent Delta="null" EndDate="2014-11-24 11:42:46.233 JST" Interest="1.2950001" Kind="manipulation" Navigation="null" OriginId="org.eclipse.mylyn.core.model.interest.decay.correction" StartDate="2014-11-24 11:42:46.233 JST" StructureHandle="=Embedded{D-100~\/D-108_Aoki_TMR0\/D-108_v_2_5_3\/D-108_v_2_5_3.X\/D-108_v_2_5_3.c[binary#76" StructureKind="c/c++"/><InteractionEvent Delta="null" EndDate="2014-11-23 16:53:29.450 JST" Interest="1.0" Kind="selection" Navigation="null" OriginId="org.eclipse.cdt.ui.editor.CEditor" StartDate="2014-11-23 16:53:29.450 JST" StructureHandle="=Embedded{TEST\/D-108\/v_2-5-3\/D-108_v-2-5-3.c[main#74(void" StructureKind="c/c++"/><InteractionEvent Delta="null" EndDate="2014-11-24 11:34:42.55 JST" Interest="2.0" Kind="selection" Navigation="null" OriginId="org.eclipse.cdt.ui.editor.CEditor" StartDate="2014-11-24 11:34:21.602 JST" StructureHandle="=Embedded{D-100~\/D-108_Aoki_TMR0\/D-108_v_2_5_3\/D-108_v_2_5_3.X\/D-108_v_2_5_3.c[s#76" StructureKind="c/c++" NumEvents="2" CreationCount="331"/><InteractionEvent Delta="null" EndDate="2014-11-24 11:32:17.81 JST" Interest="1.0" Kind="selection" Navigation="null" OriginId="org.eclipse.cdt.ui.editor.CEditor" StartDate="2014-11-24 11:32:17.81 JST" StructureHandle="=Embedded{D-100~\/D-108_Aoki_TMR0\/D-108_v_2_5_3\/D-108_v_2_5_3.X\/D-108_v_2_5_3.c[xc.h#75" StructureKind="c/c++"/><InteractionEvent Delta="null" EndDate="2014-11-24 11:32:17.717 JST" Interest="1.0" Kind="edit" Navigation="null" OriginId="org.eclipse.cdt.ui.editor.CEditor" StartDate="2014-11-24 11:32:17.717 JST" StructureHandle="=Embedded{D-100~\/D-108_Aoki_TMR0\/D-108_v_2_5_3\/D-108_v_2_5_3.X\/D-108_v_2_5_3.c[xc.h#75" StructureKind="c/c++"/><InteractionEvent Delta="null" EndDate="2014-11-24 11:32:13.213 JST" Interest="1.0" Kind="selection" Navigation="null" OriginId="org.eclipse.cdt.ui.editor.CEditor" StartDate="2014-11-24 11:32:13.213 JST" StructureHandle="=Embedded{D-100~\/D-108_Aoki_TMR0\/D-108_v_2_5_2\/D-108_v_2_5_2.X\/D-108_v_2_5_2.c[xc.h#75" StructureKind="c/c++"/><InteractionEvent Delta="null" EndDate="2014-11-24 11:32:14.388 JST" Interest="1.0" Kind="edit" Navigation="null" OriginId="org.eclipse.cdt.ui.editor.CEditor" StartDate="2014-11-24 11:32:14.388 JST" StructureHandle="=Embedded{D-100~\/D-108_Aoki_TMR0\/D-108_v_2_5_2\/D-108_v_2_5_2.X\/D-108_v_2_5_2.c[xc.h#75" StructureKind="c/c++"/><InteractionEvent Delta="null" EndDate="2014-11-23 16:53:25.956 JST" Interest="2.0" Kind="selection" Navigation="null" OriginId="org.eclipse.ui.navigator.ProjectExplorer" StartDate="2014-11-23 16:53:25.954 JST" StructureHandle="/Embedded/TEST/D-108/v_2-5-3" StructureKind="resource" NumEvents="2" CreationCount="58"/><InteractionEvent Delta="null" EndDate="2014-11-23 16:53:48.689 JST" Interest="13.934" Kind="propagation" Navigation="org.eclipse.mylyn.core.model.edges.containment" OriginId="org.eclipse.mylyn.core.model.interest.propagation" StartDate="2014-11-23 16:53:27.742 JST" StructureHandle="/Embedded/TEST/D-108/v_2-5-3" StructureKind="resource" NumEvents="17" CreationCount="58"/><InteractionEvent Delta="null" EndDate="2014-11-24 11:32:10.354 JST" Interest="6.0" Kind="selection" Navigation="null" OriginId="org.eclipse.cdt.ui.editor.CEditor" StartDate="2014-11-24 11:24:48.882 JST" StructureHandle="=Embedded{D-100~\/D-108_Aoki_TMR0\/D-108_v_2_5_2\/D-108_v_2_5_2.X\/D-108_v_2_5_2.c" StructureKind="c/c++" NumEvents="6" CreationCount="153"/><InteractionEvent Delta="null" EndDate="2014-11-24 11:32:05.60 JST" Interest="8.0" Kind="edit" Navigation="null" OriginId="org.eclipse.cdt.ui.editor.CEditor" StartDate="2014-11-24 11:24:50.312 JST" StructureHandle="=Embedded{D-100~\/D-108_Aoki_TMR0\/D-108_v_2_5_2\/D-108_v_2_5_2.X\/D-108_v_2_5_2.c" StructureKind="c/c++" NumEvents="8" CreationCount="153"/><InteractionEvent Delta="null" EndDate="2014-11-24 11:32:14.933 JST" Interest="8.0" Kind="selection" Navigation="null" OriginId="org.eclipse.cdt.ui.editor.CEditor" StartDate="2014-11-24 11:25:39.826 JST" StructureHandle="=Embedded{D-100~\/D-108_Aoki_TMR0\/D-108_v_2_5_2\/D-108_v_2_5_2.X\/lib_D-108_v_2_5_2.h[conv_Hex_to_CharCode#74(signed char" StructureKind="c/c++" NumEvents="8" CreationCount="170"/><InteractionEvent Delta="null" EndDate="2014-11-24 11:31:37.873 JST" Interest="3.0" Kind="edit" Navigation="null" OriginId="org.eclipse.cdt.ui.editor.CEditor" StartDate="2014-11-24 11:26:09.980 JST" StructureHandle="=Embedded{D-100~\/D-108_Aoki_TMR0\/D-108_v_2_5_2\/D-108_v_2_5_2.X\/lib_D-108_v_2_5_2.h[conv_Hex_to_CharCode#74(signed char" StructureKind="c/c++" NumEvents="3" CreationCount="170"/><InteractionEvent Delta="null" EndDate="2014-11-24 11:36:03.137 JST" Interest="13.0" Kind="selection" Navigation="null" OriginId="org.eclipse.cdt.ui.editor.CEditor" StartDate="2014-11-23 16:52:47.857 JST" StructureHandle="/Embedded/D-100~/D-108_Aoki_TMR0/D-108_v_2_5_3/D-108_v_2_5_3.X/lib_D-108_v_2_5_3.h" StructureKind="resource" NumEvents="13" CreationCount="23"/><InteractionEvent Delta="null" EndDate="2014-11-24 11:36:08.77 JST" Interest="41.0" Kind="edit" Navigation="null" OriginId="org.eclipse.cdt.ui.editor.CEditor" StartDate="2014-11-23 16:52:48.227 JST" StructureHandle="/Embedded/D-100~/D-108_Aoki_TMR0/D-108_v_2_5_3/D-108_v_2_5_3.X/lib_D-108_v_2_5_3.h" StructureKind="resource" NumEvents="41" CreationCount="23"/><InteractionEvent Delta="null" EndDate="2014-11-24 11:36:08.75 JST" Interest="33.0" Kind="propagation" Navigation="null" OriginId="org.eclipse.cdt.ui.editor.CEditor" StartDate="2014-11-23 16:52:48.226 JST" StructureHandle="/Embedded/D-100~/D-108_Aoki_TMR0/D-108_v_2_5_3/D-108_v_2_5_3.X/lib_D-108_v_2_5_3.h" StructureKind="resource" NumEvents="33" CreationCount="23"/><InteractionEvent Delta="null" EndDate="2014-11-24 11:32:47.479 JST" Interest="10.0" Kind="selection" Navigation="null" OriginId="org.eclipse.ui.navigator.ProjectExplorer" StartDate="2014-11-24 11:25:37.12 JST" StructureHandle="/Embedded/D-100~/D-108_Aoki_TMR0/D-108_v_2_5_2/D-108_v_2_5_2.X/lib_D-108_v_2_5_2.h" StructureKind="resource" NumEvents="10" CreationCount="164"/><InteractionEvent Delta="null" EndDate="2014-11-24 11:32:14.935 JST" Interest="13.0" Kind="edit" Navigation="null" OriginId="org.eclipse.cdt.ui.editor.CEditor" StartDate="2014-11-24 11:25:37.324 JST" StructureHandle="/Embedded/D-100~/D-108_Aoki_TMR0/D-108_v_2_5_2/D-108_v_2_5_2.X/lib_D-108_v_2_5_2.h" StructureKind="resource" NumEvents="13" CreationCount="164"/><InteractionEvent Delta="null" EndDate="2014-11-24 11:32:14.934 JST" Interest="13.0" Kind="propagation" Navigation="null" OriginId="org.eclipse.cdt.ui.editor.CEditor" StartDate="2014-11-24 11:25:37.323 JST" StructureHandle="/Embedded/D-100~/D-108_Aoki_TMR0/D-108_v_2_5_2/D-108_v_2_5_2.X/lib_D-108_v_2_5_2.h" StructureKind="resource" NumEvents="13" CreationCount="164"/><InteractionEvent Delta="null" EndDate="2014-11-23 16:53:44.901 JST" Interest="2.0" Kind="selection" Navigation="null" OriginId="org.eclipse.cdt.ui.editor.CEditor" StartDate="2014-11-23 16:53:34.301 JST" StructureHandle="=Embedded{TEST\/D-108\/v_2-5-3\/D-108_v-2-5-3.c[conv_Dex_to_Binary#74(int(char\[]" StructureKind="c/c++" NumEvents="2" CreationCount="67"/><InteractionEvent Delta="null" EndDate="2014-11-24 11:56:06.943 JST" Interest="478.0" Kind="propagation" Navigation="org.eclipse.mylyn.core.model.edges.containment" OriginId="org.eclipse.mylyn.core.model.interest.propagation" StartDate="2014-11-23 16:52:31.212 JST" StructureHandle="/" StructureKind="resource" NumEvents="478" CreationCount="1"/><InteractionEvent Delta="null" EndDate="2014-11-23 16:53:27.989 JST" Interest="1.0" Kind="selection" Navigation="null" OriginId="org.eclipse.cdt.ui.editor.CEditor" StartDate="2014-11-23 16:53:27.989 JST" StructureHandle="=Embedded{TEST\/D-108\/v_2-5-3\/D-108_v-2-5-3.c[stdlib.h#75" StructureKind="c/c++"/><InteractionEvent Delta="null" EndDate="2014-11-24 11:31:46.880 JST" Interest="1.0" Kind="selection" Navigation="null" OriginId="org.eclipse.cdt.ui.editor.CEditor" StartDate="2014-11-24 11:31:46.880 JST" StructureHandle="=Embedded{D-100~\/D-108_Aoki_TMR0\/D-108_v_2_5_2\/D-108_v_2_5_2.X\/D-108_v_2_5_2.c[main#74(void" StructureKind="c/c++"/><InteractionEvent Delta="null" EndDate="2014-11-24 11:25:37.322 JST" Interest="1.0" Kind="selection" Navigation="null" OriginId="org.eclipse.cdt.ui.editor.CEditor" StartDate="2014-11-24 11:25:37.322 JST" StructureHandle="=Embedded{D-100~\/D-108_Aoki_TMR0\/D-108_v_2_5_2\/D-108_v_2_5_2.X\/lib_D-108_v_2_5_2.h" StructureKind="c/c++"/><InteractionEvent Delta="null" EndDate="2014-11-24 11:25:38.297 JST" Interest="1.0" Kind="edit" Navigation="null" OriginId="org.eclipse.cdt.ui.editor.CEditor" StartDate="2014-11-24 11:25:38.297 JST" StructureHandle="=Embedded{D-100~\/D-108_Aoki_TMR0\/D-108_v_2_5_2\/D-108_v_2_5_2.X\/lib_D-108_v_2_5_2.h" StructureKind="c/c++"/><InteractionEvent Delta="null" EndDate="2014-11-24 11:32:14.933 JST" Interest="8.468" Kind="propagation" Navigation="org.eclipse.mylyn.core.model.edges.containment" OriginId="org.eclipse.mylyn.core.model.interest.propagation" StartDate="2014-11-24 11:26:09.981 JST" StructureHandle="=Embedded{D-100~\/D-108_Aoki_TMR0\/D-108_v_2_5_2\/D-108_v_2_5_2.X\/lib_D-108_v_2_5_2.h" StructureKind="c/c++" NumEvents="10" CreationCount="166"/><InteractionEvent Delta="null" EndDate="2014-11-24 11:35:15.584 JST" Interest="2.0" Kind="selection" Navigation="null" OriginId="org.eclipse.cdt.ui.editor.CEditor" StartDate="2014-11-24 11:35:07.394 JST" StructureHandle="=Embedded{D-100~\/D-108_Aoki_TMR0\/D-108_v_2_5_3\/D-108_v_2_5_3.X\/D-108_v_2_5_3.c[msg_Hex#76" StructureKind="c/c++" NumEvents="2" CreationCount="373"/><InteractionEvent Delta="null" EndDate="2014-11-23 16:52:41.976 JST" Interest="2.0" Kind="selection" Navigation="null" OriginId="org.eclipse.ui.navigator.ProjectExplorer" StartDate="2014-11-23 16:52:41.975 JST" StructureHandle="/Embedded/D-100~/D-108_Aoki_TMR0/D-108_v_2_5_3" StructureKind="resource" NumEvents="2" CreationCount="9"/><InteractionEvent Delta="null" EndDate="2014-11-24 11:56:06.943 JST" Interest="201.46799" Kind="propagation" Navigation="org.eclipse.mylyn.core.model.edges.containment" OriginId="org.eclipse.mylyn.core.model.interest.propagation" StartDate="2014-11-23 16:52:43.193 JST" StructureHandle="/Embedded/D-100~/D-108_Aoki_TMR0/D-108_v_2_5_3" StructureKind="resource" NumEvents="272" CreationCount="9"/><InteractionEvent Delta="null" EndDate="2014-11-24 11:24:43.446 JST" Interest="1.0" Kind="selection" Navigation="null" OriginId="org.eclipse.ui.navigator.ProjectExplorer" StartDate="2014-11-24 11:24:43.446 JST" StructureHandle="/Embedded/D-100~/D-108_Aoki_TMR0/D-108_v_2_5_2" StructureKind="resource"/><InteractionEvent Delta="null" EndDate="2014-11-24 11:32:14.895 JST" Interest="45.434002" Kind="propagation" Navigation="org.eclipse.mylyn.core.model.edges.containment" OriginId="org.eclipse.mylyn.core.model.interest.propagation" StartDate="2014-11-24 11:24:45.21 JST" StructureHandle="/Embedded/D-100~/D-108_Aoki_TMR0/D-108_v_2_5_2" StructureKind="resource" NumEvents="56" CreationCount="149"/><InteractionEvent Delta="null" EndDate="2014-11-24 11:51:04.2 JST" Interest="1.0" Kind="selection" Navigation="null" OriginId="org.eclipse.cdt.ui.editor.CEditor" StartDate="2014-11-24 11:51:04.2 JST" StructureHandle="=Embedded{D-100~\/D-108_Aoki_TMR0\/D-108_v_2_5_3\/D-108_v_2_5_3.X\/D-108_v_2_5_3.c[_XTAL_FREQ#79" StructureKind="c/c++"/><InteractionEvent Delta="null" EndDate="2014-11-23 16:52:32.924 JST" Interest="4.0" Kind="selection" Navigation="null" OriginId="org.eclipse.ui.navigator.ProjectExplorer" StartDate="2014-11-23 16:52:31.211 JST" StructureHandle="=Embedded" StructureKind="c/c++" NumEvents="4" CreationCount="1"/><InteractionEvent Delta="null" EndDate="2014-11-24 11:56:06.943 JST" Interest="199.60397" Kind="propagation" Navigation="org.eclipse.mylyn.core.model.edges.containment" OriginId="org.eclipse.mylyn.core.model.interest.propagation" StartDate="2014-11-23 16:52:45.158 JST" StructureHandle="=Embedded" StructureKind="c/c++" NumEvents="265" CreationCount="1"/><InteractionEvent Delta="null" EndDate="2014-11-24 11:56:06.943 JST" Interest="478.0" Kind="propagation" Navigation="null" OriginId="org.eclipse.cdt.ui.editor.CEditor" StartDate="2014-11-23 16:52:31.211 JST" StructureHandle="/Embedded" StructureKind="resource" NumEvents="478" CreationCount="1"/><InteractionEvent Delta="null" EndDate="2014-11-24 11:43:05.63 JST" Interest="7.0" Kind="selection" Navigation="null" OriginId="org.eclipse.cdt.ui.editor.CEditor" StartDate="2014-11-24 11:33:37.469 JST" StructureHandle="=Embedded{D-100~\/D-108_Aoki_TMR0\/D-108_v_2_5_3\/D-108_v_2_5_3.X\/D-108_v_2_5_3.c[_Display#74(void" StructureKind="c/c++" NumEvents="7" CreationCount="321"/><InteractionEvent Delta="null" EndDate="2014-11-24 11:51:01.366 JST" Interest="85.0" Kind="edit" Navigation="null" OriginId="org.eclipse.cdt.ui.editor.CEditor" StartDate="2014-11-24 11:33:41.353 JST" StructureHandle="=Embedded{D-100~\/D-108_Aoki_TMR0\/D-108_v_2_5_3\/D-108_v_2_5_3.X\/D-108_v_2_5_3.c[_Display#74(void" StructureKind="c/c++" NumEvents="85" CreationCount="321"/><InteractionEvent Delta="null" EndDate="2014-11-23 16:52:43.193 JST" Interest="2.0" Kind="selection" Navigation="null" OriginId="org.eclipse.ui.navigator.ProjectExplorer" StartDate="2014-11-23 16:52:43.191 JST" StructureHandle="/Embedded/D-100~/D-108_Aoki_TMR0/D-108_v_2_5_3/D-108_v_2_5_3.X" StructureKind="resource" NumEvents="2" CreationCount="11"/><InteractionEvent Delta="null" EndDate="2014-11-24 11:56:06.942 JST" Interest="201.43399" Kind="propagation" Navigation="org.eclipse.mylyn.core.model.edges.containment" OriginId="org.eclipse.mylyn.core.model.interest.propagation" StartDate="2014-11-23 16:52:44.971 JST" StructureHandle="/Embedded/D-100~/D-108_Aoki_TMR0/D-108_v_2_5_3/D-108_v_2_5_3.X" StructureKind="resource" NumEvents="260" CreationCount="11"/><InteractionEvent Delta="null" EndDate="2014-11-24 11:24:45.21 JST" Interest="1.0" Kind="selection" Navigation="null" OriginId="org.eclipse.ui.navigator.ProjectExplorer" StartDate="2014-11-24 11:24:45.21 JST" StructureHandle="/Embedded/D-100~/D-108_Aoki_TMR0/D-108_v_2_5_2/D-108_v_2_5_2.X" StructureKind="resource"/><InteractionEvent Delta="null" EndDate="2014-11-24 11:32:14.393 JST" Interest="45.417" Kind="propagation" Navigation="org.eclipse.mylyn.core.model.edges.containment" OriginId="org.eclipse.mylyn.core.model.interest.propagation" StartDate="2014-11-24 11:24:48.206 JST" StructureHandle="/Embedded/D-100~/D-108_Aoki_TMR0/D-108_v_2_5_2/D-108_v_2_5_2.X" StructureKind="resource" NumEvents="53" CreationCount="150"/><InteractionEvent Delta="null" EndDate="2014-11-24 11:56:06.919 JST" Interest="12.0" Kind="selection" Navigation="null" OriginId="org.eclipse.cdt.ui.editor.CEditor" StartDate="2014-11-23 16:52:44.966 JST" StructureHandle="/Embedded/D-100~/D-108_Aoki_TMR0/D-108_v_2_5_3/D-108_v_2_5_3.X/D-108_v_2_5_3.c" StructureKind="resource" NumEvents="12" CreationCount="13"/><InteractionEvent Delta="null" EndDate="2014-11-24 11:56:06.942 JST" Interest="192.0" Kind="edit" Navigation="null" OriginId="org.eclipse.cdt.ui.editor.CEditor" StartDate="2014-11-23 16:52:45.159 JST" StructureHandle="/Embedded/D-100~/D-108_Aoki_TMR0/D-108_v_2_5_3/D-108_v_2_5_3.X/D-108_v_2_5_3.c" StructureKind="resource" NumEvents="192" CreationCount="13"/><InteractionEvent Delta="null" EndDate="2014-11-24 11:56:06.941 JST" Interest="57.0" Kind="propagation" Navigation="null" OriginId="org.eclipse.cdt.ui.editor.CEditor" StartDate="2014-11-23 16:52:45.157 JST" StructureHandle="/Embedded/D-100~/D-108_Aoki_TMR0/D-108_v_2_5_3/D-108_v_2_5_3.X/D-108_v_2_5_3.c" StructureKind="resource" NumEvents="57" CreationCount="13"/></InteractionHistory>