<?xml version="1.0" encoding="UTF-8"?><InteractionHistory Id="local-24" Version="1"><InteractionEvent Delta="null" EndDate="2014-09-19 22:14:35.296 JST" Interest="101.9" Kind="propagation" Navigation="org.eclipse.mylyn.core.model.edges.containment" OriginId="org.eclipse.mylyn.core.model.interest.propagation" StartDate="2014-09-19 19:21:16.462 JST" StructureHandle="" StructureKind="c/c++" NumEvents="143" CreationCount="1"/><InteractionEvent Delta="null" EndDate="2014-09-19 22:07:42.127 JST" Interest="1.0" Kind="selection" Navigation="null" OriginId="org.eclipse.ui.views.ResourceNavigator" StartDate="2014-09-19 22:07:42.127 JST" StructureHandle="/Cake_NR5/app/View/Elements/videos/index" StructureKind="resource"/><InteractionEvent Delta="null" EndDate="2014-09-19 22:14:18.156 JST" Interest="15.617001" Kind="propagation" Navigation="org.eclipse.mylyn.core.model.edges.containment" OriginId="org.eclipse.mylyn.core.model.interest.propagation" StartDate="2014-09-19 22:07:43.388 JST" StructureHandle="/Cake_NR5/app/View/Elements/videos/index" StructureKind="resource" NumEvents="19" CreationCount="194"/><InteractionEvent Delta="null" EndDate="2014-09-19 22:14:35.293 JST" Interest="117.0" Kind="edit" Navigation="null" OriginId="org.eclipse.php.editor" StartDate="2014-09-19 19:21:16.369 JST" StructureHandle="/Cake_NR5/app/View/Articles/index.ctp" StructureKind="resource" NumEvents="117" CreationCount="1"/><InteractionEvent Delta="null" EndDate="2014-09-19 22:14:19.781 JST" Interest="20.0" Kind="selection" Navigation="null" OriginId="org.eclipse.php.editor" StartDate="2014-09-19 19:21:16.795 JST" StructureHandle="/Cake_NR5/app/View/Articles/index.ctp" StructureKind="resource" NumEvents="20" CreationCount="1"/><InteractionEvent Delta="null" EndDate="2014-09-19 22:14:18.155 JST" Interest="8.0" Kind="edit" Navigation="null" OriginId="org.eclipse.php.editor" StartDate="2014-09-19 22:07:44.53 JST" StructureHandle="/Cake_NR5/app/View/Elements/videos/index/index_t_entries.ctp" StructureKind="resource" NumEvents="8" CreationCount="195"/><InteractionEvent Delta="null" EndDate="2014-09-19 22:14:18.130 JST" Interest="11.0" Kind="selection" Navigation="null" OriginId="org.eclipse.php.editor" StartDate="2014-09-19 22:07:43.387 JST" StructureHandle="/Cake_NR5/app/View/Elements/videos/index/index_t_entries.ctp" StructureKind="resource" NumEvents="11" CreationCount="195"/><InteractionEvent Delta="null" EndDate="2014-09-19 19:21:29.414 JST" Interest="1.0" Kind="selection" Navigation="null" OriginId="org.eclipse.ui.views.ResourceNavigator" StartDate="2014-09-19 19:21:29.414 JST" StructureHandle="=Cake_IFM11" StructureKind="c/c++"/><InteractionEvent Delta="null" EndDate="2014-09-19 22:06:45.685 JST" Interest="1.0" Kind="selection" Navigation="null" OriginId="org.eclipse.ui.views.ResourceNavigator" StartDate="2014-09-19 22:06:45.685 JST" StructureHandle="/Cake_NR5/app/View/Elements/articles/index" StructureKind="resource"/><InteractionEvent Delta="null" EndDate="2014-09-19 22:21:08.108 JST" Interest="95.268" Kind="propagation" Navigation="org.eclipse.mylyn.core.model.edges.containment" OriginId="org.eclipse.mylyn.core.model.interest.propagation" StartDate="2014-09-19 22:06:45.557 JST" StructureHandle="/Cake_NR5/app/View/Elements/articles/index" StructureKind="resource" NumEvents="125" CreationCount="183"/><InteractionEvent Delta="null" EndDate="2014-09-19 22:11:02.347 JST" Interest="3.0" Kind="selection" Navigation="null" OriginId="org.eclipse.ui.views.ResourceNavigator" StartDate="2014-09-19 22:06:35.845 JST" StructureHandle="/Cake_NR5/app/View/Elements/articles" StructureKind="resource" NumEvents="3" CreationCount="182"/><InteractionEvent Delta="null" EndDate="2014-09-19 22:21:08.108 JST" Interest="93.285" Kind="propagation" Navigation="org.eclipse.mylyn.core.model.edges.containment" OriginId="org.eclipse.mylyn.core.model.interest.propagation" StartDate="2014-09-19 22:06:35.601 JST" StructureHandle="/Cake_NR5/app/View/Elements/articles" StructureKind="resource" NumEvents="124" CreationCount="182"/><InteractionEvent Delta="null" EndDate="2014-09-19 22:21:08.109 JST" Interest="450.0" Kind="propagation" Navigation="null" OriginId="org.eclipse.php.editor" StartDate="2014-09-19 19:21:16.462 JST" StructureHandle="/Cake_NR5" StructureKind="resource" NumEvents="450" CreationCount="1"/><InteractionEvent Delta="null" EndDate="2014-09-19 22:07:29.853 JST" Interest="4.0" Kind="selection" Navigation="null" OriginId="org.eclipse.php.ui.explorer" StartDate="2014-09-19 22:07:13.228 JST" StructureHandle="/Cake_NR5/app/View/Elements/articles/index/_idx_t_entries" StructureKind="resource" NumEvents="4" CreationCount="184"/><InteractionEvent Delta="null" EndDate="2014-09-19 22:07:11.679 JST" Interest="1.0" Kind="propagation" Navigation="null" OriginId="org.eclipse.mylyn.resources.ui.interest.updater" StartDate="2014-09-19 22:07:11.679 JST" StructureHandle="/Cake_NR5/app/View/Elements/articles/index/_idx_t_entries" StructureKind="resource"/><InteractionEvent Delta="null" EndDate="2014-09-19 22:06:11.701 JST" Interest="1.0" Kind="selection" Navigation="null" OriginId="org.eclipse.ui.views.ResourceNavigator" StartDate="2014-09-19 22:06:11.701 JST" StructureHandle="/Cake_NR5/app/View" StructureKind="resource"/><InteractionEvent Delta="null" EndDate="2014-09-19 22:14:35.294 JST" Interest="100.9" Kind="propagation" Navigation="org.eclipse.mylyn.core.model.edges.containment" OriginId="org.eclipse.mylyn.core.model.interest.propagation" StartDate="2014-09-19 19:21:16.434 JST" StructureHandle="/Cake_NR5/app/View" StructureKind="resource" NumEvents="136" CreationCount="1"/><InteractionEvent Delta="null" EndDate="2014-09-19 19:21:31.398 JST" Interest="1.0" Kind="selection" Navigation="null" OriginId="org.eclipse.ui.views.ResourceNavigator" StartDate="2014-09-19 19:21:31.398 JST" StructureHandle="=Cake_NR5" StructureKind="c/c++"/><InteractionEvent Delta="null" EndDate="2014-09-19 22:14:35.295 JST" Interest="100.9" Kind="propagation" Navigation="org.eclipse.mylyn.core.model.edges.containment" OriginId="org.eclipse.mylyn.core.model.interest.propagation" StartDate="2014-09-19 19:21:16.460 JST" StructureHandle="=Cake_NR5" StructureKind="c/c++" NumEvents="142" CreationCount="1"/><InteractionEvent Delta="null" EndDate="2014-09-19 22:21:08.110 JST" Interest="451.0" Kind="propagation" Navigation="null" OriginId="org.eclipse.php.editor" StartDate="2014-09-19 19:21:16.462 JST" StructureHandle="/" StructureKind="resource" NumEvents="451" CreationCount="1"/><InteractionEvent Delta="null" EndDate="2014-09-19 21:13:56.988 JST" Interest="110.0" Kind="edit" Navigation="null" OriginId="org.eclipse.php.editor" StartDate="2014-09-19 19:22:00.215 JST" StructureHandle="/Cake_NR5/app/Controller/ArticlesController.php" StructureKind="resource" NumEvents="110" CreationCount="7"/><InteractionEvent Delta="null" EndDate="2014-09-19 19:26:44.103 JST" Interest="3.0" Kind="selection" Navigation="null" OriginId="org.eclipse.php.editor" StartDate="2014-09-19 19:22:00.183 JST" StructureHandle="/Cake_NR5/app/Controller/ArticlesController.php" StructureKind="resource" NumEvents="3" CreationCount="7"/><InteractionEvent Delta="null" EndDate="2014-09-19 22:06:16.180 JST" Interest="1.0" Kind="selection" Navigation="null" OriginId="org.eclipse.ui.views.ResourceNavigator" StartDate="2014-09-19 22:06:16.180 JST" StructureHandle="/Cake_NR5/app/View/Elements" StructureKind="resource"/><InteractionEvent Delta="null" EndDate="2014-09-19 22:21:08.109 JST" Interest="95.285" Kind="propagation" Navigation="org.eclipse.mylyn.core.model.edges.containment" OriginId="org.eclipse.mylyn.core.model.interest.propagation" StartDate="2014-09-19 22:06:35.846 JST" StructureHandle="/Cake_NR5/app/View/Elements" StructureKind="resource" NumEvents="127" CreationCount="182"/><InteractionEvent Delta="null" EndDate="2014-09-19 21:13:56.990 JST" Interest="80.0" Kind="propagation" Navigation="org.eclipse.mylyn.core.model.edges.containment" OriginId="org.eclipse.mylyn.core.model.interest.propagation" StartDate="2014-09-19 19:22:00.184 JST" StructureHandle="/Cake_NR5/app/Controller" StructureKind="resource" NumEvents="113" CreationCount="7"/><InteractionEvent Delta="null" EndDate="2014-09-19 22:07:47.926 JST" Interest="1.0" Kind="selection" Navigation="null" OriginId="org.eclipse.ui.views.ResourceNavigator" StartDate="2014-09-19 22:07:47.926 JST" StructureHandle="/Cake_NR5/app/View/Videos" StructureKind="resource"/><InteractionEvent Delta="null" EndDate="2014-09-19 22:14:15.442 JST" Interest="27.616999" Kind="propagation" Navigation="org.eclipse.mylyn.core.model.edges.containment" OriginId="org.eclipse.mylyn.core.model.interest.propagation" StartDate="2014-09-19 22:07:49.529 JST" StructureHandle="/Cake_NR5/app/View/Videos" StructureKind="resource" NumEvents="34" CreationCount="202"/><InteractionEvent Delta="null" EndDate="2014-09-19 22:06:09.333 JST" Interest="2.0" Kind="selection" Navigation="null" OriginId="org.eclipse.ui.views.ResourceNavigator" StartDate="2014-09-19 22:06:09.332 JST" StructureHandle="/Cake_NR5/app" StructureKind="resource" NumEvents="2" CreationCount="1"/><InteractionEvent Delta="null" EndDate="2014-09-19 22:14:35.295 JST" Interest="99.9" Kind="propagation" Navigation="org.eclipse.mylyn.core.model.edges.containment" OriginId="org.eclipse.mylyn.core.model.interest.propagation" StartDate="2014-09-19 19:21:16.435 JST" StructureHandle="/Cake_NR5/app" StructureKind="resource" NumEvents="140" CreationCount="1"/><InteractionEvent Delta="null" EndDate="2014-09-19 22:09:39.722 JST" Interest="2.0" Kind="selection" Navigation="null" OriginId="org.eclipse.ui.views.ResourceNavigator" StartDate="2014-09-19 22:06:15.669 JST" StructureHandle="/Cake_NR5/app/View/Articles" StructureKind="resource" NumEvents="2" CreationCount="1"/><InteractionEvent Delta="null" EndDate="2014-09-19 22:14:35.294 JST" Interest="99.9" Kind="propagation" Navigation="org.eclipse.mylyn.core.model.edges.containment" OriginId="org.eclipse.mylyn.core.model.interest.propagation" StartDate="2014-09-19 19:21:16.433 JST" StructureHandle="/Cake_NR5/app/View/Articles" StructureKind="resource" NumEvents="135" CreationCount="1"/><InteractionEvent Delta="null" EndDate="2014-09-19 22:14:15.441 JST" Interest="18.0" Kind="edit" Navigation="null" OriginId="org.eclipse.php.editor" StartDate="2014-09-19 22:07:50.117 JST" StructureHandle="/Cake_NR5/app/View/Videos/index.ctp" StructureKind="resource" NumEvents="18" CreationCount="203"/><InteractionEvent Delta="null" EndDate="2014-09-19 22:14:15.414 JST" Interest="16.0" Kind="selection" Navigation="null" OriginId="org.eclipse.php.editor" StartDate="2014-09-19 22:07:49.528 JST" StructureHandle="/Cake_NR5/app/View/Videos/index.ctp" StructureKind="resource" NumEvents="16" CreationCount="203"/><InteractionEvent Delta="null" EndDate="2014-09-19 19:21:29.415 JST" Interest="1.0" Kind="propagation" Navigation="null" OriginId="org.eclipse.ui.views.ResourceNavigator" StartDate="2014-09-19 19:21:29.415 JST" StructureHandle="/Cake_IFM11" StructureKind="resource"/><InteractionEvent Delta="null" EndDate="2014-09-19 22:09:47.122 JST" Interest="1.0" Kind="selection" Navigation="null" OriginId="org.eclipse.ui.views.ResourceNavigator" StartDate="2014-09-19 22:09:47.122 JST" StructureHandle="/Cake_NR5/app/View/Elements/videos/view" StructureKind="resource"/><InteractionEvent Delta="null" EndDate="2014-09-19 22:07:46.217 JST" Interest="1.0" Kind="selection" Navigation="null" OriginId="org.eclipse.ui.views.ResourceNavigator" StartDate="2014-09-19 22:07:46.217 JST" StructureHandle="/Cake_NR5/app/View/Elements/videos/video_view_controller.ctp" StructureKind="resource"/><InteractionEvent Delta="null" EndDate="2014-09-19 22:07:39.350 JST" Interest="1.0" Kind="selection" Navigation="null" OriginId="org.eclipse.ui.views.ResourceNavigator" StartDate="2014-09-19 22:07:39.350 JST" StructureHandle="/Cake_NR5/app/View/Elements/videos" StructureKind="resource"/><InteractionEvent Delta="null" EndDate="2014-09-19 22:14:18.157 JST" Interest="15.634001" Kind="propagation" Navigation="org.eclipse.mylyn.core.model.edges.containment" OriginId="org.eclipse.mylyn.core.model.interest.propagation" StartDate="2014-09-19 22:07:42.128 JST" StructureHandle="/Cake_NR5/app/View/Elements/videos" StructureKind="resource" NumEvents="20" CreationCount="193"/><InteractionEvent Delta="null" EndDate="2014-09-19 22:21:08.108 JST" Interest="96.0" Kind="edit" Navigation="null" OriginId="org.eclipse.php.editor" StartDate="2014-09-19 22:07:22.904 JST" StructureHandle="/Cake_NR5/app/View/Elements/articles/index/_idx_t_entries.ctp" StructureKind="resource" NumEvents="96" CreationCount="187"/><InteractionEvent Delta="null" EndDate="2014-09-19 22:21:08.100 JST" Interest="28.0" Kind="selection" Navigation="null" OriginId="org.eclipse.php.editor" StartDate="2014-09-19 22:07:53.981 JST" StructureHandle="/Cake_NR5/app/View/Elements/articles/index/_idx_t_entries.ctp" StructureKind="resource" NumEvents="28" CreationCount="187"/><InteractionEvent Delta="null" EndDate="2014-09-19 22:07:21.176 JST" Interest="1.0" Kind="propagation" Navigation="null" OriginId="org.eclipse.mylyn.resources.ui.interest.updater" StartDate="2014-09-19 22:07:21.176 JST" StructureHandle="/Cake_NR5/app/View/Elements/articles/index/_idx_t_entries.ctp" StructureKind="resource"/></InteractionHistory>