<?xml version="1.0" encoding="UTF-8"?><InteractionHistory Id="local-44" Version="1"><InteractionEvent Delta="null" EndDate="2014-09-25 21:47:32.380 JST" Interest="102.658" Kind="propagation" Navigation="org.eclipse.mylyn.core.model.edges.containment" OriginId="org.eclipse.mylyn.core.model.interest.propagation" StartDate="2014-09-25 16:51:01.812 JST" StructureHandle="" StructureKind="c/c++" NumEvents="144" CreationCount="1"/><InteractionEvent Delta="null" EndDate="2014-09-25 17:01:49.322 JST" Interest="1.0" Kind="prediction" Navigation="null" OriginId="org.eclipse.mylyn.resources.ui.interest.updater" StartDate="2014-09-25 17:01:49.322 JST" StructureHandle="/Cake_NR5/app/tmp/cache/persistent/myapp_cake_core_file_map" StructureKind="resource"/><InteractionEvent Delta="null" EndDate="2014-09-25 19:09:12.619 JST" Interest="20.0" Kind="edit" Navigation="null" OriginId="org.eclipse.php.editor" StartDate="2014-09-25 19:04:13.561 JST" StructureHandle="/Cake_NR5/app/Controller/KeywordsController.php" StructureKind="resource" NumEvents="20" CreationCount="363"/><InteractionEvent Delta="null" EndDate="2014-09-25 19:09:12.567 JST" Interest="7.0" Kind="selection" Navigation="null" OriginId="org.eclipse.php.editor" StartDate="2014-09-25 19:04:13.106 JST" StructureHandle="/Cake_NR5/app/Controller/KeywordsController.php" StructureKind="resource" NumEvents="7" CreationCount="363"/><InteractionEvent Delta="null" EndDate="2014-09-25 18:53:30.980 JST" Interest="1.0" Kind="selection" Navigation="null" OriginId="org.eclipse.ui.views.ResourceNavigator" StartDate="2014-09-25 18:53:30.980 JST" StructureHandle="/Cake_NR5/app/View/Elements/layouts" StructureKind="resource"/><InteractionEvent Delta="null" EndDate="2014-09-25 19:07:53.204 JST" Interest="41.017" Kind="propagation" Navigation="org.eclipse.mylyn.core.model.edges.containment" OriginId="org.eclipse.mylyn.core.model.interest.propagation" StartDate="2014-09-25 18:53:34.311 JST" StructureHandle="/Cake_NR5/app/View/Elements/layouts" StructureKind="resource" NumEvents="57" CreationCount="260"/><InteractionEvent Delta="null" EndDate="2014-09-25 19:11:09.616 JST" Interest="1.0" Kind="propagation" Navigation="org.eclipse.mylyn.core.model.edges.containment" OriginId="org.eclipse.mylyn.core.model.interest.propagation" StartDate="2014-09-25 19:11:09.616 JST" StructureHandle="/Cake_NR5/app/webroot" StructureKind="resource"/><InteractionEvent Delta="null" EndDate="2014-09-25 19:06:21.510 JST" Interest="1.0" Kind="selection" Navigation="null" OriginId="org.eclipse.ui.views.ResourceNavigator" StartDate="2014-09-25 19:06:21.510 JST" StructureHandle="/Cake_NR5/app/Controller/Component" StructureKind="resource"/><InteractionEvent Delta="null" EndDate="2014-09-25 17:01:12.611 JST" Interest="1.0" Kind="selection" Navigation="null" OriginId="org.eclipse.ui.views.ResourceNavigator" StartDate="2014-09-25 17:01:12.611 JST" StructureHandle="/Cake_NR5/app/Controller/VideosController.php" StructureKind="resource"/><InteractionEvent Delta="null" EndDate="2014-09-25 19:06:29.453 JST" Interest="1.0" Kind="selection" Navigation="null" OriginId="org.eclipse.ui.views.ResourceNavigator" StartDate="2014-09-25 19:06:29.453 JST" StructureHandle="/Cake_NR5/app/Lib/utils" StructureKind="resource"/><InteractionEvent Delta="null" EndDate="2014-09-25 21:47:42.408 JST" Interest="90.021" Kind="propagation" Navigation="org.eclipse.mylyn.core.model.edges.containment" OriginId="org.eclipse.mylyn.core.model.interest.propagation" StartDate="2014-09-25 19:06:31.419 JST" StructureHandle="/Cake_NR5/app/Lib/utils" StructureKind="resource" NumEvents="114" CreationCount="31"/><InteractionEvent Delta="null" EndDate="2014-09-25 17:01:49.335 JST" Interest="1.0" Kind="propagation" Navigation="org.eclipse.mylyn.core.model.edges.containment" OriginId="org.eclipse.mylyn.core.model.interest.propagation" StartDate="2014-09-25 17:01:49.335 JST" StructureHandle="/Cake_NR5/app/tmp/logs" StructureKind="resource"/><InteractionEvent Delta="null" EndDate="2014-09-25 19:20:20.790 JST" Interest="18.0" Kind="edit" Navigation="null" OriginId="org.eclipse.php.editor" StartDate="2014-09-25 19:08:10.636 JST" StructureHandle="/Cake_NR5/app/View/Keywords/add.ctp" StructureKind="resource" NumEvents="18" CreationCount="489"/><InteractionEvent Delta="null" EndDate="2014-09-25 19:20:20.754 JST" Interest="15.0" Kind="selection" Navigation="null" OriginId="org.eclipse.php.editor" StartDate="2014-09-25 19:08:10.285 JST" StructureHandle="/Cake_NR5/app/View/Keywords/add.ctp" StructureKind="resource" NumEvents="15" CreationCount="489"/><InteractionEvent Delta="null" EndDate="2014-09-25 18:53:22.200 JST" Interest="1.0" Kind="selection" Navigation="null" OriginId="org.eclipse.ui.views.ResourceNavigator" StartDate="2014-09-25 18:53:22.200 JST" StructureHandle="/Cake_NR5/app/View/Layouts" StructureKind="resource"/><InteractionEvent Delta="null" EndDate="2014-09-25 17:01:49.330 JST" Interest="1.0" Kind="propagation" Navigation="org.eclipse.mylyn.core.model.edges.containment" OriginId="org.eclipse.mylyn.core.model.interest.propagation" StartDate="2014-09-25 17:01:49.330 JST" StructureHandle="/Cake_NR5/app/tmp/cache" StructureKind="resource"/><InteractionEvent Delta="null" EndDate="2014-09-25 21:47:42.409 JST" Interest="693.0" Kind="propagation" Navigation="org.eclipse.mylyn.core.model.edges.containment" OriginId="org.eclipse.mylyn.core.model.interest.propagation" StartDate="2014-09-25 16:51:01.811 JST" StructureHandle="/" StructureKind="resource" NumEvents="693" CreationCount="1"/><InteractionEvent Delta="null" EndDate="2014-09-25 21:47:32.380 JST" Interest="102.658" Kind="propagation" Navigation="org.eclipse.mylyn.core.model.edges.containment" OriginId="org.eclipse.mylyn.core.model.interest.propagation" StartDate="2014-09-25 16:51:01.811 JST" StructureHandle="=Cake_NR5" StructureKind="c/c++" NumEvents="144" CreationCount="1"/><InteractionEvent Delta="null" EndDate="2014-09-25 17:01:53.153 JST" Interest="1.0" Kind="selection" Navigation="null" OriginId="org.eclipse.ui.views.ResourceNavigator" StartDate="2014-09-25 17:01:53.153 JST" StructureHandle="/Cake_NR5/app/View/TEMPLATES" StructureKind="resource"/><InteractionEvent Delta="null" EndDate="2014-09-25 19:07:53.3 JST" Interest="24.0" Kind="edit" Navigation="null" OriginId="org.eclipse.php.editor" StartDate="2014-09-25 17:02:01.590 JST" StructureHandle="/Cake_NR5/app/View/Historys/index.ctp" StructureKind="resource" NumEvents="24" CreationCount="173"/><InteractionEvent Delta="null" EndDate="2014-09-25 19:07:52.956 JST" Interest="11.0" Kind="selection" Navigation="null" OriginId="org.eclipse.php.editor" StartDate="2014-09-25 17:02:01.506 JST" StructureHandle="/Cake_NR5/app/View/Historys/index.ctp" StructureKind="resource" NumEvents="11" CreationCount="173"/><InteractionEvent Delta="null" EndDate="2014-09-25 17:01:57.787 JST" Interest="1.0" Kind="propagation" Navigation="null" OriginId="org.eclipse.mylyn.resources.ui.interest.updater" StartDate="2014-09-25 17:01:57.787 JST" StructureHandle="/Cake_NR5/app/View/Historys/index.ctp" StructureKind="resource"/><InteractionEvent Delta="null" EndDate="2014-09-25 19:07:03.471 JST" Interest="99.0" Kind="edit" Navigation="null" OriginId="org.eclipse.ui.DefaultTextEditor" StartDate="2014-09-25 16:51:06.304 JST" StructureHandle="/Cake_NR5/sql.txt" StructureKind="resource" NumEvents="99" CreationCount="9"/><InteractionEvent Delta="null" EndDate="2014-09-25 19:07:03.447 JST" Interest="8.0" Kind="selection" Navigation="null" OriginId="org.eclipse.ui.DefaultTextEditor" StartDate="2014-09-25 16:51:06.273 JST" StructureHandle="/Cake_NR5/sql.txt" StructureKind="resource" NumEvents="8" CreationCount="9"/><InteractionEvent Delta="null" EndDate="2014-09-25 19:11:09.615 JST" Interest="1.0" Kind="prediction" Navigation="null" OriginId="org.eclipse.mylyn.resources.ui.interest.updater" StartDate="2014-09-25 19:11:09.615 JST" StructureHandle="/Cake_NR5/app/webroot/development.sqlite3" StructureKind="resource"/><InteractionEvent Delta="null" EndDate="2014-09-25 17:01:49.325 JST" Interest="1.0" Kind="prediction" Navigation="null" OriginId="org.eclipse.mylyn.resources.ui.interest.updater" StartDate="2014-09-25 17:01:49.325 JST" StructureHandle="/Cake_NR5/app/tmp/cache/persistent/myapp_cake_core_method_cache" StructureKind="resource"/><InteractionEvent Delta="null" EndDate="2014-09-25 16:56:49.119 JST" Interest="1.0" Kind="selection" Navigation="null" OriginId="org.eclipse.ui.views.ResourceNavigator" StartDate="2014-09-25 16:56:49.119 JST" StructureHandle="/Cake_NR5/app/Controller/TemplateController.php" StructureKind="resource"/><InteractionEvent Delta="null" EndDate="2014-09-25 16:59:56.385 JST" Interest="1.0" Kind="selection" Navigation="null" OriginId="org.eclipse.ui.views.ResourceNavigator" StartDate="2014-09-25 16:59:56.385 JST" StructureHandle="/Cake_NR5/app/Model/Article.php" StructureKind="resource"/><InteractionEvent Delta="null" EndDate="2014-09-25 16:51:01.809 JST" Interest="1.0" Kind="selection" Navigation="null" OriginId="org.eclipse.ui.views.ResourceNavigator" StartDate="2014-09-25 16:51:01.809 JST" StructureHandle="/Cake_NR5/app/View/Keywords/js/add_KW__Genre_Changed.ctp" StructureKind="resource"/><InteractionEvent Delta="null" EndDate="2014-09-25 16:56:44.249 JST" Interest="1.0" Kind="selection" Navigation="null" OriginId="org.eclipse.ui.views.ResourceNavigator" StartDate="2014-09-25 16:56:44.249 JST" StructureHandle="/Cake_NR5/.settings" StructureKind="resource"/><InteractionEvent Delta="null" EndDate="2014-09-25 17:01:32.532 JST" Interest="12.0" Kind="edit" Navigation="null" OriginId="org.eclipse.php.editor" StartDate="2014-09-25 17:01:15.212 JST" StructureHandle="/Cake_NR5/app/Model/Category.php" StructureKind="resource" NumEvents="12" CreationCount="129"/><InteractionEvent Delta="null" EndDate="2014-09-25 17:01:46.714 JST" Interest="4.0" Kind="selection" Navigation="null" OriginId="org.eclipse.ui.views.ResourceNavigator" StartDate="2014-09-25 17:00:00.506 JST" StructureHandle="/Cake_NR5/app/Model/Category.php" StructureKind="resource" NumEvents="4" CreationCount="129"/><InteractionEvent Delta="null" EndDate="2014-09-25 21:47:42.409 JST" Interest="693.0" Kind="propagation" Navigation="null" OriginId="org.eclipse.php.editor" StartDate="2014-09-25 16:51:01.811 JST" StructureHandle="/Cake_NR5" StructureKind="resource" NumEvents="693" CreationCount="1"/><InteractionEvent Delta="null" EndDate="2014-09-25 17:01:49.330 JST" Interest="1.0" Kind="propagation" Navigation="org.eclipse.mylyn.core.model.edges.containment" OriginId="org.eclipse.mylyn.core.model.interest.propagation" StartDate="2014-09-25 17:01:49.330 JST" StructureHandle="/Cake_NR5/app/tmp/cache/persistent" StructureKind="resource"/><InteractionEvent Delta="null" EndDate="2014-09-25 17:01:50.283 JST" Interest="1.8730001" Kind="manipulation" Navigation="null" OriginId="org.eclipse.mylyn.core.model.interest.decay.correction" StartDate="2014-09-25 17:01:50.283 JST" StructureHandle="/Cake_NR5/app/View" StructureKind="resource"/><InteractionEvent Delta="null" EndDate="2014-09-25 17:01:53.483 JST" Interest="2.0" Kind="selection" Navigation="null" OriginId="org.eclipse.ui.views.ResourceNavigator" StartDate="2014-09-25 17:01:50.283 JST" StructureHandle="/Cake_NR5/app/View" StructureKind="resource" NumEvents="2" CreationCount="1"/><InteractionEvent Delta="null" EndDate="2014-09-25 19:08:57.766 JST" Interest="50.116" Kind="propagation" Navigation="org.eclipse.mylyn.core.model.edges.containment" OriginId="org.eclipse.mylyn.core.model.interest.propagation" StartDate="2014-09-25 16:51:01.810 JST" StructureHandle="/Cake_NR5/app/View" StructureKind="resource" NumEvents="68" CreationCount="1"/><InteractionEvent Delta="null" EndDate="2014-09-25 21:47:32.378 JST" Interest="122.0" Kind="edit" Navigation="null" OriginId="org.eclipse.php.editor" StartDate="2014-09-25 16:57:08.64 JST" StructureHandle="/Cake_NR5/app/Controller/HistorysController.php" StructureKind="resource" NumEvents="122" CreationCount="75"/><InteractionEvent Delta="null" EndDate="2014-09-25 21:47:32.334 JST" Interest="15.0" Kind="selection" Navigation="null" OriginId="org.eclipse.php.editor" StartDate="2014-09-25 16:57:05.169 JST" StructureHandle="/Cake_NR5/app/Controller/HistorysController.php" StructureKind="resource" NumEvents="15" CreationCount="75"/><InteractionEvent Delta="null" EndDate="2014-09-25 16:57:02.610 JST" Interest="1.0" Kind="propagation" Navigation="null" OriginId="org.eclipse.mylyn.resources.ui.interest.updater" StartDate="2014-09-25 16:57:02.610 JST" StructureHandle="/Cake_NR5/app/Controller/HistorysController.php" StructureKind="resource"/><InteractionEvent Delta="null" EndDate="2014-09-25 19:17:35.671 JST" Interest="2.0" Kind="selection" Navigation="null" OriginId="org.eclipse.ui.views.ResourceNavigator" StartDate="2014-09-25 18:53:29.719 JST" StructureHandle="/Cake_NR5/app/View/Elements" StructureKind="resource" NumEvents="2" CreationCount="259"/><InteractionEvent Delta="null" EndDate="2014-09-25 19:07:53.204 JST" Interest="41.033997" Kind="propagation" Navigation="org.eclipse.mylyn.core.model.edges.containment" OriginId="org.eclipse.mylyn.core.model.interest.propagation" StartDate="2014-09-25 18:53:30.980 JST" StructureHandle="/Cake_NR5/app/View/Elements" StructureKind="resource" NumEvents="58" CreationCount="259"/><InteractionEvent Delta="null" EndDate="2014-09-25 21:47:34.341 JST" Interest="4.2530003" Kind="manipulation" Navigation="null" OriginId="org.eclipse.mylyn.core.model.interest.decay.correction" StartDate="2014-09-25 21:47:34.341 JST" StructureHandle="/Cake_NR5/app/View/Historys/view.ctp" StructureKind="resource"/><InteractionEvent Delta="null" EndDate="2014-09-25 21:47:34.367 JST" Interest="1.0" Kind="edit" Navigation="null" OriginId="org.eclipse.php.editor" StartDate="2014-09-25 21:47:34.367 JST" StructureHandle="/Cake_NR5/app/View/Historys/view.ctp" StructureKind="resource"/><InteractionEvent Delta="null" EndDate="2014-09-25 21:47:34.340 JST" Interest="1.0" Kind="selection" Navigation="null" OriginId="org.eclipse.php.editor" StartDate="2014-09-25 21:47:34.340 JST" StructureHandle="/Cake_NR5/app/View/Historys/view.ctp" StructureKind="resource"/><InteractionEvent Delta="null" EndDate="2014-09-25 17:01:57.785 JST" Interest="1.0" Kind="propagation" Navigation="null" OriginId="org.eclipse.mylyn.resources.ui.interest.updater" StartDate="2014-09-25 17:01:57.785 JST" StructureHandle="/Cake_NR5/app/View/Historys/view.ctp" StructureKind="resource"/><InteractionEvent Delta="null" EndDate="2014-09-25 16:59:53.385 JST" Interest="1.0" Kind="selection" Navigation="null" OriginId="org.eclipse.ui.views.ResourceNavigator" StartDate="2014-09-25 16:59:53.385 JST" StructureHandle="/Cake_NR5/app/Locale" StructureKind="resource"/><InteractionEvent Delta="null" EndDate="2014-09-25 17:01:49.328 JST" Interest="1.0" Kind="prediction" Navigation="null" OriginId="org.eclipse.mylyn.resources.ui.interest.updater" StartDate="2014-09-25 17:01:49.328 JST" StructureHandle="/Cake_NR5/app/tmp/cache/persistent/myapp_cake_core_cake_dev_en-us" StructureKind="resource"/><InteractionEvent Delta="null" EndDate="2014-09-25 21:47:33.358 JST" Interest="1.7340001" Kind="propagation" Navigation="org.eclipse.mylyn.core.model.edges.containment" OriginId="org.eclipse.mylyn.core.model.interest.propagation" StartDate="2014-09-25 21:47:32.902 JST" StructureHandle="/Cake_NR5/app/View/Elements/historys" StructureKind="resource" NumEvents="3" CreationCount="672"/><InteractionEvent Delta="null" EndDate="2014-09-25 19:17:38.92 JST" Interest="7.0" Kind="selection" Navigation="null" OriginId="org.eclipse.ui.views.ResourceNavigator" StartDate="2014-09-25 16:51:01.824 JST" StructureHandle="/Cake_NR5/app" StructureKind="resource" NumEvents="7" CreationCount="1"/><InteractionEvent Delta="null" EndDate="2014-09-25 21:47:32.379 JST" Interest="95.658" Kind="propagation" Navigation="org.eclipse.mylyn.core.model.edges.containment" OriginId="org.eclipse.mylyn.core.model.interest.propagation" StartDate="2014-09-25 16:51:01.811 JST" StructureHandle="/Cake_NR5/app" StructureKind="resource" NumEvents="135" CreationCount="1"/><InteractionEvent Delta="null" EndDate="2014-09-25 16:51:04.518 JST" Interest="2.0" Kind="selection" Navigation="null" OriginId="org.eclipse.ui.views.ResourceNavigator" StartDate="2014-09-25 16:51:04.517 JST" StructureHandle="/Cake_NR5/test.php" StructureKind="resource" NumEvents="2" CreationCount="7"/><InteractionEvent Delta="null" EndDate="2014-09-25 18:53:14.269 JST" Interest="1.0" Kind="selection" Navigation="null" OriginId="org.eclipse.ui.views.ResourceNavigator" StartDate="2014-09-25 18:53:14.269 JST" StructureHandle="/Cake_NR5/app/View/Articles" StructureKind="resource"/><InteractionEvent Delta="null" EndDate="2014-09-25 16:51:01.809 JST" Interest="1.0" Kind="propagation" Navigation="org.eclipse.mylyn.core.model.edges.containment" OriginId="org.eclipse.mylyn.core.model.interest.propagation" StartDate="2014-09-25 16:51:01.809 JST" StructureHandle="/Cake_NR5/app/View/Keywords/js" StructureKind="resource"/><InteractionEvent Delta="null" EndDate="2014-09-25 19:17:41.602 JST" Interest="5.0" Kind="selection" Navigation="null" OriginId="org.eclipse.ui.views.ResourceNavigator" StartDate="2014-09-25 16:59:55.45 JST" StructureHandle="/Cake_NR5/app/Model" StructureKind="resource" NumEvents="5" CreationCount="126"/><InteractionEvent Delta="null" EndDate="2014-09-25 17:01:36.6 JST" Interest="13.9679985" Kind="propagation" Navigation="org.eclipse.mylyn.core.model.edges.containment" OriginId="org.eclipse.mylyn.core.model.interest.propagation" StartDate="2014-09-25 16:59:56.386 JST" StructureHandle="/Cake_NR5/app/Model" StructureKind="resource" NumEvents="20" CreationCount="126"/><InteractionEvent Delta="null" EndDate="2014-09-25 17:01:49.339 JST" Interest="1.0" Kind="propagation" Navigation="org.eclipse.mylyn.core.model.edges.containment" OriginId="org.eclipse.mylyn.core.model.interest.propagation" StartDate="2014-09-25 17:01:49.339 JST" StructureHandle="/Cake_NR5/app/tmp/cache/models" StructureKind="resource"/><InteractionEvent Delta="null" EndDate="2014-09-25 19:17:44.87 JST" Interest="1.0" Kind="selection" Navigation="null" OriginId="org.eclipse.ui.views.ResourceNavigator" StartDate="2014-09-25 19:17:44.87 JST" StructureHandle="/Cake_NR5/app/Model/Genre.php" StructureKind="resource"/><InteractionEvent Delta="null" EndDate="2014-09-25 17:01:36.5 JST" Interest="17.0" Kind="edit" Navigation="null" OriginId="org.eclipse.php.editor" StartDate="2014-09-25 17:00:08.923 JST" StructureHandle="/Cake_NR5/app/Model/History.php" StructureKind="resource" NumEvents="17" CreationCount="130"/><InteractionEvent Delta="null" EndDate="2014-09-25 17:01:35.970 JST" Interest="4.0" Kind="selection" Navigation="null" OriginId="org.eclipse.php.editor" StartDate="2014-09-25 17:00:08.853 JST" StructureHandle="/Cake_NR5/app/Model/History.php" StructureKind="resource" NumEvents="4" CreationCount="130"/><InteractionEvent Delta="null" EndDate="2014-09-25 17:00:06.704 JST" Interest="1.0" Kind="propagation" Navigation="null" OriginId="org.eclipse.mylyn.resources.ui.interest.updater" StartDate="2014-09-25 17:00:06.704 JST" StructureHandle="/Cake_NR5/app/Model/History.php" StructureKind="resource"/><InteractionEvent Delta="null" EndDate="2014-09-25 19:07:53.203 JST" Interest="50.0" Kind="edit" Navigation="null" OriginId="org.eclipse.php.editor" StartDate="2014-09-25 18:53:34.985 JST" StructureHandle="/Cake_NR5/app/View/Elements/layouts/links.ctp" StructureKind="resource" NumEvents="50" CreationCount="261"/><InteractionEvent Delta="null" EndDate="2014-09-25 19:07:53.169 JST" Interest="7.0" Kind="selection" Navigation="null" OriginId="org.eclipse.php.editor" StartDate="2014-09-25 18:53:34.309 JST" StructureHandle="/Cake_NR5/app/View/Elements/layouts/links.ctp" StructureKind="resource" NumEvents="7" CreationCount="261"/><InteractionEvent Delta="null" EndDate="2014-09-25 19:06:27.533 JST" Interest="1.0" Kind="selection" Navigation="null" OriginId="org.eclipse.ui.views.ResourceNavigator" StartDate="2014-09-25 19:06:27.533 JST" StructureHandle="/Cake_NR5/app/Lib" StructureKind="resource"/><InteractionEvent Delta="null" EndDate="2014-09-25 21:47:42.409 JST" Interest="82.694" Kind="propagation" Navigation="org.eclipse.mylyn.core.model.edges.containment" OriginId="org.eclipse.mylyn.core.model.interest.propagation" StartDate="2014-09-25 19:06:29.453 JST" StructureHandle="/Cake_NR5/app/Lib" StructureKind="resource" NumEvents="115" CreationCount="462"/><InteractionEvent Delta="null" EndDate="2014-09-25 19:08:00.367 JST" Interest="1.0" Kind="selection" Navigation="null" OriginId="org.eclipse.ui.views.ResourceNavigator" StartDate="2014-09-25 19:08:00.367 JST" StructureHandle="/Cake_NR5/app/Lib/utils/simple_html_dom.php" StructureKind="resource"/><InteractionEvent Delta="null" EndDate="2014-09-25 16:56:45.797 JST" Interest="1.0" Kind="selection" Navigation="null" OriginId="org.eclipse.ui.views.ResourceNavigator" StartDate="2014-09-25 16:56:45.797 JST" StructureHandle="/Cake_NR5/app/Config" StructureKind="resource"/><InteractionEvent Delta="null" EndDate="2014-09-25 17:01:49.331 JST" Interest="1.0" Kind="propagation" Navigation="org.eclipse.mylyn.core.model.edges.containment" OriginId="org.eclipse.mylyn.core.model.interest.propagation" StartDate="2014-09-25 17:01:49.331 JST" StructureHandle="/Cake_NR5/app/tmp" StructureKind="resource"/><InteractionEvent Delta="null" EndDate="2014-09-25 19:18:01.83 JST" Interest="15.099999" Kind="propagation" Navigation="org.eclipse.mylyn.core.model.edges.containment" OriginId="org.eclipse.mylyn.core.model.interest.propagation" StartDate="2014-09-25 19:12:14.681 JST" StructureHandle="/Cake_NR5/app/View/Helper" StructureKind="resource" NumEvents="19" CreationCount="542"/><InteractionEvent Delta="null" EndDate="2014-09-25 18:53:18.221 JST" Interest="2.0" Kind="selection" Navigation="null" OriginId="org.eclipse.ui.views.ResourceNavigator" StartDate="2014-09-25 17:02:00.659 JST" StructureHandle="/Cake_NR5/app/View/Historys" StructureKind="resource" NumEvents="2" CreationCount="173"/><InteractionEvent Delta="null" EndDate="2014-09-25 19:08:57.766 JST" Interest="49.065" Kind="propagation" Navigation="org.eclipse.mylyn.core.model.edges.containment" OriginId="org.eclipse.mylyn.core.model.interest.propagation" StartDate="2014-09-25 17:01:57.787 JST" StructureHandle="/Cake_NR5/app/View/Historys" StructureKind="resource" NumEvents="65" CreationCount="173"/><InteractionEvent Delta="null" EndDate="2014-09-25 18:58:35.546 JST" Interest="1.4650002" Kind="manipulation" Navigation="null" OriginId="org.eclipse.mylyn.core.model.interest.decay.correction" StartDate="2014-09-25 18:58:35.546 JST" StructureHandle="/Cake_NR5/app/View/Historys/add.ctp" StructureKind="resource"/><InteractionEvent Delta="null" EndDate="2014-09-25 19:08:57.766 JST" Interest="58.0" Kind="edit" Navigation="null" OriginId="org.eclipse.php.editor" StartDate="2014-09-25 18:58:35.954 JST" StructureHandle="/Cake_NR5/app/View/Historys/add.ctp" StructureKind="resource" NumEvents="58" CreationCount="173"/><InteractionEvent Delta="null" EndDate="2014-09-25 19:08:22.687 JST" Interest="8.0" Kind="selection" Navigation="null" OriginId="org.eclipse.php.editor" StartDate="2014-09-25 18:58:35.546 JST" StructureHandle="/Cake_NR5/app/View/Historys/add.ctp" StructureKind="resource" NumEvents="8" CreationCount="173"/><InteractionEvent Delta="null" EndDate="2014-09-25 17:01:57.786 JST" Interest="1.0" Kind="propagation" Navigation="null" OriginId="org.eclipse.mylyn.resources.ui.interest.updater" StartDate="2014-09-25 17:01:57.786 JST" StructureHandle="/Cake_NR5/app/View/Historys/add.ctp" StructureKind="resource"/><InteractionEvent Delta="null" EndDate="2014-09-25 21:47:32.924 JST" Interest="1.0" Kind="edit" Navigation="null" OriginId="org.eclipse.php.editor" StartDate="2014-09-25 21:47:32.924 JST" StructureHandle="/Cake_NR5/app/View/Elements/historys/index_t_entries.ctp" StructureKind="resource"/><InteractionEvent Delta="null" EndDate="2014-09-25 21:47:32.902 JST" Interest="1.0" Kind="selection" Navigation="null" OriginId="org.eclipse.php.editor" StartDate="2014-09-25 21:47:32.902 JST" StructureHandle="/Cake_NR5/app/View/Elements/historys/index_t_entries.ctp" StructureKind="resource"/><InteractionEvent Delta="null" EndDate="2014-09-25 21:47:33.357 JST" Interest="1.0" Kind="edit" Navigation="null" OriginId="org.eclipse.php.editor" StartDate="2014-09-25 21:47:33.357 JST" StructureHandle="/Cake_NR5/app/View/Elements/historys/index_t_headers.ctp" StructureKind="resource"/><InteractionEvent Delta="null" EndDate="2014-09-25 21:47:33.332 JST" Interest="1.0" Kind="selection" Navigation="null" OriginId="org.eclipse.php.editor" StartDate="2014-09-25 21:47:33.332 JST" StructureHandle="/Cake_NR5/app/View/Elements/historys/index_t_headers.ctp" StructureKind="resource"/><InteractionEvent Delta="null" EndDate="2014-09-25 19:18:01.82 JST" Interest="13.0" Kind="edit" Navigation="null" OriginId="org.eclipse.php.editor" StartDate="2014-09-25 19:12:14.760 JST" StructureHandle="/Cake_NR5/app/View/Helper/KeywordHelper.php" StructureKind="resource" NumEvents="13" CreationCount="542"/><InteractionEvent Delta="null" EndDate="2014-09-25 19:18:01.44 JST" Interest="6.0" Kind="selection" Navigation="null" OriginId="org.eclipse.php.editor" StartDate="2014-09-25 19:12:14.680 JST" StructureHandle="/Cake_NR5/app/View/Helper/KeywordHelper.php" StructureKind="resource" NumEvents="6" CreationCount="542"/><InteractionEvent Delta="null" EndDate="2014-09-25 19:17:39.425 JST" Interest="3.0" Kind="selection" Navigation="null" OriginId="org.eclipse.ui.views.ResourceNavigator" StartDate="2014-09-25 16:56:46.648 JST" StructureHandle="/Cake_NR5/app/Controller" StructureKind="resource" NumEvents="3" CreationCount="73"/><InteractionEvent Delta="null" EndDate="2014-09-25 21:47:32.378 JST" Interest="98.434" Kind="propagation" Navigation="org.eclipse.mylyn.core.model.edges.containment" OriginId="org.eclipse.mylyn.core.model.interest.propagation" StartDate="2014-09-25 16:56:49.120 JST" StructureHandle="/Cake_NR5/app/Controller" StructureKind="resource" NumEvents="137" CreationCount="73"/><InteractionEvent Delta="null" EndDate="2014-09-25 17:01:49.329 JST" Interest="1.0" Kind="prediction" Navigation="null" OriginId="org.eclipse.mylyn.resources.ui.interest.updater" StartDate="2014-09-25 17:01:49.329 JST" StructureHandle="/Cake_NR5/app/tmp/cache/models/myapp_cake_model_default_development_sqlite3_list" StructureKind="resource"/><InteractionEvent Delta="null" EndDate="2014-09-25 18:58:31.960 JST" Interest="1.0" Kind="selection" Navigation="null" OriginId="org.eclipse.ui.views.ResourceNavigator" StartDate="2014-09-25 18:58:31.960 JST" StructureHandle="/Cake_NR5/app/View/Elements/categories" StructureKind="resource"/><InteractionEvent Delta="null" EndDate="2014-09-25 19:11:10.978 JST" Interest="2.0" Kind="prediction" Navigation="null" OriginId="org.eclipse.mylyn.resources.ui.interest.updater" StartDate="2014-09-25 17:01:49.327 JST" StructureHandle="/Cake_NR5/app/tmp/logs/error.log" StructureKind="resource" NumEvents="2" CreationCount="170"/><InteractionEvent Delta="null" EndDate="2014-09-25 19:08:07.903 JST" Interest="6.262" Kind="manipulation" Navigation="null" OriginId="org.eclipse.mylyn.core.model.interest.decay.correction" StartDate="2014-09-25 19:04:09.887 JST" StructureHandle="/Cake_NR5/app/View/Keywords" StructureKind="resource" NumEvents="2" CreationCount="1"/><InteractionEvent Delta="null" EndDate="2014-09-25 19:08:07.903 JST" Interest="2.0" Kind="selection" Navigation="null" OriginId="org.eclipse.ui.views.ResourceNavigator" StartDate="2014-09-25 19:04:09.887 JST" StructureHandle="/Cake_NR5/app/View/Keywords" StructureKind="resource" NumEvents="2" CreationCount="1"/><InteractionEvent Delta="null" EndDate="2014-09-25 19:20:20.791 JST" Interest="27.633999" Kind="propagation" Navigation="org.eclipse.mylyn.core.model.edges.containment" OriginId="org.eclipse.mylyn.core.model.interest.propagation" StartDate="2014-09-25 16:51:01.810 JST" StructureHandle="/Cake_NR5/app/View/Keywords" StructureKind="resource" NumEvents="34" CreationCount="1"/><InteractionEvent Delta="null" EndDate="2014-09-25 19:17:32.689 JST" Interest="1.0" Kind="selection" Navigation="null" OriginId="org.eclipse.ui.views.ResourceNavigator" StartDate="2014-09-25 19:17:32.689 JST" StructureHandle="/Cake_NR5/app/View/Keywords/view.ctp" StructureKind="resource"/><InteractionEvent Delta="null" EndDate="2014-09-25 21:47:42.407 JST" Interest="100.0" Kind="edit" Navigation="null" OriginId="org.eclipse.php.editor" StartDate="2014-09-25 19:06:31.948 JST" StructureHandle="/Cake_NR5/app/Lib/utils/utils.php" StructureKind="resource" NumEvents="100" CreationCount="444"/><InteractionEvent Delta="null" EndDate="2014-09-25 21:47:42.390 JST" Interest="14.0" Kind="selection" Navigation="null" OriginId="org.eclipse.php.editor" StartDate="2014-09-25 19:06:31.419 JST" StructureHandle="/Cake_NR5/app/Lib/utils/utils.php" StructureKind="resource" NumEvents="14" CreationCount="444"/></InteractionHistory>