<?xml version="1.0" encoding="UTF-8" standalone="no"?><TaskList Version="2.0"><Task Active="false" ConnectorKind="local" CreationDate="2014-09-05 11:07:00.154 +0900" DueDate="" EndDate="2014-09-06 11:11:46.66 +0900" Estimated="0" Handle="local-11" IssueURL="" Kind="task" Label="D-2_model_Image_v-3.1_navigation-labels" LastModified="now" MarkReadPending="false" ModificationDate="" Notes="" NotifiedIncoming="true" Owner="local" Priority="P3" Reminded="false" RepositoryUrl="local" ScheduledEndDate="2014-09-06 23:59:59.999 +0900" ScheduledStartDate="2014-08-31 00:00:00.0 +0900" Stale="false" TaskId="11" offlineSyncState="SYNCHRONIZED"/><Task Active="false" ConnectorKind="local" CreationDate="2014-09-21 12:44:21.709 +0900" DueDate="" EndDate="2014-09-23 10:14:36.865 +0900" Estimated="0" Handle="local-32" IssueURL="" Kind="task" Label="D-6_db-Keyword_v-1.2_show-genre-name" LastModified="now" MarkReadPending="false" ModificationDate="" Notes="" NotifiedIncoming="true" Owner="local" Priority="P3" Reminded="false" RepositoryUrl="local" ScheduledEndDate="2014-09-27 23:59:59.999 +0900" ScheduledStartDate="2014-09-21 00:00:00.0 +0900" Stale="false" TaskId="32" offlineSyncState="SYNCHRONIZED"/><Task Active="false" ConnectorKind="local" CreationDate="2014-09-21 23:27:06.102 +0900" DueDate="" EndDate="2014-09-23 10:14:36.866 +0900" Estimated="0" Handle="local-35" IssueURL="" Kind="task" Label="D-8_read-csv_keywords_v-1.0" LastModified="now" MarkReadPending="false" ModificationDate="" Notes="" NotifiedIncoming="true" Owner="local" Priority="P3" Reminded="false" RepositoryUrl="local" ScheduledEndDate="2014-09-27 23:59:59.999 +0900" ScheduledStartDate="2014-09-21 00:00:00.0 +0900" Stale="false" TaskId="35" offlineSyncState="SYNCHRONIZED"/><Task Active="false" ConnectorKind="local" CreationDate="2014-08-27 13:15:51.126 +0900" DueDate="" EndDate="" Estimated="0" Handle="local-6" IssueURL="" Kind="task" Label="v-2.0_draw-boxes" LastModified="now" MarkReadPending="false" ModificationDate="" Notes="" NotifiedIncoming="true" Owner="local" Priority="P3" Reminded="false" RepositoryUrl="local" ScheduledEndDate="2014-08-30 23:59:59.999 +0900" ScheduledStartDate="2014-08-24 00:00:00.0 +0900" Stale="false" TaskId="6" offlineSyncState="SYNCHRONIZED"/><Task Active="false" ConnectorKind="local" CreationDate="2014-09-13 14:27:50.12 +0900" DueDate="" EndDate="" Estimated="0" Handle="local-19" IssueURL="" Kind="task" Label="D-93_PIC16_A/D-conversion_v-3.0" LastModified="now" MarkReadPending="false" ModificationDate="" Notes="" NotifiedIncoming="true" Owner="local" Priority="P3" Reminded="false" RepositoryUrl="local" ScheduledEndDate="2014-09-13 23:59:59.999 +0900" ScheduledStartDate="2014-09-07 00:00:00.0 +0900" Stale="false" TaskId="19" offlineSyncState="SYNCHRONIZED"/><Task Active="false" ConnectorKind="local" CreationDate="2014-09-07 21:03:44.772 +0900" DueDate="" EndDate="2014-09-08 11:05:21.283 +0900" Estimated="0" Handle="local-16" IssueURL="" Kind="task" Label="v-4.4_receiver_dispatch-3-patterns" LastModified="now" MarkReadPending="false" ModificationDate="" Notes="" NotifiedIncoming="true" Owner="local" Priority="P3" Reminded="false" RepositoryUrl="local" ScheduledEndDate="2014-09-13 23:59:59.999 +0900" ScheduledStartDate="2014-09-07 00:00:00.0 +0900" Stale="false" TaskId="16" offlineSyncState="SYNCHRONIZED"/><Task Active="false" ConnectorKind="local" CreationDate="2014-09-06 08:46:13.566 +0900" DueDate="" EndDate="2014-09-06 11:11:46.58 +0900" Estimated="0" Handle="local-14" IssueURL="" Kind="task" Label="D-2_model_Image_v-3.2_paginate-when-filtering" LastModified="now" MarkReadPending="false" ModificationDate="" Notes="" NotifiedIncoming="true" Owner="local" Priority="P3" Reminded="false" RepositoryUrl="local" ScheduledEndDate="2014-09-06 23:59:59.999 +0900" ScheduledStartDate="2014-08-31 00:00:00.0 +0900" Stale="false" TaskId="14" offlineSyncState="SYNCHRONIZED"/><Task Active="false" ConnectorKind="local" CreationDate="2014-09-21 10:56:04.299 +0900" DueDate="" EndDate="2014-09-23 10:14:36.865 +0900" Estimated="0" Handle="local-31" IssueURL="" Kind="task" Label="D-6_db-Keyword_v-1.1_helper" LastModified="now" MarkReadPending="false" ModificationDate="" Notes="" NotifiedIncoming="true" Owner="local" Priority="P3" Reminded="false" RepositoryUrl="local" ScheduledEndDate="2014-09-27 23:59:59.999 +0900" ScheduledStartDate="2014-09-21 00:00:00.0 +0900" Stale="false" TaskId="31" offlineSyncState="SYNCHRONIZED"/><Task Active="false" ConnectorKind="local" CreationDate="2014-09-13 16:29:49.156 +0900" DueDate="" EndDate="" Estimated="0" Handle="local-20" IssueURL="" Kind="task" Label="D-93_PIC16_A/D-conversion_v-4.0_hittech-c" LastModified="now" MarkReadPending="false" ModificationDate="" Notes="" NotifiedIncoming="true" Owner="local" Priority="P3" Reminded="false" RepositoryUrl="local" ScheduledEndDate="2014-09-13 23:59:59.999 +0900" ScheduledStartDate="2014-09-07 00:00:00.0 +0900" Stale="false" TaskId="20" offlineSyncState="SYNCHRONIZED"/><Task Active="false" ConnectorKind="local" CreationDate="2014-08-31 10:18:33.585 +0900" DueDate="" EndDate="2014-09-08 11:05:21.283 +0900" Estimated="0" Handle="local-7" IssueURL="" Kind="task" Label="v-1.0" LastModified="now" MarkReadPending="false" ModificationDate="" Notes="" NotifiedIncoming="true" Owner="local" Priority="P3" Reminded="false" RepositoryUrl="local" ScheduledEndDate="2014-09-06 23:59:59.999 +0900" ScheduledStartDate="2014-08-31 00:00:00.0 +0900" Stale="false" TaskId="7" offlineSyncState="SYNCHRONIZED"/><Task Active="false" ConnectorKind="local" CreationDate="2014-09-22 12:45:34.178 +0900" DueDate="" EndDate="2014-09-23 10:14:36.866 +0900" Estimated="0" Handle="local-36" IssueURL="" Kind="task" Label="D-9_build-articles-list_v-1.0" LastModified="now" MarkReadPending="false" ModificationDate="" Notes="" NotifiedIncoming="true" Owner="local" Priority="P3" Reminded="false" RepositoryUrl="local" ScheduledEndDate="2014-09-27 23:59:59.999 +0900" ScheduledStartDate="2014-09-21 00:00:00.0 +0900" Stale="false" TaskId="36" offlineSyncState="SYNCHRONIZED"/><Task Active="false" ConnectorKind="local" CreationDate="2014-09-24 06:52:42.444 +0900" DueDate="" EndDate="" Estimated="0" Handle="local-42" IssueURL="" Kind="task" Label="D-10_num-of-pages_v-1.0" LastModified="now" MarkReadPending="false" ModificationDate="" Notes="" NotifiedIncoming="true" Owner="local" Priority="P3" Reminded="false" RepositoryUrl="local" ScheduledEndDate="2014-09-27 23:59:59.999 +0900" ScheduledStartDate="2014-09-21 00:00:00.0 +0900" Stale="false" TaskId="42" offlineSyncState="SYNCHRONIZED"/><Task Active="false" ConnectorKind="local" CreationDate="2014-09-20 15:06:19.735 +0900" DueDate="" EndDate="2014-09-21 09:21:49.492 +0900" Estimated="0" Handle="local-26" IssueURL="" Kind="task" Label="D-3_db-Genre_v-1.0" LastModified="now" MarkReadPending="false" ModificationDate="" Notes="" NotifiedIncoming="true" Owner="local" Priority="P3" Reminded="false" RepositoryUrl="local" ScheduledEndDate="2014-09-20 23:59:59.999 +0900" ScheduledStartDate="2014-09-14 00:00:00.0 +0900" Stale="false" TaskId="26" offlineSyncState="SYNCHRONIZED"/><Task Active="false" ConnectorKind="local" CreationDate="2014-09-19 09:28:39.9 +0900" DueDate="" EndDate="2014-09-21 09:21:49.491 +0900" Estimated="0" Handle="local-22" IssueURL="" Kind="task" Label="D-2_db-Article_v-2.0_cont/view" LastModified="now" MarkReadPending="false" ModificationDate="" Notes="" NotifiedIncoming="true" Owner="local" Priority="P3" Reminded="false" RepositoryUrl="local" ScheduledEndDate="2014-09-20 23:59:59.999 +0900" ScheduledStartDate="2014-09-14 00:00:00.0 +0900" Stale="false" TaskId="22" offlineSyncState="SYNCHRONIZED"/><Task Active="false" ConnectorKind="local" CreationDate="2014-08-19 18:49:12.730 +0900" DueDate="" EndDate="2014-08-19 21:56:44.549 +0900" Estimated="0" Handle="local-4" IssueURL="" Kind="task" Label="D-3_setup_log_v-1.0" LastModified="now" MarkReadPending="false" ModificationDate="" Notes="" NotifiedIncoming="true" Owner="local" Priority="P3" Reminded="false" RepositoryUrl="local" ScheduledEndDate="2014-08-23 23:59:59.999 +0900" ScheduledStartDate="2014-08-17 00:00:00.0 +0900" Stale="false" TaskId="4" offlineSyncState="SYNCHRONIZED"/><Task Active="false" ConnectorKind="local" CreationDate="2014-09-01 15:22:00.490 +0900" DueDate="" EndDate="2014-09-08 11:05:21.283 +0900" Estimated="0" Handle="local-8" IssueURL="" Kind="task" Label="v-3.0_send-signals" LastModified="now" MarkReadPending="false" ModificationDate="" Notes="" NotifiedIncoming="true" Owner="local" Priority="P3" Reminded="false" RepositoryUrl="local" ScheduledEndDate="2014-09-06 23:59:59.999 +0900" ScheduledStartDate="2014-08-31 00:00:00.0 +0900" Stale="false" TaskId="8" offlineSyncState="SYNCHRONIZED"/><Task Active="false" ConnectorKind="local" CreationDate="2014-09-08 10:08:03.635 +0900" DueDate="" EndDate="2014-09-08 11:05:21.282 +0900" Estimated="0" Handle="local-17" IssueURL="" Kind="task" Label="v-4.6_7-patterns" LastModified="now" MarkReadPending="false" ModificationDate="" Notes="" NotifiedIncoming="true" Owner="local" Priority="P3" Reminded="false" RepositoryUrl="local" ScheduledEndDate="2014-09-13 23:59:59.999 +0900" ScheduledStartDate="2014-09-07 00:00:00.0 +0900" Stale="false" TaskId="17" offlineSyncState="SYNCHRONIZED"/><Task Active="false" ConnectorKind="local" CreationDate="2014-09-21 09:21:29.541 +0900" DueDate="" EndDate="2014-09-23 10:14:36.864 +0900" Estimated="0" Handle="local-30" IssueURL="" Kind="task" Label="D-6_db-Keyword_v-1.0" LastModified="now" MarkReadPending="false" ModificationDate="" Notes="" NotifiedIncoming="true" Owner="local" Priority="P3" Reminded="false" RepositoryUrl="local" ScheduledEndDate="2014-09-27 23:59:59.999 +0900" ScheduledStartDate="2014-09-21 00:00:00.0 +0900" Stale="false" TaskId="30" offlineSyncState="SYNCHRONIZED"/><Task Active="false" ConnectorKind="local" CreationDate="2014-09-05 22:45:03.520 +0900" DueDate="" EndDate="2014-09-08 11:05:21.283 +0900" Estimated="0" Handle="local-13" IssueURL="" Kind="task" Label="v-4.1_receive-reader" LastModified="now" MarkReadPending="false" ModificationDate="" Notes="" NotifiedIncoming="true" Owner="local" Priority="P3" Reminded="false" RepositoryUrl="local" ScheduledEndDate="2014-09-06 23:59:59.999 +0900" ScheduledStartDate="2014-08-31 00:00:00.0 +0900" Stale="false" TaskId="13" offlineSyncState="SYNCHRONIZED"/><Task Active="false" ConnectorKind="local" CreationDate="2014-09-08 11:05:26.540 +0900" DueDate="" EndDate="" Estimated="0" Handle="local-18" IssueURL="" Kind="task" Label="v-5.0_turn-on/off-3-LEDs_rcv" LastModified="now" MarkReadPending="false" ModificationDate="" Notes="" NotifiedIncoming="true" Owner="local" Priority="P3" Reminded="false" RepositoryUrl="local" ScheduledEndDate="2014-09-13 23:59:59.999 +0900" ScheduledStartDate="2014-09-07 00:00:00.0 +0900" Stale="false" TaskId="18" offlineSyncState="SYNCHRONIZED"/><Task Active="false" ConnectorKind="local" CreationDate="2014-09-01 20:17:28.671 +0900" DueDate="" EndDate="2014-09-06 11:11:46.67 +0900" Estimated="0" Handle="local-9" IssueURL="" Kind="task" Label="D-4_search_v-1.0" LastModified="now" MarkReadPending="false" ModificationDate="" Notes="" NotifiedIncoming="true" Owner="local" Priority="P3" Reminded="false" RepositoryUrl="local" ScheduledEndDate="2014-09-06 23:59:59.999 +0900" ScheduledStartDate="2014-08-31 00:00:00.0 +0900" Stale="false" TaskId="9" offlineSyncState="SYNCHRONIZED"/><Task Active="false" ConnectorKind="local" CreationDate="2014-08-19 15:37:01.75 +0900" DueDate="" EndDate="2014-08-19 21:56:44.547 +0900" Estimated="0" Handle="local-3" IssueURL="" Kind="task" Label="D-2_model_Image_v-1.1_controller" LastModified="now" MarkReadPending="false" ModificationDate="" Notes="" NotifiedIncoming="true" Owner="local" Priority="P3" Reminded="false" RepositoryUrl="local" ScheduledEndDate="2014-08-23 23:59:59.999 +0900" ScheduledStartDate="2014-08-17 00:00:00.0 +0900" Stale="false" TaskId="3" offlineSyncState="SYNCHRONIZED"/><Task Active="false" ConnectorKind="local" CreationDate="2014-09-19 12:38:47.840 +0900" DueDate="" EndDate="2014-09-21 09:21:49.491 +0900" Estimated="0" Handle="local-23" IssueURL="" Kind="task" Label="D-2_db-Article_v-3.0_show-articles" LastModified="now" MarkReadPending="false" ModificationDate="" Notes="" NotifiedIncoming="true" Owner="local" Priority="P3" Reminded="false" RepositoryUrl="local" ScheduledEndDate="2014-09-20 23:59:59.999 +0900" ScheduledStartDate="2014-09-14 00:00:00.0 +0900" Stale="false" TaskId="23" offlineSyncState="SYNCHRONIZED"/><Task Active="false" ConnectorKind="local" CreationDate="2014-09-23 09:19:41.848 +0900" DueDate="" EndDate="2014-09-23 10:14:36.864 +0900" Estimated="0" Handle="local-41" IssueURL="" Kind="task" Label="D-9_build-articles-list_v-3.0_other-genres" LastModified="now" MarkReadPending="false" ModificationDate="" Notes="" NotifiedIncoming="true" Owner="local" Priority="P3" Reminded="false" RepositoryUrl="local" ScheduledEndDate="2014-09-27 23:59:59.999 +0900" ScheduledStartDate="2014-09-21 00:00:00.0 +0900" Stale="false" TaskId="41" offlineSyncState="SYNCHRONIZED"/><Task Active="false" ConnectorKind="local" CreationDate="2014-08-19 07:05:14.674 +0900" DueDate="" EndDate="2014-08-19 21:56:44.548 +0900" Estimated="0" Handle="local-2" IssueURL="" Kind="task" Label="D-2_model_Image_v-1.0" LastModified="now" MarkReadPending="false" ModificationDate="" Notes="" NotifiedIncoming="true" Owner="local" Priority="P3" Reminded="false" RepositoryUrl="local" ScheduledEndDate="2014-08-23 23:59:59.999 +0900" ScheduledStartDate="2014-08-17 00:00:00.0 +0900" Stale="false" TaskId="2" offlineSyncState="SYNCHRONIZED"/><Task Active="false" ConnectorKind="local" CreationDate="2014-09-20 15:57:18.376 +0900" DueDate="" EndDate="2014-09-21 09:21:49.493 +0900" Estimated="0" Handle="local-27" IssueURL="" Kind="task" Label="D-4_input-box-&quot;Genre&quot;_v-1.0" LastModified="now" MarkReadPending="false" ModificationDate="" Notes="" NotifiedIncoming="true" Owner="local" Priority="P3" Reminded="false" RepositoryUrl="local" ScheduledEndDate="2014-09-20 23:59:59.999 +0900" ScheduledStartDate="2014-09-14 00:00:00.0 +0900" Stale="false" TaskId="27" offlineSyncState="SYNCHRONIZED"/><Task Active="false" ConnectorKind="local" CreationDate="2014-09-23 07:53:05.848 +0900" DueDate="" EndDate="2014-09-23 10:14:36.865 +0900" Estimated="0" Handle="local-40" IssueURL="" Kind="task" Label="D-9_build-articles-list_v-2.1_2-categories" LastModified="now" MarkReadPending="false" ModificationDate="" Notes="" NotifiedIncoming="true" Owner="local" Priority="P3" Reminded="false" RepositoryUrl="local" ScheduledEndDate="2014-09-27 23:59:59.999 +0900" ScheduledStartDate="2014-09-21 00:00:00.0 +0900" Stale="false" TaskId="40" offlineSyncState="SYNCHRONIZED"/><Task Active="false" ConnectorKind="local" CreationDate="2014-09-19 19:19:18.789 +0900" DueDate="" EndDate="2014-09-21 09:21:49.492 +0900" Estimated="0" Handle="local-24" IssueURL="" Kind="task" Label="D-2_db-Article_v-3.1_build-list" LastModified="now" MarkReadPending="false" ModificationDate="" Notes="" NotifiedIncoming="true" Owner="local" Priority="P3" Reminded="false" RepositoryUrl="local" ScheduledEndDate="2014-09-20 23:59:59.999 +0900" ScheduledStartDate="2014-09-14 00:00:00.0 +0900" Stale="false" TaskId="24" offlineSyncState="SYNCHRONIZED"/><Task Active="false" ConnectorKind="local" CreationDate="2014-09-21 08:03:17.173 +0900" DueDate="" EndDate="2014-09-21 09:21:49.493 +0900" Estimated="0" Handle="local-28" IssueURL="" Kind="task" Label="D-4_input-box-&quot;Genre&quot;_v-1.1_select-box" LastModified="now" MarkReadPending="false" ModificationDate="" Notes="" NotifiedIncoming="true" Owner="local" Priority="P3" Reminded="false" RepositoryUrl="local" ScheduledEndDate="2014-09-27 23:59:59.999 +0900" ScheduledStartDate="2014-09-21 00:00:00.0 +0900" Stale="false" TaskId="28" offlineSyncState="SYNCHRONIZED"/><Task Active="false" ConnectorKind="local" CreationDate="2014-09-19 08:25:31.131 +0900" DueDate="" EndDate="2014-09-21 09:21:49.490 +0900" Estimated="0" Handle="local-21" IssueURL="" Kind="task" Label="D-2_db-Article_v-1.0" LastModified="now" MarkReadPending="false" ModificationDate="" Notes="" NotifiedIncoming="true" Owner="local" Priority="P3" Reminded="false" RepositoryUrl="local" ScheduledEndDate="2014-09-20 23:59:59.999 +0900" ScheduledStartDate="2014-09-14 00:00:00.0 +0900" Stale="false" TaskId="21" offlineSyncState="SYNCHRONIZED"/><Task Active="true" ConnectorKind="local" CreationDate="2014-09-27 21:10:05.66 +0900" DueDate="" EndDate="" Estimated="0" Handle="local-47" Kind="task" Label="D-12_colorize-use-mecab_v-1.0" LastModified="now" MarkReadPending="false" ModificationDate="" Notes="" NotifiedIncoming="true" Owner="local" Priority="P3" Reminded="false" RepositoryUrl="local" ScheduledEndDate="2014-09-27 23:59:59.999 +0900" ScheduledStartDate="2014-09-21 00:00:00.0 +0900" Stale="false" TaskId="47" offlineSyncState="SYNCHRONIZED"/><Task Active="false" ConnectorKind="local" CreationDate="2014-09-21 08:18:51.811 +0900" DueDate="" EndDate="2014-09-21 09:21:49.493 +0900" Estimated="0" Handle="local-29" IssueURL="" Kind="task" Label="D-5_db-Category_v-1.0" LastModified="now" MarkReadPending="false" ModificationDate="" Notes="" NotifiedIncoming="true" Owner="local" Priority="P3" Reminded="false" RepositoryUrl="local" ScheduledEndDate="2014-09-27 23:59:59.999 +0900" ScheduledStartDate="2014-09-21 00:00:00.0 +0900" Stale="false" TaskId="29" offlineSyncState="SYNCHRONIZED"/><Task Active="false" ConnectorKind="local" CreationDate="2014-09-19 22:21:07.436 +0900" DueDate="" EndDate="2014-09-21 09:21:49.492 +0900" Estimated="0" Handle="local-25" IssueURL="" Kind="task" Label="D-2_db-Article_v-3.2_vendor,date" LastModified="now" MarkReadPending="false" ModificationDate="" Notes="" NotifiedIncoming="true" Owner="local" Priority="P3" Reminded="false" RepositoryUrl="local" ScheduledEndDate="2014-09-20 23:59:59.999 +0900" ScheduledStartDate="2014-09-14 00:00:00.0 +0900" Stale="false" TaskId="25" offlineSyncState="SYNCHRONIZED"/><Task Active="false" ConnectorKind="local" CreationDate="2014-08-14 21:41:28.558 +0900" DueDate="" EndDate="2014-08-19 21:56:44.548 +0900" Estimated="0" Handle="local-1" IssueURL="" Kind="task" Label="D-1_setup_2.0_create-db" LastModified="now" MarkReadPending="false" ModificationDate="" Notes="" NotifiedIncoming="true" Owner="local" Priority="P3" Reminded="false" RepositoryUrl="local" ScheduledEndDate="2014-08-16 23:59:59.999 +0900" ScheduledStartDate="2014-08-10 00:00:00.0 +0900" Stale="false" TaskId="1" offlineSyncState="SYNCHRONIZED"/><Task Active="false" ConnectorKind="local" CreationDate="2014-09-07 09:46:34.419 +0900" DueDate="" EndDate="2014-09-08 11:05:21.282 +0900" Estimated="0" Handle="local-15" IssueURL="" Kind="task" Label="v-4.4_reader+custom" LastModified="now" MarkReadPending="false" ModificationDate="" Notes="" NotifiedIncoming="true" Owner="local" Priority="P3" Reminded="false" RepositoryUrl="local" ScheduledEndDate="2014-09-13 23:59:59.999 +0900" ScheduledStartDate="2014-09-07 00:00:00.0 +0900" Stale="false" TaskId="15" offlineSyncState="SYNCHRONIZED"/><Task Active="false" ConnectorKind="local" CreationDate="2014-09-26 09:26:21.505 +0900" DueDate="" EndDate="" Estimated="0" Handle="local-46" IssueURL="" Kind="task" Label="D-11_history_v-2.1_save-content" LastModified="now" MarkReadPending="false" ModificationDate="" Notes="" NotifiedIncoming="true" Owner="local" Priority="P3" Reminded="false" RepositoryUrl="local" ScheduledEndDate="2014-09-27 23:59:59.999 +0900" ScheduledStartDate="2014-09-21 00:00:00.0 +0900" Stale="false" TaskId="46" offlineSyncState="SYNCHRONIZED"/><Task Active="false" ConnectorKind="local" CreationDate="2014-09-04 22:21:01.64 +0900" DueDate="" EndDate="2014-09-06 11:11:46.67 +0900" Estimated="0" Handle="local-10" IssueURL="" Kind="task" Label="D-2_model_Image_v-3.0_pagination" LastModified="now" MarkReadPending="false" ModificationDate="" Notes="" NotifiedIncoming="true" Owner="local" Priority="P3" Reminded="false" RepositoryUrl="local" ScheduledEndDate="2014-09-06 23:59:59.999 +0900" ScheduledStartDate="2014-08-31 00:00:00.0 +0900" Stale="false" TaskId="10" offlineSyncState="SYNCHRONIZED"/><Task Active="false" ConnectorKind="local" CreationDate="2014-09-22 15:14:50.961 +0900" DueDate="" EndDate="2014-09-23 10:14:36.868 +0900" Estimated="0" Handle="local-37" IssueURL="" Kind="task" Label="D-9_build-articles-list_v-1.1_all-categories" LastModified="now" MarkReadPending="false" ModificationDate="" Notes="" NotifiedIncoming="true" Owner="local" Priority="P3" Reminded="false" RepositoryUrl="local" ScheduledEndDate="2014-09-27 23:59:59.999 +0900" ScheduledStartDate="2014-09-21 00:00:00.0 +0900" Stale="false" TaskId="37" offlineSyncState="SYNCHRONIZED"/><Task Active="false" ConnectorKind="local" CreationDate="2014-09-25 21:47:40.256 +0900" DueDate="" EndDate="" Estimated="0" Handle="local-45" IssueURL="" Kind="task" Label="D-11_history_v-2.0_new-func_open-article" LastModified="now" MarkReadPending="false" ModificationDate="" Notes="" NotifiedIncoming="true" Owner="local" Priority="P3" Reminded="false" RepositoryUrl="local" ScheduledEndDate="2014-09-27 23:59:59.999 +0900" ScheduledStartDate="2014-09-21 00:00:00.0 +0900" Stale="false" TaskId="45" offlineSyncState="SYNCHRONIZED"/><Task Active="false" ConnectorKind="local" CreationDate="2014-09-21 15:15:46.619 +0900" DueDate="" EndDate="2014-09-23 10:14:36.867 +0900" Estimated="0" Handle="local-33" IssueURL="" Kind="task" Label="D-7_read-csv_categories_v-1.0" LastModified="now" MarkReadPending="false" ModificationDate="" Notes="" NotifiedIncoming="true" Owner="local" Priority="P3" Reminded="false" RepositoryUrl="local" ScheduledEndDate="2014-09-27 23:59:59.999 +0900" ScheduledStartDate="2014-09-21 00:00:00.0 +0900" Stale="false" TaskId="33" offlineSyncState="SYNCHRONIZED"/><Task Active="false" ConnectorKind="local" CreationDate="2014-09-22 15:33:00.381 +0900" DueDate="" EndDate="2014-09-23 10:14:36.868 +0900" Estimated="0" Handle="local-38" IssueURL="" Kind="task" Label="D-9_build-articles-list_v-1.2" LastModified="now" MarkReadPending="false" ModificationDate="" Notes="" NotifiedIncoming="true" Owner="local" Priority="P3" Reminded="false" RepositoryUrl="local" ScheduledEndDate="2014-09-27 23:59:59.999 +0900" ScheduledStartDate="2014-09-21 00:00:00.0 +0900" Stale="false" TaskId="38" offlineSyncState="SYNCHRONIZED"/><Task Active="false" ConnectorKind="local" CreationDate="2014-09-05 16:57:30.276 +0900" DueDate="" EndDate="2014-09-08 11:05:21.283 +0900" Estimated="0" Handle="local-12" IssueURL="" Kind="task" Label="v-3.1_signals_4-patterns" LastModified="now" MarkReadPending="false" ModificationDate="" Notes="" NotifiedIncoming="true" Owner="local" Priority="P3" Reminded="false" RepositoryUrl="local" ScheduledEndDate="2014-09-06 23:59:59.999 +0900" ScheduledStartDate="2014-08-31 00:00:00.0 +0900" Stale="false" TaskId="12" offlineSyncState="SYNCHRONIZED"/><Task Active="false" ConnectorKind="local" CreationDate="2014-08-26 21:00:08.738 +0900" DueDate="" EndDate="" Estimated="0" Handle="local-5" IssueURL="" Kind="task" Label="v-1.0" LastModified="now" MarkReadPending="false" ModificationDate="" Notes="" NotifiedIncoming="true" Owner="local" Priority="P3" Reminded="false" RepositoryUrl="local" ScheduledEndDate="2014-08-30 23:59:59.999 +0900" ScheduledStartDate="2014-08-24 00:00:00.0 +0900" Stale="false" TaskId="5" offlineSyncState="SYNCHRONIZED"/><Task Active="false" ConnectorKind="local" CreationDate="2014-09-22 15:54:03.124 +0900" DueDate="" EndDate="2014-09-23 10:14:36.867 +0900" Estimated="0" Handle="local-39" IssueURL="" Kind="task" Label="D-9_build-articles-list_v-2.0_2-categories" LastModified="now" MarkReadPending="false" ModificationDate="" Notes="" NotifiedIncoming="true" Owner="local" Priority="P3" Reminded="false" RepositoryUrl="local" ScheduledEndDate="2014-09-27 23:59:59.999 +0900" ScheduledStartDate="2014-09-21 00:00:00.0 +0900" Stale="false" TaskId="39" offlineSyncState="SYNCHRONIZED"/><Task Active="false" ConnectorKind="local" CreationDate="2014-09-25 13:28:17.583 +0900" DueDate="" EndDate="" Estimated="0" Handle="local-43" IssueURL="" Kind="task" Label="D-6_db-Keyword_v-3.0_lister-to-category-list" LastModified="now" MarkReadPending="false" ModificationDate="" Notes="" NotifiedIncoming="true" Owner="local" Priority="P3" Reminded="false" RepositoryUrl="local" ScheduledEndDate="2014-09-27 23:59:59.999 +0900" ScheduledStartDate="2014-09-21 00:00:00.0 +0900" Stale="false" TaskId="43" offlineSyncState="SYNCHRONIZED"/><Task Active="false" ConnectorKind="local" CreationDate="2014-09-21 16:38:20.982 +0900" DueDate="" EndDate="2014-09-23 10:14:36.867 +0900" Estimated="0" Handle="local-34" IssueURL="" Kind="task" Label="D-7_read-csv_categories_v-2.0_save-all" LastModified="now" MarkReadPending="false" ModificationDate="" Notes="" NotifiedIncoming="true" Owner="local" Priority="P3" Reminded="false" RepositoryUrl="local" ScheduledEndDate="2014-09-27 23:59:59.999 +0900" ScheduledStartDate="2014-09-21 00:00:00.0 +0900" Stale="false" TaskId="34" offlineSyncState="SYNCHRONIZED"/><Task Active="false" ConnectorKind="local" CreationDate="2014-09-25 16:50:42.505 +0900" DueDate="" EndDate="" Estimated="0" Handle="local-44" IssueURL="" Kind="task" Label="D-11_history_v-1.0" LastModified="now" MarkReadPending="false" ModificationDate="" Notes="" NotifiedIncoming="true" Owner="local" Priority="P3" Reminded="false" RepositoryUrl="local" ScheduledEndDate="2014-09-27 23:59:59.999 +0900" ScheduledStartDate="2014-09-21 00:00:00.0 +0900" Stale="false" TaskId="44" offlineSyncState="SYNCHRONIZED"/><TaskCategory Handle="handle-3" Name="Emb: D-91_remote-color-changer"><TaskReference Handle="local-7"/><TaskReference Handle="local-8"/><TaskReference Handle="local-12"/><TaskReference Handle="local-13"/><TaskReference Handle="local-15"/><TaskReference Handle="local-16"/><TaskReference Handle="local-17"/><TaskReference Handle="local-18"/></TaskCategory><TaskCategory Handle="handle-4" Name="Emb"><TaskReference Handle="local-19"/><TaskReference Handle="local-20"/></TaskCategory><TaskCategory Handle="handle-1" Name="Cake: IFM11"><TaskReference Handle="local-1"/><TaskReference Handle="local-2"/><TaskReference Handle="local-3"/><TaskReference Handle="local-4"/><TaskReference Handle="local-9"/><TaskReference Handle="local-10"/><TaskReference Handle="local-11"/><TaskReference Handle="local-14"/></TaskCategory><TaskCategory Handle="handle-2" Name="ODE: step1"><TaskReference Handle="local-5"/><TaskReference Handle="local-6"/></TaskCategory><TaskCategory Handle="handle-5" Name="Cake: NR5"><TaskReference Handle="local-21"/><TaskReference Handle="local-22"/><TaskReference Handle="local-23"/><TaskReference Handle="local-24"/><TaskReference Handle="local-25"/><TaskReference Handle="local-26"/><TaskReference Handle="local-27"/><TaskReference Handle="local-28"/><TaskReference Handle="local-29"/><TaskReference Handle="local-30"/><TaskReference Handle="local-31"/><TaskReference Handle="local-32"/><TaskReference Handle="local-33"/><TaskReference Handle="local-34"/><TaskReference Handle="local-35"/><TaskReference Handle="local-36"/><TaskReference Handle="local-37"/><TaskReference Handle="local-38"/><TaskReference Handle="local-39"/><TaskReference Handle="local-40"/><TaskReference Handle="local-41"/><TaskReference Handle="local-42"/><TaskReference Handle="local-43"/><TaskReference Handle="local-44"/><TaskReference Handle="local-45"/><TaskReference Handle="local-46"/><TaskReference Handle="local-47"/></TaskCategory><TaskCategory Handle="Uncategorized" Name="Uncategorized"/></TaskList>