<?xml version="1.0" encoding="UTF-8" standalone="no"?><TaskList Version="2.0"><Task Active="false" ConnectorKind="local" CreationDate="2014-08-27 13:15:51.126 +0900" DueDate="" EndDate="" Estimated="0" Handle="local-6" IssueURL="" Kind="task" Label="v-2.0_draw-boxes" LastModified="now" MarkReadPending="false" ModificationDate="" Notes="" NotifiedIncoming="true" Owner="local" Priority="P3" Reminded="false" RepositoryUrl="local" ScheduledEndDate="2014-08-30 23:59:59.999 +0900" ScheduledStartDate="2014-08-24 00:00:00.0 +0900" Stale="false" TaskId="6" offlineSyncState="SYNCHRONIZED"/><Task Active="false" ConnectorKind="local" CreationDate="2014-09-05 11:07:00.154 +0900" DueDate="" EndDate="" Estimated="0" Handle="local-11" IssueURL="" Kind="task" Label="D-2_model_Image_v-3.1_navigation-labels" LastModified="now" MarkReadPending="false" ModificationDate="" Notes="" NotifiedIncoming="true" Owner="local" Priority="P3" Reminded="false" RepositoryUrl="local" ScheduledEndDate="2014-09-06 23:59:59.999 +0900" ScheduledStartDate="2014-08-31 00:00:00.0 +0900" Stale="false" TaskId="11" offlineSyncState="SYNCHRONIZED"/><Task Active="false" ConnectorKind="local" CreationDate="2014-08-31 10:18:33.585 +0900" DueDate="" EndDate="" Estimated="0" Handle="local-7" IssueURL="" Kind="task" Label="v-1.0" LastModified="now" MarkReadPending="false" ModificationDate="" Notes="" NotifiedIncoming="true" Owner="local" Priority="P3" Reminded="false" RepositoryUrl="local" ScheduledEndDate="2014-09-06 23:59:59.999 +0900" ScheduledStartDate="2014-08-31 00:00:00.0 +0900" Stale="false" TaskId="7" offlineSyncState="SYNCHRONIZED"/><Task Active="false" ConnectorKind="local" CreationDate="2014-08-19 18:49:12.730 +0900" DueDate="" EndDate="2014-08-19 21:56:44.549 +0900" Estimated="0" Handle="local-4" IssueURL="" Kind="task" Label="D-3_setup_log_v-1.0" LastModified="now" MarkReadPending="false" ModificationDate="" Notes="" NotifiedIncoming="true" Owner="local" Priority="P3" Reminded="false" RepositoryUrl="local" ScheduledEndDate="2014-08-23 23:59:59.999 +0900" ScheduledStartDate="2014-08-17 00:00:00.0 +0900" Stale="false" TaskId="4" offlineSyncState="SYNCHRONIZED"/><Task Active="false" ConnectorKind="local" CreationDate="2014-09-01 15:22:00.490 +0900" DueDate="" EndDate="" Estimated="0" Handle="local-8" IssueURL="" Kind="task" Label="v-3.0_send-signals" LastModified="now" MarkReadPending="false" ModificationDate="" Notes="" NotifiedIncoming="true" Owner="local" Priority="P3" Reminded="false" RepositoryUrl="local" ScheduledEndDate="2014-09-06 23:59:59.999 +0900" ScheduledStartDate="2014-08-31 00:00:00.0 +0900" Stale="false" TaskId="8" offlineSyncState="SYNCHRONIZED"/><Task Active="true" ConnectorKind="local" CreationDate="2014-09-05 22:45:03.520 +0900" DueDate="" EndDate="" Estimated="0" Handle="local-13" Kind="task" Label="v-4.1_receive-reader" LastModified="now" MarkReadPending="false" ModificationDate="" Notes="" NotifiedIncoming="true" Owner="local" Priority="P3" Reminded="false" RepositoryUrl="local" ScheduledEndDate="2014-09-06 23:59:59.999 +0900" ScheduledStartDate="2014-08-31 00:00:00.0 +0900" Stale="false" TaskId="13" offlineSyncState="SYNCHRONIZED"/><Task Active="false" ConnectorKind="local" CreationDate="2014-09-01 20:17:28.671 +0900" DueDate="" EndDate="" Estimated="0" Handle="local-9" IssueURL="" Kind="task" Label="D-4_search_v-1.0" LastModified="now" MarkReadPending="false" ModificationDate="" Notes="" NotifiedIncoming="true" Owner="local" Priority="P3" Reminded="false" RepositoryUrl="local" ScheduledEndDate="2014-09-06 23:59:59.999 +0900" ScheduledStartDate="2014-08-31 00:00:00.0 +0900" Stale="false" TaskId="9" offlineSyncState="SYNCHRONIZED"/><Task Active="false" ConnectorKind="local" CreationDate="2014-08-19 15:37:01.75 +0900" DueDate="" EndDate="2014-08-19 21:56:44.547 +0900" Estimated="0" Handle="local-3" IssueURL="" Kind="task" Label="D-2_model_Image_v-1.1_controller" LastModified="now" MarkReadPending="false" ModificationDate="" Notes="" NotifiedIncoming="true" Owner="local" Priority="P3" Reminded="false" RepositoryUrl="local" ScheduledEndDate="2014-08-23 23:59:59.999 +0900" ScheduledStartDate="2014-08-17 00:00:00.0 +0900" Stale="false" TaskId="3" offlineSyncState="SYNCHRONIZED"/><Task Active="false" ConnectorKind="local" CreationDate="2014-08-19 07:05:14.674 +0900" DueDate="" EndDate="2014-08-19 21:56:44.548 +0900" Estimated="0" Handle="local-2" IssueURL="" Kind="task" Label="D-2_model_Image_v-1.0" LastModified="now" MarkReadPending="false" ModificationDate="" Notes="" NotifiedIncoming="true" Owner="local" Priority="P3" Reminded="false" RepositoryUrl="local" ScheduledEndDate="2014-08-23 23:59:59.999 +0900" ScheduledStartDate="2014-08-17 00:00:00.0 +0900" Stale="false" TaskId="2" offlineSyncState="SYNCHRONIZED"/><Task Active="false" ConnectorKind="local" CreationDate="2014-08-14 21:41:28.558 +0900" DueDate="" EndDate="2014-08-19 21:56:44.548 +0900" Estimated="0" Handle="local-1" IssueURL="" Kind="task" Label="D-1_setup_2.0_create-db" LastModified="now" MarkReadPending="false" ModificationDate="" Notes="" NotifiedIncoming="true" Owner="local" Priority="P3" Reminded="false" RepositoryUrl="local" ScheduledEndDate="2014-08-16 23:59:59.999 +0900" ScheduledStartDate="2014-08-10 00:00:00.0 +0900" Stale="false" TaskId="1" offlineSyncState="SYNCHRONIZED"/><Task Active="false" ConnectorKind="local" CreationDate="2014-09-04 22:21:01.64 +0900" DueDate="" EndDate="" Estimated="0" Handle="local-10" IssueURL="" Kind="task" Label="D-2_model_Image_v-3.0_pagination" LastModified="now" MarkReadPending="false" ModificationDate="" Notes="" NotifiedIncoming="true" Owner="local" Priority="P3" Reminded="false" RepositoryUrl="local" ScheduledEndDate="2014-09-06 23:59:59.999 +0900" ScheduledStartDate="2014-08-31 00:00:00.0 +0900" Stale="false" TaskId="10" offlineSyncState="SYNCHRONIZED"/><Task Active="false" ConnectorKind="local" CreationDate="2014-09-05 16:57:30.276 +0900" DueDate="" EndDate="" Estimated="0" Handle="local-12" IssueURL="" Kind="task" Label="v-3.1_signals_4-patterns" LastModified="now" MarkReadPending="false" ModificationDate="" Notes="" NotifiedIncoming="true" Owner="local" Priority="P3" Reminded="false" RepositoryUrl="local" ScheduledEndDate="2014-09-06 23:59:59.999 +0900" ScheduledStartDate="2014-08-31 00:00:00.0 +0900" Stale="false" TaskId="12" offlineSyncState="SYNCHRONIZED"/><Task Active="false" ConnectorKind="local" CreationDate="2014-08-26 21:00:08.738 +0900" DueDate="" EndDate="" Estimated="0" Handle="local-5" IssueURL="" Kind="task" Label="v-1.0" LastModified="now" MarkReadPending="false" ModificationDate="" Notes="" NotifiedIncoming="true" Owner="local" Priority="P3" Reminded="false" RepositoryUrl="local" ScheduledEndDate="2014-08-30 23:59:59.999 +0900" ScheduledStartDate="2014-08-24 00:00:00.0 +0900" Stale="false" TaskId="5" offlineSyncState="SYNCHRONIZED"/><TaskCategory Handle="handle-3" Name="Emb: D-91_remote-color-changer"><TaskReference Handle="local-7"/><TaskReference Handle="local-8"/><TaskReference Handle="local-12"/><TaskReference Handle="local-13"/></TaskCategory><TaskCategory Handle="handle-1" Name="Cake: IFM11"><TaskReference Handle="local-1"/><TaskReference Handle="local-2"/><TaskReference Handle="local-3"/><TaskReference Handle="local-4"/><TaskReference Handle="local-9"/><TaskReference Handle="local-10"/><TaskReference Handle="local-11"/></TaskCategory><TaskCategory Handle="handle-2" Name="ODE: step1"><TaskReference Handle="local-5"/><TaskReference Handle="local-6"/></TaskCategory><TaskCategory Handle="Uncategorized" Name="Uncategorized"/></TaskList>