<?xml version="1.0" encoding="UTF-8"?><InteractionHistory Id="local-113" Version="1"><InteractionEvent Delta="null" EndDate="2014-12-11 20:01:54.4 JST" Interest="109.218994" Kind="propagation" Navigation="org.eclipse.mylyn.core.model.edges.containment" OriginId="org.eclipse.mylyn.core.model.interest.propagation" StartDate="2014-12-10 20:35:43.19 JST" StructureHandle="" StructureKind="c/c++" NumEvents="134" CreationCount="1"/><InteractionEvent Delta="null" EndDate="2014-12-10 20:37:20.342 JST" Interest="1.0" Kind="selection" Navigation="null" OriginId="org.eclipse.cdt.ui.editor.CEditor" StartDate="2014-12-10 20:37:20.342 JST" StructureHandle="=Embedded{D-100~\/D-111\/D-111_v_1_0\/D-111_stopwatch.X\/D-111_v_1_0.c[xc.h#75" StructureKind="c/c++"/><InteractionEvent Delta="null" EndDate="2014-12-11 20:01:53.993 JST" Interest="109.16799" Kind="propagation" Navigation="org.eclipse.mylyn.core.model.edges.containment" OriginId="org.eclipse.mylyn.core.model.interest.propagation" StartDate="2014-12-10 20:35:50.891 JST" StructureHandle="/Embedded/D-100~/D-111/D-111_v_1_0" StructureKind="resource" NumEvents="128" CreationCount="4"/><InteractionEvent Delta="null" EndDate="2014-12-11 20:01:54.1 JST" Interest="108.185" Kind="propagation" Navigation="org.eclipse.mylyn.core.model.edges.containment" OriginId="org.eclipse.mylyn.core.model.interest.propagation" StartDate="2014-12-10 20:35:50.892 JST" StructureHandle="/Embedded/D-100~/D-111" StructureKind="resource" NumEvents="128" CreationCount="3"/><InteractionEvent Delta="null" EndDate="2014-12-10 20:35:49.358 JST" Interest="1.0" Kind="selection" Navigation="null" OriginId="org.eclipse.ui.navigator.ProjectExplorer" StartDate="2014-12-10 20:35:49.358 JST" StructureHandle="/Embedded/D-100~/D-111" StructureKind="resource"/><InteractionEvent Delta="null" EndDate="2014-12-10 20:35:50.906 JST" Interest="4.0" Kind="propagation" Navigation="org.eclipse.mylyn.core.model.edges.containment" OriginId="org.eclipse.mylyn.core.model.interest.propagation" StartDate="2014-12-10 20:35:50.888 JST" StructureHandle="/Embedded/D-100~/D-111/D-111_v_1_0/D-111_stopwatch.X/build" StructureKind="resource" NumEvents="4" CreationCount="4"/><InteractionEvent Delta="null" EndDate="2014-12-10 20:36:08.788 JST" Interest="1.0" Kind="selection" Navigation="null" OriginId="org.eclipse.cdt.ui.editor.CEditor" StartDate="2014-12-10 20:36:08.788 JST" StructureHandle="=Embedded{D-100~\/D-111\/D-111_v_1_0\/D-111_stopwatch.X\/D-111_v_1_0.c[lib_v_1.h#75" StructureKind="c/c++"/><InteractionEvent Delta="null" EndDate="2014-12-10 20:38:26.117 JST" Interest="35.0" Kind="edit" Navigation="null" OriginId="org.eclipse.cdt.ui.editor.CEditor" StartDate="2014-12-10 20:35:55.467 JST" StructureHandle="=Embedded{D-100~\/D-111\/D-111_v_1_0\/D-111_stopwatch.X\/D-111_v_1_0.c" StructureKind="c/c++" NumEvents="35" CreationCount="10"/><InteractionEvent Delta="null" EndDate="2014-12-10 20:38:10.50 JST" Interest="5.0" Kind="selection" Navigation="null" OriginId="org.eclipse.cdt.ui.editor.CEditor" StartDate="2014-12-10 20:35:54.274 JST" StructureHandle="=Embedded{D-100~\/D-111\/D-111_v_1_0\/D-111_stopwatch.X\/D-111_v_1_0.c" StructureKind="c/c++" NumEvents="5" CreationCount="10"/><InteractionEvent Delta="null" EndDate="2014-12-10 20:36:05.898 JST" Interest="1.0" Kind="selection" Navigation="null" OriginId="org.eclipse.cdt.ui.editor.CEditor" StartDate="2014-12-10 20:36:05.898 JST" StructureHandle="=Embedded{D-100~\/D-111\/D-111_v_1_0\/D-111_stopwatch.X\/D-111_v_1_0.c[disp_v_1.h#75" StructureKind="c/c++"/><InteractionEvent Delta="null" EndDate="2014-12-11 20:01:54.4 JST" Interest="135.0" Kind="propagation" Navigation="org.eclipse.mylyn.core.model.edges.containment" OriginId="org.eclipse.mylyn.core.model.interest.propagation" StartDate="2014-12-10 20:35:43.19 JST" StructureHandle="/" StructureKind="resource" NumEvents="135" CreationCount="1"/><InteractionEvent Delta="null" EndDate="2014-12-11 20:01:41.274 JST" Interest="0.46200013" Kind="manipulation" Navigation="null" OriginId="org.eclipse.mylyn.core.model.interest.decay.correction" StartDate="2014-12-11 20:01:41.274 JST" StructureHandle="=Embedded{D-100~\/D-111\/D-111_v_1_0\/D-111_stopwatch.X\/D-111_v_1_0.c[_Setup_ANSEL#74(void" StructureKind="c/c++"/><InteractionEvent Delta="null" EndDate="2014-12-11 20:01:53.975 JST" Interest="1.0" Kind="edit" Navigation="null" OriginId="org.eclipse.cdt.ui.editor.CEditor" StartDate="2014-12-11 20:01:53.975 JST" StructureHandle="=Embedded{D-100~\/D-111\/D-111_v_1_0\/D-111_stopwatch.X\/D-111_v_1_0.c[_Setup_ANSEL#74(void" StructureKind="c/c++"/><InteractionEvent Delta="null" EndDate="2014-12-11 20:01:41.226 JST" Interest="2.0" Kind="selection" Navigation="null" OriginId="org.eclipse.cdt.ui.editor.CEditor" StartDate="2014-12-10 20:39:16.129 JST" StructureHandle="=Embedded{D-100~\/D-111\/D-111_v_1_0\/D-111_stopwatch.X\/D-111_v_1_0.c[_Setup_ANSEL#74(void" StructureKind="c/c++" NumEvents="2" CreationCount="45"/><InteractionEvent Delta="null" EndDate="2014-12-10 20:39:12.214 JST" Interest="13.0" Kind="edit" Navigation="null" OriginId="org.eclipse.cdt.ui.editor.CEditor" StartDate="2014-12-10 20:38:45.242 JST" StructureHandle="=Embedded{D-100~\/D-111\/D-111_v_1_0\/D-111_stopwatch.X\/D-111_v_1_0.c[main#74(void" StructureKind="c/c++" NumEvents="13" CreationCount="100"/><InteractionEvent Delta="null" EndDate="2014-12-10 20:38:28.316 JST" Interest="1.0" Kind="selection" Navigation="null" OriginId="org.eclipse.cdt.ui.editor.CEditor" StartDate="2014-12-10 20:38:28.316 JST" StructureHandle="=Embedded{D-100~\/D-111\/D-111_v_1_0\/D-111_stopwatch.X\/D-111_v_1_0.c[main#74(void" StructureKind="c/c++"/><InteractionEvent Delta="null" EndDate="2014-12-10 20:41:31.72 JST" Interest="1.0" Kind="selection" Navigation="null" OriginId="org.eclipse.cdt.ui.editor.CEditor" StartDate="2014-12-10 20:41:31.72 JST" StructureHandle="=Embedded{D-100~\/D-111\/D-111_v_1_0\/D-111_stopwatch.X\/D-111_v_1_0.c[_Setup#74(void" StructureKind="c/c++"/><InteractionEvent Delta="null" EndDate="2014-12-10 20:38:07.4 JST" Interest="1.0" Kind="selection" Navigation="null" OriginId="org.eclipse.cdt.ui.editor.CEditor" StartDate="2014-12-10 20:38:07.4 JST" StructureHandle="=Embedded{D-100~\/D-111\/D-111_v_1_0\/D-111_stopwatch.X\/D-111_v_1_0.c[get_ADC_Values#73(void" StructureKind="c/c++"/><InteractionEvent Delta="null" EndDate="2014-12-10 20:35:50.905 JST" Interest="4.0" Kind="selection" Navigation="null" OriginId="org.eclipse.ui.navigator.ProjectExplorer" StartDate="2014-12-10 20:35:50.887 JST" StructureHandle="/Embedded/D-100~/D-111/D-111_v_1_0/D-111_stopwatch.X/build/default" StructureKind="resource" NumEvents="4" CreationCount="4"/><InteractionEvent Delta="null" EndDate="2014-12-10 20:37:35.842 JST" Interest="1.0" Kind="selection" Navigation="null" OriginId="org.eclipse.cdt.ui.editor.CEditor" StartDate="2014-12-10 20:37:35.842 JST" StructureHandle="=Embedded{D-100~\/D-111\/D-111_v_1_0\/D-111_stopwatch.X\/D-111_v_1_0.c[_Setup_Timer#73(void" StructureKind="c/c++"/><InteractionEvent Delta="null" EndDate="2014-12-11 20:01:54.3 JST" Interest="108.201996" Kind="propagation" Navigation="org.eclipse.mylyn.core.model.edges.containment" OriginId="org.eclipse.mylyn.core.model.interest.propagation" StartDate="2014-12-10 20:35:49.361 JST" StructureHandle="/Embedded/D-100~" StructureKind="resource" NumEvents="130" CreationCount="2"/><InteractionEvent Delta="null" EndDate="2014-12-10 20:35:46.317 JST" Interest="1.0" Kind="selection" Navigation="null" OriginId="org.eclipse.ui.navigator.ProjectExplorer" StartDate="2014-12-10 20:35:46.317 JST" StructureHandle="/Embedded/D-100~" StructureKind="resource"/><InteractionEvent Delta="null" EndDate="2014-12-11 20:01:53.981 JST" Interest="109.16799" Kind="propagation" Navigation="org.eclipse.mylyn.core.model.edges.containment" OriginId="org.eclipse.mylyn.core.model.interest.propagation" StartDate="2014-12-10 20:35:50.890 JST" StructureHandle="/Embedded/D-100~/D-111/D-111_v_1_0/D-111_stopwatch.X" StructureKind="resource" NumEvents="128" CreationCount="4"/><InteractionEvent Delta="null" EndDate="2014-12-11 20:01:54.4 JST" Interest="108.218994" Kind="propagation" Navigation="org.eclipse.mylyn.core.model.edges.containment" OriginId="org.eclipse.mylyn.core.model.interest.propagation" StartDate="2014-12-10 20:35:46.317 JST" StructureHandle="=Embedded" StructureKind="c/c++" NumEvents="131" CreationCount="1"/><InteractionEvent Delta="null" EndDate="2014-12-10 20:35:43.18 JST" Interest="1.0" Kind="selection" Navigation="null" OriginId="org.eclipse.ui.navigator.ProjectExplorer" StartDate="2014-12-10 20:35:43.18 JST" StructureHandle="=Embedded" StructureKind="c/c++"/><InteractionEvent Delta="null" EndDate="2014-12-11 20:01:54.4 JST" Interest="135.0" Kind="propagation" Navigation="null" OriginId="org.eclipse.cdt.ui.editor.CEditor" StartDate="2014-12-10 20:35:43.18 JST" StructureHandle="/Embedded" StructureKind="resource" NumEvents="135" CreationCount="1"/><InteractionEvent Delta="null" EndDate="2014-12-11 20:01:53.977 JST" Interest="63.0" Kind="propagation" Navigation="null" OriginId="org.eclipse.cdt.ui.editor.CEditor" StartDate="2014-12-10 20:35:54.275 JST" StructureHandle="/Embedded/D-100~/D-111/D-111_v_1_0/D-111_stopwatch.X/D-111_v_1_0.c" StructureKind="resource" NumEvents="63" CreationCount="8"/><InteractionEvent Delta="null" EndDate="2014-12-11 20:01:53.980 JST" Interest="63.0" Kind="edit" Navigation="null" OriginId="org.eclipse.cdt.ui.editor.CEditor" StartDate="2014-12-10 20:35:54.279 JST" StructureHandle="/Embedded/D-100~/D-111/D-111_v_1_0/D-111_stopwatch.X/D-111_v_1_0.c" StructureKind="resource" NumEvents="63" CreationCount="8"/><InteractionEvent Delta="null" EndDate="2014-12-10 20:35:54.141 JST" Interest="2.0" Kind="selection" Navigation="null" OriginId="org.eclipse.ui.navigator.ProjectExplorer" StartDate="2014-12-10 20:35:53.448 JST" StructureHandle="/Embedded/D-100~/D-111/D-111_v_1_0/D-111_stopwatch.X/D-111_v_1_0.c" StructureKind="resource" NumEvents="2" CreationCount="8"/></InteractionHistory>