<?xml version="1.0" encoding="UTF-8"?><InteractionHistory Id="local-74" Version="1"><InteractionEvent Delta="null" EndDate="2014-10-21 11:16:03.552 JST" Interest="284.68503" Kind="propagation" Navigation="org.eclipse.mylyn.core.model.edges.containment" OriginId="org.eclipse.mylyn.core.model.interest.propagation" StartDate="2014-10-21 10:09:52.674 JST" StructureHandle="" StructureKind="c/c++" NumEvents="404" CreationCount="1"/><InteractionEvent Delta="null" EndDate="2014-10-21 10:38:48.199 JST" Interest="1.0" Kind="selection" Navigation="null" OriginId="org.eclipse.ui.views.ResourceNavigator" StartDate="2014-10-21 10:38:48.199 JST" StructureHandle="/Cake_SL3/.git" StructureKind="resource"/><InteractionEvent Delta="null" EndDate="2014-10-21 10:40:40.452 JST" Interest="1.0" Kind="selection" Navigation="null" OriginId="org.eclipse.ui.views.ResourceNavigator" StartDate="2014-10-21 10:40:40.452 JST" StructureHandle="/Cake_SL3/app/View/Elements/flash_views" StructureKind="resource"/><InteractionEvent Delta="null" EndDate="2014-10-21 10:38:30.930 JST" Interest="1.0" Kind="propagation" Navigation="null" OriginId="org.eclipse.mylyn.resources.ui.interest.updater" StartDate="2014-10-21 10:38:30.930 JST" StructureHandle="/Cake_SL3/app/View/SIs/view.ctp" StructureKind="resource"/><InteractionEvent Delta="null" EndDate="2014-10-21 10:36:19.230 JST" Interest="1.0" Kind="selection" Navigation="null" OriginId="org.eclipse.ui.views.ResourceNavigator" StartDate="2014-10-21 10:36:19.230 JST" StructureHandle="/Cake_SL3/app/Controller/CategorysController.php" StructureKind="resource"/><InteractionEvent Delta="null" EndDate="2014-10-21 10:45:51.583 JST" Interest="20.0" Kind="propagation" Navigation="null" OriginId="org.eclipse.ui.DefaultTextEditor" StartDate="2014-10-21 10:44:34.479 JST" StructureHandle="/Cake_NR5" StructureKind="resource" NumEvents="20" CreationCount="454"/><InteractionEvent Delta="null" EndDate="2014-10-21 10:45:21.793 JST" Interest="1.0" Kind="selection" Navigation="null" OriginId="org.eclipse.php.ui.explorer" StartDate="2014-10-21 10:45:21.793 JST" StructureHandle="/Cake_NR5/d.bat" StructureKind="resource"/><InteractionEvent Delta="null" EndDate="2014-10-21 10:29:00.742 JST" Interest="2.094" Kind="manipulation" Navigation="null" OriginId="org.eclipse.mylyn.core.model.interest.decay.correction" StartDate="2014-10-21 10:29:00.742 JST" StructureHandle="/Cake_SL3/app/webroot/development.sqlite3" StructureKind="resource"/><InteractionEvent Delta="null" EndDate="2014-10-21 10:29:00.742 JST" Interest="2.0" Kind="selection" Navigation="null" OriginId="org.eclipse.ui.views.ResourceNavigator" StartDate="2014-10-21 10:09:57.606 JST" StructureHandle="/Cake_SL3/app/webroot/development.sqlite3" StructureKind="resource" NumEvents="2" CreationCount="5"/><InteractionEvent Delta="null" EndDate="2014-10-21 10:36:19.229 JST" Interest="2.0" Kind="selection" Navigation="null" OriginId="org.eclipse.ui.views.ResourceNavigator" StartDate="2014-10-21 10:36:18.318 JST" StructureHandle="/Cake_SL3/app/Controller/ArticlesController.php" StructureKind="resource" NumEvents="2" CreationCount="240"/><InteractionEvent Delta="null" EndDate="2014-10-21 10:38:47.954 JST" Interest="1.0" Kind="selection" Navigation="null" OriginId="org.eclipse.ui.views.ResourceNavigator" StartDate="2014-10-21 10:38:47.954 JST" StructureHandle="/Cake_SL3/app/Locale" StructureKind="resource"/><InteractionEvent Delta="null" EndDate="2014-10-21 10:45:31.623 JST" Interest="1.0" Kind="selection" Navigation="null" OriginId="org.eclipse.php.editor" StartDate="2014-10-21 10:45:31.623 JST" StructureHandle="/Cake_NR5/app/Controller/SkimmedtokensController.php" StructureKind="resource"/><InteractionEvent Delta="null" EndDate="2014-10-21 10:45:33.440 JST" Interest="3.0" Kind="edit" Navigation="null" OriginId="org.eclipse.php.editor" StartDate="2014-10-21 10:45:31.733 JST" StructureHandle="/Cake_NR5/app/Controller/SkimmedtokensController.php" StructureKind="resource" NumEvents="3" CreationCount="467"/><InteractionEvent Delta="null" EndDate="2014-10-21 10:48:11.187 JST" Interest="1.0" Kind="selection" Navigation="null" OriginId="org.eclipse.ui.views.ResourceNavigator" StartDate="2014-10-21 10:48:11.187 JST" StructureHandle="/Cake_SL3/app/Controller/TEMPLATEController.php" StructureKind="resource"/><InteractionEvent Delta="null" EndDate="2014-10-21 10:48:09.273 JST" Interest="1.0" Kind="propagation" Navigation="null" OriginId="org.eclipse.mylyn.resources.ui.interest.updater" StartDate="2014-10-21 10:48:09.273 JST" StructureHandle="/Cake_SL3/app/Controller/TEMPLATEController.php" StructureKind="resource"/><InteractionEvent Delta="null" EndDate="2014-10-21 10:38:21.503 JST" Interest="4.0" Kind="selection" Navigation="null" OriginId="org.eclipse.ui.views.ResourceNavigator" StartDate="2014-10-21 10:09:55.893 JST" StructureHandle="/Cake_SL3/app/webroot" StructureKind="resource" NumEvents="4" CreationCount="4"/><InteractionEvent Delta="null" EndDate="2014-10-21 10:29:00.742 JST" Interest="3.111" Kind="propagation" Navigation="org.eclipse.mylyn.core.model.edges.containment" OriginId="org.eclipse.mylyn.core.model.interest.propagation" StartDate="2014-10-21 10:09:57.607 JST" StructureHandle="/Cake_SL3/app/webroot" StructureKind="resource" NumEvents="2" CreationCount="4"/><InteractionEvent Delta="null" EndDate="2014-10-21 10:40:40.294 JST" Interest="3.0" Kind="selection" Navigation="null" OriginId="org.eclipse.ui.views.ResourceNavigator" StartDate="2014-10-21 10:40:06.414 JST" StructureHandle="/Cake_SL3/app/View/Elements/sis/index_t_headers.ctp" StructureKind="resource" NumEvents="3" CreationCount="359"/><InteractionEvent Delta="null" EndDate="2014-10-21 10:40:07.243 JST" Interest="2.0" Kind="edit" Navigation="null" OriginId="org.eclipse.php.editor" StartDate="2014-10-21 10:40:06.654 JST" StructureHandle="/Cake_SL3/app/View/Elements/sis/index_t_headers.ctp" StructureKind="resource" NumEvents="2" CreationCount="359"/><InteractionEvent Delta="null" EndDate="2014-10-21 10:40:02.179 JST" Interest="1.0" Kind="propagation" Navigation="null" OriginId="org.eclipse.mylyn.resources.ui.interest.updater" StartDate="2014-10-21 10:40:02.179 JST" StructureHandle="/Cake_SL3/app/View/Elements/sis/index_t_headers.ctp" StructureKind="resource"/><InteractionEvent Delta="null" EndDate="2014-10-21 10:36:19.239 JST" Interest="5.0" Kind="selection" Navigation="null" OriginId="org.eclipse.ui.views.ResourceNavigator" StartDate="2014-10-21 10:36:01.202 JST" StructureHandle="/Cake_SL3/app/Controller/HistorysController.php" StructureKind="resource" NumEvents="5" CreationCount="219"/><InteractionEvent Delta="null" EndDate="2014-10-21 10:45:33.441 JST" Interest="3.1" Kind="propagation" Navigation="org.eclipse.mylyn.core.model.edges.containment" OriginId="org.eclipse.mylyn.core.model.interest.propagation" StartDate="2014-10-21 10:45:31.624 JST" StructureHandle="/Cake_NR5/app" StructureKind="resource" NumEvents="4" CreationCount="467"/><InteractionEvent Delta="null" EndDate="2014-10-21 10:38:30.928 JST" Interest="1.0" Kind="propagation" Navigation="null" OriginId="org.eclipse.mylyn.resources.ui.interest.updater" StartDate="2014-10-21 10:38:30.928 JST" StructureHandle="/Cake_SL3/app/View/SIs/add.ctp" StructureKind="resource"/><InteractionEvent Delta="null" EndDate="2014-10-21 10:48:26.828 JST" Interest="2.0" Kind="selection" Navigation="null" OriginId="org.eclipse.php.editor" StartDate="2014-10-21 10:48:25.929 JST" StructureHandle="/Cake_SL3/app/Controller/PurhistorysController.php" StructureKind="resource" NumEvents="2" CreationCount="509"/><InteractionEvent Delta="null" EndDate="2014-10-21 10:49:23.529 JST" Interest="25.0" Kind="edit" Navigation="null" OriginId="org.eclipse.php.editor" StartDate="2014-10-21 10:48:26.927 JST" StructureHandle="/Cake_SL3/app/Controller/PurhistorysController.php" StructureKind="resource" NumEvents="25" CreationCount="509"/><InteractionEvent Delta="null" EndDate="2014-10-21 10:48:22.446 JST" Interest="1.0" Kind="propagation" Navigation="null" OriginId="org.eclipse.mylyn.resources.ui.interest.updater" StartDate="2014-10-21 10:48:22.446 JST" StructureHandle="/Cake_SL3/app/Controller/PurhistorysController.php" StructureKind="resource"/><InteractionEvent Delta="null" EndDate="2014-10-21 10:48:01.563 JST" Interest="12.0" Kind="selection" Navigation="null" OriginId="org.eclipse.ui.views.ResourceNavigator" StartDate="2014-10-21 10:35:50.245 JST" StructureHandle="/Cake_SL3/app/Controller/TemplateController.php" StructureKind="resource" NumEvents="12" CreationCount="203"/><InteractionEvent Delta="null" EndDate="2014-10-21 10:39:50.283 JST" Interest="11.0" Kind="edit" Navigation="null" OriginId="org.eclipse.php.editor" StartDate="2014-10-21 10:37:32.726 JST" StructureHandle="/Cake_SL3/app/Controller/TemplateController.php" StructureKind="resource" NumEvents="11" CreationCount="203"/><InteractionEvent Delta="null" EndDate="2014-10-21 10:36:19.232 JST" Interest="3.0" Kind="selection" Navigation="null" OriginId="org.eclipse.ui.views.ResourceNavigator" StartDate="2014-10-21 10:36:17.715 JST" StructureHandle="/Cake_SL3/app/Controller/EqsController.php" StructureKind="resource" NumEvents="3" CreationCount="232"/><InteractionEvent Delta="null" EndDate="2014-10-21 10:36:19.237 JST" Interest="4.0" Kind="selection" Navigation="null" OriginId="org.eclipse.ui.views.ResourceNavigator" StartDate="2014-10-21 10:36:05.827 JST" StructureHandle="/Cake_SL3/app/Controller/GenresController.php" StructureKind="resource" NumEvents="4" CreationCount="225"/><InteractionEvent Delta="null" EndDate="2014-10-21 10:40:04.136 JST" Interest="1.0" Kind="selection" Navigation="null" OriginId="org.eclipse.ui.views.ResourceNavigator" StartDate="2014-10-21 10:40:04.136 JST" StructureHandle="/Cake_SL3/app/View/Elements/sis" StructureKind="resource"/><InteractionEvent Delta="null" EndDate="2014-10-21 10:40:40.295 JST" Interest="4.4" Kind="propagation" Navigation="org.eclipse.mylyn.core.model.edges.containment" OriginId="org.eclipse.mylyn.core.model.interest.propagation" StartDate="2014-10-21 10:40:02.181 JST" StructureHandle="/Cake_SL3/app/View/Elements/sis" StructureKind="resource" NumEvents="5" CreationCount="359"/><InteractionEvent Delta="null" EndDate="2014-10-21 10:09:52.795 JST" Interest="3.0" Kind="selection" Navigation="null" OriginId="org.eclipse.ui.views.ResourceNavigator" StartDate="2014-10-21 10:09:52.673 JST" StructureHandle="/Cake_SL3/app" StructureKind="resource" NumEvents="3" CreationCount="1"/><InteractionEvent Delta="null" EndDate="2014-10-21 10:48:11.493 JST" Interest="36.603" Kind="propagation" Navigation="org.eclipse.mylyn.core.model.edges.containment" OriginId="org.eclipse.mylyn.core.model.interest.propagation" StartDate="2014-10-21 10:29:00.743 JST" StructureHandle="/Cake_SL3/app" StructureKind="resource" NumEvents="63" CreationCount="1"/><InteractionEvent Delta="null" EndDate="2014-10-21 10:38:30.927 JST" Interest="1.0" Kind="propagation" Navigation="null" OriginId="org.eclipse.mylyn.resources.ui.interest.updater" StartDate="2014-10-21 10:38:30.927 JST" StructureHandle="/Cake_SL3/app/View/SIs/edit.ctp" StructureKind="resource"/><InteractionEvent Delta="null" EndDate="2014-10-21 10:47:53.790 JST" Interest="5.0" Kind="selection" Navigation="null" OriginId="org.eclipse.ui.views.ResourceNavigator" StartDate="2014-10-21 10:39:55.891 JST" StructureHandle="/Cake_SL3/app/View/Elements" StructureKind="resource" NumEvents="5" CreationCount="357"/><InteractionEvent Delta="null" EndDate="2014-10-21 10:40:40.297 JST" Interest="3.434" Kind="propagation" Navigation="org.eclipse.mylyn.core.model.edges.containment" OriginId="org.eclipse.mylyn.core.model.interest.propagation" StartDate="2014-10-21 10:39:57.491 JST" StructureHandle="/Cake_SL3/app/View/Elements" StructureKind="resource" NumEvents="6" CreationCount="357"/><InteractionEvent Delta="null" EndDate="2014-10-21 10:36:19.242 JST" Interest="6.0" Kind="selection" Navigation="null" OriginId="org.eclipse.ui.views.ResourceNavigator" StartDate="2014-10-21 10:35:59.492 JST" StructureHandle="/Cake_SL3/app/Controller/KeywordsController.php" StructureKind="resource" NumEvents="6" CreationCount="214"/><InteractionEvent Delta="null" EndDate="2014-10-21 10:36:19.251 JST" Interest="10.0" Kind="selection" Navigation="null" OriginId="org.eclipse.ui.views.ResourceNavigator" StartDate="2014-10-21 10:35:51.212 JST" StructureHandle="/Cake_SL3/app/Controller/TokensController.php" StructureKind="resource" NumEvents="10" CreationCount="204"/><InteractionEvent Delta="null" EndDate="2014-10-21 10:39:53.368 JST" Interest="1.0" Kind="selection" Navigation="null" OriginId="org.eclipse.ui.views.ResourceNavigator" StartDate="2014-10-21 10:39:53.368 JST" StructureHandle="/Cake_SL3/app/View/Historys" StructureKind="resource"/><InteractionEvent Delta="null" EndDate="2014-10-21 10:28:58.551 JST" Interest="1.0" Kind="selection" Navigation="null" OriginId="org.eclipse.ui.views.ResourceNavigator" StartDate="2014-10-21 10:28:58.551 JST" StructureHandle="/Cake_SL3/build.xml" StructureKind="build.xml"/><InteractionEvent Delta="null" EndDate="2014-10-21 10:40:02.180 JST" Interest="1.0" Kind="propagation" Navigation="null" OriginId="org.eclipse.mylyn.resources.ui.interest.updater" StartDate="2014-10-21 10:40:02.180 JST" StructureHandle="/Cake_SL3/app/View/Elements/sis/index_t_entries.ctp" StructureKind="resource"/><InteractionEvent Delta="null" EndDate="2014-10-21 10:38:22.330 JST" Interest="1.1420002" Kind="manipulation" Navigation="null" OriginId="org.eclipse.mylyn.core.model.interest.decay.correction" StartDate="2014-10-21 10:38:22.330 JST" StructureHandle="/Cake_SL3/app/View" StructureKind="resource"/><InteractionEvent Delta="null" EndDate="2014-10-21 10:38:25.252 JST" Interest="3.0" Kind="selection" Navigation="null" OriginId="org.eclipse.ui.views.ResourceNavigator" StartDate="2014-10-21 10:29:47.10 JST" StructureHandle="/Cake_SL3/app/View" StructureKind="resource" NumEvents="3" CreationCount="189"/><InteractionEvent Delta="null" EndDate="2014-10-21 10:39:49.418 JST" Interest="17.751" Kind="propagation" Navigation="org.eclipse.mylyn.core.model.edges.containment" OriginId="org.eclipse.mylyn.core.model.interest.propagation" StartDate="2014-10-21 10:38:24.764 JST" StructureHandle="/Cake_SL3/app/View" StructureKind="resource" NumEvents="27" CreationCount="189"/><InteractionEvent Delta="null" EndDate="2014-10-21 11:16:03.553 JST" Interest="646.0" Kind="propagation" Navigation="null" OriginId="org.eclipse.ui.DefaultTextEditor" StartDate="2014-10-21 10:09:52.674 JST" StructureHandle="/" StructureKind="resource" NumEvents="646" CreationCount="1"/><InteractionEvent Delta="null" EndDate="2014-10-21 10:45:51.583 JST" Interest="11.7" Kind="propagation" Navigation="org.eclipse.mylyn.core.model.edges.containment" OriginId="org.eclipse.mylyn.core.model.interest.propagation" StartDate="2014-10-21 10:44:34.479 JST" StructureHandle="=Cake_NR5" StructureKind="c/c++" NumEvents="15" CreationCount="454"/><InteractionEvent Delta="null" EndDate="2014-10-21 10:38:33.686 JST" Interest="1.0" Kind="selection" Navigation="null" OriginId="org.eclipse.ui.views.ResourceNavigator" StartDate="2014-10-21 10:38:33.686 JST" StructureHandle="/Cake_SL3/app/View/SIs" StructureKind="resource"/><InteractionEvent Delta="null" EndDate="2014-10-21 10:39:49.416 JST" Interest="18.7" Kind="propagation" Navigation="org.eclipse.mylyn.core.model.edges.containment" OriginId="org.eclipse.mylyn.core.model.interest.propagation" StartDate="2014-10-21 10:38:30.932 JST" StructureHandle="/Cake_SL3/app/View/SIs" StructureKind="resource" NumEvents="25" CreationCount="318"/><InteractionEvent Delta="null" EndDate="2014-10-21 10:48:11.492 JST" Interest="6.0" Kind="selection" Navigation="null" OriginId="org.eclipse.ui.views.ResourceNavigator" StartDate="2014-10-21 10:35:27.529 JST" StructureHandle="/Cake_SL3/app/Controller" StructureKind="resource" NumEvents="6" CreationCount="202"/><InteractionEvent Delta="null" EndDate="2014-10-21 10:38:12.737 JST" Interest="30.185999" Kind="propagation" Navigation="org.eclipse.mylyn.core.model.edges.containment" OriginId="org.eclipse.mylyn.core.model.interest.propagation" StartDate="2014-10-21 10:35:50.246 JST" StructureHandle="/Cake_SL3/app/Controller" StructureKind="resource" NumEvents="40" CreationCount="202"/><InteractionEvent Delta="null" EndDate="2014-10-21 10:38:24.763 JST" Interest="1.0" Kind="selection" Navigation="null" OriginId="org.eclipse.ui.views.ResourceNavigator" StartDate="2014-10-21 10:38:24.763 JST" StructureHandle="/Cake_SL3/app/View/TEMPLATES" StructureKind="resource"/><InteractionEvent Delta="null" EndDate="2014-10-21 10:38:54.220 JST" Interest="4.0" Kind="selection" Navigation="null" OriginId="org.eclipse.php.editor" StartDate="2014-10-21 10:38:35.434 JST" StructureHandle="/Cake_SL3/app/View/SIs/index.ctp" StructureKind="resource" NumEvents="4" CreationCount="318"/><InteractionEvent Delta="null" EndDate="2014-10-21 10:39:49.415 JST" Interest="21.0" Kind="edit" Navigation="null" OriginId="org.eclipse.php.editor" StartDate="2014-10-21 10:38:35.495 JST" StructureHandle="/Cake_SL3/app/View/SIs/index.ctp" StructureKind="resource" NumEvents="21" CreationCount="318"/><InteractionEvent Delta="null" EndDate="2014-10-21 10:38:30.931 JST" Interest="1.0" Kind="propagation" Navigation="null" OriginId="org.eclipse.mylyn.resources.ui.interest.updater" StartDate="2014-10-21 10:38:30.931 JST" StructureHandle="/Cake_SL3/app/View/SIs/index.ctp" StructureKind="resource"/><InteractionEvent Delta="null" EndDate="2014-10-21 10:39:57.490 JST" Interest="1.0" Kind="selection" Navigation="null" OriginId="org.eclipse.ui.views.ResourceNavigator" StartDate="2014-10-21 10:39:57.490 JST" StructureHandle="/Cake_SL3/app/View/Elements/TEMPLATE" StructureKind="resource"/><InteractionEvent Delta="null" EndDate="2014-10-21 10:36:19.255 JST" Interest="9.0" Kind="selection" Navigation="null" OriginId="org.eclipse.ui.views.ResourceNavigator" StartDate="2014-10-21 10:35:55.716 JST" StructureHandle="/Cake_SL3/app/Controller/VideosController.php" StructureKind="resource" NumEvents="9" CreationCount="206"/><InteractionEvent Delta="null" EndDate="2014-10-21 11:16:03.552 JST" Interest="284.68503" Kind="propagation" Navigation="org.eclipse.mylyn.core.model.edges.containment" OriginId="org.eclipse.mylyn.core.model.interest.propagation" StartDate="2014-10-21 10:09:52.674 JST" StructureHandle="=Cake_SL3" StructureKind="c/c++" NumEvents="404" CreationCount="1"/><InteractionEvent Delta="null" EndDate="2014-10-21 10:45:48.797 JST" Interest="4.0" Kind="selection" Navigation="null" OriginId="org.eclipse.ui.DefaultTextEditor" StartDate="2014-10-21 10:44:34.479 JST" StructureHandle="/Cake_NR5/sql.txt" StructureKind="resource" NumEvents="4" CreationCount="454"/><InteractionEvent Delta="null" EndDate="2014-10-21 10:45:51.582 JST" Interest="11.0" Kind="edit" Navigation="null" OriginId="org.eclipse.ui.DefaultTextEditor" StartDate="2014-10-21 10:44:34.509 JST" StructureHandle="/Cake_NR5/sql.txt" StructureKind="resource" NumEvents="11" CreationCount="454"/><InteractionEvent Delta="null" EndDate="2014-10-21 10:45:33.440 JST" Interest="3.1" Kind="propagation" Navigation="org.eclipse.mylyn.core.model.edges.containment" OriginId="org.eclipse.mylyn.core.model.interest.propagation" StartDate="2014-10-21 10:45:31.623 JST" StructureHandle="/Cake_NR5/app/Controller" StructureKind="resource" NumEvents="4" CreationCount="467"/><InteractionEvent Delta="null" EndDate="2014-10-21 10:36:19.248 JST" Interest="7.0" Kind="selection" Navigation="null" OriginId="org.eclipse.ui.views.ResourceNavigator" StartDate="2014-10-21 10:35:57.872 JST" StructureHandle="/Cake_SL3/app/Controller/PositionsController.php" StructureKind="resource" NumEvents="7" CreationCount="210"/><InteractionEvent Delta="null" EndDate="2014-10-21 10:36:19.249 JST" Interest="8.0" Kind="selection" Navigation="null" OriginId="org.eclipse.ui.views.ResourceNavigator" StartDate="2014-10-21 10:35:56.858 JST" StructureHandle="/Cake_SL3/app/Controller/SkimmedtokensController.php" StructureKind="resource" NumEvents="8" CreationCount="207"/><InteractionEvent Delta="null" EndDate="2014-10-21 10:36:42.754 JST" Interest="1.0" Kind="selection" Navigation="null" OriginId="org.eclipse.ui.views.ResourceNavigator" StartDate="2014-10-21 10:36:42.754 JST" StructureHandle="/Cake_SL3/app/Controller/PagesController.php" StructureKind="resource"/><InteractionEvent Delta="null" EndDate="2014-10-21 10:47:55.920 JST" Interest="6.0" Kind="selection" Navigation="null" OriginId="org.eclipse.ui.views.ResourceNavigator" StartDate="2014-10-21 10:36:43.581 JST" StructureHandle="/Cake_SL3/app/Controller/SIsController.php" StructureKind="resource" NumEvents="6" CreationCount="260"/><InteractionEvent Delta="null" EndDate="2014-10-21 10:38:12.736 JST" Interest="36.0" Kind="edit" Navigation="null" OriginId="org.eclipse.php.editor" StartDate="2014-10-21 10:36:43.834 JST" StructureHandle="/Cake_SL3/app/Controller/SIsController.php" StructureKind="resource" NumEvents="36" CreationCount="260"/><InteractionEvent Delta="null" EndDate="2014-10-21 10:36:38.726 JST" Interest="1.0" Kind="propagation" Navigation="null" OriginId="org.eclipse.mylyn.resources.ui.interest.updater" StartDate="2014-10-21 10:36:38.726 JST" StructureHandle="/Cake_SL3/app/Controller/SIsController.php" StructureKind="resource"/><InteractionEvent Delta="null" EndDate="2014-10-21 11:16:03.552 JST" Interest="626.0" Kind="propagation" Navigation="null" OriginId="org.eclipse.ui.DefaultTextEditor" StartDate="2014-10-21 10:09:52.674 JST" StructureHandle="/Cake_SL3" StructureKind="resource" NumEvents="626" CreationCount="1"/><InteractionEvent Delta="null" EndDate="2014-10-21 10:49:54.181 JST" Interest="6.0" Kind="selection" Navigation="null" OriginId="org.eclipse.ui.DefaultTextEditor" StartDate="2014-10-21 10:10:01.451 JST" StructureHandle="/Cake_SL3/sql.txt" StructureKind="resource" NumEvents="6" CreationCount="6"/><InteractionEvent Delta="null" EndDate="2014-10-21 11:16:03.552 JST" Interest="398.0" Kind="edit" Navigation="null" OriginId="org.eclipse.ui.DefaultTextEditor" StartDate="2014-10-21 10:10:02.45 JST" StructureHandle="/Cake_SL3/sql.txt" StructureKind="resource" NumEvents="398" CreationCount="6"/></InteractionHistory>