<?xml version="1.0" encoding="UTF-8"?><InteractionHistory Id="local-74" Version="1"><InteractionEvent Delta="null" EndDate="2014-10-23 09:57:38.175 JST" Interest="326.985" Kind="propagation" Navigation="org.eclipse.mylyn.core.model.edges.containment" OriginId="org.eclipse.mylyn.core.model.interest.propagation" StartDate="2014-10-21 10:09:52.674 JST" StructureHandle="" StructureKind="c/c++" NumEvents="461" CreationCount="1"/><InteractionEvent Delta="null" EndDate="2014-10-22 10:29:59.737 JST" Interest="1.0" Kind="selection" Navigation="null" OriginId="org.eclipse.ui.views.ResourceNavigator" StartDate="2014-10-22 10:29:59.737 JST" StructureHandle="/Cake_SL3/app/Test" StructureKind="resource"/><InteractionEvent Delta="null" EndDate="2014-10-23 09:57:38.174 JST" Interest="14.0" Kind="selection" Navigation="null" OriginId="org.eclipse.ui.views.ResourceNavigator" StartDate="2014-10-21 10:10:01.451 JST" StructureHandle="/Cake_SL3/sql.txt" StructureKind="resource" NumEvents="14" CreationCount="6"/><InteractionEvent Delta="null" EndDate="2014-10-22 10:44:56.101 JST" Interest="447.0" Kind="edit" Navigation="null" OriginId="org.eclipse.ui.DefaultTextEditor" StartDate="2014-10-21 10:10:02.45 JST" StructureHandle="/Cake_SL3/sql.txt" StructureKind="resource" NumEvents="447" CreationCount="6"/><InteractionEvent Delta="null" EndDate="2014-10-22 10:45:02.405 JST" Interest="2.0" Kind="selection" Navigation="null" OriginId="org.eclipse.ui.views.ResourceNavigator" StartDate="2014-10-22 10:44:57.466 JST" StructureHandle="/Cake_SL3/build.properties" StructureKind="resource" NumEvents="2" CreationCount="950"/><InteractionEvent Delta="null" EndDate="2014-10-22 10:39:48.781 JST" Interest="2.0" Kind="selection" Navigation="null" OriginId="org.eclipse.ui.views.ResourceNavigator" StartDate="2014-10-22 10:30:42.728 JST" StructureHandle="/Cake_SL3/app/View/Commons" StructureKind="resource" NumEvents="2" CreationCount="753"/><InteractionEvent Delta="null" EndDate="2014-10-22 10:39:48.781 JST" Interest="1.312" Kind="manipulation" Navigation="null" OriginId="org.eclipse.mylyn.core.model.interest.decay.correction" StartDate="2014-10-22 10:39:48.781 JST" StructureHandle="/Cake_SL3/app/View/Commons" StructureKind="resource"/><InteractionEvent Delta="null" EndDate="2014-10-22 10:29:01.37 JST" Interest="6.0" Kind="selection" Navigation="null" OriginId="org.eclipse.ui.views.ResourceNavigator" StartDate="2014-10-22 10:23:54.839 JST" StructureHandle="/Cake_SL3/app/View/Elements/TEMPLATE/index_t_headers.ctp" StructureKind="resource" NumEvents="6" CreationCount="680"/><InteractionEvent Delta="null" EndDate="2014-10-22 10:24:38.79 JST" Interest="6.0" Kind="edit" Navigation="null" OriginId="org.eclipse.php.editor" StartDate="2014-10-22 10:23:55.91 JST" StructureHandle="/Cake_SL3/app/View/Elements/TEMPLATE/index_t_headers.ctp" StructureKind="resource" NumEvents="6" CreationCount="680"/><InteractionEvent Delta="null" EndDate="2014-10-22 10:30:55.52 JST" Interest="1.0" Kind="selection" Navigation="null" OriginId="org.eclipse.ui.views.ResourceNavigator" StartDate="2014-10-22 10:30:55.52 JST" StructureHandle="/Cake_SL3/app/View/Positions" StructureKind="resource"/><InteractionEvent Delta="null" EndDate="2014-10-22 10:24:42.532 JST" Interest="7.0" Kind="selection" Navigation="null" OriginId="org.eclipse.php.editor" StartDate="2014-10-22 10:23:52.806 JST" StructureHandle="/Cake_SL3/app/View/Elements/TEMPLATE/index_t_entries.ctp" StructureKind="resource" NumEvents="7" CreationCount="675"/><InteractionEvent Delta="null" EndDate="2014-10-22 10:24:42.558 JST" Interest="15.0" Kind="edit" Navigation="null" OriginId="org.eclipse.php.editor" StartDate="2014-10-22 10:23:53.111 JST" StructureHandle="/Cake_SL3/app/View/Elements/TEMPLATE/index_t_entries.ctp" StructureKind="resource" NumEvents="15" CreationCount="675"/><InteractionEvent Delta="null" EndDate="2014-10-21 10:36:19.229 JST" Interest="2.0" Kind="selection" Navigation="null" OriginId="org.eclipse.ui.views.ResourceNavigator" StartDate="2014-10-21 10:36:18.318 JST" StructureHandle="/Cake_SL3/app/Controller/ArticlesController.php" StructureKind="resource" NumEvents="2" CreationCount="240"/><InteractionEvent Delta="null" EndDate="2014-10-22 10:45:19.555 JST" Interest="6.0" Kind="selection" Navigation="null" OriginId="org.eclipse.php.editor" StartDate="2014-10-22 10:39:50.932 JST" StructureHandle="/Cake_SL3/app/Controller/SisController.php" StructureKind="resource" NumEvents="6" CreationCount="891"/><InteractionEvent Delta="null" EndDate="2014-10-22 10:45:19.580 JST" Interest="5.0" Kind="edit" Navigation="null" OriginId="org.eclipse.php.editor" StartDate="2014-10-22 10:39:51.204 JST" StructureHandle="/Cake_SL3/app/Controller/SisController.php" StructureKind="resource" NumEvents="5" CreationCount="891"/><InteractionEvent Delta="null" EndDate="2014-10-22 10:40:10.111 JST" Interest="1.0" Kind="selection" Navigation="null" OriginId="org.eclipse.ui.views.ResourceNavigator" StartDate="2014-10-22 10:40:10.111 JST" StructureHandle="/Cake_SL3/app/Controller/UsersController.php" StructureKind="resource"/><InteractionEvent Delta="null" EndDate="2014-10-22 10:40:17.888 JST" Interest="1.0" Kind="propagation" Navigation="null" OriginId="org.eclipse.mylyn.resources.ui.interest.updater" StartDate="2014-10-22 10:40:17.888 JST" StructureHandle="/Cake_SL3/app/View/Sis/view.ctp" StructureKind="resource"/><InteractionEvent Delta="null" EndDate="2014-10-21 10:48:01.563 JST" Interest="12.0" Kind="selection" Navigation="null" OriginId="org.eclipse.ui.views.ResourceNavigator" StartDate="2014-10-21 10:35:50.245 JST" StructureHandle="/Cake_SL3/app/Controller/TemplateController.php" StructureKind="resource" NumEvents="12" CreationCount="203"/><InteractionEvent Delta="null" EndDate="2014-10-21 10:39:50.283 JST" Interest="11.0" Kind="edit" Navigation="null" OriginId="org.eclipse.php.editor" StartDate="2014-10-21 10:37:32.726 JST" StructureHandle="/Cake_SL3/app/Controller/TemplateController.php" StructureKind="resource" NumEvents="11" CreationCount="203"/><InteractionEvent Delta="null" EndDate="2014-10-22 10:33:44.138 JST" Interest="1.0" Kind="prediction" Navigation="null" OriginId="org.eclipse.mylyn.resources.ui.interest.updater" StartDate="2014-10-22 10:33:44.138 JST" StructureHandle="/Cake_SL3/app/tmp/cache/persistent/myapp_cake_core_cake_dev_en-us" StructureKind="resource"/><InteractionEvent Delta="null" EndDate="2014-10-21 10:09:52.795 JST" Interest="3.0" Kind="selection" Navigation="null" OriginId="org.eclipse.ui.views.ResourceNavigator" StartDate="2014-10-21 10:09:52.673 JST" StructureHandle="/Cake_SL3/app" StructureKind="resource" NumEvents="3" CreationCount="1"/><InteractionEvent Delta="null" EndDate="2014-10-22 20:06:32.17 JST" Interest="59.782005" Kind="propagation" Navigation="org.eclipse.mylyn.core.model.edges.containment" OriginId="org.eclipse.mylyn.core.model.interest.propagation" StartDate="2014-10-21 10:29:00.743 JST" StructureHandle="/Cake_SL3/app" StructureKind="resource" NumEvents="81" CreationCount="1"/><InteractionEvent Delta="null" EndDate="2014-10-22 10:39:48.26 JST" Interest="3.0" Kind="selection" Navigation="null" OriginId="org.eclipse.ui.views.ResourceNavigator" StartDate="2014-10-22 10:36:39.814 JST" StructureHandle="/Cake_SL3/app/View/Elements/layouts/links.ctp" StructureKind="resource" NumEvents="3" CreationCount="860"/><InteractionEvent Delta="null" EndDate="2014-10-22 10:39:45.753 JST" Interest="27.0" Kind="edit" Navigation="null" OriginId="org.eclipse.php.editor" StartDate="2014-10-22 10:36:40.103 JST" StructureHandle="/Cake_SL3/app/View/Elements/layouts/links.ctp" StructureKind="resource" NumEvents="27" CreationCount="860"/><InteractionEvent Delta="null" EndDate="2014-10-21 10:36:19.251 JST" Interest="10.0" Kind="selection" Navigation="null" OriginId="org.eclipse.ui.views.ResourceNavigator" StartDate="2014-10-21 10:35:51.212 JST" StructureHandle="/Cake_SL3/app/Controller/TokensController.php" StructureKind="resource" NumEvents="10" CreationCount="204"/><InteractionEvent Delta="null" EndDate="2014-10-22 10:31:11.28 JST" Interest="2.0" Kind="selection" Navigation="null" OriginId="org.eclipse.ui.views.ResourceNavigator" StartDate="2014-10-22 10:31:10.390 JST" StructureHandle="/Cake_SL3/app/View/Categorys" StructureKind="resource" NumEvents="2" CreationCount="766"/><InteractionEvent Delta="null" EndDate="2014-10-23 10:14:21.273 JST" Interest="1022.0" Kind="propagation" Navigation="null" OriginId="org.eclipse.php.editor" StartDate="2014-10-21 10:09:52.674 JST" StructureHandle="/" StructureKind="resource" NumEvents="1022" CreationCount="1"/><InteractionEvent Delta="null" EndDate="2014-10-22 10:40:14.203 JST" Interest="5.0" Kind="selection" Navigation="null" OriginId="org.eclipse.ui.views.ResourceNavigator" StartDate="2014-10-21 10:38:33.686 JST" StructureHandle="/Cake_SL3/app/View/SIs" StructureKind="resource" NumEvents="5" CreationCount="116"/><InteractionEvent Delta="null" EndDate="2014-10-22 10:24:43.54 JST" Interest="29.334" Kind="propagation" Navigation="org.eclipse.mylyn.core.model.edges.containment" OriginId="org.eclipse.mylyn.core.model.interest.propagation" StartDate="2014-10-21 10:38:30.932 JST" StructureHandle="/Cake_SL3/app/View/SIs" StructureKind="resource" NumEvents="36" CreationCount="116"/><InteractionEvent Delta="null" EndDate="2014-10-22 10:33:48.806 JST" Interest="4.0" Kind="selection" Navigation="null" OriginId="org.eclipse.ui.views.ResourceNavigator" StartDate="2014-10-21 10:39:57.490 JST" StructureHandle="/Cake_SL3/app/View/Elements/TEMPLATE" StructureKind="resource" NumEvents="4" CreationCount="149"/><InteractionEvent Delta="null" EndDate="2014-10-22 10:23:51.17 JST" Interest="7.908001" Kind="manipulation" Navigation="null" OriginId="org.eclipse.mylyn.core.model.interest.decay.correction" StartDate="2014-10-22 10:23:51.17 JST" StructureHandle="/Cake_SL3/app/View/Elements/TEMPLATE" StructureKind="resource"/><InteractionEvent Delta="null" EndDate="2014-10-22 10:24:42.559 JST" Interest="16.533998" Kind="propagation" Navigation="org.eclipse.mylyn.core.model.edges.containment" OriginId="org.eclipse.mylyn.core.model.interest.propagation" StartDate="2014-10-22 10:23:52.806 JST" StructureHandle="/Cake_SL3/app/View/Elements/TEMPLATE" StructureKind="resource" NumEvents="22" CreationCount="149"/><InteractionEvent Delta="null" EndDate="2014-10-21 10:45:48.797 JST" Interest="4.0" Kind="selection" Navigation="null" OriginId="org.eclipse.ui.DefaultTextEditor" StartDate="2014-10-21 10:44:34.479 JST" StructureHandle="/Cake_NR5/sql.txt" StructureKind="resource" NumEvents="4" CreationCount="454"/><InteractionEvent Delta="null" EndDate="2014-10-21 10:45:51.582 JST" Interest="11.0" Kind="edit" Navigation="null" OriginId="org.eclipse.ui.DefaultTextEditor" StartDate="2014-10-21 10:44:34.509 JST" StructureHandle="/Cake_NR5/sql.txt" StructureKind="resource" NumEvents="11" CreationCount="454"/><InteractionEvent Delta="null" EndDate="2014-10-21 10:36:19.248 JST" Interest="7.0" Kind="selection" Navigation="null" OriginId="org.eclipse.ui.views.ResourceNavigator" StartDate="2014-10-21 10:35:57.872 JST" StructureHandle="/Cake_SL3/app/Controller/PositionsController.php" StructureKind="resource" NumEvents="7" CreationCount="210"/><InteractionEvent Delta="null" EndDate="2014-10-22 10:30:59.529 JST" Interest="2.0" Kind="selection" Navigation="null" OriginId="org.eclipse.ui.views.ResourceNavigator" StartDate="2014-10-22 10:23:38.110 JST" StructureHandle="/Cake_SL3/app/View/SkimmedTokens" StructureKind="resource" NumEvents="2" CreationCount="663"/><InteractionEvent Delta="null" EndDate="2014-10-22 10:30:59.529 JST" Interest="0.6660001" Kind="manipulation" Navigation="null" OriginId="org.eclipse.mylyn.core.model.interest.decay.correction" StartDate="2014-10-22 10:30:59.529 JST" StructureHandle="/Cake_SL3/app/View/SkimmedTokens" StructureKind="resource"/><InteractionEvent Delta="null" EndDate="2014-10-21 10:47:55.920 JST" Interest="6.0" Kind="selection" Navigation="null" OriginId="org.eclipse.ui.views.ResourceNavigator" StartDate="2014-10-21 10:36:43.581 JST" StructureHandle="/Cake_SL3/app/Controller/SIsController.php" StructureKind="resource" NumEvents="6" CreationCount="260"/><InteractionEvent Delta="null" EndDate="2014-10-21 10:38:12.736 JST" Interest="36.0" Kind="edit" Navigation="null" OriginId="org.eclipse.php.editor" StartDate="2014-10-21 10:36:43.834 JST" StructureHandle="/Cake_SL3/app/Controller/SIsController.php" StructureKind="resource" NumEvents="36" CreationCount="260"/><InteractionEvent Delta="null" EndDate="2014-10-21 10:36:38.726 JST" Interest="1.0" Kind="propagation" Navigation="null" OriginId="org.eclipse.mylyn.resources.ui.interest.updater" StartDate="2014-10-21 10:36:38.726 JST" StructureHandle="/Cake_SL3/app/Controller/SIsController.php" StructureKind="resource"/><InteractionEvent Delta="null" EndDate="2014-10-22 10:31:04.162 JST" Interest="1.0" Kind="selection" Navigation="null" OriginId="org.eclipse.ui.views.ResourceNavigator" StartDate="2014-10-22 10:31:04.162 JST" StructureHandle="/Cake_SL3/app/View/Videos" StructureKind="resource"/><InteractionEvent Delta="null" EndDate="2014-10-21 10:38:48.199 JST" Interest="1.0" Kind="selection" Navigation="null" OriginId="org.eclipse.ui.views.ResourceNavigator" StartDate="2014-10-21 10:38:48.199 JST" StructureHandle="/Cake_SL3/.git" StructureKind="resource"/><InteractionEvent Delta="null" EndDate="2014-10-21 10:36:19.230 JST" Interest="1.0" Kind="selection" Navigation="null" OriginId="org.eclipse.ui.views.ResourceNavigator" StartDate="2014-10-21 10:36:19.230 JST" StructureHandle="/Cake_SL3/app/Controller/CategorysController.php" StructureKind="resource"/><InteractionEvent Delta="null" EndDate="2014-10-22 10:30:40.294 JST" Interest="1.0" Kind="propagation" Navigation="null" OriginId="org.eclipse.mylyn.resources.ui.interest.updater" StartDate="2014-10-22 10:30:40.294 JST" StructureHandle="/Cake_SL3/app/View/PurHistorys/view.ctp" StructureKind="resource"/><InteractionEvent Delta="null" EndDate="2014-10-21 10:48:11.187 JST" Interest="1.0" Kind="selection" Navigation="null" OriginId="org.eclipse.ui.views.ResourceNavigator" StartDate="2014-10-21 10:48:11.187 JST" StructureHandle="/Cake_SL3/app/Controller/TEMPLATEController.php" StructureKind="resource"/><InteractionEvent Delta="null" EndDate="2014-10-21 10:48:09.273 JST" Interest="1.0" Kind="propagation" Navigation="null" OriginId="org.eclipse.mylyn.resources.ui.interest.updater" StartDate="2014-10-21 10:48:09.273 JST" StructureHandle="/Cake_SL3/app/Controller/TEMPLATEController.php" StructureKind="resource"/><InteractionEvent Delta="null" EndDate="2014-10-22 10:23:02.345 JST" Interest="5.0" Kind="selection" Navigation="null" OriginId="org.eclipse.ui.views.ResourceNavigator" StartDate="2014-10-21 10:09:55.893 JST" StructureHandle="/Cake_SL3/app/webroot" StructureKind="resource" NumEvents="5" CreationCount="4"/><InteractionEvent Delta="null" EndDate="2014-10-22 10:23:02.345 JST" Interest="3.7350006" Kind="manipulation" Navigation="null" OriginId="org.eclipse.mylyn.core.model.interest.decay.correction" StartDate="2014-10-22 10:23:02.345 JST" StructureHandle="/Cake_SL3/app/webroot" StructureKind="resource"/><InteractionEvent Delta="null" EndDate="2014-10-21 10:29:00.742 JST" Interest="3.111" Kind="propagation" Navigation="org.eclipse.mylyn.core.model.edges.containment" OriginId="org.eclipse.mylyn.core.model.interest.propagation" StartDate="2014-10-21 10:09:57.607 JST" StructureHandle="/Cake_SL3/app/webroot" StructureKind="resource" NumEvents="2" CreationCount="4"/><InteractionEvent Delta="null" EndDate="2014-10-21 10:45:33.441 JST" Interest="3.1" Kind="propagation" Navigation="org.eclipse.mylyn.core.model.edges.containment" OriginId="org.eclipse.mylyn.core.model.interest.propagation" StartDate="2014-10-21 10:45:31.624 JST" StructureHandle="/Cake_NR5/app" StructureKind="resource" NumEvents="4" CreationCount="467"/><InteractionEvent Delta="null" EndDate="2014-10-21 10:38:30.928 JST" Interest="1.0" Kind="propagation" Navigation="null" OriginId="org.eclipse.mylyn.resources.ui.interest.updater" StartDate="2014-10-21 10:38:30.928 JST" StructureHandle="/Cake_SL3/app/View/SIs/add.ctp" StructureKind="resource"/><InteractionEvent Delta="null" EndDate="2014-10-22 10:41:43.698 JST" Interest="5.0" Kind="selection" Navigation="null" OriginId="org.eclipse.ui.views.ResourceNavigator" StartDate="2014-10-22 10:31:37.666 JST" StructureHandle="/Cake_SL3/app/View/PurHistorys/index.ctp" StructureKind="resource" NumEvents="5" CreationCount="751"/><InteractionEvent Delta="null" EndDate="2014-10-22 10:33:20.556 JST" Interest="13.0" Kind="edit" Navigation="null" OriginId="org.eclipse.php.editor" StartDate="2014-10-22 10:31:37.719 JST" StructureHandle="/Cake_SL3/app/View/PurHistorys/index.ctp" StructureKind="resource" NumEvents="13" CreationCount="751"/><InteractionEvent Delta="null" EndDate="2014-10-22 10:30:40.296 JST" Interest="1.0" Kind="propagation" Navigation="null" OriginId="org.eclipse.mylyn.resources.ui.interest.updater" StartDate="2014-10-22 10:30:40.296 JST" StructureHandle="/Cake_SL3/app/View/PurHistorys/index.ctp" StructureKind="resource"/><InteractionEvent Delta="null" EndDate="2014-10-22 10:33:44.142 JST" Interest="1.0" Kind="prediction" Navigation="null" OriginId="org.eclipse.mylyn.resources.ui.interest.updater" StartDate="2014-10-22 10:33:44.142 JST" StructureHandle="/Cake_SL3/app/tmp/cache/models/myapp_cake_model_default_sis" StructureKind="resource"/><InteractionEvent Delta="null" EndDate="2014-10-21 10:36:19.232 JST" Interest="3.0" Kind="selection" Navigation="null" OriginId="org.eclipse.ui.views.ResourceNavigator" StartDate="2014-10-21 10:36:17.715 JST" StructureHandle="/Cake_SL3/app/Controller/EqsController.php" StructureKind="resource" NumEvents="3" CreationCount="232"/><InteractionEvent Delta="null" EndDate="2014-10-22 10:30:49.442 JST" Interest="2.0" Kind="selection" Navigation="null" OriginId="org.eclipse.ui.views.ResourceNavigator" StartDate="2014-10-22 10:30:47.81 JST" StructureHandle="/Cake_SL3/app/View/Keywords" StructureKind="resource" NumEvents="2" CreationCount="755"/><InteractionEvent Delta="null" EndDate="2014-10-21 10:36:19.237 JST" Interest="4.0" Kind="selection" Navigation="null" OriginId="org.eclipse.ui.views.ResourceNavigator" StartDate="2014-10-21 10:36:05.827 JST" StructureHandle="/Cake_SL3/app/Controller/GenresController.php" StructureKind="resource" NumEvents="4" CreationCount="225"/><InteractionEvent Delta="null" EndDate="2014-10-21 10:36:19.242 JST" Interest="6.0" Kind="selection" Navigation="null" OriginId="org.eclipse.ui.views.ResourceNavigator" StartDate="2014-10-21 10:35:59.492 JST" StructureHandle="/Cake_SL3/app/Controller/KeywordsController.php" StructureKind="resource" NumEvents="6" CreationCount="214"/><InteractionEvent Delta="null" EndDate="2014-10-22 10:31:36.80 JST" Interest="1.0" Kind="selection" Navigation="null" OriginId="org.eclipse.ui.views.ResourceNavigator" StartDate="2014-10-22 10:31:36.80 JST" StructureHandle="/Cake_SL3/app/View/PurHistorys" StructureKind="resource"/><InteractionEvent Delta="null" EndDate="2014-10-22 10:41:43.699 JST" Interest="14.099999" Kind="propagation" Navigation="org.eclipse.mylyn.core.model.edges.containment" OriginId="org.eclipse.mylyn.core.model.interest.propagation" StartDate="2014-10-22 10:30:40.297 JST" StructureHandle="/Cake_SL3/app/View/PurHistorys" StructureKind="resource" NumEvents="18" CreationCount="751"/><InteractionEvent Delta="null" EndDate="2014-10-22 10:45:02.704 JST" Interest="1.0" Kind="selection" Navigation="null" OriginId="org.eclipse.ui.views.ResourceNavigator" StartDate="2014-10-22 10:45:02.704 JST" StructureHandle="/Cake_SL3/.travis.yml" StructureKind="resource"/><InteractionEvent Delta="null" EndDate="2014-10-22 10:33:44.828 JST" Interest="1.0" Kind="selection" Navigation="null" OriginId="org.eclipse.ui.views.ResourceNavigator" StartDate="2014-10-22 10:33:44.828 JST" StructureHandle="/Cake_SL3/app/Vendor" StructureKind="resource"/><InteractionEvent Delta="null" EndDate="2014-10-22 10:33:44.141 JST" Interest="1.0" Kind="prediction" Navigation="null" OriginId="org.eclipse.mylyn.resources.ui.interest.updater" StartDate="2014-10-22 10:33:44.141 JST" StructureHandle="/Cake_SL3/app/tmp/cache/models/myapp_cake_model_default_development_sqlite3_list" StructureKind="resource"/><InteractionEvent Delta="null" EndDate="2014-10-21 10:45:33.440 JST" Interest="3.1" Kind="propagation" Navigation="org.eclipse.mylyn.core.model.edges.containment" OriginId="org.eclipse.mylyn.core.model.interest.propagation" StartDate="2014-10-21 10:45:31.623 JST" StructureHandle="/Cake_NR5/app/Controller" StructureKind="resource" NumEvents="4" CreationCount="467"/><InteractionEvent Delta="null" EndDate="2014-10-22 10:23:28.780 JST" Interest="1.0" Kind="selection" Navigation="null" OriginId="org.eclipse.ui.views.ResourceNavigator" StartDate="2014-10-22 10:23:28.780 JST" StructureHandle="/Cake_SL3/app/View/Elements/empty" StructureKind="resource"/><InteractionEvent Delta="null" EndDate="2014-10-22 10:40:17.887 JST" Interest="1.0" Kind="propagation" Navigation="null" OriginId="org.eclipse.mylyn.resources.ui.interest.updater" StartDate="2014-10-22 10:40:17.887 JST" StructureHandle="/Cake_SL3/app/View/Sis/index.ctp" StructureKind="resource"/><InteractionEvent Delta="null" EndDate="2014-10-22 10:45:23.417 JST" Interest="8.0" Kind="selection" Navigation="null" OriginId="org.eclipse.php.editor" StartDate="2014-10-22 10:34:00.278 JST" StructureHandle="/Cake_SL3/app/View/Elements/purhistorys/index_t_headers.ctp" StructureKind="resource" NumEvents="8" CreationCount="807"/><InteractionEvent Delta="null" EndDate="2014-10-22 10:45:25.838 JST" Interest="13.0" Kind="edit" Navigation="null" OriginId="org.eclipse.php.editor" StartDate="2014-10-22 10:34:01.58 JST" StructureHandle="/Cake_SL3/app/View/Elements/purhistorys/index_t_headers.ctp" StructureKind="resource" NumEvents="13" CreationCount="807"/><InteractionEvent Delta="null" EndDate="2014-10-22 10:33:54.149 JST" Interest="1.0" Kind="propagation" Navigation="null" OriginId="org.eclipse.mylyn.resources.ui.interest.updater" StartDate="2014-10-22 10:33:54.149 JST" StructureHandle="/Cake_SL3/app/View/Elements/purhistorys/index_t_headers.ctp" StructureKind="resource"/><InteractionEvent Delta="null" EndDate="2014-10-21 10:36:42.754 JST" Interest="1.0" Kind="selection" Navigation="null" OriginId="org.eclipse.ui.views.ResourceNavigator" StartDate="2014-10-21 10:36:42.754 JST" StructureHandle="/Cake_SL3/app/Controller/PagesController.php" StructureKind="resource"/><InteractionEvent Delta="null" EndDate="2014-10-22 10:45:14.43 JST" Interest="2.0" Kind="selection" Navigation="null" OriginId="org.eclipse.ui.views.ResourceNavigator" StartDate="2014-10-22 10:33:58.852 JST" StructureHandle="/Cake_SL3/app/View/Elements/purhistorys" StructureKind="resource" NumEvents="2" CreationCount="807"/><InteractionEvent Delta="null" EndDate="2014-10-23 10:14:21.269 JST" Interest="39.699997" Kind="propagation" Navigation="org.eclipse.mylyn.core.model.edges.containment" OriginId="org.eclipse.mylyn.core.model.interest.propagation" StartDate="2014-10-22 10:33:54.150 JST" StructureHandle="/Cake_SL3/app/View/Elements/purhistorys" StructureKind="resource" NumEvents="53" CreationCount="807"/><InteractionEvent Delta="null" EndDate="2014-10-21 10:40:40.452 JST" Interest="1.0" Kind="selection" Navigation="null" OriginId="org.eclipse.ui.views.ResourceNavigator" StartDate="2014-10-21 10:40:40.452 JST" StructureHandle="/Cake_SL3/app/View/Elements/flash_views" StructureKind="resource"/><InteractionEvent Delta="null" EndDate="2014-10-22 10:36:38.503 JST" Interest="1.0" Kind="selection" Navigation="null" OriginId="org.eclipse.ui.views.ResourceNavigator" StartDate="2014-10-22 10:36:38.503 JST" StructureHandle="/Cake_SL3/app/View/Elements/layouts" StructureKind="resource"/><InteractionEvent Delta="null" EndDate="2014-10-22 10:39:48.27 JST" Interest="20.917" Kind="propagation" Navigation="org.eclipse.mylyn.core.model.edges.containment" OriginId="org.eclipse.mylyn.core.model.interest.propagation" StartDate="2014-10-22 10:36:39.815 JST" StructureHandle="/Cake_SL3/app/View/Elements/layouts" StructureKind="resource" NumEvents="30" CreationCount="859"/><InteractionEvent Delta="null" EndDate="2014-10-22 10:31:29.357 JST" Interest="2.0" Kind="selection" Navigation="null" OriginId="org.eclipse.ui.views.ResourceNavigator" StartDate="2014-10-22 10:30:53.991 JST" StructureHandle="/Cake_SL3/app/View/Pages" StructureKind="resource" NumEvents="2" CreationCount="759"/><InteractionEvent Delta="null" EndDate="2014-10-22 10:31:07.391 JST" Interest="1.0" Kind="selection" Navigation="null" OriginId="org.eclipse.ui.views.ResourceNavigator" StartDate="2014-10-22 10:31:07.391 JST" StructureHandle="/Cake_SL3/app/View/Eqs" StructureKind="resource"/><InteractionEvent Delta="null" EndDate="2014-10-21 10:45:21.793 JST" Interest="1.0" Kind="selection" Navigation="null" OriginId="org.eclipse.php.ui.explorer" StartDate="2014-10-21 10:45:21.793 JST" StructureHandle="/Cake_NR5/d.bat" StructureKind="resource"/><InteractionEvent Delta="null" EndDate="2014-10-22 10:31:02.509 JST" Interest="1.0" Kind="selection" Navigation="null" OriginId="org.eclipse.ui.views.ResourceNavigator" StartDate="2014-10-22 10:31:02.509 JST" StructureHandle="/Cake_SL3/app/View/Tokens" StructureKind="resource"/><InteractionEvent Delta="null" EndDate="2014-10-22 10:33:44.144 JST" Interest="1.0" Kind="propagation" Navigation="org.eclipse.mylyn.core.model.edges.containment" OriginId="org.eclipse.mylyn.core.model.interest.propagation" StartDate="2014-10-22 10:33:44.144 JST" StructureHandle="/Cake_SL3/app/tmp/cache" StructureKind="resource"/><InteractionEvent Delta="null" EndDate="2014-10-22 10:33:44.145 JST" Interest="1.0" Kind="propagation" Navigation="org.eclipse.mylyn.core.model.edges.containment" OriginId="org.eclipse.mylyn.core.model.interest.propagation" StartDate="2014-10-22 10:33:44.145 JST" StructureHandle="/Cake_SL3/app/tmp" StructureKind="resource"/><InteractionEvent Delta="null" EndDate="2014-10-21 10:45:31.623 JST" Interest="1.0" Kind="selection" Navigation="null" OriginId="org.eclipse.php.editor" StartDate="2014-10-21 10:45:31.623 JST" StructureHandle="/Cake_NR5/app/Controller/SkimmedtokensController.php" StructureKind="resource"/><InteractionEvent Delta="null" EndDate="2014-10-21 10:45:33.440 JST" Interest="3.0" Kind="edit" Navigation="null" OriginId="org.eclipse.php.editor" StartDate="2014-10-21 10:45:31.733 JST" StructureHandle="/Cake_NR5/app/Controller/SkimmedtokensController.php" StructureKind="resource" NumEvents="3" CreationCount="467"/><InteractionEvent Delta="null" EndDate="2014-10-21 10:38:47.954 JST" Interest="1.0" Kind="selection" Navigation="null" OriginId="org.eclipse.ui.views.ResourceNavigator" StartDate="2014-10-21 10:38:47.954 JST" StructureHandle="/Cake_SL3/app/Locale" StructureKind="resource"/><InteractionEvent Delta="null" EndDate="2014-10-22 10:29:59.629 JST" Interest="5.0" Kind="selection" Navigation="null" OriginId="org.eclipse.ui.views.ResourceNavigator" StartDate="2014-10-21 10:48:25.929 JST" StructureHandle="/Cake_SL3/app/Controller/PurhistorysController.php" StructureKind="resource" NumEvents="5" CreationCount="509"/><InteractionEvent Delta="null" EndDate="2014-10-22 10:29:42.106 JST" Interest="28.0" Kind="edit" Navigation="null" OriginId="org.eclipse.php.editor" StartDate="2014-10-21 10:48:26.927 JST" StructureHandle="/Cake_SL3/app/Controller/PurhistorysController.php" StructureKind="resource" NumEvents="28" CreationCount="509"/><InteractionEvent Delta="null" EndDate="2014-10-21 10:48:22.446 JST" Interest="1.0" Kind="propagation" Navigation="null" OriginId="org.eclipse.mylyn.resources.ui.interest.updater" StartDate="2014-10-21 10:48:22.446 JST" StructureHandle="/Cake_SL3/app/Controller/PurhistorysController.php" StructureKind="resource"/><InteractionEvent Delta="null" EndDate="2014-10-22 10:30:41.636 JST" Interest="1.0" Kind="selection" Navigation="null" OriginId="org.eclipse.ui.views.ResourceNavigator" StartDate="2014-10-22 10:30:41.636 JST" StructureHandle="/Cake_SL3/app/View/Admins" StructureKind="resource"/><InteractionEvent Delta="null" EndDate="2014-10-22 10:30:49.440 JST" Interest="3.0" Kind="selection" Navigation="null" OriginId="org.eclipse.ui.views.ResourceNavigator" StartDate="2014-10-21 10:39:53.368 JST" StructureHandle="/Cake_SL3/app/View/Historys" StructureKind="resource" NumEvents="3" CreationCount="111"/><InteractionEvent Delta="null" EndDate="2014-10-22 10:30:47.953 JST" Interest="9.948001" Kind="manipulation" Navigation="null" OriginId="org.eclipse.mylyn.core.model.interest.decay.correction" StartDate="2014-10-22 10:30:47.953 JST" StructureHandle="/Cake_SL3/app/View/Historys" StructureKind="resource"/><InteractionEvent Delta="null" EndDate="2014-10-21 10:45:51.583 JST" Interest="11.7" Kind="propagation" Navigation="org.eclipse.mylyn.core.model.edges.containment" OriginId="org.eclipse.mylyn.core.model.interest.propagation" StartDate="2014-10-21 10:44:34.479 JST" StructureHandle="=Cake_NR5" StructureKind="c/c++" NumEvents="15" CreationCount="454"/><InteractionEvent Delta="null" EndDate="2014-10-22 10:31:17.50 JST" Interest="1.0" Kind="selection" Navigation="null" OriginId="org.eclipse.ui.views.ResourceNavigator" StartDate="2014-10-22 10:31:17.50 JST" StructureHandle="/Cake_SL3/app/View/Genres" StructureKind="resource"/><InteractionEvent Delta="null" EndDate="2014-10-23 09:57:38.175 JST" Interest="326.985" Kind="propagation" Navigation="org.eclipse.mylyn.core.model.edges.containment" OriginId="org.eclipse.mylyn.core.model.interest.propagation" StartDate="2014-10-21 10:09:52.674 JST" StructureHandle="=Cake_SL3" StructureKind="c/c++" NumEvents="461" CreationCount="1"/><InteractionEvent Delta="null" EndDate="2014-10-22 10:31:11.27 JST" Interest="1.0" Kind="selection" Navigation="null" OriginId="org.eclipse.ui.views.ResourceNavigator" StartDate="2014-10-22 10:31:11.27 JST" StructureHandle="/Cake_SL3/app/View/Articles" StructureKind="resource"/><InteractionEvent Delta="null" EndDate="2014-10-22 10:40:17.887 JST" Interest="1.0" Kind="propagation" Navigation="null" OriginId="org.eclipse.mylyn.resources.ui.interest.updater" StartDate="2014-10-22 10:40:17.887 JST" StructureHandle="/Cake_SL3/app/View/Sis/edit.ctp" StructureKind="resource"/><InteractionEvent Delta="null" EndDate="2014-10-23 10:14:21.273 JST" Interest="1002.0" Kind="propagation" Navigation="null" OriginId="org.eclipse.php.editor" StartDate="2014-10-21 10:09:52.674 JST" StructureHandle="/Cake_SL3" StructureKind="resource" NumEvents="1002" CreationCount="1"/><InteractionEvent Delta="null" EndDate="2014-10-22 10:33:44.138 JST" Interest="1.0" Kind="prediction" Navigation="null" OriginId="org.eclipse.mylyn.resources.ui.interest.updater" StartDate="2014-10-22 10:33:44.138 JST" StructureHandle="/Cake_SL3/app/tmp/cache/persistent/myapp_cake_core_file_map" StructureKind="resource"/><InteractionEvent Delta="null" EndDate="2014-10-21 10:38:30.930 JST" Interest="1.0" Kind="propagation" Navigation="null" OriginId="org.eclipse.mylyn.resources.ui.interest.updater" StartDate="2014-10-21 10:38:30.930 JST" StructureHandle="/Cake_SL3/app/View/SIs/view.ctp" StructureKind="resource"/><InteractionEvent Delta="null" EndDate="2014-10-22 10:30:40.294 JST" Interest="1.0" Kind="propagation" Navigation="null" OriginId="org.eclipse.mylyn.resources.ui.interest.updater" StartDate="2014-10-22 10:30:40.294 JST" StructureHandle="/Cake_SL3/app/View/PurHistorys/add.ctp" StructureKind="resource"/><InteractionEvent Delta="null" EndDate="2014-10-22 10:33:44.140 JST" Interest="1.0" Kind="prediction" Navigation="null" OriginId="org.eclipse.mylyn.resources.ui.interest.updater" StartDate="2014-10-22 10:33:44.140 JST" StructureHandle="/Cake_SL3/app/tmp/logs/error.log" StructureKind="resource"/><InteractionEvent Delta="null" EndDate="2014-10-21 10:45:51.583 JST" Interest="20.0" Kind="propagation" Navigation="null" OriginId="org.eclipse.ui.DefaultTextEditor" StartDate="2014-10-21 10:44:34.479 JST" StructureHandle="/Cake_NR5" StructureKind="resource" NumEvents="20" CreationCount="454"/><InteractionEvent Delta="null" EndDate="2014-10-22 10:31:32.430 JST" Interest="2.0" Kind="selection" Navigation="null" OriginId="org.eclipse.ui.views.ResourceNavigator" StartDate="2014-10-22 10:30:57.361 JST" StructureHandle="/Cake_SL3/app/View/Scaffolds" StructureKind="resource" NumEvents="2" CreationCount="761"/><InteractionEvent Delta="null" EndDate="2014-10-21 10:29:00.742 JST" Interest="2.0" Kind="selection" Navigation="null" OriginId="org.eclipse.ui.views.ResourceNavigator" StartDate="2014-10-21 10:09:57.606 JST" StructureHandle="/Cake_SL3/app/webroot/development.sqlite3" StructureKind="resource" NumEvents="2" CreationCount="5"/><InteractionEvent Delta="null" EndDate="2014-10-21 10:29:00.742 JST" Interest="2.094" Kind="manipulation" Navigation="null" OriginId="org.eclipse.mylyn.core.model.interest.decay.correction" StartDate="2014-10-21 10:29:00.742 JST" StructureHandle="/Cake_SL3/app/webroot/development.sqlite3" StructureKind="resource"/><InteractionEvent Delta="null" EndDate="2014-10-22 10:40:17.887 JST" Interest="2.0" Kind="propagation" Navigation="null" OriginId="org.eclipse.mylyn.resources.ui.interest.updater" StartDate="2014-10-22 10:40:17.889 JST" StructureHandle="/Cake_SL3/app/View/Sis" StructureKind="resource" NumEvents="2" CreationCount="899"/><InteractionEvent Delta="null" EndDate="2014-10-22 10:45:12.248 JST" Interest="9.0" Kind="selection" Navigation="null" OriginId="org.eclipse.ui.views.ResourceNavigator" StartDate="2014-10-21 10:40:06.414 JST" StructureHandle="/Cake_SL3/app/View/Elements/sis/index_t_headers.ctp" StructureKind="resource" NumEvents="9" CreationCount="359"/><InteractionEvent Delta="null" EndDate="2014-10-22 10:26:30.650 JST" Interest="9.0" Kind="edit" Navigation="null" OriginId="org.eclipse.php.editor" StartDate="2014-10-21 10:40:06.654 JST" StructureHandle="/Cake_SL3/app/View/Elements/sis/index_t_headers.ctp" StructureKind="resource" NumEvents="9" CreationCount="359"/><InteractionEvent Delta="null" EndDate="2014-10-21 10:40:02.179 JST" Interest="1.0" Kind="propagation" Navigation="null" OriginId="org.eclipse.mylyn.resources.ui.interest.updater" StartDate="2014-10-21 10:40:02.179 JST" StructureHandle="/Cake_SL3/app/View/Elements/sis/index_t_headers.ctp" StructureKind="resource"/><InteractionEvent Delta="null" EndDate="2014-10-21 10:36:19.239 JST" Interest="5.0" Kind="selection" Navigation="null" OriginId="org.eclipse.ui.views.ResourceNavigator" StartDate="2014-10-21 10:36:01.202 JST" StructureHandle="/Cake_SL3/app/Controller/HistorysController.php" StructureKind="resource" NumEvents="5" CreationCount="219"/><InteractionEvent Delta="null" EndDate="2014-10-22 10:30:40.295 JST" Interest="1.0" Kind="propagation" Navigation="null" OriginId="org.eclipse.mylyn.resources.ui.interest.updater" StartDate="2014-10-22 10:30:40.295 JST" StructureHandle="/Cake_SL3/app/View/PurHistorys/edit.ctp" StructureKind="resource"/><InteractionEvent Delta="null" EndDate="2014-10-22 10:33:44.150 JST" Interest="1.0" Kind="propagation" Navigation="org.eclipse.mylyn.core.model.edges.containment" OriginId="org.eclipse.mylyn.core.model.interest.propagation" StartDate="2014-10-22 10:33:44.150 JST" StructureHandle="/Cake_SL3/app/tmp/logs" StructureKind="resource"/><InteractionEvent Delta="null" EndDate="2014-10-22 10:36:36.753 JST" Interest="2.0" Kind="selection" Navigation="null" OriginId="org.eclipse.ui.views.ResourceNavigator" StartDate="2014-10-22 10:23:07.196 JST" StructureHandle="/Cake_SL3/app/View/Elements/positions" StructureKind="resource" NumEvents="2" CreationCount="646"/><InteractionEvent Delta="null" EndDate="2014-10-22 10:36:36.753 JST" Interest="2.5870001" Kind="manipulation" Navigation="null" OriginId="org.eclipse.mylyn.core.model.interest.decay.correction" StartDate="2014-10-22 10:36:36.753 JST" StructureHandle="/Cake_SL3/app/View/Elements/positions" StructureKind="resource"/><InteractionEvent Delta="null" EndDate="2014-10-22 10:33:44.152 JST" Interest="1.0" Kind="propagation" Navigation="org.eclipse.mylyn.core.model.edges.containment" OriginId="org.eclipse.mylyn.core.model.interest.propagation" StartDate="2014-10-22 10:33:44.152 JST" StructureHandle="/Cake_SL3/app/tmp/cache/models" StructureKind="resource"/><InteractionEvent Delta="null" EndDate="2014-10-22 10:33:44.139 JST" Interest="1.0" Kind="prediction" Navigation="null" OriginId="org.eclipse.mylyn.resources.ui.interest.updater" StartDate="2014-10-22 10:33:44.139 JST" StructureHandle="/Cake_SL3/app/tmp/cache/persistent/myapp_cake_core_method_cache" StructureKind="resource"/><InteractionEvent Delta="null" EndDate="2014-10-22 10:30:22.650 JST" Interest="3.0" Kind="selection" Navigation="null" OriginId="org.eclipse.ui.views.ResourceNavigator" StartDate="2014-10-21 10:40:04.136 JST" StructureHandle="/Cake_SL3/app/View/Elements/sis" StructureKind="resource" NumEvents="3" CreationCount="86"/><InteractionEvent Delta="null" EndDate="2014-10-22 10:23:08.562 JST" Interest="4.1200004" Kind="manipulation" Navigation="null" OriginId="org.eclipse.mylyn.core.model.interest.decay.correction" StartDate="2014-10-22 10:23:08.562 JST" StructureHandle="/Cake_SL3/app/View/Elements/sis" StructureKind="resource"/><InteractionEvent Delta="null" EndDate="2014-10-22 10:45:21.148 JST" Interest="27.217" Kind="propagation" Navigation="org.eclipse.mylyn.core.model.edges.containment" OriginId="org.eclipse.mylyn.core.model.interest.propagation" StartDate="2014-10-21 10:40:02.181 JST" StructureHandle="/Cake_SL3/app/View/Elements/sis" StructureKind="resource" NumEvents="36" CreationCount="86"/><InteractionEvent Delta="null" EndDate="2014-10-22 10:33:44.143 JST" Interest="1.0" Kind="propagation" Navigation="org.eclipse.mylyn.core.model.edges.containment" OriginId="org.eclipse.mylyn.core.model.interest.propagation" StartDate="2014-10-22 10:33:44.143 JST" StructureHandle="/Cake_SL3/app/tmp/cache/persistent" StructureKind="resource"/><InteractionEvent Delta="null" EndDate="2014-10-22 10:33:44.142 JST" Interest="1.0" Kind="prediction" Navigation="null" OriginId="org.eclipse.mylyn.resources.ui.interest.updater" StartDate="2014-10-22 10:33:44.142 JST" StructureHandle="/Cake_SL3/app/tmp/cache/models/myapp_cake_model_default_pur_histories" StructureKind="resource"/><InteractionEvent Delta="null" EndDate="2014-10-21 10:38:30.927 JST" Interest="1.0" Kind="propagation" Navigation="null" OriginId="org.eclipse.mylyn.resources.ui.interest.updater" StartDate="2014-10-21 10:38:30.927 JST" StructureHandle="/Cake_SL3/app/View/SIs/edit.ctp" StructureKind="resource"/><InteractionEvent Delta="null" EndDate="2014-10-22 10:33:49.835 JST" Interest="10.0" Kind="selection" Navigation="null" OriginId="org.eclipse.ui.views.ResourceNavigator" StartDate="2014-10-21 10:39:55.891 JST" StructureHandle="/Cake_SL3/app/View/Elements" StructureKind="resource" NumEvents="10" CreationCount="357"/><InteractionEvent Delta="null" EndDate="2014-10-23 10:14:21.270 JST" Interest="39.35" Kind="propagation" Navigation="org.eclipse.mylyn.core.model.edges.containment" OriginId="org.eclipse.mylyn.core.model.interest.propagation" StartDate="2014-10-21 10:39:57.491 JST" StructureHandle="/Cake_SL3/app/View/Elements" StructureKind="resource" NumEvents="55" CreationCount="357"/><InteractionEvent Delta="null" EndDate="2014-10-21 10:28:58.551 JST" Interest="1.0" Kind="selection" Navigation="null" OriginId="org.eclipse.ui.views.ResourceNavigator" StartDate="2014-10-21 10:28:58.551 JST" StructureHandle="/Cake_SL3/build.xml" StructureKind="build.xml"/><InteractionEvent Delta="null" EndDate="2014-10-22 10:45:21.147 JST" Interest="8.0" Kind="selection" Navigation="null" OriginId="org.eclipse.ui.views.ResourceNavigator" StartDate="2014-10-22 10:23:12.775 JST" StructureHandle="/Cake_SL3/app/View/Elements/sis/index_t_entries.ctp" StructureKind="resource" NumEvents="8" CreationCount="112"/><InteractionEvent Delta="null" EndDate="2014-10-22 10:45:17.615 JST" Interest="24.0" Kind="edit" Navigation="null" OriginId="org.eclipse.php.editor" StartDate="2014-10-22 10:23:13.227 JST" StructureHandle="/Cake_SL3/app/View/Elements/sis/index_t_entries.ctp" StructureKind="resource" NumEvents="24" CreationCount="112"/><InteractionEvent Delta="null" EndDate="2014-10-22 10:23:12.775 JST" Interest="8.095" Kind="manipulation" Navigation="null" OriginId="org.eclipse.mylyn.core.model.interest.decay.correction" StartDate="2014-10-22 10:23:12.775 JST" StructureHandle="/Cake_SL3/app/View/Elements/sis/index_t_entries.ctp" StructureKind="resource"/><InteractionEvent Delta="null" EndDate="2014-10-21 10:40:02.180 JST" Interest="1.0" Kind="propagation" Navigation="null" OriginId="org.eclipse.mylyn.resources.ui.interest.updater" StartDate="2014-10-21 10:40:02.180 JST" StructureHandle="/Cake_SL3/app/View/Elements/sis/index_t_entries.ctp" StructureKind="resource"/><InteractionEvent Delta="null" EndDate="2014-10-22 10:33:45.920 JST" Interest="8.0" Kind="selection" Navigation="null" OriginId="org.eclipse.ui.views.ResourceNavigator" StartDate="2014-10-21 10:29:47.10 JST" StructureHandle="/Cake_SL3/app/View" StructureKind="resource" NumEvents="8" CreationCount="112"/><InteractionEvent Delta="null" EndDate="2014-10-21 10:38:22.330 JST" Interest="1.1420002" Kind="manipulation" Navigation="null" OriginId="org.eclipse.mylyn.core.model.interest.decay.correction" StartDate="2014-10-21 10:38:22.330 JST" StructureHandle="/Cake_SL3/app/View" StructureKind="resource"/><InteractionEvent Delta="null" EndDate="2014-10-23 10:14:21.272 JST" Interest="44.372997" Kind="propagation" Navigation="org.eclipse.mylyn.core.model.edges.containment" OriginId="org.eclipse.mylyn.core.model.interest.propagation" StartDate="2014-10-21 10:38:24.764 JST" StructureHandle="/Cake_SL3/app/View" StructureKind="resource" NumEvents="59" CreationCount="112"/><InteractionEvent Delta="null" EndDate="2014-10-22 10:40:17.886 JST" Interest="1.0" Kind="propagation" Navigation="null" OriginId="org.eclipse.mylyn.resources.ui.interest.updater" StartDate="2014-10-22 10:40:17.886 JST" StructureHandle="/Cake_SL3/app/View/Sis/add.ctp" StructureKind="resource"/><InteractionEvent Delta="null" EndDate="2014-10-22 10:33:39.508 JST" Interest="3.0" Kind="selection" Navigation="null" OriginId="org.eclipse.ui.views.ResourceNavigator" StartDate="2014-10-22 10:31:44.94 JST" StructureHandle="/Cake_SL3/app/View/TEMPLATES/index.ctp" StructureKind="resource" NumEvents="3" CreationCount="780"/><InteractionEvent Delta="null" EndDate="2014-10-22 10:31:57.640 JST" Interest="6.0" Kind="edit" Navigation="null" OriginId="org.eclipse.php.editor" StartDate="2014-10-22 10:31:44.353 JST" StructureHandle="/Cake_SL3/app/View/TEMPLATES/index.ctp" StructureKind="resource" NumEvents="6" CreationCount="780"/><InteractionEvent Delta="null" EndDate="2014-10-22 10:24:43.16 JST" Interest="9.0" Kind="selection" Navigation="null" OriginId="org.eclipse.php.editor" StartDate="2014-10-21 10:38:35.434 JST" StructureHandle="/Cake_SL3/app/View/SIs/index.ctp" StructureKind="resource" NumEvents="9" CreationCount="318"/><InteractionEvent Delta="null" EndDate="2014-10-22 10:24:43.53 JST" Interest="27.0" Kind="edit" Navigation="null" OriginId="org.eclipse.php.editor" StartDate="2014-10-21 10:38:35.495 JST" StructureHandle="/Cake_SL3/app/View/SIs/index.ctp" StructureKind="resource" NumEvents="27" CreationCount="318"/><InteractionEvent Delta="null" EndDate="2014-10-21 10:38:30.931 JST" Interest="1.0" Kind="propagation" Navigation="null" OriginId="org.eclipse.mylyn.resources.ui.interest.updater" StartDate="2014-10-21 10:38:30.931 JST" StructureHandle="/Cake_SL3/app/View/SIs/index.ctp" StructureKind="resource"/><InteractionEvent Delta="null" EndDate="2014-10-22 10:33:40.85 JST" Interest="4.0" Kind="selection" Navigation="null" OriginId="org.eclipse.ui.views.ResourceNavigator" StartDate="2014-10-21 10:38:24.763 JST" StructureHandle="/Cake_SL3/app/View/TEMPLATES" StructureKind="resource" NumEvents="4" CreationCount="123"/><InteractionEvent Delta="null" EndDate="2014-10-22 10:30:26.449 JST" Interest="9.642" Kind="manipulation" Navigation="null" OriginId="org.eclipse.mylyn.core.model.interest.decay.correction" StartDate="2014-10-22 10:30:26.449 JST" StructureHandle="/Cake_SL3/app/View/TEMPLATES" StructureKind="resource"/><InteractionEvent Delta="null" EndDate="2014-10-22 10:33:39.509 JST" Interest="5.727" Kind="propagation" Navigation="org.eclipse.mylyn.core.model.edges.containment" OriginId="org.eclipse.mylyn.core.model.interest.propagation" StartDate="2014-10-22 10:31:44.293 JST" StructureHandle="/Cake_SL3/app/View/TEMPLATES" StructureKind="resource" NumEvents="8" CreationCount="123"/><InteractionEvent Delta="null" EndDate="2014-10-22 10:29:06.279 JST" Interest="8.0" Kind="selection" Navigation="null" OriginId="org.eclipse.ui.views.ResourceNavigator" StartDate="2014-10-21 10:35:27.529 JST" StructureHandle="/Cake_SL3/app/Controller" StructureKind="resource" NumEvents="8" CreationCount="202"/><InteractionEvent Delta="null" EndDate="2014-10-21 10:38:12.737 JST" Interest="30.185999" Kind="propagation" Navigation="org.eclipse.mylyn.core.model.edges.containment" OriginId="org.eclipse.mylyn.core.model.interest.propagation" StartDate="2014-10-21 10:35:50.246 JST" StructureHandle="/Cake_SL3/app/Controller" StructureKind="resource" NumEvents="40" CreationCount="202"/><InteractionEvent Delta="null" EndDate="2014-10-21 10:36:19.255 JST" Interest="9.0" Kind="selection" Navigation="null" OriginId="org.eclipse.ui.views.ResourceNavigator" StartDate="2014-10-21 10:35:55.716 JST" StructureHandle="/Cake_SL3/app/Controller/VideosController.php" StructureKind="resource" NumEvents="9" CreationCount="206"/><InteractionEvent Delta="null" EndDate="2014-10-22 10:23:27.922 JST" Interest="1.0" Kind="selection" Navigation="null" OriginId="org.eclipse.ui.views.ResourceNavigator" StartDate="2014-10-22 10:23:27.922 JST" StructureHandle="/Cake_SL3/app/View/Elements/tokens" StructureKind="resource"/><InteractionEvent Delta="null" EndDate="2014-10-22 10:36:34.493 JST" Interest="1.0" Kind="selection" Navigation="null" OriginId="org.eclipse.ui.views.ResourceNavigator" StartDate="2014-10-22 10:36:34.493 JST" StructureHandle="/Cake_SL3/app/View/Elements/historys" StructureKind="resource"/><InteractionEvent Delta="null" EndDate="2014-10-21 10:36:19.249 JST" Interest="8.0" Kind="selection" Navigation="null" OriginId="org.eclipse.ui.views.ResourceNavigator" StartDate="2014-10-21 10:35:56.858 JST" StructureHandle="/Cake_SL3/app/Controller/SkimmedtokensController.php" StructureKind="resource" NumEvents="8" CreationCount="207"/><InteractionEvent Delta="null" EndDate="2014-10-23 10:14:21.246 JST" Interest="12.0" Kind="selection" Navigation="null" OriginId="org.eclipse.php.editor" StartDate="2014-10-22 10:33:59.648 JST" StructureHandle="/Cake_SL3/app/View/Elements/purhistorys/index_t_entries.ctp" StructureKind="resource" NumEvents="12" CreationCount="807"/><InteractionEvent Delta="null" EndDate="2014-10-23 10:14:21.267 JST" Interest="41.0" Kind="edit" Navigation="null" OriginId="org.eclipse.php.editor" StartDate="2014-10-22 10:34:37.24 JST" StructureHandle="/Cake_SL3/app/View/Elements/purhistorys/index_t_entries.ctp" StructureKind="resource" NumEvents="41" CreationCount="807"/><InteractionEvent Delta="null" EndDate="2014-10-22 10:33:54.147 JST" Interest="1.0" Kind="propagation" Navigation="null" OriginId="org.eclipse.mylyn.resources.ui.interest.updater" StartDate="2014-10-22 10:33:54.147 JST" StructureHandle="/Cake_SL3/app/View/Elements/purhistorys/index_t_entries.ctp" StructureKind="resource"/></InteractionHistory>