<?xml version="1.0" encoding="UTF-8"?><InteractionHistory Id="local-30" Version="1"><InteractionEvent Delta="null" EndDate="2014-09-21 10:55:57.490 JST" Interest="260.86" Kind="propagation" Navigation="org.eclipse.mylyn.core.model.edges.containment" OriginId="org.eclipse.mylyn.core.model.interest.propagation" StartDate="2014-09-21 09:21:41.590 JST" StructureHandle="" StructureKind="c/c++" NumEvents="367" CreationCount="1"/><InteractionEvent Delta="null" EndDate="2014-09-21 09:37:20.419 JST" Interest="1.0" Kind="prediction" Navigation="null" OriginId="org.eclipse.mylyn.resources.ui.interest.updater" StartDate="2014-09-21 09:37:20.419 JST" StructureHandle="/Cake_NR5/app/tmp/cache/persistent/myapp_cake_core_file_map" StructureKind="resource"/><InteractionEvent Delta="null" EndDate="2014-09-21 09:37:25.459 JST" Interest="1.0" Kind="selection" Navigation="null" OriginId="org.eclipse.ui.views.ResourceNavigator" StartDate="2014-09-21 09:37:25.459 JST" StructureHandle="/Cake_NR5/app/View/Elements/layouts" StructureKind="resource"/><InteractionEvent Delta="null" EndDate="2014-09-21 09:36:27.311 JST" Interest="9.299999" Kind="propagation" Navigation="org.eclipse.mylyn.core.model.edges.containment" OriginId="org.eclipse.mylyn.core.model.interest.propagation" StartDate="2014-09-21 09:35:50.503 JST" StructureHandle="/Cake_NR5/app/View/Elements/layouts" StructureKind="resource" NumEvents="12" CreationCount="225"/><InteractionEvent Delta="null" EndDate="2014-09-21 09:32:18.484 JST" Interest="1.0" Kind="propagation" Navigation="null" OriginId="org.eclipse.mylyn.resources.ui.interest.updater" StartDate="2014-09-21 09:32:18.484 JST" StructureHandle="/Cake_NR5/app/View/TEMPLATES/index.ctp" StructureKind="resource"/><InteractionEvent Delta="null" EndDate="2014-09-21 09:33:52.361 JST" Interest="1.0" Kind="selection" Navigation="null" OriginId="org.eclipse.ui.views.ResourceNavigator" StartDate="2014-09-21 09:33:52.361 JST" StructureHandle="/Cake_NR5/app/View/Elements/articles" StructureKind="resource"/><InteractionEvent Delta="null" EndDate="2014-09-21 10:19:02.770 JST" Interest="8.642" Kind="manipulation" Navigation="null" OriginId="org.eclipse.mylyn.core.model.interest.decay.correction" StartDate="2014-09-21 10:19:02.770 JST" StructureHandle="/Cake_NR5/app/webroot" StructureKind="resource"/><InteractionEvent Delta="null" EndDate="2014-09-21 10:29:27.907 JST" Interest="54.234" Kind="propagation" Navigation="org.eclipse.mylyn.core.model.edges.containment" OriginId="org.eclipse.mylyn.core.model.interest.propagation" StartDate="2014-09-21 10:19:03.24 JST" StructureHandle="/Cake_NR5/app/webroot" StructureKind="resource" NumEvents="76" CreationCount="74"/><InteractionEvent Delta="null" EndDate="2014-09-21 10:19:02.770 JST" Interest="3.0" Kind="selection" Navigation="null" OriginId="org.eclipse.ui.views.ResourceNavigator" StartDate="2014-09-21 09:28:35.657 JST" StructureHandle="/Cake_NR5/app/webroot" StructureKind="resource" NumEvents="3" CreationCount="74"/><InteractionEvent Delta="null" EndDate="2014-09-21 09:37:18.33 JST" Interest="3.0" Kind="selection" Navigation="null" OriginId="org.eclipse.ui.views.ResourceNavigator" StartDate="2014-09-21 09:36:29.132 JST" StructureHandle="/Cake_NR5/app/Controller/ArticlesController.php" StructureKind="resource" NumEvents="3" CreationCount="238"/><InteractionEvent Delta="null" EndDate="2014-09-21 09:36:41.484 JST" Interest="5.0" Kind="edit" Navigation="null" OriginId="org.eclipse.php.editor" StartDate="2014-09-21 09:36:29.395 JST" StructureHandle="/Cake_NR5/app/Controller/ArticlesController.php" StructureKind="resource" NumEvents="5" CreationCount="238"/><InteractionEvent Delta="null" EndDate="2014-09-21 09:36:27.388 JST" Interest="1.0" Kind="selection" Navigation="null" OriginId="org.eclipse.ui.views.ResourceNavigator" StartDate="2014-09-21 09:36:27.388 JST" StructureHandle="/Cake_NR5/app/Controller/VideosController.php" StructureKind="resource"/><InteractionEvent Delta="null" EndDate="2014-09-21 10:53:23.966 JST" Interest="1.0" Kind="selection" Navigation="null" OriginId="org.eclipse.php.editor" StartDate="2014-09-21 10:53:23.966 JST" StructureHandle="/VM_Cake/app/Controller/VideosController.php" StructureKind="resource"/><InteractionEvent Delta="null" EndDate="2014-09-21 10:53:34.360 JST" Interest="8.0" Kind="edit" Navigation="null" OriginId="org.eclipse.php.editor" StartDate="2014-09-21 10:53:23.989 JST" StructureHandle="/VM_Cake/app/Controller/VideosController.php" StructureKind="resource" NumEvents="8" CreationCount="1214"/><InteractionEvent Delta="null" EndDate="2014-09-21 10:51:01.625 JST" Interest="2.0" Kind="selection" Navigation="null" OriginId="org.eclipse.search.ui.views.SearchView" StartDate="2014-09-21 10:50:42.728 JST" StructureHandle="/VM_Cake/app/View/Helper" StructureKind="resource" NumEvents="2" CreationCount="1180"/><InteractionEvent Delta="null" EndDate="2014-09-21 09:37:27.176 JST" Interest="0.44500005" Kind="manipulation" Navigation="null" OriginId="org.eclipse.mylyn.core.model.interest.decay.correction" StartDate="2014-09-21 09:37:27.176 JST" StructureHandle="/Cake_NR5/app/View/Keywords/add.ctp" StructureKind="resource"/><InteractionEvent Delta="null" EndDate="2014-09-21 10:29:27.991 JST" Interest="26.0" Kind="selection" Navigation="null" OriginId="org.eclipse.ui.views.ResourceNavigator" StartDate="2014-09-21 09:37:27.176 JST" StructureHandle="/Cake_NR5/app/View/Keywords/add.ctp" StructureKind="resource" NumEvents="26" CreationCount="164"/><InteractionEvent Delta="null" EndDate="2014-09-21 09:32:24.260 JST" Interest="1.0" Kind="propagation" Navigation="null" OriginId="org.eclipse.mylyn.resources.ui.interest.updater" StartDate="2014-09-21 09:32:24.260 JST" StructureHandle="/Cake_NR5/app/View/Keywords/add.ctp" StructureKind="resource"/><InteractionEvent Delta="null" EndDate="2014-09-21 10:29:26.402 JST" Interest="166.0" Kind="edit" Navigation="null" OriginId="org.eclipse.php.editor" StartDate="2014-09-21 09:37:28.994 JST" StructureHandle="/Cake_NR5/app/View/Keywords/add.ctp" StructureKind="resource" NumEvents="166" CreationCount="164"/><InteractionEvent Delta="null" EndDate="2014-09-21 09:37:20.424 JST" Interest="1.0" Kind="propagation" Navigation="org.eclipse.mylyn.core.model.edges.containment" OriginId="org.eclipse.mylyn.core.model.interest.propagation" StartDate="2014-09-21 09:37:20.424 JST" StructureHandle="/Cake_NR5/app/tmp/cache" StructureKind="resource"/><InteractionEvent Delta="null" EndDate="2014-09-21 09:31:20.362 JST" Interest="7.0" Kind="selection" Navigation="null" OriginId="org.eclipse.php.editor" StartDate="2014-09-21 09:30:31.764 JST" StructureHandle="/Cake_NR5/app/Model/Keyword.php" StructureKind="resource" NumEvents="7" CreationCount="99"/><InteractionEvent Delta="null" EndDate="2014-09-21 09:30:29.278 JST" Interest="1.0" Kind="propagation" Navigation="null" OriginId="org.eclipse.mylyn.resources.ui.interest.updater" StartDate="2014-09-21 09:30:29.278 JST" StructureHandle="/Cake_NR5/app/Model/Keyword.php" StructureKind="resource"/><InteractionEvent Delta="null" EndDate="2014-09-21 09:31:30.531 JST" Interest="17.0" Kind="edit" Navigation="null" OriginId="org.eclipse.php.editor" StartDate="2014-09-21 09:30:31.799 JST" StructureHandle="/Cake_NR5/app/Model/Keyword.php" StructureKind="resource" NumEvents="17" CreationCount="99"/><InteractionEvent Delta="null" EndDate="2014-09-21 10:51:44.401 JST" Interest="3.0" Kind="selection" Navigation="null" OriginId="org.eclipse.ui.views.ResourceNavigator" StartDate="2014-09-21 10:49:45.23 JST" StructureHandle="/Cake_NR5/app/View/Helper/MytestHelper.php" StructureKind="resource" NumEvents="3" CreationCount="1169"/><InteractionEvent Delta="null" EndDate="2014-09-21 10:50:56.358 JST" Interest="11.0" Kind="edit" Navigation="null" OriginId="org.eclipse.php.editor" StartDate="2014-09-21 10:49:45.335 JST" StructureHandle="/Cake_NR5/app/View/Helper/MytestHelper.php" StructureKind="resource" NumEvents="11" CreationCount="1169"/><InteractionEvent Delta="null" EndDate="2014-09-21 10:50:33.175 JST" Interest="1.0" Kind="propagation" Navigation="org.eclipse.mylyn.core.model.edges.containment" OriginId="org.eclipse.mylyn.core.model.interest.propagation" StartDate="2014-09-21 10:50:33.175 JST" StructureHandle="/VM_Cake/app/tmp/logs" StructureKind="resource"/><InteractionEvent Delta="null" EndDate="2014-09-21 10:13:52.859 JST" Interest="11.0" Kind="propagation" Navigation="org.eclipse.mylyn.core.model.edges.containment" OriginId="org.eclipse.mylyn.core.model.interest.propagation" StartDate="2014-09-21 10:09:08.449 JST" StructureHandle="/VM_Cake/app/View/Videos" StructureKind="resource" NumEvents="14" CreationCount="608"/><InteractionEvent Delta="null" EndDate="2014-09-21 10:51:45.843 JST" Interest="45.6" Kind="propagation" Navigation="org.eclipse.mylyn.core.model.edges.containment" OriginId="org.eclipse.mylyn.core.model.interest.propagation" StartDate="2014-09-21 10:13:10.620 JST" StructureHandle="/VM_Cake/app/webroot" StructureKind="resource" NumEvents="60" CreationCount="644"/><InteractionEvent Delta="null" EndDate="2014-09-21 10:51:45.842 JST" Interest="45.6" Kind="propagation" Navigation="org.eclipse.mylyn.core.model.edges.containment" OriginId="org.eclipse.mylyn.core.model.interest.propagation" StartDate="2014-09-21 10:13:10.620 JST" StructureHandle="/VM_Cake/app/webroot/js" StructureKind="resource" NumEvents="60" CreationCount="644"/><InteractionEvent Delta="null" EndDate="2014-09-21 09:37:22.121 JST" Interest="1.0" Kind="selection" Navigation="null" OriginId="org.eclipse.ui.views.ResourceNavigator" StartDate="2014-09-21 09:37:22.121 JST" StructureHandle="/Cake_NR5/app/View/Elements/empty" StructureKind="resource"/><InteractionEvent Delta="null" EndDate="2014-09-21 10:51:45.843 JST" Interest="46.211998" Kind="propagation" Navigation="org.eclipse.mylyn.core.model.edges.containment" OriginId="org.eclipse.mylyn.core.model.interest.propagation" StartDate="2014-09-21 10:09:08.450 JST" StructureHandle="=VM_Cake" StructureKind="c/c++" NumEvents="64" CreationCount="608"/><InteractionEvent Delta="null" EndDate="2014-09-21 10:53:34.360 JST" Interest="6.889" Kind="propagation" Navigation="org.eclipse.mylyn.core.model.edges.containment" OriginId="org.eclipse.mylyn.core.model.interest.propagation" StartDate="2014-09-21 10:51:52.880 JST" StructureHandle="/VM_Cake/app/Controller" StructureKind="resource" NumEvents="9" CreationCount="1197"/><InteractionEvent Delta="null" EndDate="2014-09-21 09:21:55.499 JST" Interest="4.0" Kind="selection" Navigation="null" OriginId="org.eclipse.ui.views.ResourceNavigator" StartDate="2014-09-21 09:21:55.482 JST" StructureHandle="=Cake_NR5" StructureKind="c/c++" NumEvents="4" CreationCount="1"/><InteractionEvent Delta="null" EndDate="2014-09-21 10:55:57.489 JST" Interest="256.86" Kind="propagation" Navigation="org.eclipse.mylyn.core.model.edges.containment" OriginId="org.eclipse.mylyn.core.model.interest.propagation" StartDate="2014-09-21 09:21:41.589 JST" StructureHandle="=Cake_NR5" StructureKind="c/c++" NumEvents="362" CreationCount="1"/><InteractionEvent Delta="null" EndDate="2014-09-21 10:55:57.490 JST" Interest="1248.0" Kind="propagation" Navigation="null" OriginId="org.eclipse.php.editor" StartDate="2014-09-21 09:21:41.590 JST" StructureHandle="/" StructureKind="resource" NumEvents="1248" CreationCount="1"/><InteractionEvent Delta="null" EndDate="2014-09-21 10:13:52.825 JST" Interest="4.0" Kind="selection" Navigation="null" OriginId="org.eclipse.php.editor" StartDate="2014-09-21 10:09:08.448 JST" StructureHandle="/VM_Cake/app/View/Videos/view.ctp" StructureKind="resource" NumEvents="4" CreationCount="608"/><InteractionEvent Delta="null" EndDate="2014-09-21 10:13:52.858 JST" Interest="10.0" Kind="edit" Navigation="null" OriginId="org.eclipse.php.editor" StartDate="2014-09-21 10:09:08.496 JST" StructureHandle="/VM_Cake/app/View/Videos/view.ctp" StructureKind="resource" NumEvents="10" CreationCount="608"/><InteractionEvent Delta="null" EndDate="2014-09-21 10:52:24.340 JST" Interest="2.0" Kind="selection" Navigation="null" OriginId="org.eclipse.search.ui.views.SearchView" StartDate="2014-09-21 10:52:19.365 JST" StructureHandle="/VM_Cake/app/View/Elements/videos/view/view_table_poslist.ctp" StructureKind="resource" NumEvents="2" CreationCount="1205"/><InteractionEvent Delta="null" EndDate="2014-09-21 10:52:27.884 JST" Interest="3.0" Kind="edit" Navigation="null" OriginId="org.eclipse.php.editor" StartDate="2014-09-21 10:52:25.503 JST" StructureHandle="/VM_Cake/app/View/Elements/videos/view/view_table_poslist.ctp" StructureKind="resource" NumEvents="3" CreationCount="1205"/><InteractionEvent Delta="null" EndDate="2014-09-21 09:37:52.131 JST" Interest="2.0" Kind="selection" Navigation="null" OriginId="org.eclipse.ui.views.ResourceNavigator" StartDate="2014-09-21 09:32:19.899 JST" StructureHandle="/Cake_NR5/app/View/TEMPLATES" StructureKind="resource" NumEvents="2" CreationCount="162"/><InteractionEvent Delta="null" EndDate="2014-09-21 09:40:14.254 JST" Interest="32.466" Kind="propagation" Navigation="org.eclipse.mylyn.core.model.edges.containment" OriginId="org.eclipse.mylyn.core.model.interest.propagation" StartDate="2014-09-21 09:32:18.483 JST" StructureHandle="/Cake_NR5/app/View/TEMPLATES" StructureKind="resource" NumEvents="43" CreationCount="162"/><InteractionEvent Delta="null" EndDate="2014-09-21 10:19:03.23 JST" Interest="1.0" Kind="prediction" Navigation="null" OriginId="org.eclipse.mylyn.resources.ui.interest.updater" StartDate="2014-09-21 10:19:03.23 JST" StructureHandle="/Cake_NR5/app/webroot/development.sqlite3" StructureKind="resource"/><InteractionEvent Delta="null" EndDate="2014-09-21 09:28:35.411 JST" Interest="4.0" Kind="selection" Navigation="null" OriginId="org.eclipse.ui.views.ResourceNavigator" StartDate="2014-09-21 09:24:52.386 JST" StructureHandle="/Cake_NR5/sql.txt" StructureKind="resource" NumEvents="4" CreationCount="16"/><InteractionEvent Delta="null" EndDate="2014-09-21 09:27:40.941 JST" Interest="54.0" Kind="edit" Navigation="null" OriginId="org.eclipse.ui.DefaultTextEditor" StartDate="2014-09-21 09:24:52.699 JST" StructureHandle="/Cake_NR5/sql.txt" StructureKind="resource" NumEvents="54" CreationCount="16"/><InteractionEvent Delta="null" EndDate="2014-09-21 09:37:20.420 JST" Interest="1.0" Kind="prediction" Navigation="null" OriginId="org.eclipse.mylyn.resources.ui.interest.updater" StartDate="2014-09-21 09:37:20.420 JST" StructureHandle="/Cake_NR5/app/tmp/cache/persistent/myapp_cake_core_method_cache" StructureKind="resource"/><InteractionEvent Delta="null" EndDate="2014-09-21 09:31:12.128 JST" Interest="3.0" Kind="selection" Navigation="null" OriginId="org.eclipse.ui.views.ResourceNavigator" StartDate="2014-09-21 09:31:05.660 JST" StructureHandle="/Cake_NR5/app/Model/Article.php" StructureKind="resource" NumEvents="3" CreationCount="117"/><InteractionEvent Delta="null" EndDate="2014-09-21 09:31:07.422 JST" Interest="3.0" Kind="edit" Navigation="null" OriginId="org.eclipse.php.editor" StartDate="2014-09-21 09:31:05.864 JST" StructureHandle="/Cake_NR5/app/Model/Article.php" StructureKind="resource" NumEvents="3" CreationCount="117"/><InteractionEvent Delta="null" EndDate="2014-09-21 09:28:39.735 JST" Interest="2.0" Kind="selection" Navigation="null" OriginId="org.eclipse.ui.views.ResourceNavigator" StartDate="2014-09-21 09:28:39.732 JST" StructureHandle="/Cake_NR5/app/Controller/TemplateController.php" StructureKind="resource" NumEvents="2" CreationCount="78"/><InteractionEvent Delta="null" EndDate="2014-09-21 10:51:45.843 JST" Interest="46.211998" Kind="propagation" Navigation="org.eclipse.mylyn.core.model.edges.containment" OriginId="org.eclipse.mylyn.core.model.interest.propagation" StartDate="2014-09-21 10:09:08.450 JST" StructureHandle="/VM_Cake/app" StructureKind="resource" NumEvents="64" CreationCount="608"/><InteractionEvent Delta="null" EndDate="2014-09-21 09:46:58.400 JST" Interest="1.0" Kind="selection" Navigation="null" OriginId="org.eclipse.ui.views.ResourceNavigator" StartDate="2014-09-21 09:46:58.400 JST" StructureHandle="/Cake_NR5/app/View/Emails" StructureKind="resource"/><InteractionEvent Delta="null" EndDate="2014-09-21 10:52:27.885 JST" Interest="3.117" Kind="propagation" Navigation="org.eclipse.mylyn.core.model.edges.containment" OriginId="org.eclipse.mylyn.core.model.interest.propagation" StartDate="2014-09-21 10:52:19.366 JST" StructureHandle="/VM_Cake/app/View/Elements/videos/view" StructureKind="resource" NumEvents="5" CreationCount="1204"/><InteractionEvent Delta="null" EndDate="2014-09-21 10:52:17.531 JST" Interest="1.0" Kind="selection" Navigation="null" OriginId="org.eclipse.search.ui.views.SearchView" StartDate="2014-09-21 10:52:17.531 JST" StructureHandle="/VM_Cake/app/View/Elements/videos/view" StructureKind="resource"/><InteractionEvent Delta="null" EndDate="2014-09-21 10:52:08.619 JST" Interest="7.6" Kind="propagation" Navigation="org.eclipse.mylyn.core.model.edges.containment" OriginId="org.eclipse.mylyn.core.model.interest.propagation" StartDate="2014-09-21 10:51:09.747 JST" StructureHandle="/VM_Cake/app/View/Elements/positions" StructureKind="resource" NumEvents="10" CreationCount="1186"/><InteractionEvent Delta="null" EndDate="2014-09-21 09:31:41.924 JST" Interest="6.0" Kind="selection" Navigation="null" OriginId="org.eclipse.php.editor" StartDate="2014-09-21 09:31:14.57 JST" StructureHandle="/Cake_NR5/app/Model/Category.php" StructureKind="resource" NumEvents="6" CreationCount="125"/><InteractionEvent Delta="null" EndDate="2014-09-21 09:31:55.523 JST" Interest="13.0" Kind="edit" Navigation="null" OriginId="org.eclipse.php.editor" StartDate="2014-09-21 09:31:14.332 JST" StructureHandle="/Cake_NR5/app/Model/Category.php" StructureKind="resource" NumEvents="13" CreationCount="125"/><InteractionEvent Delta="null" EndDate="2014-09-21 10:55:57.489 JST" Interest="1126.0" Kind="propagation" Navigation="null" OriginId="org.eclipse.php.editor" StartDate="2014-09-21 09:21:41.589 JST" StructureHandle="/Cake_NR5" StructureKind="resource" NumEvents="1126" CreationCount="1"/><InteractionEvent Delta="null" EndDate="2014-09-21 10:47:21.293 JST" Interest="1.0" Kind="selection" Navigation="null" OriginId="org.eclipse.ui.views.ResourceNavigator" StartDate="2014-09-21 10:47:21.293 JST" StructureHandle="/Cake_NR5/app/View/Elements/positions" StructureKind="resource"/><InteractionEvent Delta="null" EndDate="2014-09-21 10:52:08.620 JST" Interest="17.358002" Kind="propagation" Navigation="org.eclipse.mylyn.core.model.edges.containment" OriginId="org.eclipse.mylyn.core.model.interest.propagation" StartDate="2014-09-21 10:09:30.444 JST" StructureHandle="/VM_Cake/app/View/Elements" StructureKind="resource" NumEvents="20" CreationCount="612"/><InteractionEvent Delta="null" EndDate="2014-09-21 09:37:20.426 JST" Interest="1.0" Kind="propagation" Navigation="org.eclipse.mylyn.core.model.edges.containment" OriginId="org.eclipse.mylyn.core.model.interest.propagation" StartDate="2014-09-21 09:37:20.426 JST" StructureHandle="/Cake_NR5/app/tmp/cache/persistent" StructureKind="resource"/><InteractionEvent Delta="null" EndDate="2014-09-21 09:48:04.885 JST" Interest="12.0" Kind="selection" Navigation="null" OriginId="org.eclipse.php.editor" StartDate="2014-09-21 09:41:55.426 JST" StructureHandle="/Cake_NR5/app/Controller/CategorysController.php" StructureKind="resource" NumEvents="12" CreationCount="360"/><InteractionEvent Delta="null" EndDate="2014-09-21 09:48:04.906 JST" Interest="41.0" Kind="edit" Navigation="null" OriginId="org.eclipse.php.editor" StartDate="2014-09-21 09:41:55.749 JST" StructureHandle="/Cake_NR5/app/Controller/CategorysController.php" StructureKind="resource" NumEvents="41" CreationCount="360"/><InteractionEvent Delta="null" EndDate="2014-09-21 10:47:27.185 JST" Interest="3.0" Kind="selection" Navigation="null" OriginId="org.eclipse.ui.views.ResourceNavigator" StartDate="2014-09-21 09:33:59.180 JST" StructureHandle="/Cake_NR5/app/View/Elements/keywords" StructureKind="resource" NumEvents="3" CreationCount="186"/><InteractionEvent Delta="null" EndDate="2014-09-21 10:49:31.704 JST" Interest="25.9" Kind="propagation" Navigation="org.eclipse.mylyn.core.model.edges.containment" OriginId="org.eclipse.mylyn.core.model.interest.propagation" StartDate="2014-09-21 09:33:57.618 JST" StructureHandle="/Cake_NR5/app/View/Elements/keywords" StructureKind="resource" NumEvents="34" CreationCount="186"/><InteractionEvent Delta="null" EndDate="2014-09-21 10:18:52.428 JST" Interest="1.0" Kind="selection" Navigation="null" OriginId="org.eclipse.php.ui.explorer" StartDate="2014-09-21 10:18:52.428 JST" StructureHandle="/VM_Cake/app/webroot/js/jquery-ui.js" StructureKind="resource"/><InteractionEvent Delta="null" EndDate="2014-09-21 10:51:57.399 JST" Interest="2.0" Kind="selection" Navigation="null" OriginId="org.eclipse.php.editor" StartDate="2014-09-21 10:51:09.743 JST" StructureHandle="/VM_Cake/app/View/Elements/positions/js/return_AllEntries.ctp" StructureKind="resource" NumEvents="2" CreationCount="1186"/><InteractionEvent Delta="null" EndDate="2014-09-21 10:52:08.617 JST" Interest="8.0" Kind="edit" Navigation="null" OriginId="org.eclipse.php.editor" StartDate="2014-09-21 10:51:09.798 JST" StructureHandle="/VM_Cake/app/View/Elements/positions/js/return_AllEntries.ctp" StructureKind="resource" NumEvents="8" CreationCount="1186"/><InteractionEvent Delta="null" EndDate="2014-09-21 10:30:20.148 JST" Interest="141.69601" Kind="propagation" Navigation="org.eclipse.mylyn.core.model.edges.containment" OriginId="org.eclipse.mylyn.core.model.interest.propagation" StartDate="2014-09-21 09:32:11.976 JST" StructureHandle="/Cake_NR5/app/View" StructureKind="resource" NumEvents="195" CreationCount="161"/><InteractionEvent Delta="null" EndDate="2014-09-21 09:32:20.385 JST" Interest="2.0" Kind="selection" Navigation="null" OriginId="org.eclipse.ui.views.ResourceNavigator" StartDate="2014-09-21 09:32:09.760 JST" StructureHandle="/Cake_NR5/app/View" StructureKind="resource" NumEvents="2" CreationCount="161"/><InteractionEvent Delta="null" EndDate="2014-09-21 10:29:27.905 JST" Interest="9.0" Kind="selection" Navigation="null" OriginId="org.eclipse.ui.views.ResourceNavigator" StartDate="2014-09-21 10:19:05.489 JST" StructureHandle="/Cake_NR5/app/webroot/js/main.js" StructureKind="resource" NumEvents="9" CreationCount="702"/><InteractionEvent Delta="null" EndDate="2014-09-21 10:29:24.590 JST" Interest="66.0" Kind="edit" Navigation="null" OriginId="org.eclipse.wst.jsdt.ui.CompilationUnitEditor" StartDate="2014-09-21 10:19:05.565 JST" StructureHandle="/Cake_NR5/app/webroot/js/main.js" StructureKind="resource" NumEvents="66" CreationCount="702"/><InteractionEvent Delta="null" EndDate="2014-09-21 10:49:31.835 JST" Interest="25.951" Kind="propagation" Navigation="org.eclipse.mylyn.core.model.edges.containment" OriginId="org.eclipse.mylyn.core.model.interest.propagation" StartDate="2014-09-21 09:33:52.362 JST" StructureHandle="/Cake_NR5/app/View/Elements" StructureKind="resource" NumEvents="39" CreationCount="183"/><InteractionEvent Delta="null" EndDate="2014-09-21 09:37:20.827 JST" Interest="3.0" Kind="selection" Navigation="null" OriginId="org.eclipse.ui.views.ResourceNavigator" StartDate="2014-09-21 09:33:51.222 JST" StructureHandle="/Cake_NR5/app/View/Elements" StructureKind="resource" NumEvents="3" CreationCount="183"/><InteractionEvent Delta="null" EndDate="2014-09-21 10:50:33.174 JST" Interest="1.0" Kind="selection" Navigation="null" OriginId="org.eclipse.search.ui.views.SearchView" StartDate="2014-09-21 10:50:33.174 JST" StructureHandle="/VM_Cake/app/tmp/logs/error.log" StructureKind="resource"/><InteractionEvent Delta="null" EndDate="2014-09-21 09:32:11.975 JST" Interest="1.0" Kind="selection" Navigation="null" OriginId="org.eclipse.ui.views.ResourceNavigator" StartDate="2014-09-21 09:32:11.975 JST" StructureHandle="/Cake_NR5/app/View/Template" StructureKind="resource"/><InteractionEvent Delta="null" EndDate="2014-09-21 09:30:17.565 JST" Interest="1.0" Kind="selection" Navigation="null" OriginId="org.eclipse.ui.views.ResourceNavigator" StartDate="2014-09-21 09:30:17.565 JST" StructureHandle="/Cake_NR5/app/Locale" StructureKind="resource"/><InteractionEvent Delta="null" EndDate="2014-09-21 09:37:20.421 JST" Interest="1.0" Kind="prediction" Navigation="null" OriginId="org.eclipse.mylyn.resources.ui.interest.updater" StartDate="2014-09-21 09:37:20.421 JST" StructureHandle="/Cake_NR5/app/tmp/cache/persistent/myapp_cake_core_cake_dev_en-us" StructureKind="resource"/><InteractionEvent Delta="null" EndDate="2014-09-21 09:37:20.419 JST" Interest="1.0" Kind="prediction" Navigation="null" OriginId="org.eclipse.mylyn.resources.ui.interest.updater" StartDate="2014-09-21 09:37:20.419 JST" StructureHandle="/Cake_NR5/app/tmp/cache/models/myapp_cake_model_default_genres" StructureKind="resource"/><InteractionEvent Delta="null" EndDate="2014-09-21 10:55:57.488 JST" Interest="251.86" Kind="propagation" Navigation="org.eclipse.mylyn.core.model.edges.containment" OriginId="org.eclipse.mylyn.core.model.interest.propagation" StartDate="2014-09-21 09:29:40.313 JST" StructureHandle="/Cake_NR5/app" StructureKind="resource" NumEvents="356" CreationCount="1"/><InteractionEvent Delta="null" EndDate="2014-09-21 09:21:59.772 JST" Interest="9.0" Kind="selection" Navigation="null" OriginId="org.eclipse.ui.views.ResourceNavigator" StartDate="2014-09-21 09:21:41.589 JST" StructureHandle="/Cake_NR5/app" StructureKind="resource" NumEvents="9" CreationCount="1"/><InteractionEvent Delta="null" EndDate="2014-09-21 09:24:51.283 JST" Interest="2.0" Kind="selection" Navigation="null" OriginId="org.eclipse.ui.views.ResourceNavigator" StartDate="2014-09-21 09:24:51.281 JST" StructureHandle="/Cake_NR5/test.php" StructureKind="resource" NumEvents="2" CreationCount="14"/><InteractionEvent Delta="null" EndDate="2014-09-21 09:33:49.584 JST" Interest="1.0" Kind="selection" Navigation="null" OriginId="org.eclipse.ui.views.ResourceNavigator" StartDate="2014-09-21 09:33:49.584 JST" StructureHandle="/Cake_NR5/app/View/Articles" StructureKind="resource"/><InteractionEvent Delta="null" EndDate="2014-09-21 10:49:31.834 JST" Interest="7.0600014" Kind="manipulation" Navigation="null" OriginId="org.eclipse.mylyn.core.model.interest.decay.correction" StartDate="2014-09-21 10:49:31.834 JST" StructureHandle="/Cake_NR5/app/View/Elements/keywords/index_t_headers.ctp" StructureKind="resource"/><InteractionEvent Delta="null" EndDate="2014-09-21 10:49:31.834 JST" Interest="4.0" Kind="selection" Navigation="null" OriginId="org.eclipse.ui.views.ResourceNavigator" StartDate="2014-09-21 09:34:00.642 JST" StructureHandle="/Cake_NR5/app/View/Elements/keywords/index_t_headers.ctp" StructureKind="resource" NumEvents="4" CreationCount="186"/><InteractionEvent Delta="null" EndDate="2014-09-21 09:33:57.619 JST" Interest="1.0" Kind="propagation" Navigation="null" OriginId="org.eclipse.mylyn.resources.ui.interest.updater" StartDate="2014-09-21 09:33:57.619 JST" StructureHandle="/Cake_NR5/app/View/Elements/keywords/index_t_headers.ctp" StructureKind="resource"/><InteractionEvent Delta="null" EndDate="2014-09-21 09:34:13.673 JST" Interest="8.0" Kind="edit" Navigation="null" OriginId="org.eclipse.php.editor" StartDate="2014-09-21 09:34:00.681 JST" StructureHandle="/Cake_NR5/app/View/Elements/keywords/index_t_headers.ctp" StructureKind="resource" NumEvents="8" CreationCount="186"/><InteractionEvent Delta="null" EndDate="2014-09-21 10:51:44.547 JST" Interest="1.0" Kind="selection" Navigation="null" OriginId="org.eclipse.ui.views.ResourceNavigator" StartDate="2014-09-21 10:51:44.547 JST" StructureHandle="/Cake_NR5/app/View/Errors" StructureKind="resource"/><InteractionEvent Delta="null" EndDate="2014-09-21 10:52:08.618 JST" Interest="7.6" Kind="propagation" Navigation="org.eclipse.mylyn.core.model.edges.containment" OriginId="org.eclipse.mylyn.core.model.interest.propagation" StartDate="2014-09-21 10:51:09.744 JST" StructureHandle="/VM_Cake/app/View/Elements/positions/js" StructureKind="resource" NumEvents="10" CreationCount="1186"/><InteractionEvent Delta="null" EndDate="2014-09-21 09:31:30.532 JST" Interest="17.933998" Kind="propagation" Navigation="org.eclipse.mylyn.core.model.edges.containment" OriginId="org.eclipse.mylyn.core.model.interest.propagation" StartDate="2014-09-21 09:30:22.791 JST" StructureHandle="/Cake_NR5/app/Model" StructureKind="resource" NumEvents="25" CreationCount="97"/><InteractionEvent Delta="null" EndDate="2014-09-21 09:32:07.727 JST" Interest="3.0" Kind="selection" Navigation="null" OriginId="org.eclipse.ui.views.ResourceNavigator" StartDate="2014-09-21 09:30:19.65 JST" StructureHandle="/Cake_NR5/app/Model" StructureKind="resource" NumEvents="3" CreationCount="97"/><InteractionEvent Delta="null" EndDate="2014-09-21 10:52:14.951 JST" Interest="2.4300008" Kind="manipulation" Navigation="null" OriginId="org.eclipse.mylyn.core.model.interest.decay.correction" StartDate="2014-09-21 10:52:14.951 JST" StructureHandle="/VM_Cake/app/View/Elements/videos" StructureKind="resource"/><InteractionEvent Delta="null" EndDate="2014-09-21 10:52:14.951 JST" Interest="1.0" Kind="selection" Navigation="null" OriginId="org.eclipse.search.ui.views.SearchView" StartDate="2014-09-21 10:52:14.951 JST" StructureHandle="/VM_Cake/app/View/Elements/videos" StructureKind="resource"/><InteractionEvent Delta="null" EndDate="2014-09-21 10:52:27.886 JST" Interest="10.750999" Kind="propagation" Navigation="org.eclipse.mylyn.core.model.edges.containment" OriginId="org.eclipse.mylyn.core.model.interest.propagation" StartDate="2014-09-21 10:09:30.444 JST" StructureHandle="/VM_Cake/app/View/Elements/videos" StructureKind="resource" NumEvents="16" CreationCount="612"/><InteractionEvent Delta="null" EndDate="2014-09-21 10:18:58.856 JST" Interest="11.0" Kind="selection" Navigation="null" OriginId="org.eclipse.ui.views.ResourceNavigator" StartDate="2014-09-21 09:38:10.618 JST" StructureHandle="/Cake_NR5/app/View/Categorys/add.ctp" StructureKind="resource" NumEvents="11" CreationCount="268"/><InteractionEvent Delta="null" EndDate="2014-09-21 10:11:58.600 JST" Interest="22.0" Kind="edit" Navigation="null" OriginId="org.eclipse.php.editor" StartDate="2014-09-21 09:38:10.889 JST" StructureHandle="/Cake_NR5/app/View/Categorys/add.ctp" StructureKind="resource" NumEvents="22" CreationCount="268"/><InteractionEvent Delta="null" EndDate="2014-09-21 09:37:20.423 JST" Interest="1.0" Kind="propagation" Navigation="org.eclipse.mylyn.core.model.edges.containment" OriginId="org.eclipse.mylyn.core.model.interest.propagation" StartDate="2014-09-21 09:37:20.423 JST" StructureHandle="/Cake_NR5/app/tmp/cache/models" StructureKind="resource"/><InteractionEvent Delta="null" EndDate="2014-09-21 10:50:33.176 JST" Interest="1.0" Kind="propagation" Navigation="org.eclipse.mylyn.core.model.edges.containment" OriginId="org.eclipse.mylyn.core.model.interest.propagation" StartDate="2014-09-21 10:50:33.176 JST" StructureHandle="/VM_Cake/app/tmp" StructureKind="resource"/><InteractionEvent Delta="null" EndDate="2014-09-21 09:32:06.695 JST" Interest="7.0" Kind="selection" Navigation="null" OriginId="org.eclipse.ui.views.ResourceNavigator" StartDate="2014-09-21 09:30:22.790 JST" StructureHandle="/Cake_NR5/app/Model/Genre.php" StructureKind="resource" NumEvents="7" CreationCount="98"/><InteractionEvent Delta="null" EndDate="2014-09-21 09:31:39.298 JST" Interest="5.0" Kind="edit" Navigation="null" OriginId="org.eclipse.php.editor" StartDate="2014-09-21 09:31:00.361 JST" StructureHandle="/Cake_NR5/app/Model/Genre.php" StructureKind="resource" NumEvents="5" CreationCount="98"/><InteractionEvent Delta="null" EndDate="2014-09-21 09:32:18.485 JST" Interest="1.0" Kind="propagation" Navigation="null" OriginId="org.eclipse.mylyn.resources.ui.interest.updater" StartDate="2014-09-21 09:32:18.485 JST" StructureHandle="/Cake_NR5/app/View/TEMPLATES/view.ctp" StructureKind="resource"/><InteractionEvent Delta="null" EndDate="2014-09-21 09:36:27.310 JST" Interest="3.0" Kind="selection" Navigation="null" OriginId="org.eclipse.ui.views.ResourceNavigator" StartDate="2014-09-21 09:35:50.502 JST" StructureHandle="/Cake_NR5/app/View/Elements/layouts/links.ctp" StructureKind="resource" NumEvents="3" CreationCount="225"/><InteractionEvent Delta="null" EndDate="2014-09-21 09:36:07.165 JST" Interest="9.0" Kind="edit" Navigation="null" OriginId="org.eclipse.php.editor" StartDate="2014-09-21 09:35:50.698 JST" StructureHandle="/Cake_NR5/app/View/Elements/layouts/links.ctp" StructureKind="resource" NumEvents="9" CreationCount="225"/><InteractionEvent Delta="null" EndDate="2014-09-21 10:51:45.842 JST" Interest="12.0" Kind="selection" Navigation="null" OriginId="org.eclipse.php.ui.explorer" StartDate="2014-09-21 10:13:10.619 JST" StructureHandle="/VM_Cake/app/webroot/js/main.js" StructureKind="resource" NumEvents="12" CreationCount="644"/><InteractionEvent Delta="null" EndDate="2014-09-21 10:22:59.140 JST" Interest="48.0" Kind="edit" Navigation="null" OriginId="org.eclipse.wst.jsdt.ui.CompilationUnitEditor" StartDate="2014-09-21 10:13:17.573 JST" StructureHandle="/VM_Cake/app/webroot/js/main.js" StructureKind="resource" NumEvents="48" CreationCount="644"/><InteractionEvent Delta="null" EndDate="2014-09-21 10:29:27.906 JST" Interest="55.2" Kind="propagation" Navigation="org.eclipse.mylyn.core.model.edges.containment" OriginId="org.eclipse.mylyn.core.model.interest.propagation" StartDate="2014-09-21 10:19:05.490 JST" StructureHandle="/Cake_NR5/app/webroot/js" StructureKind="resource" NumEvents="75" CreationCount="702"/><InteractionEvent Delta="null" EndDate="2014-09-21 09:37:20.420 JST" Interest="1.0" Kind="prediction" Navigation="null" OriginId="org.eclipse.mylyn.resources.ui.interest.updater" StartDate="2014-09-21 09:37:20.420 JST" StructureHandle="/Cake_NR5/app/tmp/cache/persistent/myapp_cake_core_default_en-us" StructureKind="resource"/><InteractionEvent Delta="null" EndDate="2014-09-21 10:29:51.329 JST" Interest="1.0" Kind="selection" Navigation="null" OriginId="org.eclipse.ui.views.ResourceNavigator" StartDate="2014-09-21 10:29:51.329 JST" StructureHandle="/Cake_NR5/app/Controller/PositionsController.php" StructureKind="resource"/><InteractionEvent Delta="null" EndDate="2014-09-21 10:49:31.704 JST" Interest="9.0" Kind="selection" Navigation="null" OriginId="org.eclipse.ui.views.ResourceNavigator" StartDate="2014-09-21 09:33:59.960 JST" StructureHandle="/Cake_NR5/app/View/Elements/keywords/index_t_entries.ctp" StructureKind="resource" NumEvents="9" CreationCount="186"/><InteractionEvent Delta="null" EndDate="2014-09-21 09:33:57.620 JST" Interest="1.0" Kind="propagation" Navigation="null" OriginId="org.eclipse.mylyn.resources.ui.interest.updater" StartDate="2014-09-21 09:33:57.620 JST" StructureHandle="/Cake_NR5/app/View/Elements/keywords/index_t_entries.ctp" StructureKind="resource"/><InteractionEvent Delta="null" EndDate="2014-09-21 10:48:36.515 JST" Interest="27.0" Kind="edit" Navigation="null" OriginId="org.eclipse.php.editor" StartDate="2014-09-21 09:34:16.845 JST" StructureHandle="/Cake_NR5/app/View/Elements/keywords/index_t_entries.ctp" StructureKind="resource" NumEvents="27" CreationCount="186"/><InteractionEvent Delta="null" EndDate="2014-09-21 10:13:48.376 JST" Interest="2.0" Kind="selection" Navigation="null" OriginId="org.eclipse.php.editor" StartDate="2014-09-21 10:09:30.444 JST" StructureHandle="/VM_Cake/app/View/Elements/videos/video_view_controller.ctp" StructureKind="resource" NumEvents="2" CreationCount="612"/><InteractionEvent Delta="null" EndDate="2014-09-21 10:13:48.401 JST" Interest="8.0" Kind="edit" Navigation="null" OriginId="org.eclipse.php.editor" StartDate="2014-09-21 10:09:30.496 JST" StructureHandle="/VM_Cake/app/View/Elements/videos/video_view_controller.ctp" StructureKind="resource" NumEvents="8" CreationCount="612"/><InteractionEvent Delta="null" EndDate="2014-09-21 09:41:50.632 JST" Interest="1.0" Kind="selection" Navigation="null" OriginId="org.eclipse.ui.views.ResourceNavigator" StartDate="2014-09-21 09:41:50.632 JST" StructureHandle="/Cake_NR5/app/Console" StructureKind="resource"/><InteractionEvent Delta="null" EndDate="2014-09-21 09:37:20.424 JST" Interest="1.0" Kind="propagation" Navigation="org.eclipse.mylyn.core.model.edges.containment" OriginId="org.eclipse.mylyn.core.model.interest.propagation" StartDate="2014-09-21 09:37:20.424 JST" StructureHandle="/Cake_NR5/app/tmp" StructureKind="resource"/><InteractionEvent Delta="null" EndDate="2014-09-21 10:49:42.130 JST" Interest="10.135" Kind="manipulation" Navigation="null" OriginId="org.eclipse.mylyn.core.model.interest.decay.correction" StartDate="2014-09-21 10:49:42.130 JST" StructureHandle="/Cake_NR5/app/View/Helper" StructureKind="resource"/><InteractionEvent Delta="null" EndDate="2014-09-21 10:51:44.402 JST" Interest="9.734" Kind="propagation" Navigation="org.eclipse.mylyn.core.model.edges.containment" OriginId="org.eclipse.mylyn.core.model.interest.propagation" StartDate="2014-09-21 10:49:45.24 JST" StructureHandle="/Cake_NR5/app/View/Helper" StructureKind="resource" NumEvents="14" CreationCount="512"/><InteractionEvent Delta="null" EndDate="2014-09-21 10:49:42.130 JST" Interest="2.0" Kind="selection" Navigation="null" OriginId="org.eclipse.ui.views.ResourceNavigator" StartDate="2014-09-21 09:47:20.447 JST" StructureHandle="/Cake_NR5/app/View/Helper" StructureKind="resource" NumEvents="2" CreationCount="512"/><InteractionEvent Delta="null" EndDate="2014-09-21 09:38:07.850 JST" Interest="0.44500005" Kind="manipulation" Navigation="null" OriginId="org.eclipse.mylyn.core.model.interest.decay.correction" StartDate="2014-09-21 09:38:07.850 JST" StructureHandle="/Cake_NR5/app/View/Categorys" StructureKind="resource"/><InteractionEvent Delta="null" EndDate="2014-09-21 10:18:58.856 JST" Interest="25.434" Kind="propagation" Navigation="org.eclipse.mylyn.core.model.edges.containment" OriginId="org.eclipse.mylyn.core.model.interest.propagation" StartDate="2014-09-21 09:38:10.619 JST" StructureHandle="/Cake_NR5/app/View/Categorys" StructureKind="resource" NumEvents="33" CreationCount="181"/><InteractionEvent Delta="null" EndDate="2014-09-21 09:38:07.850 JST" Interest="2.0" Kind="selection" Navigation="null" OriginId="org.eclipse.ui.views.ResourceNavigator" StartDate="2014-09-21 09:33:31.475 JST" StructureHandle="/Cake_NR5/app/View/Categorys" StructureKind="resource" NumEvents="2" CreationCount="181"/><InteractionEvent Delta="null" EndDate="2014-09-21 10:53:34.361 JST" Interest="122.0" Kind="propagation" Navigation="null" OriginId="org.eclipse.php.editor" StartDate="2014-09-21 10:09:08.450 JST" StructureHandle="/VM_Cake" StructureKind="resource" NumEvents="122" CreationCount="608"/><InteractionEvent Delta="null" EndDate="2014-09-21 10:50:36.826 JST" Interest="1.0" Kind="selection" Navigation="null" OriginId="org.eclipse.search.ui.views.SearchView" StartDate="2014-09-21 10:50:36.826 JST" StructureHandle="/VM_Cake/app/View" StructureKind="resource"/><InteractionEvent Delta="null" EndDate="2014-09-21 10:52:08.621 JST" Interest="16.426003" Kind="propagation" Navigation="org.eclipse.mylyn.core.model.edges.containment" OriginId="org.eclipse.mylyn.core.model.interest.propagation" StartDate="2014-09-21 10:09:08.449 JST" StructureHandle="/VM_Cake/app/View" StructureKind="resource" NumEvents="24" CreationCount="608"/><InteractionEvent Delta="null" EndDate="2014-09-21 09:37:55.558 JST" Interest="0.6660001" Kind="manipulation" Navigation="null" OriginId="org.eclipse.mylyn.core.model.interest.decay.correction" StartDate="2014-09-21 09:37:55.558 JST" StructureHandle="/Cake_NR5/app/View/TEMPLATES/add.ctp" StructureKind="resource"/><InteractionEvent Delta="null" EndDate="2014-09-21 09:40:14.233 JST" Interest="9.0" Kind="selection" Navigation="null" OriginId="org.eclipse.php.editor" StartDate="2014-09-21 09:37:55.558 JST" StructureHandle="/Cake_NR5/app/View/TEMPLATES/add.ctp" StructureKind="resource" NumEvents="9" CreationCount="162"/><InteractionEvent Delta="null" EndDate="2014-09-21 09:32:18.484 JST" Interest="1.0" Kind="propagation" Navigation="null" OriginId="org.eclipse.mylyn.resources.ui.interest.updater" StartDate="2014-09-21 09:32:18.484 JST" StructureHandle="/Cake_NR5/app/View/TEMPLATES/add.ctp" StructureKind="resource"/><InteractionEvent Delta="null" EndDate="2014-09-21 09:40:14.254 JST" Interest="34.0" Kind="edit" Navigation="null" OriginId="org.eclipse.php.editor" StartDate="2014-09-21 09:37:55.811 JST" StructureHandle="/Cake_NR5/app/View/TEMPLATES/add.ctp" StructureKind="resource" NumEvents="34" CreationCount="162"/><InteractionEvent Delta="null" EndDate="2014-09-21 09:37:20.423 JST" Interest="1.0" Kind="prediction" Navigation="null" OriginId="org.eclipse.mylyn.resources.ui.interest.updater" StartDate="2014-09-21 09:37:20.423 JST" StructureHandle="/Cake_NR5/app/tmp/cache/models/myapp_cake_model_default_articles" StructureKind="resource"/><InteractionEvent Delta="null" EndDate="2014-09-21 10:52:50.584 JST" Interest="2.0" Kind="selection" Navigation="null" OriginId="org.eclipse.php.editor" StartDate="2014-09-21 10:51:52.879 JST" StructureHandle="/VM_Cake/app/Controller/PositionsController.php" StructureKind="resource" NumEvents="2" CreationCount="1197"/><InteractionEvent Delta="null" EndDate="2014-09-21 10:52:52.377 JST" Interest="5.0" Kind="edit" Navigation="null" OriginId="org.eclipse.php.editor" StartDate="2014-09-21 10:51:52.933 JST" StructureHandle="/VM_Cake/app/Controller/PositionsController.php" StructureKind="resource" NumEvents="5" CreationCount="1197"/><InteractionEvent Delta="null" EndDate="2014-09-21 09:37:47.918 JST" Interest="0.2240001" Kind="manipulation" Navigation="null" OriginId="org.eclipse.mylyn.core.model.interest.decay.correction" StartDate="2014-09-21 09:37:47.918 JST" StructureHandle="/Cake_NR5/app/View/Elements/TEMPLATE" StructureKind="resource"/><InteractionEvent Delta="null" EndDate="2014-09-21 09:37:47.918 JST" Interest="2.0" Kind="selection" Navigation="null" OriginId="org.eclipse.ui.views.ResourceNavigator" StartDate="2014-09-21 09:33:53.563 JST" StructureHandle="/Cake_NR5/app/View/Elements/TEMPLATE" StructureKind="resource" NumEvents="2" CreationCount="185"/><InteractionEvent Delta="null" EndDate="2014-09-21 10:55:57.488 JST" Interest="253.585" Kind="propagation" Navigation="org.eclipse.mylyn.core.model.edges.containment" OriginId="org.eclipse.mylyn.core.model.interest.propagation" StartDate="2014-09-21 09:28:39.735 JST" StructureHandle="/Cake_NR5/app/Controller" StructureKind="resource" NumEvents="359" CreationCount="76"/><InteractionEvent Delta="null" EndDate="2014-09-21 09:41:51.893 JST" Interest="6.0" Kind="selection" Navigation="null" OriginId="org.eclipse.ui.views.ResourceNavigator" StartDate="2014-09-21 09:28:37.103 JST" StructureHandle="/Cake_NR5/app/Controller" StructureKind="resource" NumEvents="6" CreationCount="76"/><InteractionEvent Delta="null" EndDate="2014-09-21 09:37:20.422 JST" Interest="1.0" Kind="prediction" Navigation="null" OriginId="org.eclipse.mylyn.resources.ui.interest.updater" StartDate="2014-09-21 09:37:20.422 JST" StructureHandle="/Cake_NR5/app/tmp/cache/models/myapp_cake_model_default_development_sqlite3_list" StructureKind="resource"/><InteractionEvent Delta="null" EndDate="2014-09-21 09:37:20.421 JST" Interest="1.0" Kind="prediction" Navigation="null" OriginId="org.eclipse.mylyn.resources.ui.interest.updater" StartDate="2014-09-21 09:37:20.421 JST" StructureHandle="/Cake_NR5/app/tmp/cache/models/myapp_cake_model_default_categories" StructureKind="resource"/><InteractionEvent Delta="null" EndDate="2014-09-21 09:41:48.778 JST" Interest="1.0" Kind="selection" Navigation="null" OriginId="org.eclipse.ui.views.ResourceNavigator" StartDate="2014-09-21 09:41:48.778 JST" StructureHandle="/Cake_NR5/app/View/Elements/categories" StructureKind="resource"/><InteractionEvent Delta="null" EndDate="2014-09-21 10:47:18.5 JST" Interest="1.1690016" Kind="manipulation" Navigation="null" OriginId="org.eclipse.mylyn.core.model.interest.decay.correction" StartDate="2014-09-21 10:47:18.5 JST" StructureHandle="/Cake_NR5/app/View/Keywords/index.ctp" StructureKind="resource"/><InteractionEvent Delta="null" EndDate="2014-09-21 10:48:38.942 JST" Interest="10.0" Kind="selection" Navigation="null" OriginId="org.eclipse.php.editor" StartDate="2014-09-21 09:32:27.547 JST" StructureHandle="/Cake_NR5/app/View/Keywords/index.ctp" StructureKind="resource" NumEvents="10" CreationCount="164"/><InteractionEvent Delta="null" EndDate="2014-09-21 09:32:24.261 JST" Interest="1.0" Kind="propagation" Navigation="null" OriginId="org.eclipse.mylyn.resources.ui.interest.updater" StartDate="2014-09-21 09:32:24.261 JST" StructureHandle="/Cake_NR5/app/View/Keywords/index.ctp" StructureKind="resource"/><InteractionEvent Delta="null" EndDate="2014-09-21 10:48:38.965 JST" Interest="19.0" Kind="edit" Navigation="null" OriginId="org.eclipse.php.editor" StartDate="2014-09-21 09:32:27.580 JST" StructureHandle="/Cake_NR5/app/View/Keywords/index.ctp" StructureKind="resource" NumEvents="19" CreationCount="164"/><InteractionEvent Delta="null" EndDate="2014-09-21 09:37:50.818 JST" Interest="2.0" Kind="selection" Navigation="null" OriginId="org.eclipse.ui.views.ResourceNavigator" StartDate="2014-09-21 09:32:26.608 JST" StructureHandle="/Cake_NR5/app/View/Keywords" StructureKind="resource" NumEvents="2" CreationCount="164"/><InteractionEvent Delta="null" EndDate="2014-09-21 10:29:27.991 JST" Interest="141.645" Kind="propagation" Navigation="org.eclipse.mylyn.core.model.edges.containment" OriginId="org.eclipse.mylyn.core.model.interest.propagation" StartDate="2014-09-21 09:32:24.259 JST" StructureHandle="/Cake_NR5/app/View/Keywords" StructureKind="resource" NumEvents="193" CreationCount="164"/><InteractionEvent Delta="null" EndDate="2014-09-21 10:29:54.437 JST" Interest="10.747001" Kind="manipulation" Navigation="null" OriginId="org.eclipse.mylyn.core.model.interest.decay.correction" StartDate="2014-09-21 10:29:54.437 JST" StructureHandle="/Cake_NR5/app/View/Keywords/view.ctp" StructureKind="resource"/><InteractionEvent Delta="null" EndDate="2014-09-21 10:48:41.292 JST" Interest="8.0" Kind="selection" Navigation="null" OriginId="org.eclipse.php.editor" StartDate="2014-09-21 10:29:54.437 JST" StructureHandle="/Cake_NR5/app/View/Keywords/view.ctp" StructureKind="resource" NumEvents="8" CreationCount="164"/><InteractionEvent Delta="null" EndDate="2014-09-21 09:32:24.262 JST" Interest="1.0" Kind="propagation" Navigation="null" OriginId="org.eclipse.mylyn.resources.ui.interest.updater" StartDate="2014-09-21 09:32:24.262 JST" StructureHandle="/Cake_NR5/app/View/Keywords/view.ctp" StructureKind="resource"/><InteractionEvent Delta="null" EndDate="2014-09-21 10:48:41.314 JST" Interest="51.0" Kind="edit" Navigation="null" OriginId="org.eclipse.php.editor" StartDate="2014-09-21 10:29:54.746 JST" StructureHandle="/Cake_NR5/app/View/Keywords/view.ctp" StructureKind="resource" NumEvents="51" CreationCount="164"/><InteractionEvent Delta="null" EndDate="2014-09-21 10:53:35.40 JST" Interest="24.0" Kind="selection" Navigation="null" OriginId="org.eclipse.php.editor" StartDate="2014-09-21 09:28:52.843 JST" StructureHandle="/Cake_NR5/app/Controller/KeywordsController.php" StructureKind="resource" NumEvents="24" CreationCount="81"/><InteractionEvent Delta="null" EndDate="2014-09-21 09:28:50.219 JST" Interest="1.0" Kind="propagation" Navigation="null" OriginId="org.eclipse.mylyn.resources.ui.interest.updater" StartDate="2014-09-21 09:28:50.219 JST" StructureHandle="/Cake_NR5/app/Controller/KeywordsController.php" StructureKind="resource"/><InteractionEvent Delta="null" EndDate="2014-09-21 10:55:57.487 JST" Interest="335.0" Kind="edit" Navigation="null" OriginId="org.eclipse.php.editor" StartDate="2014-09-21 09:28:52.913 JST" StructureHandle="/Cake_NR5/app/Controller/KeywordsController.php" StructureKind="resource" NumEvents="335" CreationCount="81"/></InteractionHistory>