<?xml version="1.0" encoding="UTF-8"?><InteractionHistory Id="local-58" Version="1"><InteractionEvent Delta="null" EndDate="2014-10-04 13:50:10.382 JST" Interest="227.541" Kind="propagation" Navigation="org.eclipse.mylyn.core.model.edges.containment" OriginId="org.eclipse.mylyn.core.model.interest.propagation" StartDate="2014-10-04 11:25:59.480 JST" StructureHandle="" StructureKind="c/c++" NumEvents="335" CreationCount="1"/><InteractionEvent Delta="null" EndDate="2014-10-04 12:04:25.349 JST" Interest="18.0" Kind="edit" Navigation="null" OriginId="org.eclipse.php.editor" StartDate="2014-10-04 11:50:16.436 JST" StructureHandle="/Cake_NR5/app/View/Admins/edit.ctp" StructureKind="resource" NumEvents="18" CreationCount="282"/><InteractionEvent Delta="null" EndDate="2014-10-04 12:04:38.233 JST" Interest="8.0" Kind="selection" Navigation="null" OriginId="org.eclipse.ui.views.ResourceNavigator" StartDate="2014-10-04 11:50:16.336 JST" StructureHandle="/Cake_NR5/app/View/Admins/edit.ctp" StructureKind="resource" NumEvents="8" CreationCount="282"/><InteractionEvent Delta="null" EndDate="2014-10-04 11:42:41.669 JST" Interest="1.0" Kind="selection" Navigation="null" OriginId="org.eclipse.ui.views.ResourceNavigator" StartDate="2014-10-04 11:42:41.669 JST" StructureHandle="/Cake_NR5/app/View/Admins" StructureKind="resource"/><InteractionEvent Delta="null" EndDate="2014-10-04 12:04:27.870 JST" Interest="27.117" Kind="propagation" Navigation="org.eclipse.mylyn.core.model.edges.containment" OriginId="org.eclipse.mylyn.core.model.interest.propagation" StartDate="2014-10-04 11:42:43.476 JST" StructureHandle="/Cake_NR5/app/View/Admins" StructureKind="resource" NumEvents="38" CreationCount="258"/><InteractionEvent Delta="null" EndDate="2014-10-04 12:06:07.698 JST" Interest="1.0" Kind="selection" Navigation="null" OriginId="org.eclipse.ui.views.ResourceNavigator" StartDate="2014-10-04 12:06:07.698 JST" StructureHandle="/Cake_NR5/app/View/Elements/layouts" StructureKind="resource"/><InteractionEvent Delta="null" EndDate="2014-10-04 13:18:36.928 JST" Interest="13.299999" Kind="propagation" Navigation="org.eclipse.mylyn.core.model.edges.containment" OriginId="org.eclipse.mylyn.core.model.interest.propagation" StartDate="2014-10-04 11:32:52.302 JST" StructureHandle="=Cake_IFM11" StructureKind="c/c++" NumEvents="16" CreationCount="104"/><InteractionEvent Delta="null" EndDate="2014-10-04 13:18:27.224 JST" Interest="8.0" Kind="edit" Navigation="null" OriginId="org.eclipse.php.editor" StartDate="2014-10-04 12:06:34.507 JST" StructureHandle="/Cake_NR5/app/View/Elements/articles/index/_idx_test_D_9_V_1_1.ctp" StructureKind="resource" NumEvents="8" CreationCount="426"/><InteractionEvent Delta="null" EndDate="2014-10-04 13:18:27.189 JST" Interest="4.0" Kind="selection" Navigation="null" OriginId="org.eclipse.php.editor" StartDate="2014-10-04 12:06:33.982 JST" StructureHandle="/Cake_NR5/app/View/Elements/articles/index/_idx_test_D_9_V_1_1.ctp" StructureKind="resource" NumEvents="4" CreationCount="426"/><InteractionEvent Delta="null" EndDate="2014-10-04 13:50:10.382 JST" Interest="1041.0" Kind="propagation" Navigation="null" OriginId="org.eclipse.php.editor" StartDate="2014-10-04 11:25:59.480 JST" StructureHandle="/Cake_NR5" StructureKind="resource" NumEvents="1041" CreationCount="1"/><InteractionEvent Delta="null" EndDate="2014-10-04 12:07:54.541 JST" Interest="3.0" Kind="selection" Navigation="null" OriginId="org.eclipse.ui.views.ResourceNavigator" StartDate="2014-10-04 11:41:10.5 JST" StructureHandle="/Cake_NR5/app/View/Elements/articles" StructureKind="resource" NumEvents="3" CreationCount="218"/><InteractionEvent Delta="null" EndDate="2014-10-04 13:18:27.225 JST" Interest="7.6510005" Kind="propagation" Navigation="org.eclipse.mylyn.core.model.edges.containment" OriginId="org.eclipse.mylyn.core.model.interest.propagation" StartDate="2014-10-04 12:06:27.820 JST" StructureHandle="/Cake_NR5/app/View/Elements/articles" StructureKind="resource" NumEvents="12" CreationCount="218"/><InteractionEvent Delta="null" EndDate="2014-10-04 12:06:26.229 JST" Interest="2.4850001" Kind="manipulation" Navigation="null" OriginId="org.eclipse.mylyn.core.model.interest.decay.correction" StartDate="2014-10-04 12:06:26.229 JST" StructureHandle="/Cake_NR5/app/View/Elements/articles" StructureKind="resource"/><InteractionEvent Delta="null" EndDate="2014-10-04 13:18:36.926 JST" Interest="9.0" Kind="edit" Navigation="null" OriginId="org.eclipse.php.editor" StartDate="2014-10-04 11:32:52.478 JST" StructureHandle="/Cake_IFM11/app/Controller/ImagesController.php" StructureKind="resource" NumEvents="9" CreationCount="104"/><InteractionEvent Delta="null" EndDate="2014-10-04 13:18:36.890 JST" Interest="7.0" Kind="selection" Navigation="null" OriginId="org.eclipse.php.editor" StartDate="2014-10-04 11:32:52.301 JST" StructureHandle="/Cake_IFM11/app/Controller/ImagesController.php" StructureKind="resource" NumEvents="7" CreationCount="104"/><InteractionEvent Delta="null" EndDate="2014-10-04 13:47:15.339 JST" Interest="248.0" Kind="edit" Navigation="null" OriginId="org.eclipse.php.editor" StartDate="2014-10-04 11:30:14.147 JST" StructureHandle="/Cake_NR5/app/Controller/ArticlesController.php" StructureKind="resource" NumEvents="248" CreationCount="68"/><InteractionEvent Delta="null" EndDate="2014-10-04 13:47:15.299 JST" Interest="36.0" Kind="selection" Navigation="null" OriginId="org.eclipse.php.editor" StartDate="2014-10-04 11:30:12.444 JST" StructureHandle="/Cake_NR5/app/Controller/ArticlesController.php" StructureKind="resource" NumEvents="36" CreationCount="68"/><InteractionEvent Delta="null" EndDate="2014-10-04 11:41:05.910 JST" Interest="1.0" Kind="selection" Navigation="null" OriginId="org.eclipse.ui.views.ResourceNavigator" StartDate="2014-10-04 11:41:05.910 JST" StructureHandle="/Cake_NR5/app/View" StructureKind="resource"/><InteractionEvent Delta="null" EndDate="2014-10-04 13:18:27.827 JST" Interest="30.261997" Kind="propagation" Navigation="org.eclipse.mylyn.core.model.edges.containment" OriginId="org.eclipse.mylyn.core.model.interest.propagation" StartDate="2014-10-04 11:41:08.418 JST" StructureHandle="/Cake_NR5/app/View" StructureKind="resource" NumEvents="49" CreationCount="216"/><InteractionEvent Delta="null" EndDate="2014-10-04 13:26:24.156 JST" Interest="1.0" Kind="selection" Navigation="null" OriginId="org.eclipse.ui.views.ResourceNavigator" StartDate="2014-10-04 13:26:24.156 JST" StructureHandle="/Cake_NR5/app/Lib/utils" StructureKind="resource"/><InteractionEvent Delta="null" EndDate="2014-10-04 13:28:06.299 JST" Interest="22.617" Kind="propagation" Navigation="org.eclipse.mylyn.core.model.edges.containment" OriginId="org.eclipse.mylyn.core.model.interest.propagation" StartDate="2014-10-04 13:26:25.3 JST" StructureHandle="/Cake_NR5/app/Lib/utils" StructureKind="resource" NumEvents="32" CreationCount="659"/><InteractionEvent Delta="null" EndDate="2014-10-04 13:18:23.344 JST" Interest="4.0" Kind="edit" Navigation="null" OriginId="org.eclipse.php.editor" StartDate="2014-10-04 12:08:31.91 JST" StructureHandle="/Cake_NR5/app/View/Elements/historys/content_multilines.ctp" StructureKind="resource" NumEvents="4" CreationCount="464"/><InteractionEvent Delta="null" EndDate="2014-10-04 13:18:23.127 JST" Interest="4.0" Kind="selection" Navigation="null" OriginId="org.eclipse.php.editor" StartDate="2014-10-04 12:08:30.773 JST" StructureHandle="/Cake_NR5/app/View/Elements/historys/content_multilines.ctp" StructureKind="resource" NumEvents="4" CreationCount="464"/><InteractionEvent Delta="null" EndDate="2014-10-04 11:42:38.63 JST" Interest="2.0" Kind="selection" Navigation="null" OriginId="org.eclipse.ui.views.ResourceNavigator" StartDate="2014-10-04 11:41:08.414 JST" StructureHandle="/Cake_NR5/app/View/Elements" StructureKind="resource" NumEvents="2" CreationCount="217"/><InteractionEvent Delta="null" EndDate="2014-10-04 13:18:27.826 JST" Interest="29.244999" Kind="propagation" Navigation="org.eclipse.mylyn.core.model.edges.containment" OriginId="org.eclipse.mylyn.core.model.interest.propagation" StartDate="2014-10-04 11:41:10.6 JST" StructureHandle="/Cake_NR5/app/View/Elements" StructureKind="resource" NumEvents="45" CreationCount="217"/><InteractionEvent Delta="null" EndDate="2014-10-04 13:18:25.504 JST" Interest="8.0" Kind="edit" Navigation="null" OriginId="org.eclipse.php.editor" StartDate="2014-10-04 12:08:01.843 JST" StructureHandle="/Cake_NR5/app/View/Historys/view.ctp" StructureKind="resource" NumEvents="8" CreationCount="455"/><InteractionEvent Delta="null" EndDate="2014-10-04 13:18:25.467 JST" Interest="5.0" Kind="selection" Navigation="null" OriginId="org.eclipse.php.editor" StartDate="2014-10-04 12:08:01.224 JST" StructureHandle="/Cake_NR5/app/View/Historys/view.ctp" StructureKind="resource" NumEvents="5" CreationCount="455"/><InteractionEvent Delta="null" EndDate="2014-10-04 12:04:33.629 JST" Interest="16.0" Kind="edit" Navigation="null" OriginId="org.eclipse.php.editor" StartDate="2014-10-04 11:41:12.963 JST" StructureHandle="/Cake_NR5/app/View/Elements/admins/index_t_headers.ctp" StructureKind="resource" NumEvents="16" CreationCount="220"/><InteractionEvent Delta="null" EndDate="2014-10-04 12:04:33.582 JST" Interest="4.0" Kind="selection" Navigation="null" OriginId="org.eclipse.php.editor" StartDate="2014-10-04 11:41:12.98 JST" StructureHandle="/Cake_NR5/app/View/Elements/admins/index_t_headers.ctp" StructureKind="resource" NumEvents="4" CreationCount="220"/><InteractionEvent Delta="null" EndDate="2014-10-04 11:41:10.781 JST" Interest="1.0" Kind="selection" Navigation="null" OriginId="org.eclipse.ui.views.ResourceNavigator" StartDate="2014-10-04 11:41:10.781 JST" StructureHandle="/Cake_NR5/app/View/Elements/admins" StructureKind="resource"/><InteractionEvent Delta="null" EndDate="2014-10-04 12:06:11.955 JST" Interest="16.223" Kind="propagation" Navigation="org.eclipse.mylyn.core.model.edges.containment" OriginId="org.eclipse.mylyn.core.model.interest.propagation" StartDate="2014-10-04 11:41:12.99 JST" StructureHandle="/Cake_NR5/app/View/Elements/admins" StructureKind="resource" NumEvents="23" CreationCount="219"/><InteractionEvent Delta="null" EndDate="2014-10-04 12:04:27.112 JST" Interest="22.0" Kind="edit" Navigation="null" OriginId="org.eclipse.php.editor" StartDate="2014-10-04 11:42:47.125 JST" StructureHandle="/Cake_NR5/app/View/Admins/add.ctp" StructureKind="resource" NumEvents="22" CreationCount="264"/><InteractionEvent Delta="null" EndDate="2014-10-04 12:04:27.73 JST" Interest="6.0" Kind="selection" Navigation="null" OriginId="org.eclipse.php.editor" StartDate="2014-10-04 11:42:46.678 JST" StructureHandle="/Cake_NR5/app/View/Admins/add.ctp" StructureKind="resource" NumEvents="6" CreationCount="264"/><InteractionEvent Delta="null" EndDate="2014-10-04 12:04:41.120 JST" Interest="1.0" Kind="selection" Navigation="null" OriginId="org.eclipse.ui.views.ResourceNavigator" StartDate="2014-10-04 12:04:41.120 JST" StructureHandle="/Cake_NR5/app/View/Elements/historys" StructureKind="resource"/><InteractionEvent Delta="null" EndDate="2014-10-04 13:18:27.825 JST" Interest="27.117" Kind="propagation" Navigation="org.eclipse.mylyn.core.model.edges.containment" OriginId="org.eclipse.mylyn.core.model.interest.propagation" StartDate="2014-10-04 12:04:47.830 JST" StructureHandle="/Cake_NR5/app/View/Elements/historys" StructureKind="resource" NumEvents="38" CreationCount="401"/><InteractionEvent Delta="null" EndDate="2014-10-04 11:30:06.790 JST" Interest="2.0" Kind="selection" Navigation="null" OriginId="org.eclipse.ui.views.ResourceNavigator" StartDate="2014-10-04 11:25:59.480 JST" StructureHandle="/Cake_NR5/app" StructureKind="resource" NumEvents="2" CreationCount="1"/><InteractionEvent Delta="null" EndDate="2014-10-04 13:50:10.382 JST" Interest="225.453" Kind="propagation" Navigation="org.eclipse.mylyn.core.model.edges.containment" OriginId="org.eclipse.mylyn.core.model.interest.propagation" StartDate="2014-10-04 11:30:08.600 JST" StructureHandle="/Cake_NR5/app" StructureKind="resource" NumEvents="342" CreationCount="1"/><InteractionEvent Delta="null" EndDate="2014-10-04 11:30:06.790 JST" Interest="0.08800006" Kind="manipulation" Navigation="null" OriginId="org.eclipse.mylyn.core.model.interest.decay.correction" StartDate="2014-10-04 11:30:06.790 JST" StructureHandle="/Cake_NR5/app" StructureKind="resource"/><InteractionEvent Delta="null" EndDate="2014-10-04 11:26:01.125 JST" Interest="1.0" Kind="selection" Navigation="null" OriginId="org.eclipse.ui.views.ResourceNavigator" StartDate="2014-10-04 11:26:01.125 JST" StructureHandle="/Cake_NR5/test.php" StructureKind="resource"/><InteractionEvent Delta="null" EndDate="2014-10-04 13:47:14.913 JST" Interest="82.0" Kind="edit" Navigation="null" OriginId="org.eclipse.php.editor" StartDate="2014-10-04 13:19:28.968 JST" StructureHandle="/Cake_NR5/app/Controller/AppController.php" StructureKind="resource" NumEvents="82" CreationCount="517"/><InteractionEvent Delta="null" EndDate="2014-10-04 13:47:03.200 JST" Interest="13.0" Kind="selection" Navigation="null" OriginId="org.eclipse.php.editor" StartDate="2014-10-04 13:18:38.333 JST" StructureHandle="/Cake_NR5/app/Controller/AppController.php" StructureKind="resource" NumEvents="13" CreationCount="517"/><InteractionEvent Delta="null" EndDate="2014-10-04 13:18:36.928 JST" Interest="16.0" Kind="propagation" Navigation="null" OriginId="org.eclipse.php.editor" StartDate="2014-10-04 11:32:52.302 JST" StructureHandle="/Cake_IFM11" StructureKind="resource" NumEvents="16" CreationCount="104"/><InteractionEvent Delta="null" EndDate="2014-10-04 13:28:06.299 JST" Interest="28.0" Kind="edit" Navigation="null" OriginId="org.eclipse.php.editor" StartDate="2014-10-04 13:26:25.436 JST" StructureHandle="/Cake_NR5/app/Lib/utils/CONS.php" StructureKind="resource" NumEvents="28" CreationCount="660"/><InteractionEvent Delta="null" EndDate="2014-10-04 13:27:51.901 JST" Interest="4.0" Kind="selection" Navigation="null" OriginId="org.eclipse.php.editor" StartDate="2014-10-04 13:26:25.2 JST" StructureHandle="/Cake_NR5/app/Lib/utils/CONS.php" StructureKind="resource" NumEvents="4" CreationCount="660"/><InteractionEvent Delta="null" EndDate="2014-10-04 13:26:22.181 JST" Interest="1.0" Kind="selection" Navigation="null" OriginId="org.eclipse.ui.views.ResourceNavigator" StartDate="2014-10-04 13:26:22.181 JST" StructureHandle="/Cake_NR5/app/Lib" StructureKind="resource"/><InteractionEvent Delta="null" EndDate="2014-10-04 13:28:06.300 JST" Interest="22.634" Kind="propagation" Navigation="org.eclipse.mylyn.core.model.edges.containment" OriginId="org.eclipse.mylyn.core.model.interest.propagation" StartDate="2014-10-04 13:26:24.156 JST" StructureHandle="/Cake_NR5/app/Lib" StructureKind="resource" NumEvents="33" CreationCount="658"/><InteractionEvent Delta="null" EndDate="2014-10-04 13:26:18.398 JST" Interest="1.0" Kind="selection" Navigation="null" OriginId="org.eclipse.ui.views.ResourceNavigator" StartDate="2014-10-04 13:26:18.398 JST" StructureHandle="/Cake_NR5/app/Controller/PositionsController.php" StructureKind="resource"/><InteractionEvent Delta="null" EndDate="2014-10-04 12:06:27.819 JST" Interest="1.0" Kind="selection" Navigation="null" OriginId="org.eclipse.ui.views.ResourceNavigator" StartDate="2014-10-04 12:06:27.819 JST" StructureHandle="/Cake_NR5/app/View/Elements/articles/index" StructureKind="resource"/><InteractionEvent Delta="null" EndDate="2014-10-04 13:18:27.224 JST" Interest="8.617001" Kind="propagation" Navigation="org.eclipse.mylyn.core.model.edges.containment" OriginId="org.eclipse.mylyn.core.model.interest.propagation" StartDate="2014-10-04 12:06:33.984 JST" StructureHandle="/Cake_NR5/app/View/Elements/articles/index" StructureKind="resource" NumEvents="12" CreationCount="425"/><InteractionEvent Delta="null" EndDate="2014-10-04 11:41:02.717 JST" Interest="2.0" Kind="selection" Navigation="null" OriginId="org.eclipse.ui.views.ResourceNavigator" StartDate="2014-10-04 11:31:50.752 JST" StructureHandle="/Cake_NR5/app/Config" StructureKind="resource" NumEvents="2" CreationCount="103"/><InteractionEvent Delta="null" EndDate="2014-10-04 11:41:02.717 JST" Interest="0.8870001" Kind="manipulation" Navigation="null" OriginId="org.eclipse.mylyn.core.model.interest.decay.correction" StartDate="2014-10-04 11:41:02.717 JST" StructureHandle="/Cake_NR5/app/Config" StructureKind="resource"/><InteractionEvent Delta="null" EndDate="2014-10-04 13:18:36.546 JST" Interest="3.0" Kind="edit" Navigation="null" OriginId="org.eclipse.php.editor" StartDate="2014-10-04 13:18:34.72 JST" StructureHandle="/Cake_NR5/app/Controller/AdminsController.php" StructureKind="resource" NumEvents="3" CreationCount="509"/><InteractionEvent Delta="null" EndDate="2014-10-04 13:19:28.23 JST" Interest="4.0" Kind="selection" Navigation="null" OriginId="org.eclipse.ui.views.ResourceNavigator" StartDate="2014-10-04 13:18:33.292 JST" StructureHandle="/Cake_NR5/app/Controller/AdminsController.php" StructureKind="resource" NumEvents="4" CreationCount="509"/><InteractionEvent Delta="null" EndDate="2014-10-04 12:08:23.752 JST" Interest="1.0" Kind="selection" Navigation="null" OriginId="org.eclipse.ui.views.ResourceNavigator" StartDate="2014-10-04 12:08:23.752 JST" StructureHandle="/Cake_NR5/app/View/Historys/add.ctp" StructureKind="resource"/><InteractionEvent Delta="null" EndDate="2014-10-04 12:07:58.537 JST" Interest="1.0" Kind="selection" Navigation="null" OriginId="org.eclipse.ui.views.ResourceNavigator" StartDate="2014-10-04 12:07:58.537 JST" StructureHandle="/Cake_NR5/app/View/Historys" StructureKind="resource"/><InteractionEvent Delta="null" EndDate="2014-10-04 13:18:25.505 JST" Interest="9.617001" Kind="propagation" Navigation="org.eclipse.mylyn.core.model.edges.containment" OriginId="org.eclipse.mylyn.core.model.interest.propagation" StartDate="2014-10-04 12:08:01.225 JST" StructureHandle="/Cake_NR5/app/View/Historys" StructureKind="resource" NumEvents="13" CreationCount="454"/><InteractionEvent Delta="null" EndDate="2014-10-04 13:18:27.825 JST" Interest="33.0" Kind="edit" Navigation="null" OriginId="org.eclipse.php.editor" StartDate="2014-10-04 12:04:48.398 JST" StructureHandle="/Cake_NR5/app/View/Elements/historys/index_t_entries.ctp" StructureKind="resource" NumEvents="33" CreationCount="402"/><InteractionEvent Delta="null" EndDate="2014-10-04 13:18:27.785 JST" Interest="5.0" Kind="selection" Navigation="null" OriginId="org.eclipse.php.editor" StartDate="2014-10-04 12:04:47.830 JST" StructureHandle="/Cake_NR5/app/View/Elements/historys/index_t_entries.ctp" StructureKind="resource" NumEvents="5" CreationCount="402"/><InteractionEvent Delta="null" EndDate="2014-10-04 12:04:27.869 JST" Interest="33.0" Kind="edit" Navigation="null" OriginId="org.eclipse.php.editor" StartDate="2014-10-04 11:42:43.972 JST" StructureHandle="/Cake_NR5/app/View/Admins/view.ctp" StructureKind="resource" NumEvents="33" CreationCount="259"/><InteractionEvent Delta="null" EndDate="2014-10-04 12:04:27.837 JST" Interest="5.0" Kind="selection" Navigation="null" OriginId="org.eclipse.php.editor" StartDate="2014-10-04 11:42:43.476 JST" StructureHandle="/Cake_NR5/app/View/Admins/view.ctp" StructureKind="resource" NumEvents="5" CreationCount="259"/><InteractionEvent Delta="null" EndDate="2014-10-04 13:50:10.383 JST" Interest="1057.0" Kind="propagation" Navigation="null" OriginId="org.eclipse.php.editor" StartDate="2014-10-04 11:25:59.480 JST" StructureHandle="/" StructureKind="resource" NumEvents="1057" CreationCount="1"/><InteractionEvent Delta="null" EndDate="2014-10-04 13:50:10.382 JST" Interest="227.541" Kind="propagation" Navigation="org.eclipse.mylyn.core.model.edges.containment" OriginId="org.eclipse.mylyn.core.model.interest.propagation" StartDate="2014-10-04 11:25:59.480 JST" StructureHandle="=Cake_NR5" StructureKind="c/c++" NumEvents="335" CreationCount="1"/><InteractionEvent Delta="null" EndDate="2014-10-04 13:18:36.928 JST" Interest="13.299999" Kind="propagation" Navigation="org.eclipse.mylyn.core.model.edges.containment" OriginId="org.eclipse.mylyn.core.model.interest.propagation" StartDate="2014-10-04 11:32:52.302 JST" StructureHandle="/Cake_IFM11/app" StructureKind="resource" NumEvents="16" CreationCount="104"/><InteractionEvent Delta="null" EndDate="2014-10-04 12:04:29.9 JST" Interest="17.0" Kind="edit" Navigation="null" OriginId="org.eclipse.php.editor" StartDate="2014-10-04 11:41:40.939 JST" StructureHandle="/Cake_NR5/app/View/Elements/admins/index_t_entries.ctp" StructureKind="resource" NumEvents="17" CreationCount="238"/><InteractionEvent Delta="null" EndDate="2014-10-04 12:06:11.955 JST" Interest="5.0" Kind="selection" Navigation="null" OriginId="org.eclipse.ui.views.ResourceNavigator" StartDate="2014-10-04 11:41:40.375 JST" StructureHandle="/Cake_NR5/app/View/Elements/admins/index_t_entries.ctp" StructureKind="resource" NumEvents="5" CreationCount="238"/><InteractionEvent Delta="null" EndDate="2014-10-04 12:08:40.981 JST" Interest="1.0" Kind="selection" Navigation="null" OriginId="org.eclipse.ui.views.ResourceNavigator" StartDate="2014-10-04 12:08:40.981 JST" StructureHandle="/Cake_NR5/app/View/Commons" StructureKind="resource"/><InteractionEvent Delta="null" EndDate="2014-10-04 11:58:21.215 JST" Interest="85.0" Kind="edit" Navigation="null" OriginId="org.eclipse.ui.DefaultTextEditor" StartDate="2014-10-04 11:26:02.780 JST" StructureHandle="/Cake_NR5/sql.txt" StructureKind="resource" NumEvents="85" CreationCount="3"/><InteractionEvent Delta="null" EndDate="2014-10-04 11:56:37.3 JST" Interest="4.0" Kind="selection" Navigation="null" OriginId="org.eclipse.ui.DefaultTextEditor" StartDate="2014-10-04 11:26:02.752 JST" StructureHandle="/Cake_NR5/sql.txt" StructureKind="resource" NumEvents="4" CreationCount="3"/><InteractionEvent Delta="null" EndDate="2014-10-04 11:30:08.598 JST" Interest="1.0" Kind="selection" Navigation="null" OriginId="org.eclipse.ui.views.ResourceNavigator" StartDate="2014-10-04 11:30:08.598 JST" StructureHandle="/Cake_NR5/app/Controller" StructureKind="resource"/><InteractionEvent Delta="null" EndDate="2014-10-04 13:50:10.382 JST" Interest="225.419" Kind="propagation" Navigation="org.eclipse.mylyn.core.model.edges.containment" OriginId="org.eclipse.mylyn.core.model.interest.propagation" StartDate="2014-10-04 11:30:12.445 JST" StructureHandle="/Cake_NR5/app/Controller" StructureKind="resource" NumEvents="310" CreationCount="67"/><InteractionEvent Delta="null" EndDate="2014-10-04 12:07:53.530 JST" Interest="1.0" Kind="selection" Navigation="null" OriginId="org.eclipse.ui.views.ResourceNavigator" StartDate="2014-10-04 12:07:53.530 JST" StructureHandle="/Cake_NR5/app/View/Elements/articles/index/_idx_articles_line.ctp" StructureKind="resource"/><InteractionEvent Delta="null" EndDate="2014-10-04 13:18:36.927 JST" Interest="13.299999" Kind="propagation" Navigation="org.eclipse.mylyn.core.model.edges.containment" OriginId="org.eclipse.mylyn.core.model.interest.propagation" StartDate="2014-10-04 11:32:52.302 JST" StructureHandle="/Cake_IFM11/app/Controller" StructureKind="resource" NumEvents="16" CreationCount="104"/><InteractionEvent Delta="null" EndDate="2014-10-04 13:50:10.381 JST" Interest="285.0" Kind="edit" Navigation="null" OriginId="org.eclipse.php.editor" StartDate="2014-10-04 12:08:44.308 JST" StructureHandle="/Cake_NR5/app/Controller/HistorysController.php" StructureKind="resource" NumEvents="285" CreationCount="474"/><InteractionEvent Delta="null" EndDate="2014-10-04 13:50:10.367 JST" Interest="20.0" Kind="selection" Navigation="null" OriginId="org.eclipse.php.editor" StartDate="2014-10-04 12:08:43.837 JST" StructureHandle="/Cake_NR5/app/Controller/HistorysController.php" StructureKind="resource" NumEvents="20" CreationCount="474"/></InteractionHistory>