<?xml version="1.0" encoding="UTF-8"?><InteractionHistory Id="local-47" Version="1"><InteractionEvent Delta="null" EndDate="2014-09-27 22:21:24.138 JST" Interest="292.268" Kind="propagation" Navigation="org.eclipse.mylyn.core.model.edges.containment" OriginId="org.eclipse.mylyn.core.model.interest.propagation" StartDate="2014-09-27 21:14:14.127 JST" StructureHandle="" StructureKind="c/c++" NumEvents="414" CreationCount="1"/><InteractionEvent Delta="null" EndDate="2014-09-27 21:34:54.687 JST" Interest="2.0" Kind="selection" Navigation="null" OriginId="org.eclipse.ui.views.ResourceNavigator" StartDate="2014-09-27 21:34:52.117 JST" StructureHandle="/Cake_NR5/app/View/Elements/layouts/links.ctp" StructureKind="resource" NumEvents="2" CreationCount="196"/><InteractionEvent Delta="null" EndDate="2014-09-27 21:14:17.505 JST" Interest="3.0" Kind="edit" Navigation="null" OriginId="org.eclipse.php.editor" StartDate="2014-09-27 21:14:15.9 JST" StructureHandle="/Cake_NR5/app/Controller/KeywordsController.php" StructureKind="resource" NumEvents="3" CreationCount="1"/><InteractionEvent Delta="null" EndDate="2014-09-27 21:14:14.110 JST" Interest="1.0" Kind="selection" Navigation="null" OriginId="org.eclipse.php.editor" StartDate="2014-09-27 21:14:14.110 JST" StructureHandle="/Cake_NR5/app/Controller/KeywordsController.php" StructureKind="resource"/><InteractionEvent Delta="null" EndDate="2014-09-27 21:34:54.688 JST" Interest="2.0" Kind="propagation" Navigation="org.eclipse.mylyn.core.model.edges.containment" OriginId="org.eclipse.mylyn.core.model.interest.propagation" StartDate="2014-09-27 21:34:52.118 JST" StructureHandle="/Cake_NR5/app/View/Elements/layouts" StructureKind="resource" NumEvents="2" CreationCount="196"/><InteractionEvent Delta="null" EndDate="2014-09-27 22:24:06.571 JST" Interest="514.0" Kind="propagation" Navigation="null" OriginId="org.eclipse.php.editor" StartDate="2014-09-27 21:14:14.127 JST" StructureHandle="/Cake_NR5" StructureKind="resource" NumEvents="514" CreationCount="1"/><InteractionEvent Delta="null" EndDate="2014-09-27 21:36:14.30 JST" Interest="2.4169998" Kind="propagation" Navigation="org.eclipse.mylyn.core.model.edges.containment" OriginId="org.eclipse.mylyn.core.model.interest.propagation" StartDate="2014-09-27 21:36:12.180 JST" StructureHandle="/Cake_NR5/app/View/Helper" StructureKind="resource" NumEvents="4" CreationCount="226"/><InteractionEvent Delta="null" EndDate="2014-09-27 21:36:10.763 JST" Interest="1.0" Kind="selection" Navigation="null" OriginId="org.eclipse.ui.views.ResourceNavigator" StartDate="2014-09-27 21:36:10.763 JST" StructureHandle="/Cake_NR5/app/View/Helper" StructureKind="resource"/><InteractionEvent Delta="null" EndDate="2014-09-27 21:14:40.726 JST" Interest="6.0" Kind="edit" Navigation="null" OriginId="org.eclipse.php.editor" StartDate="2014-09-27 21:14:27.984 JST" StructureHandle="/Cake_NR5/app/View/Historys/add.ctp" StructureKind="resource" NumEvents="6" CreationCount="7"/><InteractionEvent Delta="null" EndDate="2014-09-27 21:14:40.707 JST" Interest="2.0" Kind="selection" Navigation="null" OriginId="org.eclipse.php.editor" StartDate="2014-09-27 21:14:27.913 JST" StructureHandle="/Cake_NR5/app/View/Historys/add.ctp" StructureKind="resource" NumEvents="2" CreationCount="7"/><InteractionEvent Delta="null" EndDate="2014-09-27 22:24:06.568 JST" Interest="27.538" Kind="propagation" Navigation="org.eclipse.mylyn.core.model.edges.containment" OriginId="org.eclipse.mylyn.core.model.interest.propagation" StartDate="2014-09-27 21:14:27.914 JST" StructureHandle="/Cake_NR5/app/View/Historys" StructureKind="resource" NumEvents="37" CreationCount="7"/><InteractionEvent Delta="null" EndDate="2014-09-27 21:36:14.29 JST" Interest="2.0" Kind="edit" Navigation="null" OriginId="org.eclipse.php.editor" StartDate="2014-09-27 21:36:12.793 JST" StructureHandle="/Cake_NR5/app/View/Helper/HistoryHelper.php" StructureKind="resource" NumEvents="2" CreationCount="227"/><InteractionEvent Delta="null" EndDate="2014-09-27 21:36:12.709 JST" Interest="2.0" Kind="selection" Navigation="null" OriginId="org.eclipse.php.editor" StartDate="2014-09-27 21:36:12.179 JST" StructureHandle="/Cake_NR5/app/View/Helper/HistoryHelper.php" StructureKind="resource" NumEvents="2" CreationCount="227"/><InteractionEvent Delta="null" EndDate="2014-09-27 22:21:25.201 JST" Interest="39.0" Kind="edit" Navigation="null" OriginId="org.eclipse.php.editor" StartDate="2014-09-27 21:23:05.584 JST" StructureHandle="/Cake_NR5/app/Controller/ArticlesController.php" StructureKind="resource" NumEvents="39" CreationCount="76"/><InteractionEvent Delta="null" EndDate="2014-09-27 22:21:25.167 JST" Interest="8.0" Kind="selection" Navigation="null" OriginId="org.eclipse.php.editor" StartDate="2014-09-27 21:23:05.210 JST" StructureHandle="/Cake_NR5/app/Controller/ArticlesController.php" StructureKind="resource" NumEvents="8" CreationCount="76"/><InteractionEvent Delta="null" EndDate="2014-09-27 22:21:24.138 JST" Interest="292.268" Kind="propagation" Navigation="org.eclipse.mylyn.core.model.edges.containment" OriginId="org.eclipse.mylyn.core.model.interest.propagation" StartDate="2014-09-27 21:14:14.127 JST" StructureHandle="=Cake_NR5" StructureKind="c/c++" NumEvents="414" CreationCount="1"/><InteractionEvent Delta="null" EndDate="2014-09-27 22:24:06.571 JST" Interest="514.0" Kind="propagation" Navigation="org.eclipse.mylyn.core.model.edges.containment" OriginId="org.eclipse.mylyn.core.model.interest.propagation" StartDate="2014-09-27 21:14:14.127 JST" StructureHandle="/" StructureKind="resource" NumEvents="514" CreationCount="1"/><InteractionEvent Delta="null" EndDate="2014-09-27 22:24:06.569 JST" Interest="26.537998" Kind="propagation" Navigation="org.eclipse.mylyn.core.model.edges.containment" OriginId="org.eclipse.mylyn.core.model.interest.propagation" StartDate="2014-09-27 21:14:27.915 JST" StructureHandle="/Cake_NR5/app/View" StructureKind="resource" NumEvents="36" CreationCount="7"/><InteractionEvent Delta="null" EndDate="2014-09-27 21:36:07.711 JST" Interest="1.0" Kind="selection" Navigation="null" OriginId="org.eclipse.ui.views.ResourceNavigator" StartDate="2014-09-27 21:36:07.711 JST" StructureHandle="/Cake_NR5/app/View" StructureKind="resource"/><InteractionEvent Delta="null" EndDate="2014-09-27 21:34:54.688 JST" Interest="2.0" Kind="propagation" Navigation="org.eclipse.mylyn.core.model.edges.containment" OriginId="org.eclipse.mylyn.core.model.interest.propagation" StartDate="2014-09-27 21:34:52.119 JST" StructureHandle="/Cake_NR5/app/View/Elements" StructureKind="resource" NumEvents="2" CreationCount="196"/><InteractionEvent Delta="null" EndDate="2014-09-27 22:21:24.137 JST" Interest="396.0" Kind="edit" Navigation="null" OriginId="org.eclipse.php.editor" StartDate="2014-09-27 21:14:19.319 JST" StructureHandle="/Cake_NR5/app/Controller/HistorysController.php" StructureKind="resource" NumEvents="396" CreationCount="5"/><InteractionEvent Delta="null" EndDate="2014-09-27 22:21:09.933 JST" Interest="15.0" Kind="selection" Navigation="null" OriginId="org.eclipse.php.editor" StartDate="2014-09-27 21:14:19.265 JST" StructureHandle="/Cake_NR5/app/Controller/HistorysController.php" StructureKind="resource" NumEvents="15" CreationCount="5"/><InteractionEvent Delta="null" EndDate="2014-09-27 22:21:24.137 JST" Interest="292.268" Kind="propagation" Navigation="org.eclipse.mylyn.core.model.edges.containment" OriginId="org.eclipse.mylyn.core.model.interest.propagation" StartDate="2014-09-27 21:14:14.126 JST" StructureHandle="/Cake_NR5/app/Controller" StructureKind="resource" NumEvents="412" CreationCount="1"/><InteractionEvent Delta="null" EndDate="2014-09-27 22:21:24.138 JST" Interest="292.268" Kind="propagation" Navigation="org.eclipse.mylyn.core.model.edges.containment" OriginId="org.eclipse.mylyn.core.model.interest.propagation" StartDate="2014-09-27 21:14:14.127 JST" StructureHandle="/Cake_NR5/app" StructureKind="resource" NumEvents="414" CreationCount="1"/><InteractionEvent Delta="null" EndDate="2014-09-27 22:24:06.566 JST" Interest="29.0" Kind="edit" Navigation="null" OriginId="org.eclipse.php.editor" StartDate="2014-09-27 21:14:43.338 JST" StructureHandle="/Cake_NR5/app/View/Historys/view.ctp" StructureKind="resource" NumEvents="29" CreationCount="21"/><InteractionEvent Delta="null" EndDate="2014-09-27 22:21:25.340 JST" Interest="7.0" Kind="selection" Navigation="null" OriginId="org.eclipse.php.editor" StartDate="2014-09-27 21:14:43.290 JST" StructureHandle="/Cake_NR5/app/View/Historys/view.ctp" StructureKind="resource" NumEvents="7" CreationCount="21"/></InteractionHistory>