<?xml version="1.0" encoding="UTF-8"?><InteractionHistory Id="local-65" Version="1"><InteractionEvent Delta="null" EndDate="2014-10-15 12:38:23.78 JST" Interest="339.35098" Kind="propagation" Navigation="org.eclipse.mylyn.core.model.edges.containment" OriginId="org.eclipse.mylyn.core.model.interest.propagation" StartDate="2014-10-15 11:34:00.399 JST" StructureHandle="" StructureKind="c/c++" NumEvents="487" CreationCount="1"/><InteractionEvent Delta="null" EndDate="2014-10-15 12:38:21.24 JST" Interest="1.0" Kind="prediction" Navigation="null" OriginId="org.eclipse.mylyn.resources.ui.interest.updater" StartDate="2014-10-15 12:38:21.24 JST" StructureHandle="/Cake_NR5/app/tmp/cache/persistent/myapp_cake_core_file_map" StructureKind="resource"/><InteractionEvent Delta="null" EndDate="2014-10-15 12:38:21.25 JST" Interest="1.0" Kind="prediction" Navigation="null" OriginId="org.eclipse.mylyn.resources.ui.interest.updater" StartDate="2014-10-15 12:38:21.25 JST" StructureHandle="/Cake_NR5/app/tmp/cache/persistent/myapp_cake_core_default_en-us" StructureKind="resource"/><InteractionEvent Delta="null" EndDate="2014-10-15 12:38:16.452 JST" Interest="3.0" Kind="selection" Navigation="null" OriginId="org.eclipse.ui.views.ResourceNavigator" StartDate="2014-10-15 12:24:50.625 JST" StructureHandle="/Cake_NR5/app/Controller/TEMPLATEController.php" StructureKind="resource" NumEvents="3" CreationCount="474"/><InteractionEvent Delta="null" EndDate="2014-10-15 12:38:21.192 JST" Interest="1.0" Kind="propagation" Navigation="org.eclipse.mylyn.core.model.edges.containment" OriginId="org.eclipse.mylyn.core.model.interest.propagation" StartDate="2014-10-15 12:38:21.192 JST" StructureHandle="/Cake_NR5/app/tmp" StructureKind="resource"/><InteractionEvent Delta="null" EndDate="2014-10-15 12:38:25.545 JST" Interest="529.0" Kind="propagation" Navigation="null" OriginId="org.eclipse.php.editor" StartDate="2014-10-15 11:34:00.399 JST" StructureHandle="/Cake_NR5" StructureKind="resource" NumEvents="529" CreationCount="1"/><InteractionEvent Delta="null" EndDate="2014-10-15 12:38:21.191 JST" Interest="1.0" Kind="propagation" Navigation="org.eclipse.mylyn.core.model.edges.containment" OriginId="org.eclipse.mylyn.core.model.interest.propagation" StartDate="2014-10-15 12:38:21.191 JST" StructureHandle="/Cake_NR5/app/tmp/cache/persistent" StructureKind="resource"/><InteractionEvent Delta="null" EndDate="2014-10-15 11:34:09.41 JST" Interest="1.0" Kind="selection" Navigation="null" OriginId="org.eclipse.ui.views.ResourceNavigator" StartDate="2014-10-15 11:34:09.41 JST" StructureHandle="/Cake_NR5/app/Controller/Component" StructureKind="resource"/><InteractionEvent Delta="null" EndDate="2014-10-15 12:38:23.78 JST" Interest="3.0" Kind="selection" Navigation="null" OriginId="org.eclipse.ui.views.ResourceNavigator" StartDate="2014-10-15 12:38:16.506 JST" StructureHandle="=Cake_NR5" StructureKind="c/c++" NumEvents="3" CreationCount="1"/><InteractionEvent Delta="null" EndDate="2014-10-15 12:38:14.672 JST" Interest="336.35098" Kind="propagation" Navigation="org.eclipse.mylyn.core.model.edges.containment" OriginId="org.eclipse.mylyn.core.model.interest.propagation" StartDate="2014-10-15 11:34:00.399 JST" StructureHandle="=Cake_NR5" StructureKind="c/c++" NumEvents="484" CreationCount="1"/><InteractionEvent Delta="null" EndDate="2014-10-15 12:38:25.545 JST" Interest="529.0" Kind="propagation" Navigation="org.eclipse.mylyn.core.model.edges.containment" OriginId="org.eclipse.mylyn.core.model.interest.propagation" StartDate="2014-10-15 11:34:00.399 JST" StructureHandle="/" StructureKind="resource" NumEvents="529" CreationCount="1"/><InteractionEvent Delta="null" EndDate="2014-10-15 12:24:41.942 JST" Interest="7.0" Kind="selection" Navigation="null" OriginId="org.eclipse.ui.views.ResourceNavigator" StartDate="2014-10-15 11:36:39.432 JST" StructureHandle="/Cake_NR5/app/Controller/ArticlesController.php" StructureKind="resource" NumEvents="7" CreationCount="35"/><InteractionEvent Delta="null" EndDate="2014-10-15 12:23:01.597 JST" Interest="26.0" Kind="edit" Navigation="null" OriginId="org.eclipse.php.editor" StartDate="2014-10-15 11:36:39.968 JST" StructureHandle="/Cake_NR5/app/Controller/ArticlesController.php" StructureKind="resource" NumEvents="26" CreationCount="35"/><InteractionEvent Delta="null" EndDate="2014-10-15 12:38:21.198 JST" Interest="1.0" Kind="propagation" Navigation="org.eclipse.mylyn.core.model.edges.containment" OriginId="org.eclipse.mylyn.core.model.interest.propagation" StartDate="2014-10-15 12:38:21.198 JST" StructureHandle="/Cake_NR5/app/tmp/logs" StructureKind="resource"/><InteractionEvent Delta="null" EndDate="2014-10-15 12:24:42.137 JST" Interest="1.0" Kind="selection" Navigation="null" OriginId="org.eclipse.ui.views.ResourceNavigator" StartDate="2014-10-15 12:24:42.137 JST" StructureHandle="/Cake_NR5/app/Controller/SkimmedtokensController.php" StructureKind="resource"/><InteractionEvent Delta="null" EndDate="2014-10-15 12:38:21.190 JST" Interest="1.0" Kind="prediction" Navigation="null" OriginId="org.eclipse.mylyn.resources.ui.interest.updater" StartDate="2014-10-15 12:38:21.190 JST" StructureHandle="/Cake_NR5/app/tmp/cache/persistent/myapp_cake_core_cake_dev_en-us" StructureKind="resource"/><InteractionEvent Delta="null" EndDate="2014-10-15 12:38:21.24 JST" Interest="1.0" Kind="prediction" Navigation="null" OriginId="org.eclipse.mylyn.resources.ui.interest.updater" StartDate="2014-10-15 12:38:21.24 JST" StructureHandle="/Cake_NR5/app/tmp/cache/persistent/myapp_cake_core_method_cache" StructureKind="resource"/><InteractionEvent Delta="null" EndDate="2014-10-15 11:34:07.60 JST" Interest="1.0" Kind="selection" Navigation="null" OriginId="org.eclipse.ui.views.ResourceNavigator" StartDate="2014-10-15 11:34:07.60 JST" StructureHandle="/Cake_NR5/app/Controller" StructureKind="resource"/><InteractionEvent Delta="null" EndDate="2014-10-15 12:38:25.544 JST" Interest="336.73398" Kind="propagation" Navigation="org.eclipse.mylyn.core.model.edges.containment" OriginId="org.eclipse.mylyn.core.model.interest.propagation" StartDate="2014-10-15 11:34:09.42 JST" StructureHandle="/Cake_NR5/app/Controller" StructureKind="resource" NumEvents="480" CreationCount="2"/><InteractionEvent Delta="null" EndDate="2014-10-15 12:38:21.191 JST" Interest="1.0" Kind="prediction" Navigation="null" OriginId="org.eclipse.mylyn.resources.ui.interest.updater" StartDate="2014-10-15 12:38:21.191 JST" StructureHandle="/Cake_NR5/app/tmp/cache/models/myapp_cake_model_default_development_sqlite3_list" StructureKind="resource"/><InteractionEvent Delta="null" EndDate="2014-10-15 11:34:00.399 JST" Interest="1.0" Kind="selection" Navigation="null" OriginId="org.eclipse.ui.views.ResourceNavigator" StartDate="2014-10-15 11:34:00.399 JST" StructureHandle="/Cake_NR5/app" StructureKind="resource"/><InteractionEvent Delta="null" EndDate="2014-10-15 12:38:25.544 JST" Interest="336.75098" Kind="propagation" Navigation="org.eclipse.mylyn.core.model.edges.containment" OriginId="org.eclipse.mylyn.core.model.interest.propagation" StartDate="2014-10-15 11:34:07.61 JST" StructureHandle="/Cake_NR5/app" StructureKind="resource" NumEvents="485" CreationCount="1"/><InteractionEvent Delta="null" EndDate="2014-10-15 12:38:21.192 JST" Interest="1.0" Kind="propagation" Navigation="org.eclipse.mylyn.core.model.edges.containment" OriginId="org.eclipse.mylyn.core.model.interest.propagation" StartDate="2014-10-15 12:38:21.192 JST" StructureHandle="/Cake_NR5/app/tmp/cache" StructureKind="resource"/><InteractionEvent Delta="null" EndDate="2014-10-15 12:38:21.190 JST" Interest="1.0" Kind="prediction" Navigation="null" OriginId="org.eclipse.mylyn.resources.ui.interest.updater" StartDate="2014-10-15 12:38:21.190 JST" StructureHandle="/Cake_NR5/app/tmp/logs/error.log" StructureKind="resource"/><InteractionEvent Delta="null" EndDate="2014-10-15 12:38:21.207 JST" Interest="1.0" Kind="propagation" Navigation="null" OriginId="org.eclipse.mylyn.resources.ui.interest.updater" StartDate="2014-10-15 12:38:21.207 JST" StructureHandle="/Cake_NR5/app/tmp/cache/models/myapp_cake_model_default_eqs" StructureKind="resource"/><InteractionEvent Delta="null" EndDate="2014-10-15 12:38:21.202 JST" Interest="1.0" Kind="propagation" Navigation="org.eclipse.mylyn.core.model.edges.containment" OriginId="org.eclipse.mylyn.core.model.interest.propagation" StartDate="2014-10-15 12:38:21.202 JST" StructureHandle="/Cake_NR5/app/tmp/cache/models" StructureKind="resource"/><InteractionEvent Delta="null" EndDate="2014-10-15 12:23:21.480 JST" Interest="8.0" Kind="selection" Navigation="null" OriginId="org.eclipse.php.editor" StartDate="2014-10-15 11:34:10.620 JST" StructureHandle="/Cake_NR5/app/Controller/EqsController.php" StructureKind="resource" NumEvents="8" CreationCount="4"/><InteractionEvent Delta="null" EndDate="2014-10-15 12:38:25.544 JST" Interest="471.0" Kind="edit" Navigation="null" OriginId="org.eclipse.php.editor" StartDate="2014-10-15 11:34:11.213 JST" StructureHandle="/Cake_NR5/app/Controller/EqsController.php" StructureKind="resource" NumEvents="471" CreationCount="4"/></InteractionHistory>