<?xml version="1.0" encoding="UTF-8"?><InteractionHistory Id="local-82" Version="1"><InteractionEvent Delta="null" EndDate="2014-10-27 12:22:29.197 JST" Interest="121.89002" Kind="propagation" Navigation="org.eclipse.mylyn.core.model.edges.containment" OriginId="org.eclipse.mylyn.core.model.interest.propagation" StartDate="2014-10-27 11:23:08.290 JST" StructureHandle="" StructureKind="c/c++" NumEvents="191" CreationCount="1"/><InteractionEvent Delta="null" EndDate="2014-10-27 11:58:32.47 JST" Interest="2.0" Kind="selection" Navigation="null" OriginId="org.eclipse.ui.views.ResourceNavigator" StartDate="2014-10-27 11:32:58.302 JST" StructureHandle="/Cake_SL3/app/View/Elements/purhistorys" StructureKind="resource" NumEvents="2" CreationCount="170"/><InteractionEvent Delta="null" EndDate="2014-10-27 12:22:15.679 JST" Interest="117.017006" Kind="propagation" Navigation="org.eclipse.mylyn.core.model.edges.containment" OriginId="org.eclipse.mylyn.core.model.interest.propagation" StartDate="2014-10-27 11:33:00.613 JST" StructureHandle="/Cake_SL3/app/View/Elements/purhistorys" StructureKind="resource" NumEvents="157" CreationCount="170"/><InteractionEvent Delta="null" EndDate="2014-10-27 11:25:27.941 JST" Interest="3.0" Kind="selection" Navigation="null" OriginId="org.eclipse.ui.views.ResourceNavigator" StartDate="2014-10-27 11:24:26.835 JST" StructureHandle="/Cake_SL3/sql.txt" StructureKind="resource" NumEvents="3" CreationCount="24"/><InteractionEvent Delta="null" EndDate="2014-10-27 11:25:27.791 JST" Interest="5.0" Kind="edit" Navigation="null" OriginId="org.eclipse.ui.DefaultTextEditor" StartDate="2014-10-27 11:24:26.855 JST" StructureHandle="/Cake_SL3/sql.txt" StructureKind="resource" NumEvents="5" CreationCount="24"/><InteractionEvent Delta="null" EndDate="2014-10-27 11:48:16.863 JST" Interest="1.0" Kind="prediction" Navigation="null" OriginId="org.eclipse.mylyn.resources.ui.interest.updater" StartDate="2014-10-27 11:48:16.863 JST" StructureHandle="/Cake_SL3/app/tmp/cache/models/myapp_cake_model_default_stores" StructureKind="resource"/><InteractionEvent Delta="null" EndDate="2014-10-27 11:32:48.337 JST" Interest="1.0" Kind="selection" Navigation="null" OriginId="org.eclipse.ui.views.ResourceNavigator" StartDate="2014-10-27 11:32:48.337 JST" StructureHandle="/Cake_SL3/app/Model/AppModel.php" StructureKind="resource"/><InteractionEvent Delta="null" EndDate="2014-10-27 12:03:21.693 JST" Interest="5.0" Kind="selection" Navigation="null" OriginId="org.eclipse.php.editor" StartDate="2014-10-27 11:55:30.267 JST" StructureHandle="/Cake_SL3/app/View/Helper/PurHistoryHelper.php" StructureKind="resource" NumEvents="5" CreationCount="334"/><InteractionEvent Delta="null" EndDate="2014-10-27 11:55:26.814 JST" Interest="1.0" Kind="propagation" Navigation="null" OriginId="org.eclipse.mylyn.resources.ui.interest.updater" StartDate="2014-10-27 11:55:26.814 JST" StructureHandle="/Cake_SL3/app/View/Helper/PurHistoryHelper.php" StructureKind="resource"/><InteractionEvent Delta="null" EndDate="2014-10-27 12:06:44.915 JST" Interest="64.0" Kind="edit" Navigation="null" OriginId="org.eclipse.php.editor" StartDate="2014-10-27 11:55:30.508 JST" StructureHandle="/Cake_SL3/app/View/Helper/PurHistoryHelper.php" StructureKind="resource" NumEvents="64" CreationCount="334"/><InteractionEvent Delta="null" EndDate="2014-10-27 12:00:59.440 JST" Interest="16.0" Kind="selection" Navigation="null" OriginId="org.eclipse.ui.views.ResourceNavigator" StartDate="2014-10-27 11:25:36.294 JST" StructureHandle="/Cake_SL3/app/Model/Store.php" StructureKind="resource" NumEvents="16" CreationCount="34"/><InteractionEvent Delta="null" EndDate="2014-10-27 12:00:26.334 JST" Interest="29.0" Kind="edit" Navigation="null" OriginId="org.eclipse.php.editor" StartDate="2014-10-27 11:26:26.827 JST" StructureHandle="/Cake_SL3/app/Model/Store.php" StructureKind="resource" NumEvents="29" CreationCount="34"/><InteractionEvent Delta="null" EndDate="2014-10-27 11:25:52.190 JST" Interest="4.0" Kind="selection" Navigation="null" OriginId="org.eclipse.ui.views.ResourceNavigator" StartDate="2014-10-27 11:25:43.617 JST" StructureHandle="/Cake_SL3/app/Model/History.php" StructureKind="resource" NumEvents="4" CreationCount="36"/><InteractionEvent Delta="null" EndDate="2014-10-27 11:25:45.920 JST" Interest="3.0" Kind="edit" Navigation="null" OriginId="org.eclipse.php.editor" StartDate="2014-10-27 11:25:43.996 JST" StructureHandle="/Cake_SL3/app/Model/History.php" StructureKind="resource" NumEvents="3" CreationCount="36"/><InteractionEvent Delta="null" EndDate="2014-10-27 11:48:16.865 JST" Interest="1.0" Kind="propagation" Navigation="org.eclipse.mylyn.core.model.edges.containment" OriginId="org.eclipse.mylyn.core.model.interest.propagation" StartDate="2014-10-27 11:48:16.865 JST" StructureHandle="/Cake_SL3/app/tmp/cache" StructureKind="resource"/><InteractionEvent Delta="null" EndDate="2014-10-27 11:25:56.470 JST" Interest="1.0" Kind="selection" Navigation="null" OriginId="org.eclipse.ui.views.ResourceNavigator" StartDate="2014-10-27 11:25:56.470 JST" StructureHandle="/Cake_SL3/app/Controller/StoresController.php" StructureKind="resource"/><InteractionEvent Delta="null" EndDate="2014-10-27 11:48:16.866 JST" Interest="1.0" Kind="propagation" Navigation="org.eclipse.mylyn.core.model.edges.containment" OriginId="org.eclipse.mylyn.core.model.interest.propagation" StartDate="2014-10-27 11:48:16.866 JST" StructureHandle="/Cake_SL3/app/tmp" StructureKind="resource"/><InteractionEvent Delta="null" EndDate="2014-10-27 11:48:16.862 JST" Interest="1.0" Kind="prediction" Navigation="null" OriginId="org.eclipse.mylyn.resources.ui.interest.updater" StartDate="2014-10-27 11:48:16.862 JST" StructureHandle="/Cake_SL3/app/tmp/cache/persistent/myapp_cake_core_default_en-us" StructureKind="resource"/><InteractionEvent Delta="null" EndDate="2014-10-27 11:26:14.993 JST" Interest="2.0" Kind="selection" Navigation="null" OriginId="org.eclipse.ui.views.ResourceNavigator" StartDate="2014-10-27 11:25:39.427 JST" StructureHandle="/Cake_SL3/app/Model/Position.php" StructureKind="resource" NumEvents="2" CreationCount="35"/><InteractionEvent Delta="null" EndDate="2014-10-27 11:36:14.502 JST" Interest="15.0" Kind="selection" Navigation="null" OriginId="org.eclipse.ui.views.ResourceNavigator" StartDate="2014-10-27 11:27:43.56 JST" StructureHandle="/Cake_SL3/app/Model/PurHistorty.php" StructureKind="resource" NumEvents="15" CreationCount="66"/><InteractionEvent Delta="null" EndDate="2014-10-27 11:27:40.391 JST" Interest="1.0" Kind="propagation" Navigation="null" OriginId="org.eclipse.mylyn.resources.ui.interest.updater" StartDate="2014-10-27 11:27:40.391 JST" StructureHandle="/Cake_SL3/app/Model/PurHistorty.php" StructureKind="resource"/><InteractionEvent Delta="null" EndDate="2014-10-27 11:36:12.774 JST" Interest="35.0" Kind="edit" Navigation="null" OriginId="org.eclipse.php.editor" StartDate="2014-10-27 11:27:43.125 JST" StructureHandle="/Cake_SL3/app/Model/PurHistorty.php" StructureKind="resource" NumEvents="35" CreationCount="66"/><InteractionEvent Delta="null" EndDate="2014-10-27 12:22:18.77 JST" Interest="1.0" Kind="selection" Navigation="null" OriginId="org.eclipse.ui.views.ResourceNavigator" StartDate="2014-10-27 12:22:18.77 JST" StructureHandle="/Cake_SL3/app/Controller/TemplateController.php" StructureKind="resource"/><InteractionEvent Delta="null" EndDate="2014-10-27 12:22:17.976 JST" Interest="14.0" Kind="selection" Navigation="null" OriginId="org.eclipse.ui.views.ResourceNavigator" StartDate="2014-10-27 11:25:57.743 JST" StructureHandle="/Cake_SL3/app/Controller/PurhistorysController.php" StructureKind="resource" NumEvents="14" CreationCount="46"/><InteractionEvent Delta="null" EndDate="2014-10-27 12:17:58.358 JST" Interest="47.0" Kind="edit" Navigation="null" OriginId="org.eclipse.php.editor" StartDate="2014-10-27 11:26:06.613 JST" StructureHandle="/Cake_SL3/app/Controller/PurhistorysController.php" StructureKind="resource" NumEvents="47" CreationCount="46"/><InteractionEvent Delta="null" EndDate="2014-10-27 12:02:33.272 JST" Interest="7.0" Kind="selection" Navigation="null" OriginId="org.eclipse.ui.views.ResourceNavigator" StartDate="2014-10-27 11:24:02.130 JST" StructureHandle="/Cake_SL3/app/View/Stores/add.ctp" StructureKind="resource" NumEvents="7" CreationCount="16"/><InteractionEvent Delta="null" EndDate="2014-10-27 12:01:52.348 JST" Interest="22.0" Kind="edit" Navigation="null" OriginId="org.eclipse.php.editor" StartDate="2014-10-27 11:24:02.384 JST" StructureHandle="/Cake_SL3/app/View/Stores/add.ctp" StructureKind="resource" NumEvents="22" CreationCount="16"/><InteractionEvent Delta="null" EndDate="2014-10-27 11:48:16.860 JST" Interest="1.0" Kind="prediction" Navigation="null" OriginId="org.eclipse.mylyn.resources.ui.interest.updater" StartDate="2014-10-27 11:48:16.860 JST" StructureHandle="/Cake_SL3/app/tmp/cache/persistent/myapp_cake_core_cake_dev_en-us" StructureKind="resource"/><InteractionEvent Delta="null" EndDate="2014-10-27 11:23:08.289 JST" Interest="1.0" Kind="selection" Navigation="null" OriginId="org.eclipse.ui.views.ResourceNavigator" StartDate="2014-10-27 11:23:08.289 JST" StructureHandle="/Cake_SL3/app" StructureKind="resource"/><InteractionEvent Delta="null" EndDate="2014-10-27 12:22:29.196 JST" Interest="120.89002" Kind="propagation" Navigation="org.eclipse.mylyn.core.model.edges.containment" OriginId="org.eclipse.mylyn.core.model.interest.propagation" StartDate="2014-10-27 11:23:10.706 JST" StructureHandle="/Cake_SL3/app" StructureKind="resource" NumEvents="188" CreationCount="1"/><InteractionEvent Delta="null" EndDate="2014-10-27 11:58:38.504 JST" Interest="1.0" Kind="selection" Navigation="null" OriginId="org.eclipse.ui.views.ResourceNavigator" StartDate="2014-10-27 11:58:38.504 JST" StructureHandle="/Cake_SL3/app/View/Elements/articles/index/_idx_t_entries.ctp" StructureKind="resource"/><InteractionEvent Delta="null" EndDate="2014-10-27 11:55:16.137 JST" Interest="1.0" Kind="selection" Navigation="null" OriginId="org.eclipse.ui.views.ResourceNavigator" StartDate="2014-10-27 11:55:16.137 JST" StructureHandle="/Cake_SL3/app/View/Helper/TEMPLATEHelper.php" StructureKind="resource"/><InteractionEvent Delta="null" EndDate="2014-10-27 11:48:43.580 JST" Interest="1.0" Kind="propagation" Navigation="null" OriginId="org.eclipse.mylyn.resources.ui.interest.updater" StartDate="2014-10-27 11:48:43.580 JST" StructureHandle="/Cake_SL3/app/View/Helper/TEMPLATEHelper.php" StructureKind="resource"/><InteractionEvent Delta="null" EndDate="2014-10-27 12:22:29.197 JST" Interest="749.0" Kind="propagation" Navigation="null" OriginId="org.eclipse.php.editor" StartDate="2014-10-27 11:23:08.289 JST" StructureHandle="/" StructureKind="resource" NumEvents="749" CreationCount="1"/><InteractionEvent Delta="null" EndDate="2014-10-27 11:48:30.263 JST" Interest="11.4" Kind="propagation" Navigation="org.eclipse.mylyn.core.model.edges.containment" OriginId="org.eclipse.mylyn.core.model.interest.propagation" StartDate="2014-10-27 11:46:26.22 JST" StructureHandle="=Cake_NR5" StructureKind="c/c++" NumEvents="15" CreationCount="290"/><InteractionEvent Delta="null" EndDate="2014-10-27 11:55:12.618 JST" Interest="2.0" Kind="selection" Navigation="null" OriginId="org.eclipse.ui.views.ResourceNavigator" StartDate="2014-10-27 11:48:45.404 JST" StructureHandle="/Cake_SL3/app/View/Helper/KeywordHelper.php" StructureKind="resource" NumEvents="2" CreationCount="329"/><InteractionEvent Delta="null" EndDate="2014-10-27 12:22:29.196 JST" Interest="121.89002" Kind="propagation" Navigation="org.eclipse.mylyn.core.model.edges.containment" OriginId="org.eclipse.mylyn.core.model.interest.propagation" StartDate="2014-10-27 11:23:08.289 JST" StructureHandle="=Cake_SL3" StructureKind="c/c++" NumEvents="191" CreationCount="1"/><InteractionEvent Delta="null" EndDate="2014-10-27 11:48:30.260 JST" Interest="3.0" Kind="selection" Navigation="null" OriginId="org.eclipse.php.editor" StartDate="2014-10-27 11:46:26.20 JST" StructureHandle="/Cake_NR5/app/View/Helper/ArticleHelper.php" StructureKind="resource" NumEvents="3" CreationCount="290"/><InteractionEvent Delta="null" EndDate="2014-10-27 11:48:30.200 JST" Interest="12.0" Kind="edit" Navigation="null" OriginId="org.eclipse.php.editor" StartDate="2014-10-27 11:46:26.565 JST" StructureHandle="/Cake_NR5/app/View/Helper/ArticleHelper.php" StructureKind="resource" NumEvents="12" CreationCount="290"/><InteractionEvent Delta="null" EndDate="2014-10-27 11:26:16.507 JST" Interest="1.0" Kind="selection" Navigation="null" OriginId="org.eclipse.ui.views.ResourceNavigator" StartDate="2014-10-27 11:26:16.507 JST" StructureHandle="/Cake_SL3/app/Model/Behavior" StructureKind="resource"/><InteractionEvent Delta="null" EndDate="2014-10-27 11:27:28.140 JST" Interest="1.0" Kind="selection" Navigation="null" OriginId="org.eclipse.ui.views.ResourceNavigator" StartDate="2014-10-27 11:27:28.140 JST" StructureHandle="/Cake_SL3/app/Model/Genre.php" StructureKind="resource"/><InteractionEvent Delta="null" EndDate="2014-10-27 12:00:18.696 JST" Interest="2.0" Kind="selection" Navigation="null" OriginId="org.eclipse.ui.views.ResourceNavigator" StartDate="2014-10-27 11:58:35.198 JST" StructureHandle="/Cake_SL3/app/View/Elements/articles" StructureKind="resource" NumEvents="2" CreationCount="409"/><InteractionEvent Delta="null" EndDate="2014-10-27 12:00:18.367 JST" Interest="8.568" Kind="propagation" Navigation="org.eclipse.mylyn.core.model.edges.containment" OriginId="org.eclipse.mylyn.core.model.interest.propagation" StartDate="2014-10-27 11:58:36.56 JST" StructureHandle="/Cake_SL3/app/View/Elements/articles" StructureKind="resource" NumEvents="14" CreationCount="409"/><InteractionEvent Delta="null" EndDate="2014-10-27 11:48:35.451 JST" Interest="4.0" Kind="selection" Navigation="null" OriginId="org.eclipse.ui.views.ResourceNavigator" StartDate="2014-10-27 11:48:26.761 JST" StructureHandle="/Cake_SL3/app/View/Helper/ArticleHelper.php" StructureKind="resource" NumEvents="4" CreationCount="317"/><InteractionEvent Delta="null" EndDate="2014-10-27 11:48:28.246 JST" Interest="2.0" Kind="edit" Navigation="null" OriginId="org.eclipse.php.editor" StartDate="2014-10-27 11:48:27.544 JST" StructureHandle="/Cake_SL3/app/View/Helper/ArticleHelper.php" StructureKind="resource" NumEvents="2" CreationCount="317"/><InteractionEvent Delta="null" EndDate="2014-10-27 12:22:29.197 JST" Interest="734.0" Kind="propagation" Navigation="null" OriginId="org.eclipse.php.editor" StartDate="2014-10-27 11:23:08.289 JST" StructureHandle="/Cake_SL3" StructureKind="resource" NumEvents="734" CreationCount="1"/><InteractionEvent Delta="null" EndDate="2014-10-27 11:24:25.689 JST" Interest="1.0" Kind="selection" Navigation="null" OriginId="org.eclipse.ui.views.ResourceNavigator" StartDate="2014-10-27 11:24:25.689 JST" StructureHandle="/Cake_SL3/test.php" StructureKind="resource"/><InteractionEvent Delta="null" EndDate="2014-10-27 12:13:22.685 JST" Interest="2.0" Kind="selection" Navigation="null" OriginId="org.eclipse.ui.views.ResourceNavigator" StartDate="2014-10-27 12:00:20.745 JST" StructureHandle="/Cake_SL3/.git" StructureKind="resource" NumEvents="2" CreationCount="464"/><InteractionEvent Delta="null" EndDate="2014-10-27 12:13:22.685 JST" Interest="1.7200003" Kind="manipulation" Navigation="null" OriginId="org.eclipse.mylyn.core.model.interest.decay.correction" StartDate="2014-10-27 12:13:22.685 JST" StructureHandle="/Cake_SL3/.git" StructureKind="resource"/><InteractionEvent Delta="null" EndDate="2014-10-27 11:47:32.832 JST" Interest="8.0" Kind="selection" Navigation="null" OriginId="org.eclipse.php.editor" StartDate="2014-10-27 11:27:55.383 JST" StructureHandle="/Cake_SL3/app/Model/Si.php" StructureKind="resource" NumEvents="8" CreationCount="77"/><InteractionEvent Delta="null" EndDate="2014-10-27 11:47:32.861 JST" Interest="9.0" Kind="edit" Navigation="null" OriginId="org.eclipse.php.editor" StartDate="2014-10-27 11:27:58.20 JST" StructureHandle="/Cake_SL3/app/Model/Si.php" StructureKind="resource" NumEvents="9" CreationCount="77"/><InteractionEvent Delta="null" EndDate="2014-10-27 11:48:13.182 JST" Interest="2.0" Kind="selection" Navigation="null" OriginId="org.eclipse.ui.views.ResourceNavigator" StartDate="2014-10-27 11:46:12.35 JST" StructureHandle="/Cake_SL3/app/Model/Admin.php" StructureKind="resource" NumEvents="2" CreationCount="289"/><InteractionEvent Delta="null" EndDate="2014-10-27 11:48:16.859 JST" Interest="1.0" Kind="prediction" Navigation="null" OriginId="org.eclipse.mylyn.resources.ui.interest.updater" StartDate="2014-10-27 11:48:16.859 JST" StructureHandle="/Cake_SL3/app/tmp/cache/persistent/myapp_cake_core_file_map" StructureKind="resource"/><InteractionEvent Delta="null" EndDate="2014-10-27 12:06:45.938 JST" Interest="11.0" Kind="selection" Navigation="null" OriginId="org.eclipse.ui.views.ResourceNavigator" StartDate="2014-10-27 11:23:48.634 JST" StructureHandle="/Cake_SL3/app/View/PurHistorys/add.ctp" StructureKind="resource" NumEvents="11" CreationCount="5"/><InteractionEvent Delta="null" EndDate="2014-10-27 12:02:39.484 JST" Interest="34.0" Kind="edit" Navigation="null" OriginId="org.eclipse.php.editor" StartDate="2014-10-27 11:23:48.990 JST" StructureHandle="/Cake_SL3/app/View/PurHistorys/add.ctp" StructureKind="resource" NumEvents="34" CreationCount="5"/><InteractionEvent Delta="null" EndDate="2014-10-27 11:48:16.861 JST" Interest="1.0" Kind="prediction" Navigation="null" OriginId="org.eclipse.mylyn.resources.ui.interest.updater" StartDate="2014-10-27 11:48:16.861 JST" StructureHandle="/Cake_SL3/app/tmp/logs/error.log" StructureKind="resource"/><InteractionEvent Delta="null" EndDate="2014-10-27 11:48:30.263 JST" Interest="15.0" Kind="propagation" Navigation="null" OriginId="org.eclipse.php.editor" StartDate="2014-10-27 11:46:26.22 JST" StructureHandle="/Cake_NR5" StructureKind="resource" NumEvents="15" CreationCount="290"/><InteractionEvent Delta="null" EndDate="2014-10-27 11:48:30.262 JST" Interest="11.4" Kind="propagation" Navigation="org.eclipse.mylyn.core.model.edges.containment" OriginId="org.eclipse.mylyn.core.model.interest.propagation" StartDate="2014-10-27 11:46:26.21 JST" StructureHandle="/Cake_NR5/app/View" StructureKind="resource" NumEvents="15" CreationCount="290"/><InteractionEvent Delta="null" EndDate="2014-10-27 12:18:17.947 JST" Interest="13.0" Kind="selection" Navigation="null" OriginId="org.eclipse.php.editor" StartDate="2014-10-27 12:07:24.906 JST" StructureHandle="/Cake_SL3/app/View/PurHistorys/view.ctp" StructureKind="resource" NumEvents="13" CreationCount="504"/><InteractionEvent Delta="null" EndDate="2014-10-27 12:18:24.970 JST" Interest="134.0" Kind="edit" Navigation="null" OriginId="org.eclipse.php.editor" StartDate="2014-10-27 12:07:24.981 JST" StructureHandle="/Cake_SL3/app/View/PurHistorys/view.ctp" StructureKind="resource" NumEvents="134" CreationCount="504"/><InteractionEvent Delta="null" EndDate="2014-10-27 12:00:18.366 JST" Interest="2.0" Kind="selection" Navigation="null" OriginId="org.eclipse.ui.views.ResourceNavigator" StartDate="2014-10-27 11:58:36.55 JST" StructureHandle="/Cake_SL3/app/View/Elements/articles/index" StructureKind="resource" NumEvents="2" CreationCount="410"/><InteractionEvent Delta="null" EndDate="2014-10-27 12:00:17.876 JST" Interest="7.551" Kind="propagation" Navigation="org.eclipse.mylyn.core.model.edges.containment" OriginId="org.eclipse.mylyn.core.model.interest.propagation" StartDate="2014-10-27 11:58:38.506 JST" StructureHandle="/Cake_SL3/app/View/Elements/articles/index" StructureKind="resource" NumEvents="12" CreationCount="410"/><InteractionEvent Delta="null" EndDate="2014-10-27 12:01:04.163 JST" Interest="1.0" Kind="selection" Navigation="null" OriginId="org.eclipse.ui.views.ResourceNavigator" StartDate="2014-10-27 12:01:04.163 JST" StructureHandle="/Cake_SL3/app/View/Elements/stores" StructureKind="resource"/><InteractionEvent Delta="null" EndDate="2014-10-27 11:48:30.262 JST" Interest="11.4" Kind="propagation" Navigation="org.eclipse.mylyn.core.model.edges.containment" OriginId="org.eclipse.mylyn.core.model.interest.propagation" StartDate="2014-10-27 11:46:26.22 JST" StructureHandle="/Cake_NR5/app" StructureKind="resource" NumEvents="15" CreationCount="290"/><InteractionEvent Delta="null" EndDate="2014-10-27 11:48:16.872 JST" Interest="1.0" Kind="propagation" Navigation="org.eclipse.mylyn.core.model.edges.containment" OriginId="org.eclipse.mylyn.core.model.interest.propagation" StartDate="2014-10-27 11:48:16.872 JST" StructureHandle="/Cake_SL3/app/tmp/logs" StructureKind="resource"/><InteractionEvent Delta="null" EndDate="2014-10-27 12:13:21.812 JST" Interest="1.0" Kind="selection" Navigation="null" OriginId="org.eclipse.ui.views.ResourceNavigator" StartDate="2014-10-27 12:13:21.812 JST" StructureHandle="/Cake_SL3/app/View/Elements/positions" StructureKind="resource"/><InteractionEvent Delta="null" EndDate="2014-10-27 11:48:16.864 JST" Interest="1.0" Kind="prediction" Navigation="null" OriginId="org.eclipse.mylyn.resources.ui.interest.updater" StartDate="2014-10-27 11:48:16.864 JST" StructureHandle="/Cake_SL3/app/tmp/cache/models/myapp_cake_model_default_sis" StructureKind="resource"/><InteractionEvent Delta="null" EndDate="2014-10-27 11:24:00.128 JST" Interest="2.0" Kind="selection" Navigation="null" OriginId="org.eclipse.ui.views.ResourceNavigator" StartDate="2014-10-27 11:23:13.232 JST" StructureHandle="/Cake_SL3/app/View/Stores" StructureKind="resource" NumEvents="2" CreationCount="3"/><InteractionEvent Delta="null" EndDate="2014-10-27 12:02:33.273 JST" Interest="20.621" Kind="propagation" Navigation="org.eclipse.mylyn.core.model.edges.containment" OriginId="org.eclipse.mylyn.core.model.interest.propagation" StartDate="2014-10-27 11:24:02.341 JST" StructureHandle="/Cake_SL3/app/View/Stores" StructureKind="resource" NumEvents="28" CreationCount="3"/><InteractionEvent Delta="null" EndDate="2014-10-27 11:48:16.873 JST" Interest="1.0" Kind="propagation" Navigation="org.eclipse.mylyn.core.model.edges.containment" OriginId="org.eclipse.mylyn.core.model.interest.propagation" StartDate="2014-10-27 11:48:16.873 JST" StructureHandle="/Cake_SL3/app/tmp/cache/models" StructureKind="resource"/><InteractionEvent Delta="null" EndDate="2014-10-27 11:48:16.860 JST" Interest="1.0" Kind="prediction" Navigation="null" OriginId="org.eclipse.mylyn.resources.ui.interest.updater" StartDate="2014-10-27 11:48:16.860 JST" StructureHandle="/Cake_SL3/app/tmp/cache/persistent/myapp_cake_core_method_cache" StructureKind="resource"/><InteractionEvent Delta="null" EndDate="2014-10-27 11:48:16.863 JST" Interest="1.0" Kind="prediction" Navigation="null" OriginId="org.eclipse.mylyn.resources.ui.interest.updater" StartDate="2014-10-27 11:48:16.863 JST" StructureHandle="/Cake_SL3/app/tmp/cache/models/myapp_cake_model_default_pur_histories" StructureKind="resource"/><InteractionEvent Delta="null" EndDate="2014-10-27 11:48:16.865 JST" Interest="1.0" Kind="propagation" Navigation="org.eclipse.mylyn.core.model.edges.containment" OriginId="org.eclipse.mylyn.core.model.interest.propagation" StartDate="2014-10-27 11:48:16.865 JST" StructureHandle="/Cake_SL3/app/tmp/cache/persistent" StructureKind="resource"/><InteractionEvent Delta="null" EndDate="2014-10-27 11:58:43.340 JST" Interest="1.0" Kind="selection" Navigation="null" OriginId="org.eclipse.ui.views.ResourceNavigator" StartDate="2014-10-27 11:58:43.340 JST" StructureHandle="/Cake_SL3/app/View/Elements/articles/index/_idx_test_D_9_V_1_1_Header.ctp" StructureKind="resource"/><InteractionEvent Delta="null" EndDate="2014-10-27 11:58:04.339 JST" Interest="3.0" Kind="selection" Navigation="null" OriginId="org.eclipse.ui.views.ResourceNavigator" StartDate="2014-10-27 11:32:51.808 JST" StructureHandle="/Cake_SL3/app/View/Elements" StructureKind="resource" NumEvents="3" CreationCount="169"/><InteractionEvent Delta="null" EndDate="2014-10-27 12:22:22.228 JST" Interest="116.03401" Kind="propagation" Navigation="org.eclipse.mylyn.core.model.edges.containment" OriginId="org.eclipse.mylyn.core.model.interest.propagation" StartDate="2014-10-27 11:32:58.303 JST" StructureHandle="/Cake_SL3/app/View/Elements" StructureKind="resource" NumEvents="159" CreationCount="169"/><InteractionEvent Delta="null" EndDate="2014-10-27 11:48:30.261 JST" Interest="11.4" Kind="propagation" Navigation="org.eclipse.mylyn.core.model.edges.containment" OriginId="org.eclipse.mylyn.core.model.interest.propagation" StartDate="2014-10-27 11:46:26.21 JST" StructureHandle="/Cake_NR5/app/View/Helper" StructureKind="resource" NumEvents="15" CreationCount="290"/><InteractionEvent Delta="null" EndDate="2014-10-27 11:57:56.415 JST" Interest="5.0" Kind="selection" Navigation="null" OriginId="org.eclipse.ui.views.ResourceNavigator" StartDate="2014-10-27 11:48:19.663 JST" StructureHandle="/Cake_SL3/app/View/Helper" StructureKind="resource" NumEvents="5" CreationCount="316"/><InteractionEvent Delta="null" EndDate="2014-10-27 12:06:44.916 JST" Interest="46.106" Kind="propagation" Navigation="org.eclipse.mylyn.core.model.edges.containment" OriginId="org.eclipse.mylyn.core.model.interest.propagation" StartDate="2014-10-27 11:48:26.762 JST" StructureHandle="/Cake_SL3/app/View/Helper" StructureKind="resource" NumEvents="67" CreationCount="316"/><InteractionEvent Delta="null" EndDate="2014-10-27 12:07:23.789 JST" Interest="2.0" Kind="selection" Navigation="null" OriginId="org.eclipse.ui.views.ResourceNavigator" StartDate="2014-10-27 11:23:16.431 JST" StructureHandle="/Cake_SL3/app/View/PurHistorys" StructureKind="resource" NumEvents="2" CreationCount="4"/><InteractionEvent Delta="null" EndDate="2014-10-27 12:18:24.970 JST" Interest="113.299995" Kind="propagation" Navigation="org.eclipse.mylyn.core.model.edges.containment" OriginId="org.eclipse.mylyn.core.model.interest.propagation" StartDate="2014-10-27 11:23:48.635 JST" StructureHandle="/Cake_SL3/app/View/PurHistorys" StructureKind="resource" NumEvents="156" CreationCount="4"/><InteractionEvent Delta="null" EndDate="2014-10-27 11:25:28.22 JST" Interest="1.0" Kind="selection" Navigation="null" OriginId="org.eclipse.ui.views.ResourceNavigator" StartDate="2014-10-27 11:25:28.22 JST" StructureHandle="/Cake_SL3/.travis.yml" StructureKind="resource"/><InteractionEvent Delta="null" EndDate="2014-10-27 11:57:57.473 JST" Interest="2.0" Kind="selection" Navigation="null" OriginId="org.eclipse.ui.views.ResourceNavigator" StartDate="2014-10-27 11:23:10.706 JST" StructureHandle="/Cake_SL3/app/View" StructureKind="resource" NumEvents="2" CreationCount="2"/><InteractionEvent Delta="null" EndDate="2014-10-27 12:22:23.678 JST" Interest="119.87302" Kind="propagation" Navigation="org.eclipse.mylyn.core.model.edges.containment" OriginId="org.eclipse.mylyn.core.model.interest.propagation" StartDate="2014-10-27 11:23:13.233 JST" StructureHandle="/Cake_SL3/app/View" StructureKind="resource" NumEvents="168" CreationCount="2"/><InteractionEvent Delta="null" EndDate="2014-10-27 12:00:17.875 JST" Interest="5.0" Kind="selection" Navigation="null" OriginId="org.eclipse.ui.views.ResourceNavigator" StartDate="2014-10-27 11:58:44.634 JST" StructureHandle="/Cake_SL3/app/View/Elements/articles/index/_idx_test_D_9_V_1_1.ctp" StructureKind="resource" NumEvents="5" CreationCount="413"/><InteractionEvent Delta="null" EndDate="2014-10-27 11:59:06.361 JST" Interest="5.0" Kind="edit" Navigation="null" OriginId="org.eclipse.php.editor" StartDate="2014-10-27 11:58:46.10 JST" StructureHandle="/Cake_SL3/app/View/Elements/articles/index/_idx_test_D_9_V_1_1.ctp" StructureKind="resource" NumEvents="5" CreationCount="413"/><InteractionEvent Delta="null" EndDate="2014-10-27 11:25:54.620 JST" Interest="1.0" Kind="selection" Navigation="null" OriginId="org.eclipse.ui.views.ResourceNavigator" StartDate="2014-10-27 11:25:54.620 JST" StructureHandle="/Cake_SL3/app/Controller" StructureKind="resource"/><InteractionEvent Delta="null" EndDate="2014-10-27 12:22:17.976 JST" Interest="45.950996" Kind="propagation" Navigation="org.eclipse.mylyn.core.model.edges.containment" OriginId="org.eclipse.mylyn.core.model.interest.propagation" StartDate="2014-10-27 11:25:56.472 JST" StructureHandle="/Cake_SL3/app/Controller" StructureKind="resource" NumEvents="63" CreationCount="43"/><InteractionEvent Delta="null" EndDate="2014-10-27 12:00:22.852 JST" Interest="8.0" Kind="selection" Navigation="null" OriginId="org.eclipse.ui.views.ResourceNavigator" StartDate="2014-10-27 11:25:31.150 JST" StructureHandle="/Cake_SL3/app/Model" StructureKind="resource" NumEvents="8" CreationCount="33"/><InteractionEvent Delta="null" EndDate="2014-10-27 11:36:14.503 JST" Interest="35.061" Kind="propagation" Navigation="org.eclipse.mylyn.core.model.edges.containment" OriginId="org.eclipse.mylyn.core.model.interest.propagation" StartDate="2014-10-27 11:25:36.295 JST" StructureHandle="/Cake_SL3/app/Model" StructureKind="resource" NumEvents="55" CreationCount="33"/><InteractionEvent Delta="null" EndDate="2014-10-27 11:35:58.792 JST" Interest="1.0" Kind="selection" Navigation="null" OriginId="org.eclipse.ui.views.ResourceNavigator" StartDate="2014-10-27 11:35:58.792 JST" StructureHandle="/Cake_SL3/app/View/Elements/skimmedtokens" StructureKind="resource"/><InteractionEvent Delta="null" EndDate="2014-10-27 11:48:16.862 JST" Interest="1.0" Kind="prediction" Navigation="null" OriginId="org.eclipse.mylyn.resources.ui.interest.updater" StartDate="2014-10-27 11:48:16.862 JST" StructureHandle="/Cake_SL3/app/tmp/cache/models/myapp_cake_model_default_development_sqlite3_list" StructureKind="resource"/><InteractionEvent Delta="null" EndDate="2014-10-27 12:00:59.548 JST" Interest="1.0" Kind="selection" Navigation="null" OriginId="org.eclipse.ui.views.ResourceNavigator" StartDate="2014-10-27 12:00:59.548 JST" StructureHandle="/Cake_SL3/app/Model/Article.php" StructureKind="resource"/><InteractionEvent Delta="null" EndDate="2014-10-27 12:18:26.879 JST" Interest="28.0" Kind="selection" Navigation="null" OriginId="org.eclipse.php.editor" StartDate="2014-10-27 11:33:00.612 JST" StructureHandle="/Cake_SL3/app/View/Elements/purhistorys/index_t_entries.ctp" StructureKind="resource" NumEvents="28" CreationCount="171"/><InteractionEvent Delta="null" EndDate="2014-10-27 12:22:15.679 JST" Interest="130.0" Kind="edit" Navigation="null" OriginId="org.eclipse.php.editor" StartDate="2014-10-27 11:33:00.894 JST" StructureHandle="/Cake_SL3/app/View/Elements/purhistorys/index_t_entries.ctp" StructureKind="resource" NumEvents="130" CreationCount="171"/><InteractionEvent Delta="null" EndDate="2014-10-27 11:27:29.548 JST" Interest="2.0" Kind="selection" Navigation="null" OriginId="org.eclipse.ui.views.ResourceNavigator" StartDate="2014-10-27 11:26:21.719 JST" StructureHandle="/Cake_SL3/app/Model/TEMPLATE.php" StructureKind="resource" NumEvents="2" CreationCount="56"/><InteractionEvent Delta="null" EndDate="2014-10-27 11:47:31.100 JST" Interest="1.0" Kind="selection" Navigation="null" OriginId="org.eclipse.php.editor" StartDate="2014-10-27 11:47:31.100 JST" StructureHandle="/Cake_SL3/app/Model/PurHistory.php" StructureKind="resource"/><InteractionEvent Delta="null" EndDate="2014-10-27 11:36:19.168 JST" Interest="1.0" Kind="propagation" Navigation="null" OriginId="org.eclipse.mylyn.resources.ui.interest.updater" StartDate="2014-10-27 11:36:19.168 JST" StructureHandle="/Cake_SL3/app/Model/PurHistory.php" StructureKind="resource"/><InteractionEvent Delta="null" EndDate="2014-10-27 11:47:31.117 JST" Interest="4.0" Kind="edit" Navigation="null" OriginId="org.eclipse.php.editor" StartDate="2014-10-27 11:36:59.55 JST" StructureHandle="/Cake_SL3/app/Model/PurHistory.php" StructureKind="resource" NumEvents="4" CreationCount="245"/><InteractionEvent Delta="null" EndDate="2014-10-27 11:25:57.218 JST" Interest="1.0" Kind="selection" Navigation="null" OriginId="org.eclipse.ui.views.ResourceNavigator" StartDate="2014-10-27 11:25:57.218 JST" StructureHandle="/Cake_SL3/app/Controller/PagesController.php" StructureKind="resource"/><InteractionEvent Delta="null" EndDate="2014-10-27 12:22:22.228 JST" Interest="3.0" Kind="selection" Navigation="null" OriginId="org.eclipse.php.editor" StartDate="2014-10-27 11:58:06.900 JST" StructureHandle="/Cake_SL3/app/View/Elements/purhistorys/index_t_headers.ctp" StructureKind="resource" NumEvents="3" CreationCount="393"/><InteractionEvent Delta="null" EndDate="2014-10-27 12:22:29.195 JST" Interest="6.0" Kind="edit" Navigation="null" OriginId="org.eclipse.php.editor" StartDate="2014-10-27 12:22:22.315 JST" StructureHandle="/Cake_SL3/app/View/Elements/purhistorys/index_t_headers.ctp" StructureKind="resource" NumEvents="6" CreationCount="393"/><InteractionEvent Delta="null" EndDate="2014-10-27 12:22:21.973 JST" Interest="4.695" Kind="manipulation" Navigation="null" OriginId="org.eclipse.mylyn.core.model.interest.decay.correction" StartDate="2014-10-27 12:22:21.973 JST" StructureHandle="/Cake_SL3/app/View/Elements/purhistorys/index_t_headers.ctp" StructureKind="resource"/></InteractionHistory>