<?xml version="1.0" encoding="UTF-8"?><InteractionHistory Id="local-70" Version="1"><InteractionEvent Delta="null" EndDate="2014-10-19 11:08:03.150 JST" Interest="249.91" Kind="propagation" Navigation="org.eclipse.mylyn.core.model.edges.containment" OriginId="org.eclipse.mylyn.core.model.interest.propagation" StartDate="2014-10-17 10:11:20.276 JST" StructureHandle="" StructureKind="c/c++" NumEvents="355" CreationCount="1"/><InteractionEvent Delta="null" EndDate="2014-10-17 10:15:04.284 JST" Interest="1.0" Kind="selection" Navigation="null" OriginId="org.eclipse.ui.views.ResourceNavigator" StartDate="2014-10-17 10:15:04.284 JST" StructureHandle="/Cake_NR5/app/Lib" StructureKind="resource"/><InteractionEvent Delta="null" EndDate="2014-10-19 11:26:32.731 JST" Interest="818.0" Kind="propagation" Navigation="null" OriginId="org.eclipse.php.editor" StartDate="2014-10-17 10:11:20.276 JST" StructureHandle="/Cake_NR5" StructureKind="resource" NumEvents="818" CreationCount="1"/><InteractionEvent Delta="null" EndDate="2014-10-19 11:08:01.737 JST" Interest="1.0" Kind="selection" Navigation="null" OriginId="org.eclipse.ui.views.ResourceNavigator" StartDate="2014-10-19 11:08:01.737 JST" StructureHandle="/Cake_NR5/app/Controller/CategorysController.php" StructureKind="resource"/><InteractionEvent Delta="null" EndDate="2014-10-17 10:19:26.329 JST" Interest="1.0" Kind="selection" Navigation="null" OriginId="org.eclipse.ui.views.ResourceNavigator" StartDate="2014-10-17 10:19:26.329 JST" StructureHandle="/Cake_NR5/app/webroot" StructureKind="resource"/><InteractionEvent Delta="null" EndDate="2014-10-19 11:16:54.448 JST" Interest="1.0" Kind="selection" Navigation="null" OriginId="org.eclipse.ui.views.ResourceNavigator" StartDate="2014-10-19 11:16:54.448 JST" StructureHandle="/Cake_NR5/app/View" StructureKind="resource"/><InteractionEvent Delta="null" EndDate="2014-10-19 11:18:17.748 JST" Interest="12.951" Kind="propagation" Navigation="org.eclipse.mylyn.core.model.edges.containment" OriginId="org.eclipse.mylyn.core.model.interest.propagation" StartDate="2014-10-19 11:16:57.637 JST" StructureHandle="/Cake_NR5/app/View" StructureKind="resource" NumEvents="21" CreationCount="718"/><InteractionEvent Delta="null" EndDate="2014-10-17 10:47:09.420 JST" Interest="5.0" Kind="selection" Navigation="null" OriginId="org.eclipse.php.editor" StartDate="2014-10-17 10:19:38.844 JST" StructureHandle="/Cake_NR5/app/Controller/ArticlesController.php" StructureKind="resource" NumEvents="5" CreationCount="98"/><InteractionEvent Delta="null" EndDate="2014-10-17 10:47:09.456 JST" Interest="13.0" Kind="edit" Navigation="null" OriginId="org.eclipse.php.editor" StartDate="2014-10-17 10:19:39.456 JST" StructureHandle="/Cake_NR5/app/Controller/ArticlesController.php" StructureKind="resource" NumEvents="13" CreationCount="98"/><InteractionEvent Delta="null" EndDate="2014-10-19 11:08:03.150 JST" Interest="249.91" Kind="propagation" Navigation="org.eclipse.mylyn.core.model.edges.containment" OriginId="org.eclipse.mylyn.core.model.interest.propagation" StartDate="2014-10-17 10:11:20.276 JST" StructureHandle="=Cake_NR5" StructureKind="c/c++" NumEvents="355" CreationCount="1"/><InteractionEvent Delta="null" EndDate="2014-10-19 11:26:32.731 JST" Interest="818.0" Kind="propagation" Navigation="org.eclipse.mylyn.core.model.edges.containment" OriginId="org.eclipse.mylyn.core.model.interest.propagation" StartDate="2014-10-17 10:11:20.276 JST" StructureHandle="/" StructureKind="resource" NumEvents="818" CreationCount="1"/><InteractionEvent Delta="null" EndDate="2014-10-19 11:17:01.226 JST" Interest="2.0" Kind="selection" Navigation="null" OriginId="org.eclipse.php.editor" StartDate="2014-10-19 11:16:59.773 JST" StructureHandle="/Cake_NR5/app/View/Elements/eqs/index_t_entries.ctp" StructureKind="resource" NumEvents="2" CreationCount="721"/><InteractionEvent Delta="null" EndDate="2014-10-19 11:18:17.745 JST" Interest="17.0" Kind="edit" Navigation="null" OriginId="org.eclipse.php.editor" StartDate="2014-10-19 11:17:01.536 JST" StructureHandle="/Cake_NR5/app/View/Elements/eqs/index_t_entries.ctp" StructureKind="resource" NumEvents="17" CreationCount="721"/><InteractionEvent Delta="null" EndDate="2014-10-19 11:16:57.636 JST" Interest="1.0" Kind="selection" Navigation="null" OriginId="org.eclipse.ui.views.ResourceNavigator" StartDate="2014-10-19 11:16:57.636 JST" StructureHandle="/Cake_NR5/app/View/Elements" StructureKind="resource"/><InteractionEvent Delta="null" EndDate="2014-10-19 11:18:17.748 JST" Interest="12.934" Kind="propagation" Navigation="org.eclipse.mylyn.core.model.edges.containment" OriginId="org.eclipse.mylyn.core.model.interest.propagation" StartDate="2014-10-19 11:16:59.119 JST" StructureHandle="/Cake_NR5/app/View/Elements" StructureKind="resource" NumEvents="20" CreationCount="719"/><InteractionEvent Delta="null" EndDate="2014-10-19 11:16:59.118 JST" Interest="1.0" Kind="selection" Navigation="null" OriginId="org.eclipse.ui.views.ResourceNavigator" StartDate="2014-10-19 11:16:59.118 JST" StructureHandle="/Cake_NR5/app/View/Elements/eqs" StructureKind="resource"/><InteractionEvent Delta="null" EndDate="2014-10-19 11:18:17.746 JST" Interest="12.917" Kind="propagation" Navigation="org.eclipse.mylyn.core.model.edges.containment" OriginId="org.eclipse.mylyn.core.model.interest.propagation" StartDate="2014-10-19 11:16:59.775 JST" StructureHandle="/Cake_NR5/app/View/Elements/eqs" StructureKind="resource" NumEvents="19" CreationCount="720"/><InteractionEvent Delta="null" EndDate="2014-10-17 10:46:43.184 JST" Interest="1.0060005" Kind="manipulation" Navigation="null" OriginId="org.eclipse.mylyn.core.model.interest.decay.correction" StartDate="2014-10-17 10:46:43.184 JST" StructureHandle="/Cake_NR5/app/Controller/TokensController.php" StructureKind="resource"/><InteractionEvent Delta="null" EndDate="2014-10-17 10:46:43.171 JST" Interest="5.0" Kind="selection" Navigation="null" OriginId="org.eclipse.php.editor" StartDate="2014-10-17 10:11:42.271 JST" StructureHandle="/Cake_NR5/app/Controller/TokensController.php" StructureKind="resource" NumEvents="5" CreationCount="14"/><InteractionEvent Delta="null" EndDate="2014-10-17 10:46:43.233 JST" Interest="5.0" Kind="edit" Navigation="null" OriginId="org.eclipse.php.editor" StartDate="2014-10-17 10:11:42.649 JST" StructureHandle="/Cake_NR5/app/Controller/TokensController.php" StructureKind="resource" NumEvents="5" CreationCount="14"/><InteractionEvent Delta="null" EndDate="2014-10-19 11:16:50.245 JST" Interest="8.0" Kind="selection" Navigation="null" OriginId="org.eclipse.ui.views.ResourceNavigator" StartDate="2014-10-17 10:15:05.759 JST" StructureHandle="/Cake_NR5/sql.txt" StructureKind="resource" NumEvents="8" CreationCount="32"/><InteractionEvent Delta="null" EndDate="2014-10-19 11:15:02.834 JST" Interest="85.0" Kind="edit" Navigation="null" OriginId="org.eclipse.ui.DefaultTextEditor" StartDate="2014-10-17 10:15:05.825 JST" StructureHandle="/Cake_NR5/sql.txt" StructureKind="resource" NumEvents="85" CreationCount="32"/><InteractionEvent Delta="null" EndDate="2014-10-17 10:19:33.743 JST" Interest="3.0" Kind="selection" Navigation="null" OriginId="org.eclipse.ui.views.ResourceNavigator" StartDate="2014-10-17 10:11:25.102 JST" StructureHandle="/Cake_NR5/app/Controller" StructureKind="resource" NumEvents="3" CreationCount="2"/><InteractionEvent Delta="null" EndDate="2014-10-19 11:26:32.730 JST" Interest="223.517" Kind="propagation" Navigation="org.eclipse.mylyn.core.model.edges.containment" OriginId="org.eclipse.mylyn.core.model.interest.propagation" StartDate="2014-10-17 10:11:26.498 JST" StructureHandle="/Cake_NR5/app/Controller" StructureKind="resource" NumEvents="313" CreationCount="2"/><InteractionEvent Delta="null" EndDate="2014-10-19 11:16:50.482 JST" Interest="1.0" Kind="selection" Navigation="null" OriginId="org.eclipse.ui.views.ResourceNavigator" StartDate="2014-10-19 11:16:50.482 JST" StructureHandle="/Cake_NR5/.travis.yml" StructureKind="resource"/><InteractionEvent Delta="null" EndDate="2014-10-17 10:11:20.276 JST" Interest="1.0" Kind="selection" Navigation="null" OriginId="org.eclipse.ui.views.ResourceNavigator" StartDate="2014-10-17 10:11:20.276 JST" StructureHandle="/Cake_NR5/app" StructureKind="resource"/><InteractionEvent Delta="null" EndDate="2014-10-19 11:26:32.730 JST" Interest="225.53401" Kind="propagation" Navigation="org.eclipse.mylyn.core.model.edges.containment" OriginId="org.eclipse.mylyn.core.model.interest.propagation" StartDate="2014-10-17 10:11:25.102 JST" StructureHandle="/Cake_NR5/app" StructureKind="resource" NumEvents="319" CreationCount="1"/><InteractionEvent Delta="null" EndDate="2014-10-19 11:08:03.149 JST" Interest="10.0" Kind="selection" Navigation="null" OriginId="org.eclipse.ui.views.ResourceNavigator" StartDate="2014-10-17 10:15:04.518 JST" StructureHandle="/Cake_NR5/test.php" StructureKind="resource" NumEvents="10" CreationCount="31"/><InteractionEvent Delta="null" EndDate="2014-10-17 10:48:51.5 JST" Interest="342.0" Kind="edit" Navigation="null" OriginId="org.eclipse.php.editor" StartDate="2014-10-17 10:19:07.488 JST" StructureHandle="/Cake_NR5/test.php" StructureKind="resource" NumEvents="342" CreationCount="31"/><InteractionEvent Delta="null" EndDate="2014-10-19 11:18:21.393 JST" Interest="20.0" Kind="selection" Navigation="null" OriginId="org.eclipse.php.editor" StartDate="2014-10-17 10:11:26.498 JST" StructureHandle="/Cake_NR5/app/Controller/EqsController.php" StructureKind="resource" NumEvents="20" CreationCount="3"/><InteractionEvent Delta="null" EndDate="2014-10-19 11:26:32.729 JST" Interest="295.0" Kind="edit" Navigation="null" OriginId="org.eclipse.php.editor" StartDate="2014-10-17 10:11:27.786 JST" StructureHandle="/Cake_NR5/app/Controller/EqsController.php" StructureKind="resource" NumEvents="295" CreationCount="3"/></InteractionHistory>