<?xml version="1.0" encoding="UTF-8"?><InteractionHistory Id="local-89" Version="1"><InteractionEvent Delta="null" EndDate="2014-10-30 11:32:47.339 JST" Interest="708.402" Kind="propagation" Navigation="org.eclipse.mylyn.core.model.edges.containment" OriginId="org.eclipse.mylyn.core.model.interest.propagation" StartDate="2014-10-30 10:28:15.502 JST" StructureHandle="" StructureKind="c/c++" NumEvents="1004" CreationCount="1"/><InteractionEvent Delta="null" EndDate="2014-10-30 10:54:57.137 JST" Interest="2.0" Kind="edit" Navigation="null" OriginId="org.eclipse.php.editor" StartDate="2014-10-30 10:54:56.526 JST" StructureHandle="/Cake_SL3/app/View/PurHistorys/index/add.ctp" StructureKind="resource" NumEvents="2" CreationCount="284"/><InteractionEvent Delta="null" EndDate="2014-10-30 10:54:58.116 JST" Interest="3.0" Kind="selection" Navigation="null" OriginId="org.eclipse.ui.views.ResourceNavigator" StartDate="2014-10-30 10:54:56.394 JST" StructureHandle="/Cake_SL3/app/View/PurHistorys/index/add.ctp" StructureKind="resource" NumEvents="3" CreationCount="284"/><InteractionEvent Delta="null" EndDate="2014-10-30 10:54:55.0 JST" Interest="1.0" Kind="propagation" Navigation="null" OriginId="org.eclipse.mylyn.resources.ui.interest.updater" StartDate="2014-10-30 10:54:55.0 JST" StructureHandle="/Cake_SL3/app/View/PurHistorys/index/add.ctp" StructureKind="resource"/><InteractionEvent Delta="null" EndDate="2014-10-30 10:54:54.375 JST" Interest="1.0" Kind="selection" Navigation="null" OriginId="org.eclipse.ui.views.ResourceNavigator" StartDate="2014-10-30 10:54:54.375 JST" StructureHandle="/Cake_SL3/app/View/PurHistorys/add.ctp" StructureKind="resource"/><InteractionEvent Delta="null" EndDate="2014-10-30 11:28:26.169 JST" Interest="42.0" Kind="propagation" Navigation="null" OriginId="org.eclipse.php.editor" StartDate="2014-10-30 10:33:59.402 JST" StructureHandle="/Cake_NR5" StructureKind="resource" NumEvents="42" CreationCount="28"/><InteractionEvent Delta="null" EndDate="2014-10-30 10:43:35.10 JST" Interest="1.0" Kind="selection" Navigation="null" OriginId="org.eclipse.ui.views.ResourceNavigator" StartDate="2014-10-30 10:43:35.10 JST" StructureHandle="/Cake_SL3/.project" StructureKind="resource"/><InteractionEvent Delta="null" EndDate="2014-10-30 10:53:59.150 JST" Interest="1.0" Kind="selection" Navigation="null" OriginId="org.eclipse.ui.views.ResourceNavigator" StartDate="2014-10-30 10:53:59.150 JST" StructureHandle="/Cake_SL3/app/View/Scaffolds" StructureKind="resource"/><InteractionEvent Delta="null" EndDate="2014-10-30 10:57:19.490 JST" Interest="2.0" Kind="edit" Navigation="null" OriginId="org.eclipse.php.editor" StartDate="2014-10-30 10:57:18.893 JST" StructureHandle="/Cake_NR5/app/Controller/ArticlesController.php" StructureKind="resource" NumEvents="2" CreationCount="320"/><InteractionEvent Delta="null" EndDate="2014-10-30 10:57:18.825 JST" Interest="2.0" Kind="selection" Navigation="null" OriginId="org.eclipse.php.editor" StartDate="2014-10-30 10:57:16.625 JST" StructureHandle="/Cake_NR5/app/Controller/ArticlesController.php" StructureKind="resource" NumEvents="2" CreationCount="320"/><InteractionEvent Delta="null" EndDate="2014-10-30 11:28:26.168 JST" Interest="29.0" Kind="edit" Navigation="null" OriginId="org.eclipse.php.editor" StartDate="2014-10-30 10:33:59.494 JST" StructureHandle="/Cake_NR5/app/Controller/HistorysController.php" StructureKind="resource" NumEvents="29" CreationCount="28"/><InteractionEvent Delta="null" EndDate="2014-10-30 11:28:26.138 JST" Interest="6.0" Kind="selection" Navigation="null" OriginId="org.eclipse.php.editor" StartDate="2014-10-30 10:33:59.401 JST" StructureHandle="/Cake_NR5/app/Controller/HistorysController.php" StructureKind="resource" NumEvents="6" CreationCount="28"/><InteractionEvent Delta="null" EndDate="2014-10-30 10:57:09.628 JST" Interest="1.0" Kind="selection" Navigation="null" OriginId="org.eclipse.search.ui.views.SearchView" StartDate="2014-10-30 10:57:09.628 JST" StructureHandle="/Cake_NR5/app/Config/core.php" StructureKind="resource"/><InteractionEvent Delta="null" EndDate="2014-10-30 11:31:34.937 JST" Interest="3.0" Kind="selection" Navigation="null" OriginId="org.eclipse.ui.views.ResourceNavigator" StartDate="2014-10-30 10:54:52.619 JST" StructureHandle="/Cake_SL3/app/View/PurHistorys/index" StructureKind="resource" NumEvents="3" CreationCount="282"/><InteractionEvent Delta="null" EndDate="2014-10-30 11:42:05.118 JST" Interest="24.132" Kind="propagation" Navigation="org.eclipse.mylyn.core.model.edges.containment" OriginId="org.eclipse.mylyn.core.model.interest.propagation" StartDate="2014-10-30 10:54:52.519 JST" StructureHandle="/Cake_SL3/app/View/PurHistorys/index" StructureKind="resource" NumEvents="20" CreationCount="282"/><InteractionEvent Delta="null" EndDate="2014-10-30 10:54:30.48 JST" Interest="4.0" Kind="selection" Navigation="null" OriginId="org.eclipse.ui.views.ResourceNavigator" StartDate="2014-10-30 10:53:59.760 JST" StructureHandle="/Cake_SL3/app/View/Sis" StructureKind="resource" NumEvents="4" CreationCount="244"/><InteractionEvent Delta="null" EndDate="2014-10-30 11:28:32.294 JST" Interest="12.799999" Kind="propagation" Navigation="org.eclipse.mylyn.core.model.edges.containment" OriginId="org.eclipse.mylyn.core.model.interest.propagation" StartDate="2014-10-30 10:44:16.206 JST" StructureHandle="/Cake_SL3/app/View/Sis" StructureKind="resource" NumEvents="17" CreationCount="244"/><InteractionEvent Delta="null" EndDate="2014-10-30 11:28:28.760 JST" Interest="10.0" Kind="edit" Navigation="null" OriginId="org.eclipse.php.editor" StartDate="2014-10-30 10:43:42.165 JST" StructureHandle="/Cake_SL3/app/View/Elements/sis/index_t_headers.ctp" StructureKind="resource" NumEvents="10" CreationCount="224"/><InteractionEvent Delta="null" EndDate="2014-10-30 11:28:25.266 JST" Interest="5.944001" Kind="manipulation" Navigation="null" OriginId="org.eclipse.mylyn.core.model.interest.decay.correction" StartDate="2014-10-30 11:28:25.266 JST" StructureHandle="/Cake_SL3/app/View/Elements/sis/index_t_headers.ctp" StructureKind="resource"/><InteractionEvent Delta="null" EndDate="2014-10-30 11:28:28.735 JST" Interest="8.0" Kind="selection" Navigation="null" OriginId="org.eclipse.php.editor" StartDate="2014-10-30 10:43:41.419 JST" StructureHandle="/Cake_SL3/app/View/Elements/sis/index_t_headers.ctp" StructureKind="resource" NumEvents="8" CreationCount="224"/><InteractionEvent Delta="null" EndDate="2014-10-30 11:28:26.169 JST" Interest="26.3" Kind="propagation" Navigation="org.eclipse.mylyn.core.model.edges.containment" OriginId="org.eclipse.mylyn.core.model.interest.propagation" StartDate="2014-10-30 10:33:59.402 JST" StructureHandle="/Cake_NR5/app" StructureKind="resource" NumEvents="35" CreationCount="28"/><InteractionEvent Delta="null" EndDate="2014-10-30 11:31:38.951 JST" Interest="1.0" Kind="selection" Navigation="null" OriginId="org.eclipse.ui.views.ResourceNavigator" StartDate="2014-10-30 11:31:38.951 JST" StructureHandle="/Cake_SL3/app/View/Layouts" StructureKind="resource"/><InteractionEvent Delta="null" EndDate="2014-10-30 11:32:15.435 JST" Interest="4.134" Kind="propagation" Navigation="org.eclipse.mylyn.core.model.edges.containment" OriginId="org.eclipse.mylyn.core.model.interest.propagation" StartDate="2014-10-30 11:31:40.932 JST" StructureHandle="/Cake_SL3/app/View/Layouts" StructureKind="resource" NumEvents="7" CreationCount="1127"/><InteractionEvent Delta="null" EndDate="2014-10-30 11:32:47.335 JST" Interest="989.0" Kind="edit" Navigation="null" OriginId="org.eclipse.php.editor" StartDate="2014-10-30 10:28:50.790 JST" StructureHandle="/Cake_SL3/app/Controller/PurhistorysController.php" StructureKind="resource" NumEvents="989" CreationCount="7"/><InteractionEvent Delta="null" EndDate="2014-10-30 11:32:24.868 JST" Interest="16.0" Kind="selection" Navigation="null" OriginId="org.eclipse.php.editor" StartDate="2014-10-30 10:28:50.725 JST" StructureHandle="/Cake_SL3/app/Controller/PurhistorysController.php" StructureKind="resource" NumEvents="16" CreationCount="7"/><InteractionEvent Delta="null" EndDate="2014-10-30 11:32:15.433 JST" Interest="3.0" Kind="edit" Navigation="null" OriginId="org.eclipse.php.editor" StartDate="2014-10-30 11:31:42.437 JST" StructureHandle="/Cake_SL3/app/View/Layouts/plain_1.ctp" StructureKind="resource" NumEvents="3" CreationCount="1129"/><InteractionEvent Delta="null" EndDate="2014-10-30 11:32:15.387 JST" Interest="3.0" Kind="selection" Navigation="null" OriginId="org.eclipse.php.editor" StartDate="2014-10-30 11:31:41.788 JST" StructureHandle="/Cake_SL3/app/View/Layouts/plain_1.ctp" StructureKind="resource" NumEvents="3" CreationCount="1129"/><InteractionEvent Delta="null" EndDate="2014-10-30 10:28:16.599 JST" Interest="4.0" Kind="selection" Navigation="null" OriginId="org.eclipse.ui.views.ResourceNavigator" StartDate="2014-10-30 10:28:15.501 JST" StructureHandle="/Cake_SL3/app" StructureKind="resource" NumEvents="4" CreationCount="1"/><InteractionEvent Delta="null" EndDate="2014-10-30 11:32:47.339 JST" Interest="704.402" Kind="propagation" Navigation="org.eclipse.mylyn.core.model.edges.containment" OriginId="org.eclipse.mylyn.core.model.interest.propagation" StartDate="2014-10-30 10:32:10.743 JST" StructureHandle="/Cake_SL3/app" StructureKind="resource" NumEvents="1001" CreationCount="1"/><InteractionEvent Delta="null" EndDate="2014-10-30 10:44:13.156 JST" Interest="2.0" Kind="selection" Navigation="null" OriginId="org.eclipse.ui.views.ResourceNavigator" StartDate="2014-10-30 10:43:40.175 JST" StructureHandle="/Cake_SL3/app/View/Elements/sis" StructureKind="resource" NumEvents="2" CreationCount="223"/><InteractionEvent Delta="null" EndDate="2014-10-30 11:28:28.760 JST" Interest="18.961" Kind="propagation" Navigation="org.eclipse.mylyn.core.model.edges.containment" OriginId="org.eclipse.mylyn.core.model.interest.propagation" StartDate="2014-10-30 10:43:41.419 JST" StructureHandle="/Cake_SL3/app/View/Elements/sis" StructureKind="resource" NumEvents="20" CreationCount="223"/><InteractionEvent Delta="null" EndDate="2014-10-30 10:53:56.199 JST" Interest="2.0" Kind="selection" Navigation="null" OriginId="org.eclipse.ui.views.ResourceNavigator" StartDate="2014-10-30 10:44:13.492 JST" StructureHandle="/Cake_SL3/app/View/Elements" StructureKind="resource" NumEvents="2" CreationCount="223"/><InteractionEvent Delta="null" EndDate="2014-10-30 11:28:28.761 JST" Interest="18.961" Kind="propagation" Navigation="org.eclipse.mylyn.core.model.edges.containment" OriginId="org.eclipse.mylyn.core.model.interest.propagation" StartDate="2014-10-30 10:43:40.176 JST" StructureHandle="/Cake_SL3/app/View/Elements" StructureKind="resource" NumEvents="21" CreationCount="223"/><InteractionEvent Delta="null" EndDate="2014-10-30 10:57:10.306 JST" Interest="1.0" Kind="selection" Navigation="null" OriginId="org.eclipse.search.ui.views.SearchView" StartDate="2014-10-30 10:57:10.306 JST" StructureHandle="/Cake_NR5/app/Config" StructureKind="resource"/><InteractionEvent Delta="null" EndDate="2014-10-30 10:57:09.628 JST" Interest="1.0" Kind="propagation" Navigation="org.eclipse.mylyn.core.model.edges.containment" OriginId="org.eclipse.mylyn.core.model.interest.propagation" StartDate="2014-10-30 10:57:09.628 JST" StructureHandle="/Cake_NR5/app/Config" StructureKind="resource"/><InteractionEvent Delta="null" EndDate="2014-10-30 10:54:43.113 JST" Interest="1.0" Kind="selection" Navigation="null" OriginId="org.eclipse.ui.views.ResourceNavigator" StartDate="2014-10-30 10:54:43.113 JST" StructureHandle="/Cake_SL3/app/View/PurHistorys" StructureKind="resource"/><InteractionEvent Delta="null" EndDate="2014-10-30 11:42:05.122 JST" Interest="26.132" Kind="propagation" Navigation="org.eclipse.mylyn.core.model.edges.containment" OriginId="org.eclipse.mylyn.core.model.interest.propagation" StartDate="2014-10-30 10:54:52.620 JST" StructureHandle="/Cake_SL3/app/View/PurHistorys" StructureKind="resource" NumEvents="23" CreationCount="282"/><InteractionEvent Delta="null" EndDate="2014-10-30 11:28:30.351 JST" Interest="11.0" Kind="edit" Navigation="null" OriginId="org.eclipse.php.editor" StartDate="2014-10-30 10:43:57.669 JST" StructureHandle="/Cake_SL3/app/View/Elements/sis/index_t_entries.ctp" StructureKind="resource" NumEvents="11" CreationCount="232"/><InteractionEvent Delta="null" EndDate="2014-10-30 11:28:25.513 JST" Interest="4.4420004" Kind="manipulation" Navigation="null" OriginId="org.eclipse.mylyn.core.model.interest.decay.correction" StartDate="2014-10-30 11:28:25.513 JST" StructureHandle="/Cake_SL3/app/View/Elements/sis/index_t_entries.ctp" StructureKind="resource"/><InteractionEvent Delta="null" EndDate="2014-10-30 11:28:30.319 JST" Interest="7.0" Kind="selection" Navigation="null" OriginId="org.eclipse.php.editor" StartDate="2014-10-30 10:43:57.594 JST" StructureHandle="/Cake_SL3/app/View/Elements/sis/index_t_entries.ctp" StructureKind="resource" NumEvents="7" CreationCount="232"/><InteractionEvent Delta="null" EndDate="2014-10-30 10:43:37.111 JST" Interest="1.0" Kind="selection" Navigation="null" OriginId="org.eclipse.ui.views.ResourceNavigator" StartDate="2014-10-30 10:43:37.111 JST" StructureHandle="/Cake_SL3/app/View" StructureKind="resource"/><InteractionEvent Delta="null" EndDate="2014-10-30 11:42:05.122 JST" Interest="27.152" Kind="propagation" Navigation="org.eclipse.mylyn.core.model.edges.containment" OriginId="org.eclipse.mylyn.core.model.interest.propagation" StartDate="2014-10-30 10:43:40.176 JST" StructureHandle="/Cake_SL3/app/View" StructureKind="resource" NumEvents="37" CreationCount="222"/><InteractionEvent Delta="null" EndDate="2014-10-30 11:28:26.169 JST" Interest="26.3" Kind="propagation" Navigation="org.eclipse.mylyn.core.model.edges.containment" OriginId="org.eclipse.mylyn.core.model.interest.propagation" StartDate="2014-10-30 10:33:59.402 JST" StructureHandle="=Cake_NR5" StructureKind="c/c++" NumEvents="35" CreationCount="28"/><InteractionEvent Delta="null" EndDate="2014-10-30 11:42:05.123 JST" Interest="1166.0" Kind="propagation" Navigation="null" OriginId="org.eclipse.php.editor" StartDate="2014-10-30 10:28:15.501 JST" StructureHandle="/" StructureKind="resource" NumEvents="1166" CreationCount="1"/><InteractionEvent Delta="null" EndDate="2014-10-30 11:28:32.294 JST" Interest="14.0" Kind="edit" Navigation="null" OriginId="org.eclipse.php.editor" StartDate="2014-10-30 10:44:16.262 JST" StructureHandle="/Cake_SL3/app/View/Sis/add.ctp" StructureKind="resource" NumEvents="14" CreationCount="244"/><InteractionEvent Delta="null" EndDate="2014-10-30 11:28:32.268 JST" Interest="7.0" Kind="selection" Navigation="null" OriginId="org.eclipse.php.editor" StartDate="2014-10-30 10:44:16.205 JST" StructureHandle="/Cake_SL3/app/View/Sis/add.ctp" StructureKind="resource" NumEvents="7" CreationCount="244"/><InteractionEvent Delta="null" EndDate="2014-10-30 10:43:34.372 JST" Interest="3.0" Kind="selection" Navigation="null" OriginId="org.eclipse.ui.views.ResourceNavigator" StartDate="2014-10-30 10:28:48.905 JST" StructureHandle="/Cake_SL3/app/Controller" StructureKind="resource" NumEvents="3" CreationCount="5"/><InteractionEvent Delta="null" EndDate="2014-10-30 11:32:47.338 JST" Interest="705.334" Kind="propagation" Navigation="org.eclipse.mylyn.core.model.edges.containment" OriginId="org.eclipse.mylyn.core.model.interest.propagation" StartDate="2014-10-30 10:28:51.404 JST" StructureHandle="/Cake_SL3/app/Controller" StructureKind="resource" NumEvents="1002" CreationCount="5"/><InteractionEvent Delta="null" EndDate="2014-10-30 11:32:47.339 JST" Interest="708.402" Kind="propagation" Navigation="org.eclipse.mylyn.core.model.edges.containment" OriginId="org.eclipse.mylyn.core.model.interest.propagation" StartDate="2014-10-30 10:28:15.501 JST" StructureHandle="=Cake_SL3" StructureKind="c/c++" NumEvents="1004" CreationCount="1"/><InteractionEvent Delta="null" EndDate="2014-10-30 10:57:12.939 JST" Interest="1.0" Kind="selection" Navigation="null" OriginId="org.eclipse.search.ui.views.SearchView" StartDate="2014-10-30 10:57:12.939 JST" StructureHandle="/Cake_NR5/app/Controller" StructureKind="resource"/><InteractionEvent Delta="null" EndDate="2014-10-30 11:28:26.169 JST" Interest="25.3" Kind="propagation" Navigation="org.eclipse.mylyn.core.model.edges.containment" OriginId="org.eclipse.mylyn.core.model.interest.propagation" StartDate="2014-10-30 10:33:59.401 JST" StructureHandle="/Cake_NR5/app/Controller" StructureKind="resource" NumEvents="34" CreationCount="28"/><InteractionEvent Delta="null" EndDate="2014-10-30 11:31:40.931 JST" Interest="1.0" Kind="selection" Navigation="null" OriginId="org.eclipse.ui.views.ResourceNavigator" StartDate="2014-10-30 11:31:40.931 JST" StructureHandle="/Cake_SL3/app/View/Layouts/error.ctp" StructureKind="resource"/><InteractionEvent Delta="null" EndDate="2014-10-30 10:54:16.507 JST" Interest="2.0" Kind="selection" Navigation="null" OriginId="org.eclipse.ui.views.ResourceNavigator" StartDate="2014-10-30 10:54:04.96 JST" StructureHandle="/Cake_SL3/app/View/Sis/edit.ctp" StructureKind="resource" NumEvents="2" CreationCount="275"/><InteractionEvent Delta="null" EndDate="2014-10-30 11:42:05.123 JST" Interest="1124.0" Kind="propagation" Navigation="null" OriginId="org.eclipse.php.editor" StartDate="2014-10-30 10:28:15.501 JST" StructureHandle="/Cake_SL3" StructureKind="resource" NumEvents="1124" CreationCount="1"/><InteractionEvent Delta="null" EndDate="2014-10-30 11:42:05.117 JST" Interest="12.0" Kind="edit" Navigation="null" OriginId="org.eclipse.php.editor" StartDate="2014-10-30 10:55:14.28 JST" StructureHandle="/Cake_SL3/app/View/PurHistorys/index/_inTable_Si_List.ctp" StructureKind="resource" NumEvents="12" CreationCount="290"/><InteractionEvent Delta="null" EndDate="2014-10-30 11:28:33.122 JST" Interest="8.596001" Kind="manipulation" Navigation="null" OriginId="org.eclipse.mylyn.core.model.interest.decay.correction" StartDate="2014-10-30 11:28:33.122 JST" StructureHandle="/Cake_SL3/app/View/PurHistorys/index/_inTable_Si_List.ctp" StructureKind="resource"/><InteractionEvent Delta="null" EndDate="2014-10-30 11:42:05.103 JST" Interest="9.0" Kind="selection" Navigation="null" OriginId="org.eclipse.php.editor" StartDate="2014-10-30 10:58:38.346 JST" StructureHandle="/Cake_SL3/app/View/PurHistorys/index/_inTable_Si_List.ctp" StructureKind="resource" NumEvents="9" CreationCount="290"/><InteractionEvent Delta="null" EndDate="2014-10-30 10:55:11.194 JST" Interest="1.0" Kind="propagation" Navigation="null" OriginId="org.eclipse.mylyn.resources.ui.interest.updater" StartDate="2014-10-30 10:55:11.194 JST" StructureHandle="/Cake_SL3/app/View/PurHistorys/index/_inTable_Si_List.ctp" StructureKind="resource"/></InteractionHistory>