<?xml version="1.0" encoding="UTF-8"?><InteractionHistory Id="local-56" Version="1"><InteractionEvent Delta="null" EndDate="2014-10-01 09:40:48.29 JST" Interest="313.50198" Kind="propagation" Navigation="org.eclipse.mylyn.core.model.edges.containment" OriginId="org.eclipse.mylyn.core.model.interest.propagation" StartDate="2014-10-01 08:43:16.456 JST" StructureHandle="" StructureKind="c/c++" NumEvents="436" CreationCount="1"/><InteractionEvent Delta="null" EndDate="2014-10-01 08:43:51.456 JST" Interest="2.0" Kind="selection" Navigation="null" OriginId="org.eclipse.ui.views.ResourceNavigator" StartDate="2014-10-01 08:43:51.454 JST" StructureHandle="/Cake_NR5/app/Controller/KeywordsController.php" StructureKind="resource" NumEvents="2" CreationCount="18"/><InteractionEvent Delta="null" EndDate="2014-10-01 09:16:37.223 JST" Interest="7.0" Kind="selection" Navigation="null" OriginId="org.eclipse.php.editor" StartDate="2014-10-01 08:57:07.704 JST" StructureHandle="/Cake_NR5/app/View/Historys/content_multilines.ctp" StructureKind="resource" NumEvents="7" CreationCount="232"/><InteractionEvent Delta="null" EndDate="2014-10-01 09:16:37.246 JST" Interest="5.0" Kind="edit" Navigation="null" OriginId="org.eclipse.php.editor" StartDate="2014-10-01 08:57:12.38 JST" StructureHandle="/Cake_NR5/app/View/Historys/content_multilines.ctp" StructureKind="resource" NumEvents="5" CreationCount="232"/><InteractionEvent Delta="null" EndDate="2014-10-01 09:16:37.443 JST" Interest="15.8" Kind="propagation" Navigation="org.eclipse.mylyn.core.model.edges.containment" OriginId="org.eclipse.mylyn.core.model.interest.propagation" StartDate="2014-10-01 08:53:44.977 JST" StructureHandle="/Cake_NR5/app/View/Elements/layouts" StructureKind="resource" NumEvents="20" CreationCount="210"/><InteractionEvent Delta="null" EndDate="2014-10-01 09:40:48.29 JST" Interest="870.0" Kind="propagation" Navigation="null" OriginId="org.eclipse.ui.views.ResourceNavigator" StartDate="2014-10-01 08:43:16.456 JST" StructureHandle="/Cake_NR5" StructureKind="resource" NumEvents="870" CreationCount="1"/><InteractionEvent Delta="null" EndDate="2014-10-01 08:53:41.195 JST" Interest="1.0" Kind="selection" Navigation="null" OriginId="org.eclipse.ui.views.ResourceNavigator" StartDate="2014-10-01 08:53:41.195 JST" StructureHandle="/Cake_NR5/app/View/Elements/keywords" StructureKind="resource"/><InteractionEvent Delta="null" EndDate="2014-10-01 09:40:47.844 JST" Interest="93.834" Kind="propagation" Navigation="org.eclipse.mylyn.core.model.edges.containment" OriginId="org.eclipse.mylyn.core.model.interest.propagation" StartDate="2014-10-01 09:15:48.783 JST" StructureHandle="/Cake_NR5/app/webroot" StructureKind="resource" NumEvents="130" CreationCount="618"/><InteractionEvent Delta="null" EndDate="2014-10-01 09:26:13.701 JST" Interest="149.4" Kind="propagation" Navigation="org.eclipse.mylyn.core.model.edges.containment" OriginId="org.eclipse.mylyn.core.model.interest.propagation" StartDate="2014-10-01 08:43:55.664 JST" StructureHandle="/Cake_NR5/app/View" StructureKind="resource" NumEvents="207" CreationCount="20"/><InteractionEvent Delta="null" EndDate="2014-10-01 08:43:53.732 JST" Interest="2.0" Kind="selection" Navigation="null" OriginId="org.eclipse.ui.views.ResourceNavigator" StartDate="2014-10-01 08:43:53.730 JST" StructureHandle="/Cake_NR5/app/View" StructureKind="resource" NumEvents="2" CreationCount="20"/><InteractionEvent Delta="null" EndDate="2014-10-01 09:36:06.731 JST" Interest="30.0" Kind="selection" Navigation="null" OriginId="org.eclipse.php.editor" StartDate="2014-10-01 08:43:28.645 JST" StructureHandle="/Cake_NR5/app/Controller/ArticlesController.php" StructureKind="resource" NumEvents="30" CreationCount="7"/><InteractionEvent Delta="null" EndDate="2014-10-01 09:40:46.35 JST" Interest="402.0" Kind="edit" Navigation="null" OriginId="org.eclipse.php.editor" StartDate="2014-10-01 08:43:29.192 JST" StructureHandle="/Cake_NR5/app/Controller/ArticlesController.php" StructureKind="resource" NumEvents="402" CreationCount="7"/><InteractionEvent Delta="null" EndDate="2014-10-01 09:16:37.444 JST" Interest="13.834" Kind="propagation" Navigation="org.eclipse.mylyn.core.model.edges.containment" OriginId="org.eclipse.mylyn.core.model.interest.propagation" StartDate="2014-10-01 08:53:41.196 JST" StructureHandle="/Cake_NR5/app/View/Elements" StructureKind="resource" NumEvents="20" CreationCount="208"/><InteractionEvent Delta="null" EndDate="2014-10-01 09:09:56.950 JST" Interest="2.0" Kind="selection" Navigation="null" OriginId="org.eclipse.ui.views.ResourceNavigator" StartDate="2014-10-01 08:53:39.603 JST" StructureHandle="/Cake_NR5/app/View/Elements" StructureKind="resource" NumEvents="2" CreationCount="208"/><InteractionEvent Delta="null" EndDate="2014-10-01 09:16:37.17 JST" Interest="5.0" Kind="selection" Navigation="null" OriginId="org.eclipse.php.editor" StartDate="2014-10-01 08:57:19.998 JST" StructureHandle="/Cake_NR5/app/Controller/HistorysController.php" StructureKind="resource" NumEvents="5" CreationCount="240"/><InteractionEvent Delta="null" EndDate="2014-10-01 09:16:37.39 JST" Interest="15.0" Kind="edit" Navigation="null" OriginId="org.eclipse.php.editor" StartDate="2014-10-01 08:57:20.364 JST" StructureHandle="/Cake_NR5/app/Controller/HistorysController.php" StructureKind="resource" NumEvents="15" CreationCount="240"/><InteractionEvent Delta="null" EndDate="2014-10-01 09:25:22.182 JST" Interest="7.0" Kind="selection" Navigation="null" OriginId="org.eclipse.php.editor" StartDate="2014-10-01 09:10:01.30 JST" StructureHandle="/Cake_NR5/app/View/Historys/view.ctp" StructureKind="resource" NumEvents="7" CreationCount="482"/><InteractionEvent Delta="null" EndDate="2014-10-01 09:25:22.203 JST" Interest="8.0" Kind="edit" Navigation="null" OriginId="org.eclipse.php.editor" StartDate="2014-10-01 09:10:01.74 JST" StructureHandle="/Cake_NR5/app/View/Historys/view.ctp" StructureKind="resource" NumEvents="8" CreationCount="482"/><InteractionEvent Delta="null" EndDate="2014-10-01 09:09:50.356 JST" Interest="1.0" Kind="selection" Navigation="null" OriginId="org.eclipse.ui.views.ResourceNavigator" StartDate="2014-10-01 09:09:50.356 JST" StructureHandle="/Cake_NR5/app/View/Elements/genres" StructureKind="resource"/><InteractionEvent Delta="null" EndDate="2014-10-01 09:40:46.37 JST" Interest="307.50198" Kind="propagation" Navigation="org.eclipse.mylyn.core.model.edges.containment" OriginId="org.eclipse.mylyn.core.model.interest.propagation" StartDate="2014-10-01 08:43:30.685 JST" StructureHandle="/Cake_NR5/app" StructureKind="resource" NumEvents="428" CreationCount="1"/><InteractionEvent Delta="null" EndDate="2014-10-01 08:43:17.890 JST" Interest="4.0" Kind="selection" Navigation="null" OriginId="org.eclipse.ui.views.ResourceNavigator" StartDate="2014-10-01 08:43:16.456 JST" StructureHandle="/Cake_NR5/app" StructureKind="resource" NumEvents="4" CreationCount="1"/><InteractionEvent Delta="null" EndDate="2014-10-01 09:15:44.273 JST" Interest="1.0" Kind="selection" Navigation="null" OriginId="org.eclipse.ui.views.ResourceNavigator" StartDate="2014-10-01 09:15:44.273 JST" StructureHandle="/Cake_NR5/test.php" StructureKind="resource"/><InteractionEvent Delta="null" EndDate="2014-10-01 09:26:13.701 JST" Interest="144.366" Kind="propagation" Navigation="org.eclipse.mylyn.core.model.edges.containment" OriginId="org.eclipse.mylyn.core.model.interest.propagation" StartDate="2014-10-01 08:43:56.875 JST" StructureHandle="/Cake_NR5/app/View/Articles" StructureKind="resource" NumEvents="196" CreationCount="22"/><InteractionEvent Delta="null" EndDate="2014-10-01 08:53:35.518 JST" Interest="7.0" Kind="selection" Navigation="null" OriginId="org.eclipse.ui.views.ResourceNavigator" StartDate="2014-10-01 08:43:55.661 JST" StructureHandle="/Cake_NR5/app/View/Articles" StructureKind="resource" NumEvents="7" CreationCount="22"/><InteractionEvent Delta="null" EndDate="2014-10-01 09:40:47.844 JST" Interest="92.81699" Kind="propagation" Navigation="org.eclipse.mylyn.core.model.edges.containment" OriginId="org.eclipse.mylyn.core.model.interest.propagation" StartDate="2014-10-01 09:15:51.349 JST" StructureHandle="/Cake_NR5/app/webroot/css" StructureKind="resource" NumEvents="128" CreationCount="619"/><InteractionEvent Delta="null" EndDate="2014-10-01 09:15:49.839 JST" Interest="1.0" Kind="selection" Navigation="null" OriginId="org.eclipse.ui.views.ResourceNavigator" StartDate="2014-10-01 09:15:49.839 JST" StructureHandle="/Cake_NR5/app/webroot/css" StructureKind="resource"/><InteractionEvent Delta="null" EndDate="2014-10-01 09:16:37.419 JST" Interest="6.0" Kind="selection" Navigation="null" OriginId="org.eclipse.php.editor" StartDate="2014-10-01 08:53:44.976 JST" StructureHandle="/Cake_NR5/app/View/Elements/layouts/links.ctp" StructureKind="resource" NumEvents="6" CreationCount="210"/><InteractionEvent Delta="null" EndDate="2014-10-01 09:16:37.443 JST" Interest="14.0" Kind="edit" Navigation="null" OriginId="org.eclipse.php.editor" StartDate="2014-10-01 08:53:45.27 JST" StructureHandle="/Cake_NR5/app/View/Elements/layouts/links.ctp" StructureKind="resource" NumEvents="14" CreationCount="210"/><InteractionEvent Delta="null" EndDate="2014-10-01 08:53:35.423 JST" Interest="6.0" Kind="selection" Navigation="null" OriginId="org.eclipse.ui.views.ResourceNavigator" StartDate="2014-10-01 08:43:56.870 JST" StructureHandle="/Cake_NR5/app/View/Articles/index.ctp" StructureKind="resource" NumEvents="6" CreationCount="24"/><InteractionEvent Delta="null" EndDate="2014-10-01 09:15:46.665 JST" Interest="1.0" Kind="selection" Navigation="null" OriginId="org.eclipse.ui.views.ResourceNavigator" StartDate="2014-10-01 09:15:46.665 JST" StructureHandle="/Cake_NR5/app/View/Tokens/index.ctp" StructureKind="resource"/><InteractionEvent Delta="null" EndDate="2014-10-01 09:09:50.305 JST" Interest="1.0" Kind="selection" Navigation="null" OriginId="org.eclipse.ui.views.ResourceNavigator" StartDate="2014-10-01 09:09:50.305 JST" StructureHandle="/Cake_NR5/app/Controller/PositionsController.php" StructureKind="resource"/><InteractionEvent Delta="null" EndDate="2014-10-01 09:25:22.203 JST" Interest="15.867001" Kind="propagation" Navigation="org.eclipse.mylyn.core.model.edges.containment" OriginId="org.eclipse.mylyn.core.model.interest.propagation" StartDate="2014-10-01 08:57:07.705 JST" StructureHandle="/Cake_NR5/app/View/Historys" StructureKind="resource" NumEvents="22" CreationCount="231"/><InteractionEvent Delta="null" EndDate="2014-10-01 08:57:05.675 JST" Interest="1.0" Kind="selection" Navigation="null" OriginId="org.eclipse.ui.views.ResourceNavigator" StartDate="2014-10-01 08:57:05.675 JST" StructureHandle="/Cake_NR5/app/View/Historys" StructureKind="resource"/><InteractionEvent Delta="null" EndDate="2014-10-01 09:40:48.29 JST" Interest="870.0" Kind="propagation" Navigation="org.eclipse.mylyn.core.model.edges.containment" OriginId="org.eclipse.mylyn.core.model.interest.propagation" StartDate="2014-10-01 08:43:16.456 JST" StructureHandle="/" StructureKind="resource" NumEvents="870" CreationCount="1"/><InteractionEvent Delta="null" EndDate="2014-10-01 09:40:47.844 JST" Interest="14.0" Kind="selection" Navigation="null" OriginId="org.eclipse.ui.views.ResourceNavigator" StartDate="2014-10-01 09:15:51.348 JST" StructureHandle="/Cake_NR5/app/webroot/css/main.css" StructureKind="resource" NumEvents="14" CreationCount="620"/><InteractionEvent Delta="null" EndDate="2014-10-01 09:36:05.868 JST" Interest="114.0" Kind="edit" Navigation="null" OriginId="org.eclipse.wst.css.core.csssource.source" StartDate="2014-10-01 09:15:51.442 JST" StructureHandle="/Cake_NR5/app/webroot/css/main.css" StructureKind="resource" NumEvents="114" CreationCount="620"/><InteractionEvent Delta="null" EndDate="2014-10-01 09:40:48.532 JST" Interest="2.0" Kind="prediction" Navigation="null" OriginId="org.eclipse.mylyn.resources.ui.interest.updater" StartDate="2014-10-01 09:15:48.782 JST" StructureHandle="/Cake_NR5/app/webroot/development.sqlite3" StructureKind="resource" NumEvents="2" CreationCount="618"/><InteractionEvent Delta="null" EndDate="2014-10-01 09:15:45.144 JST" Interest="1.0" Kind="selection" Navigation="null" OriginId="org.eclipse.ui.views.ResourceNavigator" StartDate="2014-10-01 09:15:45.144 JST" StructureHandle="/Cake_NR5/sql.txt" StructureKind="resource"/><InteractionEvent Delta="null" EndDate="2014-10-01 09:40:48.532 JST" Interest="1.0" Kind="prediction" Navigation="null" OriginId="org.eclipse.mylyn.resources.ui.interest.updater" StartDate="2014-10-01 09:40:48.532 JST" StructureHandle="/Cake_NR5/sql.txt" StructureKind="resource"/><InteractionEvent Delta="null" EndDate="2014-10-01 09:40:46.36 JST" Interest="308.434" Kind="propagation" Navigation="org.eclipse.mylyn.core.model.edges.containment" OriginId="org.eclipse.mylyn.core.model.interest.propagation" StartDate="2014-10-01 08:43:28.649 JST" StructureHandle="/Cake_NR5/app/Controller" StructureKind="resource" NumEvents="430" CreationCount="5"/><InteractionEvent Delta="null" EndDate="2014-10-01 09:09:47.998 JST" Interest="3.0" Kind="selection" Navigation="null" OriginId="org.eclipse.ui.views.ResourceNavigator" StartDate="2014-10-01 08:43:19.802 JST" StructureHandle="/Cake_NR5/app/Controller" StructureKind="resource" NumEvents="3" CreationCount="5"/><InteractionEvent Delta="null" EndDate="2014-10-01 09:15:46.666 JST" Interest="6.6130004" Kind="propagation" Navigation="org.eclipse.mylyn.core.model.edges.containment" OriginId="org.eclipse.mylyn.core.model.interest.propagation" StartDate="2014-10-01 09:15:46.666 JST" StructureHandle="/Cake_NR5/app/View/Tokens" StructureKind="resource"/><InteractionEvent Delta="null" EndDate="2014-10-01 08:56:54.527 JST" Interest="1.0" Kind="selection" Navigation="null" OriginId="org.eclipse.ui.views.ResourceNavigator" StartDate="2014-10-01 08:56:54.527 JST" StructureHandle="/Cake_NR5/app/View/Tokens" StructureKind="resource"/><InteractionEvent Delta="null" EndDate="2014-10-01 08:57:01.446 JST" Interest="2.0" Kind="selection" Navigation="null" OriginId="org.eclipse.ui.views.ResourceNavigator" StartDate="2014-10-01 08:56:49.987 JST" StructureHandle="/Cake_NR5/app/View/Elements/categories" StructureKind="resource" NumEvents="2" CreationCount="228"/><InteractionEvent Delta="null" EndDate="2014-10-01 08:49:04.374 JST" Interest="2.0" Kind="selection" Navigation="null" OriginId="org.eclipse.ui.views.ResourceNavigator" StartDate="2014-10-01 08:49:04.371 JST" StructureHandle="/Cake_NR5/app/View/Articles/view.ctp" StructureKind="resource" NumEvents="2" CreationCount="117"/><InteractionEvent Delta="null" EndDate="2014-10-01 08:49:12.306 JST" Interest="1.0" Kind="propagation" Navigation="null" OriginId="org.eclipse.mylyn.resources.ui.interest.updater" StartDate="2014-10-01 08:49:12.306 JST" StructureHandle="/Cake_NR5/app/View/Articles/open_article.ctp" StructureKind="resource"/><InteractionEvent Delta="null" EndDate="2014-10-01 09:26:06.26 JST" Interest="29.0" Kind="selection" Navigation="null" OriginId="org.eclipse.php.editor" StartDate="2014-10-01 08:49:14.150 JST" StructureHandle="/Cake_NR5/app/View/Articles/open_article.ctp" StructureKind="resource" NumEvents="29" CreationCount="120"/><InteractionEvent Delta="null" EndDate="2014-10-01 09:26:13.700 JST" Interest="171.0" Kind="edit" Navigation="null" OriginId="org.eclipse.php.editor" StartDate="2014-10-01 08:49:14.191 JST" StructureHandle="/Cake_NR5/app/View/Articles/open_article.ctp" StructureKind="resource" NumEvents="171" CreationCount="120"/><InteractionEvent Delta="null" EndDate="2014-10-01 09:40:46.37 JST" Interest="311.50198" Kind="propagation" Navigation="org.eclipse.mylyn.core.model.edges.containment" OriginId="org.eclipse.mylyn.core.model.interest.propagation" StartDate="2014-10-01 08:43:16.456 JST" StructureHandle="=Cake_NR5" StructureKind="c/c++" NumEvents="459" CreationCount="1"/><InteractionEvent Delta="null" EndDate="2014-10-01 09:40:48.29 JST" Interest="2.0" Kind="selection" Navigation="null" OriginId="org.eclipse.ui.views.ResourceNavigator" StartDate="2014-10-01 09:40:47.938 JST" StructureHandle="=Cake_NR5" StructureKind="c/c++" NumEvents="2" CreationCount="1"/></InteractionHistory>