<?xml version="1.0" encoding="UTF-8" standalone="no"?><TaskList Version="2.0"><Task Active="false" ConnectorKind="local" CreationDate="2015-01-17 08:04:10.290 +0900" DueDate="" EndDate="2015-01-17 08:59:16.193 +0900" Estimated="0" Handle="local-133" IssueURL="" Kind="task" Label="D-22_filter_texts#index_v-2.0_by-text" LastModified="now" MarkReadPending="false" ModificationDate="" Notes="" NotifiedIncoming="true" Owner="local" Priority="P3" Reminded="false" RepositoryUrl="local" ScheduledEndDate="2015-01-17 23:59:59.999 +0900" ScheduledStartDate="2015-01-11 00:00:00.0 +0900" Stale="false" TaskId="133" offlineSyncState="SYNCHRONIZED"/><Task Active="false" ConnectorKind="local" CreationDate="2014-10-19 11:26:45.354 +0900" DueDate="" EndDate="" Estimated="0" Handle="local-71" IssueURL="" Kind="task" Label="D-2_get-eq-info_v-2.0.1_sort" LastModified="now" MarkReadPending="false" ModificationDate="" Notes="" NotifiedIncoming="true" Owner="local" Priority="P3" Reminded="false" RepositoryUrl="local" ScheduledEndDate="2014-10-25 23:59:59.999 +0900" ScheduledStartDate="2014-10-19 00:00:00.0 +0900" Stale="false" TaskId="71" offlineSyncState="SYNCHRONIZED"/><Task Active="false" ConnectorKind="local" CreationDate="2014-08-27 13:15:51.126 +0900" DueDate="" EndDate="" Estimated="0" Handle="local-6" IssueURL="" Kind="task" Label="v-2.0_draw-boxes" LastModified="now" MarkReadPending="false" ModificationDate="" Notes="" NotifiedIncoming="true" Owner="local" Priority="P3" Reminded="false" RepositoryUrl="local" ScheduledEndDate="2014-08-30 23:59:59.999 +0900" ScheduledStartDate="2014-08-24 00:00:00.0 +0900" Stale="false" TaskId="6" offlineSyncState="SYNCHRONIZED"/><Task Active="false" ConnectorKind="local" CreationDate="2014-09-13 14:27:50.12 +0900" DueDate="" EndDate="" Estimated="0" Handle="local-19" IssueURL="" Kind="task" Label="D-93_PIC16_A/D-conversion_v-3.0" LastModified="now" MarkReadPending="false" ModificationDate="" Notes="" NotifiedIncoming="true" Owner="local" Priority="P3" Reminded="false" RepositoryUrl="local" ScheduledEndDate="2014-09-13 23:59:59.999 +0900" ScheduledStartDate="2014-09-07 00:00:00.0 +0900" Stale="false" TaskId="19" offlineSyncState="SYNCHRONIZED"/><Task Active="false" ConnectorKind="local" CreationDate="2014-09-07 21:03:44.772 +0900" DueDate="" EndDate="2014-09-08 11:05:21.283 +0900" Estimated="0" Handle="local-16" IssueURL="" Kind="task" Label="v-4.4_receiver_dispatch-3-patterns" LastModified="now" MarkReadPending="false" ModificationDate="" Notes="" NotifiedIncoming="true" Owner="local" Priority="P3" Reminded="false" RepositoryUrl="local" ScheduledEndDate="2014-09-13 23:59:59.999 +0900" ScheduledStartDate="2014-09-07 00:00:00.0 +0900" Stale="false" TaskId="16" offlineSyncState="SYNCHRONIZED"/><Task Active="false" ConnectorKind="local" CreationDate="2014-10-16 10:50:02.650 +0900" DueDate="" EndDate="" Estimated="0" Handle="local-67" IssueURL="" Kind="task" Label="D-14-2_get-eq-info_v-1.2_build-list+save-eqs" LastModified="now" MarkReadPending="false" ModificationDate="" Notes="" NotifiedIncoming="true" Owner="local" Priority="P3" Reminded="false" RepositoryUrl="local" ScheduledEndDate="2014-10-18 23:59:59.999 +0900" ScheduledStartDate="2014-10-12 00:00:00.0 +0900" Stale="false" TaskId="67" offlineSyncState="SYNCHRONIZED"/><Task Active="false" ConnectorKind="local" CreationDate="2014-10-04 11:25:26.928 +0900" DueDate="" EndDate="2014-10-05 16:17:39.137 +0900" Estimated="0" Handle="local-58" IssueURL="" Kind="task" Label="D-12/SEG-1_admin_change-table_v-1.0" LastModified="now" MarkReadPending="false" ModificationDate="" Notes="" NotifiedIncoming="true" Owner="local" Priority="P3" Reminded="false" RepositoryUrl="local" ScheduledEndDate="2014-10-04 23:59:59.999 +0900" ScheduledStartDate="2014-09-28 00:00:00.0 +0900" Stale="false" TaskId="58" offlineSyncState="SYNCHRONIZED"/><Task Active="false" ConnectorKind="local" CreationDate="2014-09-05 11:07:00.154 +0900" DueDate="" EndDate="2014-09-06 11:11:46.66 +0900" Estimated="0" Handle="local-11" IssueURL="" Kind="task" Label="D-2_model_Image_v-3.1_navigation-labels" LastModified="now" MarkReadPending="false" ModificationDate="" Notes="" NotifiedIncoming="true" Owner="local" Priority="P3" Reminded="false" RepositoryUrl="local" ScheduledEndDate="2014-09-06 23:59:59.999 +0900" ScheduledStartDate="2014-08-31 00:00:00.0 +0900" Stale="false" TaskId="11" offlineSyncState="SYNCHRONIZED"/><Task Active="false" ConnectorKind="local" CreationDate="2014-09-21 12:44:21.709 +0900" DueDate="" EndDate="2014-09-23 10:14:36.865 +0900" Estimated="0" Handle="local-32" IssueURL="" Kind="task" Label="D-6_db-Keyword_v-1.2_show-genre-name" LastModified="now" MarkReadPending="false" ModificationDate="" Notes="" NotifiedIncoming="true" Owner="local" Priority="P3" Reminded="false" RepositoryUrl="local" ScheduledEndDate="2014-09-27 23:59:59.999 +0900" ScheduledStartDate="2014-09-21 00:00:00.0 +0900" Stale="false" TaskId="32" offlineSyncState="SYNCHRONIZED"/><Task Active="false" ConnectorKind="local" CreationDate="2014-09-21 23:27:06.102 +0900" DueDate="" EndDate="2014-09-23 10:14:36.866 +0900" Estimated="0" Handle="local-35" IssueURL="" Kind="task" Label="D-8_read-csv_keywords_v-1.0" LastModified="now" MarkReadPending="false" ModificationDate="" Notes="" NotifiedIncoming="true" Owner="local" Priority="P3" Reminded="false" RepositoryUrl="local" ScheduledEndDate="2014-09-27 23:59:59.999 +0900" ScheduledStartDate="2014-09-21 00:00:00.0 +0900" Stale="false" TaskId="35" offlineSyncState="SYNCHRONIZED"/><Task Active="false" ConnectorKind="local" CreationDate="2015-01-09 08:31:49.112 +0900" DueDate="" EndDate="" Estimated="0" Handle="local-126" IssueURL="" Kind="task" Label="D-2_first-tut_v-1.0" LastModified="now" MarkReadPending="false" ModificationDate="" Notes="" NotifiedIncoming="true" Owner="local" Priority="P3" Reminded="false" RepositoryUrl="local" ScheduledEndDate="2015-01-10 23:59:59.999 +0900" ScheduledStartDate="2015-01-04 00:00:00.0 +0900" Stale="false" TaskId="126" offlineSyncState="SYNCHRONIZED"/><Task Active="false" ConnectorKind="local" CreationDate="2014-12-04 15:34:33.680 +0900" DueDate="" EndDate="2014-12-15 21:43:48.294 +0900" Estimated="0" Handle="local-107" IssueURL="" Kind="task" Label="D-110_LCD+ANSEL_v-1.0" LastModified="now" MarkReadPending="false" ModificationDate="" Notes="" NotifiedIncoming="true" Owner="local" Priority="P3" Reminded="false" RepositoryUrl="local" ScheduledEndDate="2014-12-06 23:59:59.999 +0900" ScheduledStartDate="2014-11-30 00:00:00.0 +0900" Stale="false" TaskId="107" offlineSyncState="SYNCHRONIZED"/><Task Active="false" ConnectorKind="local" CreationDate="2014-12-17 16:46:50.828 +0900" DueDate="" EndDate="" Estimated="0" Handle="local-119" IssueURL="" Kind="task" Label="D-111_INT-stopwatch_v-3.0_conv-value-to-millsec" LastModified="now" MarkReadPending="false" ModificationDate="" Notes="" NotifiedIncoming="true" Owner="local" Priority="P3" Reminded="false" RepositoryUrl="local" ScheduledEndDate="2014-12-20 23:59:59.999 +0900" ScheduledStartDate="2014-12-14 00:00:00.0 +0900" Stale="false" TaskId="119" offlineSyncState="SYNCHRONIZED"/><Task Active="false" ConnectorKind="local" CreationDate="2014-09-21 10:56:04.299 +0900" DueDate="" EndDate="2014-09-23 10:14:36.865 +0900" Estimated="0" Handle="local-31" IssueURL="" Kind="task" Label="D-6_db-Keyword_v-1.1_helper" LastModified="now" MarkReadPending="false" ModificationDate="" Notes="" NotifiedIncoming="true" Owner="local" Priority="P3" Reminded="false" RepositoryUrl="local" ScheduledEndDate="2014-09-27 23:59:59.999 +0900" ScheduledStartDate="2014-09-21 00:00:00.0 +0900" Stale="false" TaskId="31" offlineSyncState="SYNCHRONIZED"/><Task Active="false" ConnectorKind="local" CreationDate="2014-09-13 16:29:49.156 +0900" DueDate="" EndDate="" Estimated="0" Handle="local-20" IssueURL="" Kind="task" Label="D-93_PIC16_A/D-conversion_v-4.0_hittech-c" LastModified="now" MarkReadPending="false" ModificationDate="" Notes="" NotifiedIncoming="true" Owner="local" Priority="P3" Reminded="false" RepositoryUrl="local" ScheduledEndDate="2014-09-13 23:59:59.999 +0900" ScheduledStartDate="2014-09-07 00:00:00.0 +0900" Stale="false" TaskId="20" offlineSyncState="SYNCHRONIZED"/><Task Active="false" ConnectorKind="local" CreationDate="2014-10-29 08:59:38.473 +0900" DueDate="" EndDate="" Estimated="0" Handle="local-87" IssueURL="" Kind="task" Label="D-5_Si_add-remote_v-1.0" LastModified="now" MarkReadPending="false" ModificationDate="" Notes="" NotifiedIncoming="true" Owner="local" Priority="P3" Reminded="false" RepositoryUrl="local" ScheduledEndDate="2014-11-01 23:59:59.999 +0900" ScheduledStartDate="2014-10-26 00:00:00.0 +0900" Stale="false" TaskId="87" offlineSyncState="SYNCHRONIZED"/><Task Active="false" ConnectorKind="local" CreationDate="2014-12-08 16:18:31.382 +0900" DueDate="" EndDate="" Estimated="0" Handle="local-112" IssueURL="" Kind="task" Label="D-111_INT-stopwatch_jv-1.0" LastModified="now" MarkReadPending="false" ModificationDate="" Notes="" NotifiedIncoming="true" Owner="local" Priority="P3" Reminded="false" RepositoryUrl="local" ScheduledEndDate="2014-12-13 23:59:59.999 +0900" ScheduledStartDate="2014-12-07 00:00:00.0 +0900" Stale="false" TaskId="112" offlineSyncState="SYNCHRONIZED"/><Task Active="false" ConnectorKind="local" CreationDate="2014-09-06 08:46:13.566 +0900" DueDate="" EndDate="2014-09-06 11:11:46.58 +0900" Estimated="0" Handle="local-14" IssueURL="" Kind="task" Label="D-2_model_Image_v-3.2_paginate-when-filtering" LastModified="now" MarkReadPending="false" ModificationDate="" Notes="" NotifiedIncoming="true" Owner="local" Priority="P3" Reminded="false" RepositoryUrl="local" ScheduledEndDate="2014-09-06 23:59:59.999 +0900" ScheduledStartDate="2014-08-31 00:00:00.0 +0900" Stale="false" TaskId="14" offlineSyncState="SYNCHRONIZED"/><Task Active="false" ConnectorKind="local" CreationDate="2014-09-29 18:45:16.327 +0900" DueDate="" EndDate="2014-10-01 07:37:35.513 +0900" Estimated="0" Handle="local-51" IssueURL="" Kind="task" Label="D-12_colorize-use-mecab_v-2.2_paginate" LastModified="now" MarkReadPending="false" ModificationDate="" Notes="" NotifiedIncoming="true" Owner="local" Priority="P3" Reminded="false" RepositoryUrl="local" ScheduledEndDate="2014-10-04 23:59:59.999 +0900" ScheduledStartDate="2014-09-28 00:00:00.0 +0900" Stale="false" TaskId="51" offlineSyncState="SYNCHRONIZED"/><Task Active="false" ConnectorKind="local" CreationDate="2014-10-20 08:07:25.369 +0900" DueDate="" EndDate="" Estimated="0" Handle="local-72" IssueURL="" Kind="task" Label="D-15_authenticate_v-1.0" LastModified="now" MarkReadPending="false" ModificationDate="" Notes="" NotifiedIncoming="true" Owner="local" Priority="P3" Reminded="false" RepositoryUrl="local" ScheduledEndDate="2014-10-25 23:59:59.999 +0900" ScheduledStartDate="2014-10-19 00:00:00.0 +0900" Stale="false" TaskId="72" offlineSyncState="SYNCHRONIZED"/><Task Active="false" ConnectorKind="local" CreationDate="2014-10-30 11:42:04.405 +0900" DueDate="" EndDate="" Estimated="0" Handle="local-90" IssueURL="" Kind="task" Label="D-6_purhistory_show-name_v-2.0_Ajax" LastModified="now" MarkReadPending="false" ModificationDate="" Notes="" NotifiedIncoming="true" Owner="local" Priority="P3" Reminded="false" RepositoryUrl="local" ScheduledEndDate="2014-11-01 23:59:59.999 +0900" ScheduledStartDate="2014-10-26 00:00:00.0 +0900" Stale="false" TaskId="90" offlineSyncState="SYNCHRONIZED"/><Task Active="false" ConnectorKind="local" CreationDate="2014-08-31 10:18:33.585 +0900" DueDate="" EndDate="2014-09-08 11:05:21.283 +0900" Estimated="0" Handle="local-7" IssueURL="" Kind="task" Label="v-1.0" LastModified="now" MarkReadPending="false" ModificationDate="" Notes="" NotifiedIncoming="true" Owner="local" Priority="P3" Reminded="false" RepositoryUrl="local" ScheduledEndDate="2014-09-06 23:59:59.999 +0900" ScheduledStartDate="2014-08-31 00:00:00.0 +0900" Stale="false" TaskId="7" offlineSyncState="SYNCHRONIZED"/><Task Active="false" ConnectorKind="local" CreationDate="2014-10-29 08:17:31.646 +0900" DueDate="" EndDate="" Estimated="0" Handle="local-86" IssueURL="" Kind="task" Label="D-4_MODEL_Genre_v-3.0_col-name" LastModified="now" MarkReadPending="false" ModificationDate="" Notes="" NotifiedIncoming="true" Owner="local" Priority="P3" Reminded="false" RepositoryUrl="local" ScheduledEndDate="2014-11-01 23:59:59.999 +0900" ScheduledStartDate="2014-10-26 00:00:00.0 +0900" Stale="false" TaskId="86" offlineSyncState="SYNCHRONIZED"/><Task Active="false" ConnectorKind="local" CreationDate="2014-10-02 08:20:36.526 +0900" DueDate="" EndDate="2014-10-05 16:17:39.137 +0900" Estimated="0" Handle="local-57" IssueURL="" Kind="task" Label="D-12_colorize-use-mecab_v-5.0_colorize" LastModified="now" MarkReadPending="false" ModificationDate="" Notes="" NotifiedIncoming="true" Owner="local" Priority="P3" Reminded="false" RepositoryUrl="local" ScheduledEndDate="2014-10-04 23:59:59.999 +0900" ScheduledStartDate="2014-09-28 00:00:00.0 +0900" Stale="false" TaskId="57" offlineSyncState="SYNCHRONIZED"/><Task Active="false" ConnectorKind="local" CreationDate="2014-09-22 12:45:34.178 +0900" DueDate="" EndDate="2014-09-23 10:14:36.866 +0900" Estimated="0" Handle="local-36" IssueURL="" Kind="task" Label="D-9_build-articles-list_v-1.0" LastModified="now" MarkReadPending="false" ModificationDate="" Notes="" NotifiedIncoming="true" Owner="local" Priority="P3" Reminded="false" RepositoryUrl="local" ScheduledEndDate="2014-09-27 23:59:59.999 +0900" ScheduledStartDate="2014-09-21 00:00:00.0 +0900" Stale="false" TaskId="36" offlineSyncState="SYNCHRONIZED"/><Task Active="false" ConnectorKind="local" CreationDate="2014-10-25 09:13:46.602 +0900" DueDate="" EndDate="2014-10-28 09:37:24.945 +0900" Estimated="0" Handle="local-79" IssueURL="" Kind="task" Label="D-2_new-model_SI,PurHistory_v-1.3" LastModified="now" MarkReadPending="false" ModificationDate="" Notes="" NotifiedIncoming="true" Owner="local" Priority="P3" Reminded="false" RepositoryUrl="local" ScheduledEndDate="2014-10-25 23:59:59.999 +0900" ScheduledStartDate="2014-10-19 00:00:00.0 +0900" Stale="false" TaskId="79" offlineSyncState="SYNCHRONIZED"/><Task Active="false" ConnectorKind="local" CreationDate="2014-09-24 06:52:42.444 +0900" DueDate="" EndDate="" Estimated="0" Handle="local-42" IssueURL="" Kind="task" Label="D-10_num-of-pages_v-1.0" LastModified="now" MarkReadPending="false" ModificationDate="" Notes="" NotifiedIncoming="true" Owner="local" Priority="P3" Reminded="false" RepositoryUrl="local" ScheduledEndDate="2014-09-27 23:59:59.999 +0900" ScheduledStartDate="2014-09-21 00:00:00.0 +0900" Stale="false" TaskId="42" offlineSyncState="SYNCHRONIZED"/><Task Active="false" ConnectorKind="local" CreationDate="2014-09-20 15:06:19.735 +0900" DueDate="" EndDate="2014-09-21 09:21:49.492 +0900" Estimated="0" Handle="local-26" IssueURL="" Kind="task" Label="D-3_db-Genre_v-1.0" LastModified="now" MarkReadPending="false" ModificationDate="" Notes="" NotifiedIncoming="true" Owner="local" Priority="P3" Reminded="false" RepositoryUrl="local" ScheduledEndDate="2014-09-20 23:59:59.999 +0900" ScheduledStartDate="2014-09-14 00:00:00.0 +0900" Stale="false" TaskId="26" offlineSyncState="SYNCHRONIZED"/><Task Active="false" ConnectorKind="local" CreationDate="2014-12-04 11:00:16.128 +0900" DueDate="" EndDate="" Estimated="0" Handle="local-106" IssueURL="" Kind="task" Label="D-108_Aoki-programs_v-2.7.1_display-string" LastModified="now" MarkReadPending="false" ModificationDate="" Notes="" NotifiedIncoming="true" Owner="local" Priority="P3" Reminded="false" RepositoryUrl="local" ScheduledEndDate="2014-12-06 23:59:59.999 +0900" ScheduledStartDate="2014-11-30 00:00:00.0 +0900" Stale="false" TaskId="106" offlineSyncState="SYNCHRONIZED"/><Task Active="false" ConnectorKind="local" CreationDate="2015-01-17 19:02:42.233 +0900" DueDate="" EndDate="" Estimated="0" Handle="local-134" IssueURL="" Kind="task" Label="D-4_experiments_v-1.0" LastModified="now" MarkReadPending="false" ModificationDate="" Notes="" NotifiedIncoming="true" Owner="local" Priority="P3" Reminded="false" RepositoryUrl="local" ScheduledEndDate="2015-01-17 23:59:59.999 +0900" ScheduledStartDate="2015-01-11 00:00:00.0 +0900" Stale="false" TaskId="134" offlineSyncState="SYNCHRONIZED"/><Task Active="false" ConnectorKind="local" CreationDate="2014-09-05 22:45:03.520 +0900" DueDate="" EndDate="2014-09-08 11:05:21.283 +0900" Estimated="0" Handle="local-13" IssueURL="" Kind="task" Label="v-4.1_receive-reader" LastModified="now" MarkReadPending="false" ModificationDate="" Notes="" NotifiedIncoming="true" Owner="local" Priority="P3" Reminded="false" RepositoryUrl="local" ScheduledEndDate="2014-09-06 23:59:59.999 +0900" ScheduledStartDate="2014-08-31 00:00:00.0 +0900" Stale="false" TaskId="13" offlineSyncState="SYNCHRONIZED"/><Task Active="false" ConnectorKind="local" CreationDate="2014-09-01 15:22:00.490 +0900" DueDate="" EndDate="2014-09-08 11:05:21.283 +0900" Estimated="0" Handle="local-8" IssueURL="" Kind="task" Label="v-3.0_send-signals" LastModified="now" MarkReadPending="false" ModificationDate="" Notes="" NotifiedIncoming="true" Owner="local" Priority="P3" Reminded="false" RepositoryUrl="local" ScheduledEndDate="2014-09-06 23:59:59.999 +0900" ScheduledStartDate="2014-08-31 00:00:00.0 +0900" Stale="false" TaskId="8" offlineSyncState="SYNCHRONIZED"/><Task Active="false" ConnectorKind="local" CreationDate="2014-08-19 18:49:12.730 +0900" DueDate="" EndDate="2014-08-19 21:56:44.549 +0900" Estimated="0" Handle="local-4" IssueURL="" Kind="task" Label="D-3_setup_log_v-1.0" LastModified="now" MarkReadPending="false" ModificationDate="" Notes="" NotifiedIncoming="true" Owner="local" Priority="P3" Reminded="false" RepositoryUrl="local" ScheduledEndDate="2014-08-23 23:59:59.999 +0900" ScheduledStartDate="2014-08-17 00:00:00.0 +0900" Stale="false" TaskId="4" offlineSyncState="SYNCHRONIZED"/><Task Active="false" ConnectorKind="local" CreationDate="2014-09-08 10:08:03.635 +0900" DueDate="" EndDate="2014-09-08 11:05:21.282 +0900" Estimated="0" Handle="local-17" IssueURL="" Kind="task" Label="v-4.6_7-patterns" LastModified="now" MarkReadPending="false" ModificationDate="" Notes="" NotifiedIncoming="true" Owner="local" Priority="P3" Reminded="false" RepositoryUrl="local" ScheduledEndDate="2014-09-13 23:59:59.999 +0900" ScheduledStartDate="2014-09-07 00:00:00.0 +0900" Stale="false" TaskId="17" offlineSyncState="SYNCHRONIZED"/><Task Active="false" ConnectorKind="local" CreationDate="2014-09-21 09:21:29.541 +0900" DueDate="" EndDate="2014-09-23 10:14:36.864 +0900" Estimated="0" Handle="local-30" IssueURL="" Kind="task" Label="D-6_db-Keyword_v-1.0" LastModified="now" MarkReadPending="false" ModificationDate="" Notes="" NotifiedIncoming="true" Owner="local" Priority="P3" Reminded="false" RepositoryUrl="local" ScheduledEndDate="2014-09-27 23:59:59.999 +0900" ScheduledStartDate="2014-09-21 00:00:00.0 +0900" Stale="false" TaskId="30" offlineSyncState="SYNCHRONIZED"/><Task Active="false" ConnectorKind="local" CreationDate="2015-01-09 20:36:48.989 +0900" DueDate="" EndDate="" Estimated="0" Handle="local-127" IssueURL="" Kind="task" Label="D-20_russian-texts_v-1.0" LastModified="now" MarkReadPending="false" ModificationDate="" Notes="" NotifiedIncoming="true" Owner="local" Priority="P3" Reminded="false" RepositoryUrl="local" ScheduledEndDate="2015-01-10 23:59:59.999 +0900" ScheduledStartDate="2015-01-04 00:00:00.0 +0900" Stale="false" TaskId="127" offlineSyncState="SYNCHRONIZED"/><Task Active="false" ConnectorKind="local" CreationDate="2014-10-15 11:24:22.376 +0900" DueDate="" EndDate="" Estimated="0" Handle="local-64" IssueURL="" Kind="task" Label="D-14-1_setup_v-1.2_view-delete-all" LastModified="now" MarkReadPending="false" ModificationDate="" Notes="" NotifiedIncoming="true" Owner="local" Priority="P3" Reminded="false" RepositoryUrl="local" ScheduledEndDate="2014-10-18 23:59:59.999 +0900" ScheduledStartDate="2014-10-12 00:00:00.0 +0900" Stale="false" TaskId="64" offlineSyncState="SYNCHRONIZED"/><Task Active="false" ConnectorKind="local" CreationDate="2014-12-02 20:42:48.216 +0900" DueDate="" EndDate="2014-12-04 15:34:19.920 +0900" Estimated="0" Handle="local-105" IssueURL="" Kind="task" Label="D-108_Aoki-programs_v-2.6.3_TMR0" LastModified="now" MarkReadPending="false" ModificationDate="" Notes="" NotifiedIncoming="true" Owner="local" Priority="P3" Reminded="false" RepositoryUrl="local" ScheduledEndDate="2014-12-06 23:59:59.999 +0900" ScheduledStartDate="2014-11-30 00:00:00.0 +0900" Stale="false" TaskId="105" offlineSyncState="SYNCHRONIZED"/><Task Active="false" ConnectorKind="local" CreationDate="2014-10-30 10:27:58.992 +0900" DueDate="" EndDate="" Estimated="0" Handle="local-89" IssueURL="" Kind="task" Label="D-6_purhistory_show-name_v-1.0" LastModified="now" MarkReadPending="false" ModificationDate="" Notes="" NotifiedIncoming="true" Owner="local" Priority="P3" Reminded="false" RepositoryUrl="local" ScheduledEndDate="2014-11-01 23:59:59.999 +0900" ScheduledStartDate="2014-10-26 00:00:00.0 +0900" Stale="false" TaskId="89" offlineSyncState="SYNCHRONIZED"/><Task Active="false" ConnectorKind="local" CreationDate="2014-10-27 08:58:38.94 +0900" DueDate="" EndDate="2014-10-28 09:37:12.475 +0900" Estimated="0" Handle="local-80" IssueURL="" Kind="task" Label="D-3_MODEL_Store_v-1.0" LastModified="now" MarkReadPending="false" ModificationDate="" Notes="" NotifiedIncoming="true" Owner="local" Priority="P3" Reminded="false" RepositoryUrl="local" ScheduledEndDate="2014-11-01 23:59:59.999 +0900" ScheduledStartDate="2014-10-26 00:00:00.0 +0900" Stale="false" TaskId="80" offlineSyncState="SYNCHRONIZED"/><Task Active="false" ConnectorKind="local" CreationDate="2014-10-21 10:09:25.811 +0900" DueDate="" EndDate="2014-10-28 09:37:24.945 +0900" Estimated="0" Handle="local-74" IssueURL="" Kind="task" Label="D-2_new-model_SI,PurHistory_v-1.0" LastModified="now" MarkReadPending="false" ModificationDate="" Notes="" NotifiedIncoming="true" Owner="local" Priority="P3" Reminded="false" RepositoryUrl="local" ScheduledEndDate="2014-10-25 23:59:59.999 +0900" ScheduledStartDate="2014-10-19 00:00:00.0 +0900" Stale="false" TaskId="74" offlineSyncState="SYNCHRONIZED"/><Task Active="false" ConnectorKind="local" CreationDate="2014-12-08 15:39:27.156 +0900" DueDate="" EndDate="2014-12-15 21:43:48.294 +0900" Estimated="0" Handle="local-111" IssueURL="" Kind="task" Label="D-110_LCD+ANSEL_v-4.0_fraction-on-LCD" LastModified="now" MarkReadPending="false" ModificationDate="" Notes="" NotifiedIncoming="true" Owner="local" Priority="P3" Reminded="false" RepositoryUrl="local" ScheduledEndDate="2014-12-13 23:59:59.999 +0900" ScheduledStartDate="2014-12-07 00:00:00.0 +0900" Stale="false" TaskId="111" offlineSyncState="SYNCHRONIZED"/><Task Active="false" ConnectorKind="local" CreationDate="2014-09-19 09:28:39.9 +0900" DueDate="" EndDate="2014-09-21 09:21:49.491 +0900" Estimated="0" Handle="local-22" IssueURL="" Kind="task" Label="D-2_db-Article_v-2.0_cont/view" LastModified="now" MarkReadPending="false" ModificationDate="" Notes="" NotifiedIncoming="true" Owner="local" Priority="P3" Reminded="false" RepositoryUrl="local" ScheduledEndDate="2014-09-20 23:59:59.999 +0900" ScheduledStartDate="2014-09-14 00:00:00.0 +0900" Stale="false" TaskId="22" offlineSyncState="SYNCHRONIZED"/><Task Active="false" ConnectorKind="local" CreationDate="2014-09-08 11:05:26.540 +0900" DueDate="" EndDate="" Estimated="0" Handle="local-18" IssueURL="" Kind="task" Label="v-5.0_turn-on/off-3-LEDs_rcv" LastModified="now" MarkReadPending="false" ModificationDate="" Notes="" NotifiedIncoming="true" Owner="local" Priority="P3" Reminded="false" RepositoryUrl="local" ScheduledEndDate="2014-09-13 23:59:59.999 +0900" ScheduledStartDate="2014-09-07 00:00:00.0 +0900" Stale="false" TaskId="18" offlineSyncState="SYNCHRONIZED"/><Task Active="false" ConnectorKind="local" CreationDate="2014-10-01 08:43:03.910 +0900" DueDate="" EndDate="2014-10-05 16:17:39.137 +0900" Estimated="0" Handle="local-56" IssueURL="" Kind="task" Label="D-12_colorize-use-mecab_v-4.2_open-article" LastModified="now" MarkReadPending="false" ModificationDate="" Notes="" NotifiedIncoming="true" Owner="local" Priority="P3" Reminded="false" RepositoryUrl="local" ScheduledEndDate="2014-10-04 23:59:59.999 +0900" ScheduledStartDate="2014-09-28 00:00:00.0 +0900" Stale="false" TaskId="56" offlineSyncState="SYNCHRONIZED"/><Task Active="false" ConnectorKind="local" CreationDate="2014-11-20 08:34:03.79 +0900" DueDate="" EndDate="2014-12-04 15:34:19.920 +0900" Estimated="0" Handle="local-95" IssueURL="" Kind="task" Label="D-108_Aoki-programs_v-2.4.1_LCD" LastModified="now" MarkReadPending="false" ModificationDate="" Notes="" NotifiedIncoming="true" Owner="local" Priority="P3" Reminded="false" RepositoryUrl="local" ScheduledEndDate="2014-11-22 23:59:59.999 +0900" ScheduledStartDate="2014-11-16 00:00:00.0 +0900" Stale="false" TaskId="95" offlineSyncState="SYNCHRONIZED"/><Task Active="false" ConnectorKind="local" CreationDate="2014-12-15 21:43:18.800 +0900" DueDate="" EndDate="" Estimated="0" Handle="local-118" IssueURL="" Kind="task" Label="D-111_INT-stopwatch_v-2.2_RA4-High" LastModified="now" MarkReadPending="false" ModificationDate="" Notes="" NotifiedIncoming="true" Owner="local" Priority="P3" Reminded="false" RepositoryUrl="local" ScheduledEndDate="2014-12-20 23:59:59.999 +0900" ScheduledStartDate="2014-12-14 00:00:00.0 +0900" Stale="false" TaskId="118" offlineSyncState="SYNCHRONIZED"/><Task Active="false" ConnectorKind="local" CreationDate="2014-09-01 20:17:28.671 +0900" DueDate="" EndDate="2014-09-06 11:11:46.67 +0900" Estimated="0" Handle="local-9" IssueURL="" Kind="task" Label="D-4_search_v-1.0" LastModified="now" MarkReadPending="false" ModificationDate="" Notes="" NotifiedIncoming="true" Owner="local" Priority="P3" Reminded="false" RepositoryUrl="local" ScheduledEndDate="2014-09-06 23:59:59.999 +0900" ScheduledStartDate="2014-08-31 00:00:00.0 +0900" Stale="false" TaskId="9" offlineSyncState="SYNCHRONIZED"/><Task Active="false" ConnectorKind="local" CreationDate="2014-08-19 15:37:01.75 +0900" DueDate="" EndDate="2014-08-19 21:56:44.547 +0900" Estimated="0" Handle="local-3" IssueURL="" Kind="task" Label="D-2_model_Image_v-1.1_controller" LastModified="now" MarkReadPending="false" ModificationDate="" Notes="" NotifiedIncoming="true" Owner="local" Priority="P3" Reminded="false" RepositoryUrl="local" ScheduledEndDate="2014-08-23 23:59:59.999 +0900" ScheduledStartDate="2014-08-17 00:00:00.0 +0900" Stale="false" TaskId="3" offlineSyncState="SYNCHRONIZED"/><Task Active="false" ConnectorKind="local" CreationDate="2014-10-21 08:28:46.145 +0900" DueDate="" EndDate="" Estimated="0" Handle="local-73" IssueURL="" Kind="task" Label="D-1_setup_v-1.0" LastModified="now" MarkReadPending="false" ModificationDate="" Notes="" NotifiedIncoming="true" Owner="local" Priority="P3" Reminded="false" RepositoryUrl="local" ScheduledEndDate="2014-10-25 23:59:59.999 +0900" ScheduledStartDate="2014-10-19 00:00:00.0 +0900" Stale="false" TaskId="73" offlineSyncState="SYNCHRONIZED"/><Task Active="false" ConnectorKind="local" CreationDate="2014-09-19 12:38:47.840 +0900" DueDate="" EndDate="2014-09-21 09:21:49.491 +0900" Estimated="0" Handle="local-23" IssueURL="" Kind="task" Label="D-2_db-Article_v-3.0_show-articles" LastModified="now" MarkReadPending="false" ModificationDate="" Notes="" NotifiedIncoming="true" Owner="local" Priority="P3" Reminded="false" RepositoryUrl="local" ScheduledEndDate="2014-09-20 23:59:59.999 +0900" ScheduledStartDate="2014-09-14 00:00:00.0 +0900" Stale="false" TaskId="23" offlineSyncState="SYNCHRONIZED"/><Task Active="false" ConnectorKind="local" CreationDate="2015-01-16 16:22:10.724 +0900" DueDate="" EndDate="2015-01-17 08:59:16.193 +0900" Estimated="0" Handle="local-132" IssueURL="" Kind="task" Label="D-22_filter_texts#index_v-1.0" LastModified="now" MarkReadPending="false" ModificationDate="" Notes="" NotifiedIncoming="true" Owner="local" Priority="P3" Reminded="false" RepositoryUrl="local" ScheduledEndDate="2015-01-17 23:59:59.999 +0900" ScheduledStartDate="2015-01-11 00:00:00.0 +0900" Stale="false" TaskId="132" offlineSyncState="SYNCHRONIZED"/><Task Active="false" ConnectorKind="local" CreationDate="2015-01-03 20:35:07.18 +0900" DueDate="" EndDate="2015-01-03 21:14:27.443 +0900" Estimated="0" Handle="local-125" IssueURL="" Kind="task" Label="D-3/SEG-1_FIX-error_&quot;faile to open&quot;_v-2.0_ArticlesCont" LastModified="now" MarkReadPending="false" ModificationDate="" Notes="" NotifiedIncoming="true" Owner="local" Priority="P3" Reminded="false" RepositoryUrl="local" ScheduledEndDate="2015-01-03 23:59:59.999 +0900" ScheduledStartDate="2014-12-28 00:00:00.0 +0900" Stale="false" TaskId="125" offlineSyncState="SYNCHRONIZED"/><Task Active="false" ConnectorKind="local" CreationDate="2014-10-22 08:29:01.531 +0900" DueDate="" EndDate="" Estimated="0" Handle="local-76" IssueURL="" Kind="task" Label="D-18_paginate_v-1.0_texts" LastModified="now" MarkReadPending="false" ModificationDate="" Notes="" NotifiedIncoming="true" Owner="local" Priority="P3" Reminded="false" RepositoryUrl="local" ScheduledEndDate="2014-10-25 23:59:59.999 +0900" ScheduledStartDate="2014-10-19 00:00:00.0 +0900" Stale="false" TaskId="76" offlineSyncState="SYNCHRONIZED"/><Task Active="false" ConnectorKind="local" CreationDate="2014-10-27 09:50:45.194 +0900" DueDate="" EndDate="2014-10-28 09:37:12.475 +0900" Estimated="0" Handle="local-81" IssueURL="" Kind="task" Label="D-3_MODEL_Store_v-2.0_add" LastModified="now" MarkReadPending="false" ModificationDate="" Notes="" NotifiedIncoming="true" Owner="local" Priority="P3" Reminded="false" RepositoryUrl="local" ScheduledEndDate="2014-11-01 23:59:59.999 +0900" ScheduledStartDate="2014-10-26 00:00:00.0 +0900" Stale="false" TaskId="81" offlineSyncState="SYNCHRONIZED"/><Task Active="false" ConnectorKind="local" CreationDate="2014-09-23 09:19:41.848 +0900" DueDate="" EndDate="2014-09-23 10:14:36.864 +0900" Estimated="0" Handle="local-41" IssueURL="" Kind="task" Label="D-9_build-articles-list_v-3.0_other-genres" LastModified="now" MarkReadPending="false" ModificationDate="" Notes="" NotifiedIncoming="true" Owner="local" Priority="P3" Reminded="false" RepositoryUrl="local" ScheduledEndDate="2014-09-27 23:59:59.999 +0900" ScheduledStartDate="2014-09-21 00:00:00.0 +0900" Stale="false" TaskId="41" offlineSyncState="SYNCHRONIZED"/><Task Active="false" ConnectorKind="local" CreationDate="2014-12-12 20:41:38.348 +0900" DueDate="" EndDate="" Estimated="0" Handle="local-117" IssueURL="" Kind="task" Label="D-111_INT-stopwatch_v-2.1_RA4-High" LastModified="now" MarkReadPending="false" ModificationDate="" Notes="" NotifiedIncoming="true" Owner="local" Priority="P3" Reminded="false" RepositoryUrl="local" ScheduledEndDate="2014-12-13 23:59:59.999 +0900" ScheduledStartDate="2014-12-07 00:00:00.0 +0900" Stale="false" TaskId="117" offlineSyncState="SYNCHRONIZED"/><Task Active="false" ConnectorKind="local" CreationDate="2014-10-01 07:37:47.453 +0900" DueDate="" EndDate="2014-10-05 16:17:39.138 +0900" Estimated="0" Handle="local-55" IssueURL="" Kind="task" Label="D-12_colorize-use-mecab_v-4.1_view,edit" LastModified="now" MarkReadPending="false" ModificationDate="" Notes="" NotifiedIncoming="true" Owner="local" Priority="P3" Reminded="false" RepositoryUrl="local" ScheduledEndDate="2014-10-04 23:59:59.999 +0900" ScheduledStartDate="2014-09-28 00:00:00.0 +0900" Stale="false" TaskId="55" offlineSyncState="SYNCHRONIZED"/><Task Active="false" ConnectorKind="local" CreationDate="2014-10-30 09:59:52.521 +0900" DueDate="" EndDate="" Estimated="0" Handle="local-88" IssueURL="" Kind="task" Label="D-5_Si_add-remote_v-3.0_paginate" LastModified="now" MarkReadPending="false" ModificationDate="" Notes="" NotifiedIncoming="true" Owner="local" Priority="P3" Reminded="false" RepositoryUrl="local" ScheduledEndDate="2014-11-01 23:59:59.999 +0900" ScheduledStartDate="2014-10-26 00:00:00.0 +0900" Stale="false" TaskId="88" offlineSyncState="SYNCHRONIZED"/><Task Active="false" ConnectorKind="local" CreationDate="2014-09-23 07:53:05.848 +0900" DueDate="" EndDate="2014-09-23 10:14:36.865 +0900" Estimated="0" Handle="local-40" IssueURL="" Kind="task" Label="D-9_build-articles-list_v-2.1_2-categories" LastModified="now" MarkReadPending="false" ModificationDate="" Notes="" NotifiedIncoming="true" Owner="local" Priority="P3" Reminded="false" RepositoryUrl="local" ScheduledEndDate="2014-09-27 23:59:59.999 +0900" ScheduledStartDate="2014-09-21 00:00:00.0 +0900" Stale="false" TaskId="40" offlineSyncState="SYNCHRONIZED"/><Task Active="false" ConnectorKind="local" CreationDate="2014-11-20 15:40:44.411 +0900" DueDate="" EndDate="2014-12-04 15:34:19.920 +0900" Estimated="0" Handle="local-96" IssueURL="" Kind="task" Label="D-108_Aoki-programs_v-2.5.0_button" LastModified="now" MarkReadPending="false" ModificationDate="" Notes="" NotifiedIncoming="true" Owner="local" Priority="P3" Reminded="false" RepositoryUrl="local" ScheduledEndDate="2014-11-22 23:59:59.999 +0900" ScheduledStartDate="2014-11-16 00:00:00.0 +0900" Stale="false" TaskId="96" offlineSyncState="SYNCHRONIZED"/><Task Active="false" ConnectorKind="local" CreationDate="2015-01-16 15:59:49.386 +0900" DueDate="" EndDate="2015-01-17 08:59:16.193 +0900" Estimated="0" Handle="local-131" IssueURL="" Kind="task" Label="D-21_numbering_texts#view_v-1.0" LastModified="now" MarkReadPending="false" ModificationDate="" Notes="" NotifiedIncoming="true" Owner="local" Priority="P3" Reminded="false" RepositoryUrl="local" ScheduledEndDate="2015-01-17 23:59:59.999 +0900" ScheduledStartDate="2015-01-11 00:00:00.0 +0900" Stale="false" TaskId="131" offlineSyncState="SYNCHRONIZED"/><Task Active="false" ConnectorKind="local" CreationDate="2014-08-19 07:05:14.674 +0900" DueDate="" EndDate="2014-08-19 21:56:44.548 +0900" Estimated="0" Handle="local-2" IssueURL="" Kind="task" Label="D-2_model_Image_v-1.0" LastModified="now" MarkReadPending="false" ModificationDate="" Notes="" NotifiedIncoming="true" Owner="local" Priority="P3" Reminded="false" RepositoryUrl="local" ScheduledEndDate="2014-08-23 23:59:59.999 +0900" ScheduledStartDate="2014-08-17 00:00:00.0 +0900" Stale="false" TaskId="2" offlineSyncState="SYNCHRONIZED"/><Task Active="false" ConnectorKind="local" CreationDate="2014-09-20 15:57:18.376 +0900" DueDate="" EndDate="2014-09-21 09:21:49.493 +0900" Estimated="0" Handle="local-27" IssueURL="" Kind="task" Label="D-4_input-box-&quot;Genre&quot;_v-1.0" LastModified="now" MarkReadPending="false" ModificationDate="" Notes="" NotifiedIncoming="true" Owner="local" Priority="P3" Reminded="false" RepositoryUrl="local" ScheduledEndDate="2014-09-20 23:59:59.999 +0900" ScheduledStartDate="2014-09-14 00:00:00.0 +0900" Stale="false" TaskId="27" offlineSyncState="SYNCHRONIZED"/><Task Active="false" ConnectorKind="local" CreationDate="2014-10-22 08:58:36.274 +0900" DueDate="" EndDate="" Estimated="0" Handle="local-77" IssueURL="" Kind="task" Label="D-18_paginate_v-1.1_words" LastModified="now" MarkReadPending="false" ModificationDate="" Notes="" NotifiedIncoming="true" Owner="local" Priority="P3" Reminded="false" RepositoryUrl="local" ScheduledEndDate="2014-10-25 23:59:59.999 +0900" ScheduledStartDate="2014-10-19 00:00:00.0 +0900" Stale="false" TaskId="77" offlineSyncState="SYNCHRONIZED"/><Task Active="false" ConnectorKind="local" CreationDate="2014-10-07 09:43:04.340 +0900" DueDate="" EndDate="" Estimated="0" Handle="local-61" IssueURL="" Kind="task" Label="D-13_LAB-3_get-tokens_v-1.1_new-table" LastModified="now" MarkReadPending="false" ModificationDate="" Notes="" NotifiedIncoming="true" Owner="local" Priority="P3" Reminded="false" RepositoryUrl="local" ScheduledEndDate="2014-10-11 23:59:59.999 +0900" ScheduledStartDate="2014-10-05 00:00:00.0 +0900" Stale="false" TaskId="61" offlineSyncState="SYNCHRONIZED"/><Task Active="false" ConnectorKind="local" CreationDate="2014-12-26 21:26:53.445 +0900" DueDate="" EndDate="2015-01-03 21:14:27.447 +0900" Estimated="0" Handle="local-124" IssueURL="" Kind="task" Label="D-3/SEG-1_FIX-error_&quot;faile to open&quot;_v-1.0" LastModified="now" MarkReadPending="false" ModificationDate="" Notes="" NotifiedIncoming="true" Owner="local" Priority="P3" Reminded="false" RepositoryUrl="local" ScheduledEndDate="2014-12-27 23:59:59.999 +0900" ScheduledStartDate="2014-12-21 00:00:00.0 +0900" Stale="false" TaskId="124" offlineSyncState="SYNCHRONIZED"/><Task Active="false" ConnectorKind="local" CreationDate="2014-09-21 08:03:17.173 +0900" DueDate="" EndDate="2014-09-21 09:21:49.493 +0900" Estimated="0" Handle="local-28" IssueURL="" Kind="task" Label="D-4_input-box-&quot;Genre&quot;_v-1.1_select-box" LastModified="now" MarkReadPending="false" ModificationDate="" Notes="" NotifiedIncoming="true" Owner="local" Priority="P3" Reminded="false" RepositoryUrl="local" ScheduledEndDate="2014-09-27 23:59:59.999 +0900" ScheduledStartDate="2014-09-21 00:00:00.0 +0900" Stale="false" TaskId="28" offlineSyncState="SYNCHRONIZED"/><Task Active="false" ConnectorKind="local" CreationDate="2014-12-02 18:51:54.722 +0900" DueDate="" EndDate="2014-12-04 15:34:19.920 +0900" Estimated="0" Handle="local-104" IssueURL="" Kind="task" Label="D-108_Aoki-programs_v-2.6.2_LCD" LastModified="now" MarkReadPending="false" ModificationDate="" Notes="" NotifiedIncoming="true" Owner="local" Priority="P3" Reminded="false" RepositoryUrl="local" ScheduledEndDate="2014-12-06 23:59:59.999 +0900" ScheduledStartDate="2014-11-30 00:00:00.0 +0900" Stale="false" TaskId="104" offlineSyncState="SYNCHRONIZED"/><Task Active="false" ConnectorKind="local" CreationDate="2014-09-19 19:19:18.789 +0900" DueDate="" EndDate="2014-09-21 09:21:49.492 +0900" Estimated="0" Handle="local-24" IssueURL="" Kind="task" Label="D-2_db-Article_v-3.1_build-list" LastModified="now" MarkReadPending="false" ModificationDate="" Notes="" NotifiedIncoming="true" Owner="local" Priority="P3" Reminded="false" RepositoryUrl="local" ScheduledEndDate="2014-09-20 23:59:59.999 +0900" ScheduledStartDate="2014-09-14 00:00:00.0 +0900" Stale="false" TaskId="24" offlineSyncState="SYNCHRONIZED"/><Task Active="false" ConnectorKind="local" CreationDate="2014-10-15 10:19:22.117 +0900" DueDate="" EndDate="" Estimated="0" Handle="local-62" IssueURL="" Kind="task" Label="D-14-1_setup_v-1.0_create-table" LastModified="now" MarkReadPending="false" ModificationDate="" Notes="" NotifiedIncoming="true" Owner="local" Priority="P3" Reminded="false" RepositoryUrl="local" ScheduledEndDate="2014-10-18 23:59:59.999 +0900" ScheduledStartDate="2014-10-12 00:00:00.0 +0900" Stale="false" TaskId="62" offlineSyncState="SYNCHRONIZED"/><Task Active="false" ConnectorKind="local" CreationDate="2014-09-19 08:25:31.131 +0900" DueDate="" EndDate="2014-09-21 09:21:49.490 +0900" Estimated="0" Handle="local-21" IssueURL="" Kind="task" Label="D-2_db-Article_v-1.0" LastModified="now" MarkReadPending="false" ModificationDate="" Notes="" NotifiedIncoming="true" Owner="local" Priority="P3" Reminded="false" RepositoryUrl="local" ScheduledEndDate="2014-09-20 23:59:59.999 +0900" ScheduledStartDate="2014-09-14 00:00:00.0 +0900" Stale="false" TaskId="21" offlineSyncState="SYNCHRONIZED"/><Task Active="false" ConnectorKind="local" CreationDate="2014-09-29 21:37:42.881 +0900" DueDate="" EndDate="2014-10-05 16:17:39.137 +0900" Estimated="0" Handle="local-54" IssueURL="" Kind="task" Label="D-12_colorize-use-mecab_v-3.0_multi-lines" LastModified="now" MarkReadPending="false" ModificationDate="" Notes="" NotifiedIncoming="true" Owner="local" Priority="P3" Reminded="false" RepositoryUrl="local" ScheduledEndDate="2014-10-04 23:59:59.999 +0900" ScheduledStartDate="2014-09-28 00:00:00.0 +0900" Stale="false" TaskId="54" offlineSyncState="SYNCHRONIZED"/><Task Active="false" ConnectorKind="local" CreationDate="2014-10-23 10:14:19.974 +0900" DueDate="" EndDate="2014-10-28 09:37:24.945 +0900" Estimated="0" Handle="local-78" IssueURL="" Kind="task" Label="D-2_new-model_SI,PurHistory_v-1.1a" LastModified="now" MarkReadPending="false" ModificationDate="" Notes="" NotifiedIncoming="true" Owner="local" Priority="P3" Reminded="false" RepositoryUrl="local" ScheduledEndDate="2014-10-25 23:59:59.999 +0900" ScheduledStartDate="2014-10-19 00:00:00.0 +0900" Stale="false" TaskId="78" offlineSyncState="SYNCHRONIZED"/><Task Active="false" ConnectorKind="local" CreationDate="2014-10-04 13:50:09.308 +0900" DueDate="" EndDate="2014-10-05 16:17:39.136 +0900" Estimated="0" Handle="local-59" IssueURL="" Kind="task" Label="D-12_colorize-use-mecab_v-5.2_colorize-article" LastModified="now" MarkReadPending="false" ModificationDate="" Notes="" NotifiedIncoming="true" Owner="local" Priority="P3" Reminded="false" RepositoryUrl="local" ScheduledEndDate="2014-10-04 23:59:59.999 +0900" ScheduledStartDate="2014-09-28 00:00:00.0 +0900" Stale="false" TaskId="59" offlineSyncState="SYNCHRONIZED"/><Task Active="false" ConnectorKind="local" CreationDate="2014-11-20 18:50:28.623 +0900" DueDate="" EndDate="" Estimated="0" Handle="local-97" IssueURL="" Kind="task" Label="D-16_FIX-2_pages_v-1.0" LastModified="now" MarkReadPending="false" ModificationDate="" Notes="" NotifiedIncoming="true" Owner="local" Priority="P3" Reminded="false" RepositoryUrl="local" ScheduledEndDate="2014-11-22 23:59:59.999 +0900" ScheduledStartDate="2014-11-16 00:00:00.0 +0900" Stale="false" TaskId="97" offlineSyncState="SYNCHRONIZED"/><Task Active="false" ConnectorKind="local" CreationDate="2014-11-23 16:51:57.472 +0900" DueDate="" EndDate="2014-12-04 15:34:19.921 +0900" Estimated="0" Handle="local-100" IssueURL="" Kind="task" Label="D-108_Aoki-programs_v-2.5.3b_disp-binary-chars" LastModified="now" MarkReadPending="false" ModificationDate="" Notes="" NotifiedIncoming="true" Owner="local" Priority="P3" Reminded="false" RepositoryUrl="local" ScheduledEndDate="2014-11-29 23:59:59.999 +0900" ScheduledStartDate="2014-11-23 00:00:00.0 +0900" Stale="false" TaskId="100" offlineSyncState="SYNCHRONIZED"/><Task Active="false" ConnectorKind="local" CreationDate="2014-12-18 16:30:50.817 +0900" DueDate="" EndDate="" Estimated="0" Handle="local-120" IssueURL="" Kind="task" Label="D-111_INT-stopwatch_v-3.1_conv-value-to-millsec" LastModified="now" MarkReadPending="false" ModificationDate="" Notes="" NotifiedIncoming="true" Owner="local" Priority="P3" Reminded="false" RepositoryUrl="local" ScheduledEndDate="2014-12-20 23:59:59.999 +0900" ScheduledStartDate="2014-12-14 00:00:00.0 +0900" Stale="false" TaskId="120" offlineSyncState="SYNCHRONIZED"/><Task Active="false" ConnectorKind="local" CreationDate="2014-10-27 11:22:44.88 +0900" DueDate="" EndDate="2014-10-28 09:37:12.474 +0900" Estimated="0" Handle="local-82" IssueURL="" Kind="task" Label="D-3_MODEL_Store_v-3.0_change-col-value" LastModified="now" MarkReadPending="false" ModificationDate="" Notes="" NotifiedIncoming="true" Owner="local" Priority="P3" Reminded="false" RepositoryUrl="local" ScheduledEndDate="2014-11-01 23:59:59.999 +0900" ScheduledStartDate="2014-10-26 00:00:00.0 +0900" Stale="false" TaskId="82" offlineSyncState="SYNCHRONIZED"/><Task Active="false" ConnectorKind="local" CreationDate="2014-10-05 16:17:48.281 +0900" DueDate="" EndDate="" Estimated="0" Handle="local-60" IssueURL="" Kind="task" Label="D-13_LAB-3_get-tokens_v-1.0" LastModified="now" MarkReadPending="false" ModificationDate="" Notes="" NotifiedIncoming="true" Owner="local" Priority="P3" Reminded="false" RepositoryUrl="local" ScheduledEndDate="2014-10-11 23:59:59.999 +0900" ScheduledStartDate="2014-10-05 00:00:00.0 +0900" Stale="false" TaskId="60" offlineSyncState="SYNCHRONIZED"/><Task Active="false" ConnectorKind="local" CreationDate="2014-10-21 20:54:25.143 +0900" DueDate="" EndDate="2014-10-22 08:28:32.593 +0900" Estimated="0" Handle="local-75" IssueURL="" Kind="task" Label="D-17_authenticate_v-1.0" LastModified="now" MarkReadPending="false" ModificationDate="" Notes="" NotifiedIncoming="true" Owner="local" Priority="P3" Reminded="false" RepositoryUrl="local" ScheduledEndDate="2014-10-25 23:59:59.999 +0900" ScheduledStartDate="2014-10-19 00:00:00.0 +0900" Stale="false" TaskId="75" offlineSyncState="SYNCHRONIZED"/><Task Active="false" ConnectorKind="local" CreationDate="2014-11-21 07:59:28.734 +0900" DueDate="" EndDate="2014-12-04 15:34:19.898 +0900" Estimated="0" Handle="local-98" IssueURL="" Kind="task" Label="D-108_Aoki-programs_v-2.5.2_hex-num" LastModified="now" MarkReadPending="false" ModificationDate="" Notes="" NotifiedIncoming="true" Owner="local" Priority="P3" Reminded="false" RepositoryUrl="local" ScheduledEndDate="2014-11-22 23:59:59.999 +0900" ScheduledStartDate="2014-11-16 00:00:00.0 +0900" Stale="false" TaskId="98" offlineSyncState="SYNCHRONIZED"/><Task Active="false" ConnectorKind="local" CreationDate="2015-01-14 17:03:17.750 +0900" DueDate="" EndDate="" Estimated="0" Handle="local-130" IssueURL="" Kind="task" Label="D-17_history_search-keywords_v-2.0_filter-by-vendor" LastModified="now" MarkReadPending="false" ModificationDate="" Notes="" NotifiedIncoming="true" Owner="local" Priority="P3" Reminded="false" RepositoryUrl="local" ScheduledEndDate="2015-01-17 23:59:59.999 +0900" ScheduledStartDate="2015-01-11 00:00:00.0 +0900" Stale="false" TaskId="130" offlineSyncState="SYNCHRONIZED"/><Task Active="false" ConnectorKind="local" CreationDate="2014-09-21 08:18:51.811 +0900" DueDate="" EndDate="2014-09-21 09:21:49.493 +0900" Estimated="0" Handle="local-29" IssueURL="" Kind="task" Label="D-5_db-Category_v-1.0" LastModified="now" MarkReadPending="false" ModificationDate="" Notes="" NotifiedIncoming="true" Owner="local" Priority="P3" Reminded="false" RepositoryUrl="local" ScheduledEndDate="2014-09-27 23:59:59.999 +0900" ScheduledStartDate="2014-09-21 00:00:00.0 +0900" Stale="false" TaskId="29" offlineSyncState="SYNCHRONIZED"/><Task Active="false" ConnectorKind="local" CreationDate="2014-09-27 21:10:05.66 +0900" DueDate="" EndDate="2014-10-01 07:37:35.516 +0900" Estimated="0" Handle="local-47" IssueURL="" Kind="task" Label="D-12_colorize-use-mecab_v-1.0" LastModified="now" MarkReadPending="false" ModificationDate="" Notes="" NotifiedIncoming="true" Owner="local" Priority="P3" Reminded="false" RepositoryUrl="local" ScheduledEndDate="2014-09-27 23:59:59.999 +0900" ScheduledStartDate="2014-09-21 00:00:00.0 +0900" Stale="false" TaskId="47" offlineSyncState="SYNCHRONIZED"/><Task Active="false" ConnectorKind="local" CreationDate="2014-10-15 10:42:17.887 +0900" DueDate="" EndDate="" Estimated="0" Handle="local-63" IssueURL="" Kind="task" Label="D-14-1_setup_v-1.1_view-link" LastModified="now" MarkReadPending="false" ModificationDate="" Notes="" NotifiedIncoming="true" Owner="local" Priority="P3" Reminded="false" RepositoryUrl="local" ScheduledEndDate="2014-10-18 23:59:59.999 +0900" ScheduledStartDate="2014-10-12 00:00:00.0 +0900" Stale="false" TaskId="63" offlineSyncState="SYNCHRONIZED"/><Task Active="false" ConnectorKind="local" CreationDate="2014-12-26 20:53:06.85 +0900" DueDate="" EndDate="2015-01-03 21:14:27.446 +0900" Estimated="0" Handle="local-123" IssueURL="" Kind="task" Label="D-3_refresh-memory_Cake_NR5/D-13_v-1.0" LastModified="now" MarkReadPending="false" ModificationDate="" Notes="" NotifiedIncoming="true" Owner="local" Priority="P3" Reminded="false" RepositoryUrl="local" ScheduledEndDate="2014-12-27 23:59:59.999 +0900" ScheduledStartDate="2014-12-21 00:00:00.0 +0900" Stale="false" TaskId="123" offlineSyncState="SYNCHRONIZED"/><Task Active="false" ConnectorKind="local" CreationDate="2014-09-19 22:21:07.436 +0900" DueDate="" EndDate="2014-09-21 09:21:49.492 +0900" Estimated="0" Handle="local-25" IssueURL="" Kind="task" Label="D-2_db-Article_v-3.2_vendor,date" LastModified="now" MarkReadPending="false" ModificationDate="" Notes="" NotifiedIncoming="true" Owner="local" Priority="P3" Reminded="false" RepositoryUrl="local" ScheduledEndDate="2014-09-20 23:59:59.999 +0900" ScheduledStartDate="2014-09-14 00:00:00.0 +0900" Stale="false" TaskId="25" offlineSyncState="SYNCHRONIZED"/><Task Active="false" ConnectorKind="local" CreationDate="2014-11-24 11:56:05.989 +0900" DueDate="" EndDate="2014-12-04 15:34:19.921 +0900" Estimated="0" Handle="local-101" IssueURL="" Kind="task" Label="D-108_Aoki-programs_v-2.5.3c_interrupt" LastModified="now" MarkReadPending="false" ModificationDate="" Notes="" NotifiedIncoming="true" Owner="local" Priority="P3" Reminded="false" RepositoryUrl="local" ScheduledEndDate="2014-11-29 23:59:59.999 +0900" ScheduledStartDate="2014-11-23 00:00:00.0 +0900" Stale="false" TaskId="101" offlineSyncState="SYNCHRONIZED"/><Task Active="false" ConnectorKind="local" CreationDate="2014-10-28 08:14:50.174 +0900" DueDate="" EndDate="2014-10-28 09:37:12.474 +0900" Estimated="0" Handle="local-83" IssueURL="" Kind="task" Label="D-4_MODEL_Genre_v-1.0" LastModified="now" MarkReadPending="false" ModificationDate="" Notes="" NotifiedIncoming="true" Owner="local" Priority="P3" Reminded="false" RepositoryUrl="local" ScheduledEndDate="2014-11-01 23:59:59.999 +0900" ScheduledStartDate="2014-10-26 00:00:00.0 +0900" Stale="false" TaskId="83" offlineSyncState="SYNCHRONIZED"/><Task Active="false" ConnectorKind="local" CreationDate="2014-10-31 09:19:57.109 +0900" DueDate="" EndDate="" Estimated="0" Handle="local-91" IssueURL="" Kind="task" Label="D-7_Si_frequency_v-1.0" LastModified="now" MarkReadPending="false" ModificationDate="" Notes="" NotifiedIncoming="true" Owner="local" Priority="P3" Reminded="false" RepositoryUrl="local" ScheduledEndDate="2014-11-01 23:59:59.999 +0900" ScheduledStartDate="2014-10-26 00:00:00.0 +0900" Stale="false" TaskId="91" offlineSyncState="SYNCHRONIZED"/><Task Active="false" ConnectorKind="local" CreationDate="2014-08-14 21:41:28.558 +0900" DueDate="" EndDate="2014-08-19 21:56:44.548 +0900" Estimated="0" Handle="local-1" IssueURL="" Kind="task" Label="D-1_setup_2.0_create-db" LastModified="now" MarkReadPending="false" ModificationDate="" Notes="" NotifiedIncoming="true" Owner="local" Priority="P3" Reminded="false" RepositoryUrl="local" ScheduledEndDate="2014-08-16 23:59:59.999 +0900" ScheduledStartDate="2014-08-10 00:00:00.0 +0900" Stale="false" TaskId="1" offlineSyncState="SYNCHRONIZED"/><Task Active="false" ConnectorKind="local" CreationDate="2015-01-19 15:56:12.10 +0900" DueDate="" EndDate="" Estimated="0" Handle="local-137" IssueURL="" Kind="task" Label="D-5_FIX_historys#save_Token_v-1.0" LastModified="now" MarkReadPending="false" ModificationDate="" Notes="" NotifiedIncoming="true" Owner="local" Priority="P3" Reminded="false" RepositoryUrl="local" ScheduledEndDate="2015-01-24 23:59:59.999 +0900" ScheduledStartDate="2015-01-18 00:00:00.0 +0900" Stale="false" TaskId="137" offlineSyncState="SYNCHRONIZED"/><Task Active="false" ConnectorKind="local" CreationDate="2014-12-11 20:38:04.846 +0900" DueDate="" EndDate="" Estimated="0" Handle="local-115" IssueURL="" Kind="task" Label="D-3_google-map-api_v-1.0" LastModified="now" MarkReadPending="false" ModificationDate="" Notes="" NotifiedIncoming="true" Owner="local" Priority="P3" Reminded="false" RepositoryUrl="local" ScheduledEndDate="2014-12-13 23:59:59.999 +0900" ScheduledStartDate="2014-12-07 00:00:00.0 +0900" Stale="false" TaskId="115" offlineSyncState="SYNCHRONIZED"/><Task Active="false" ConnectorKind="local" CreationDate="2014-10-17 10:11:05.434 +0900" DueDate="" EndDate="" Estimated="0" Handle="local-70" IssueURL="" Kind="task" Label="D-2_get-eq-info_v-2.0_sort-by_time" LastModified="now" MarkReadPending="false" ModificationDate="" Notes="" NotifiedIncoming="true" Owner="local" Priority="P3" Reminded="false" RepositoryUrl="local" ScheduledEndDate="2014-10-18 23:59:59.999 +0900" ScheduledStartDate="2014-10-12 00:00:00.0 +0900" Stale="false" TaskId="70" offlineSyncState="SYNCHRONIZED"/><Task Active="false" ConnectorKind="local" CreationDate="2014-10-16 11:50:29.525 +0900" DueDate="" EndDate="" Estimated="0" Handle="local-68" IssueURL="" Kind="task" Label="D-14-2_get-eq-info_v-1.3_paginate" LastModified="now" MarkReadPending="false" ModificationDate="" Notes="" NotifiedIncoming="true" Owner="local" Priority="P3" Reminded="false" RepositoryUrl="local" ScheduledEndDate="2014-10-18 23:59:59.999 +0900" ScheduledStartDate="2014-10-12 00:00:00.0 +0900" Stale="false" TaskId="68" offlineSyncState="SYNCHRONIZED"/><Task Active="false" ConnectorKind="local" CreationDate="2014-09-07 09:46:34.419 +0900" DueDate="" EndDate="2014-09-08 11:05:21.282 +0900" Estimated="0" Handle="local-15" IssueURL="" Kind="task" Label="v-4.4_reader+custom" LastModified="now" MarkReadPending="false" ModificationDate="" Notes="" NotifiedIncoming="true" Owner="local" Priority="P3" Reminded="false" RepositoryUrl="local" ScheduledEndDate="2014-09-13 23:59:59.999 +0900" ScheduledStartDate="2014-09-07 00:00:00.0 +0900" Stale="false" TaskId="15" offlineSyncState="SYNCHRONIZED"/><Task Active="false" ConnectorKind="local" CreationDate="2014-12-26 20:02:30.195 +0900" DueDate="" EndDate="" Estimated="0" Handle="local-122" IssueURL="" Kind="task" Label="D-2_databese_v-1.0" LastModified="now" MarkReadPending="false" ModificationDate="" Notes="" NotifiedIncoming="true" Owner="local" Priority="P3" Reminded="false" RepositoryUrl="local" ScheduledEndDate="2014-12-27 23:59:59.999 +0900" ScheduledStartDate="2014-12-21 00:00:00.0 +0900" Stale="false" TaskId="122" offlineSyncState="SYNCHRONIZED"/><Task Active="false" ConnectorKind="local" CreationDate="2014-12-11 21:13:48.393 +0900" DueDate="" EndDate="" Estimated="0" Handle="local-116" IssueURL="" Kind="task" Label="D-3_google-map-api_v-1.1" LastModified="now" MarkReadPending="false" ModificationDate="" Notes="" NotifiedIncoming="true" Owner="local" Priority="P3" Reminded="false" RepositoryUrl="local" ScheduledEndDate="2014-12-13 23:59:59.999 +0900" ScheduledStartDate="2014-12-07 00:00:00.0 +0900" Stale="false" TaskId="116" offlineSyncState="SYNCHRONIZED"/><Task Active="false" ConnectorKind="local" CreationDate="2014-09-29 18:46:12.360 +0900" DueDate="" EndDate="2014-10-01 07:37:35.515 +0900" Estimated="0" Handle="local-52" IssueURL="" Kind="task" Label="D-12_colorize-use-mecab_v-2.3_TROUBLE" LastModified="now" MarkReadPending="false" ModificationDate="" Notes="" NotifiedIncoming="true" Owner="local" Priority="P3" Reminded="false" RepositoryUrl="local" ScheduledEndDate="2014-10-04 23:59:59.999 +0900" ScheduledStartDate="2014-09-28 00:00:00.0 +0900" Stale="false" TaskId="52" offlineSyncState="SYNCHRONIZED"/><Task Active="false" ConnectorKind="local" CreationDate="2014-11-30 21:12:19.817 +0900" DueDate="" EndDate="2014-12-04 15:34:19.921 +0900" Estimated="0" Handle="local-102" IssueURL="" Kind="task" Label="D-108_Aoki-programs_v-2.6.0" LastModified="now" MarkReadPending="false" ModificationDate="" Notes="" NotifiedIncoming="true" Owner="local" Priority="P3" Reminded="false" RepositoryUrl="local" ScheduledEndDate="2014-12-06 23:59:59.999 +0900" ScheduledStartDate="2014-11-30 00:00:00.0 +0900" Stale="false" TaskId="102" offlineSyncState="SYNCHRONIZED"/><Task Active="false" ConnectorKind="local" CreationDate="2014-11-12 10:52:20.317 +0900" DueDate="" EndDate="" Estimated="0" Handle="local-94" IssueURL="" Kind="task" Label="D-10_video-memo_editable_v-1.0" LastModified="now" MarkReadPending="false" ModificationDate="" Notes="" NotifiedIncoming="true" Owner="local" Priority="P3" Reminded="false" RepositoryUrl="local" ScheduledEndDate="2014-11-15 23:59:59.999 +0900" ScheduledStartDate="2014-11-09 00:00:00.0 +0900" Stale="false" TaskId="94" offlineSyncState="SYNCHRONIZED"/><Task Active="false" ConnectorKind="local" CreationDate="2014-10-28 09:30:01.460 +0900" DueDate="" EndDate="" Estimated="0" Handle="local-85" IssueURL="" Kind="task" Label="D-4_MODEL_Genre_v-2.0_remote" LastModified="now" MarkReadPending="false" ModificationDate="" Notes="" NotifiedIncoming="true" Owner="local" Priority="P3" Reminded="false" RepositoryUrl="local" ScheduledEndDate="2014-11-01 23:59:59.999 +0900" ScheduledStartDate="2014-10-26 00:00:00.0 +0900" Stale="false" TaskId="85" offlineSyncState="SYNCHRONIZED"/><Task Active="false" ConnectorKind="local" CreationDate="2015-01-11 20:51:17.687 +0900" DueDate="" EndDate="" Estimated="0" Handle="local-128" IssueURL="" Kind="task" Label="D-114_capacitor_v-1.0" LastModified="now" MarkReadPending="false" ModificationDate="" Notes="" NotifiedIncoming="true" Owner="local" Priority="P3" Reminded="false" RepositoryUrl="local" ScheduledEndDate="2015-01-17 23:59:59.999 +0900" ScheduledStartDate="2015-01-11 00:00:00.0 +0900" Stale="false" TaskId="128" offlineSyncState="SYNCHRONIZED"/><Task Active="false" ConnectorKind="local" CreationDate="2014-09-27 22:24:20.994 +0900" DueDate="" EndDate="2014-10-01 07:37:35.515 +0900" Estimated="0" Handle="local-48" IssueURL="" Kind="task" Label="D-12_colorize-use-mecab_v-1.1_color-Kanji" LastModified="now" MarkReadPending="false" ModificationDate="" Notes="" NotifiedIncoming="true" Owner="local" Priority="P3" Reminded="false" RepositoryUrl="local" ScheduledEndDate="2014-09-27 23:59:59.999 +0900" ScheduledStartDate="2014-09-21 00:00:00.0 +0900" Stale="false" TaskId="48" offlineSyncState="SYNCHRONIZED"/><Task Active="false" ConnectorKind="local" CreationDate="2014-09-04 22:21:01.64 +0900" DueDate="" EndDate="2014-09-06 11:11:46.67 +0900" Estimated="0" Handle="local-10" IssueURL="" Kind="task" Label="D-2_model_Image_v-3.0_pagination" LastModified="now" MarkReadPending="false" ModificationDate="" Notes="" NotifiedIncoming="true" Owner="local" Priority="P3" Reminded="false" RepositoryUrl="local" ScheduledEndDate="2014-09-06 23:59:59.999 +0900" ScheduledStartDate="2014-08-31 00:00:00.0 +0900" Stale="false" TaskId="10" offlineSyncState="SYNCHRONIZED"/><Task Active="false" ConnectorKind="local" CreationDate="2014-09-26 09:26:21.505 +0900" DueDate="" EndDate="2014-10-01 07:38:12.712 +0900" Estimated="0" Handle="local-46" IssueURL="" Kind="task" Label="D-11_history_v-2.1_save-content" LastModified="now" MarkReadPending="false" ModificationDate="" Notes="" NotifiedIncoming="true" Owner="local" Priority="P3" Reminded="false" RepositoryUrl="local" ScheduledEndDate="2014-09-27 23:59:59.999 +0900" ScheduledStartDate="2014-09-21 00:00:00.0 +0900" Stale="false" TaskId="46" offlineSyncState="SYNCHRONIZED"/><Task Active="false" ConnectorKind="local" CreationDate="2014-10-17 09:51:57.352 +0900" DueDate="" EndDate="" Estimated="0" Handle="local-69" IssueURL="" Kind="task" Label="D-2_get-eq-info_v-1.3_paginate" LastModified="now" MarkReadPending="false" ModificationDate="" Notes="" NotifiedIncoming="true" Owner="local" Priority="P3" Reminded="false" RepositoryUrl="local" ScheduledEndDate="2014-10-18 23:59:59.999 +0900" ScheduledStartDate="2014-10-12 00:00:00.0 +0900" Stale="false" TaskId="69" offlineSyncState="SYNCHRONIZED"/><Task Active="false" ConnectorKind="local" CreationDate="2015-01-18 10:01:41.155 +0900" DueDate="" EndDate="" Estimated="0" Handle="local-135" IssueURL="" Kind="task" Label="D-4_experiments_v-2.0_filter,sort" LastModified="now" MarkReadPending="false" ModificationDate="" Notes="" NotifiedIncoming="true" Owner="local" Priority="P3" Reminded="false" RepositoryUrl="local" ScheduledEndDate="2015-01-24 23:59:59.999 +0900" ScheduledStartDate="2015-01-18 00:00:00.0 +0900" Stale="false" TaskId="135" offlineSyncState="SYNCHRONIZED"/><Task Active="false" ConnectorKind="local" CreationDate="2014-09-22 15:14:50.961 +0900" DueDate="" EndDate="2014-09-23 10:14:36.868 +0900" Estimated="0" Handle="local-37" IssueURL="" Kind="task" Label="D-9_build-articles-list_v-1.1_all-categories" LastModified="now" MarkReadPending="false" ModificationDate="" Notes="" NotifiedIncoming="true" Owner="local" Priority="P3" Reminded="false" RepositoryUrl="local" ScheduledEndDate="2014-09-27 23:59:59.999 +0900" ScheduledStartDate="2014-09-21 00:00:00.0 +0900" Stale="false" TaskId="37" offlineSyncState="SYNCHRONIZED"/><Task Active="false" ConnectorKind="local" CreationDate="2014-12-11 20:07:03.726 +0900" DueDate="" EndDate="" Estimated="0" Handle="local-114" IssueURL="" Kind="task" Label="D-11_MISC-1_add-video_mouseover_v-1.0" LastModified="now" MarkReadPending="false" ModificationDate="" Notes="" NotifiedIncoming="true" Owner="local" Priority="P3" Reminded="false" RepositoryUrl="local" ScheduledEndDate="2014-12-13 23:59:59.999 +0900" ScheduledStartDate="2014-12-07 00:00:00.0 +0900" Stale="false" TaskId="114" offlineSyncState="SYNCHRONIZED"/><Task Active="false" ConnectorKind="local" CreationDate="2014-09-22 15:33:00.381 +0900" DueDate="" EndDate="2014-09-23 10:14:36.868 +0900" Estimated="0" Handle="local-38" IssueURL="" Kind="task" Label="D-9_build-articles-list_v-1.2" LastModified="now" MarkReadPending="false" ModificationDate="" Notes="" NotifiedIncoming="true" Owner="local" Priority="P3" Reminded="false" RepositoryUrl="local" ScheduledEndDate="2014-09-27 23:59:59.999 +0900" ScheduledStartDate="2014-09-21 00:00:00.0 +0900" Stale="false" TaskId="38" offlineSyncState="SYNCHRONIZED"/><Task Active="false" ConnectorKind="local" CreationDate="2014-11-22 21:21:00.42 +0900" DueDate="" EndDate="2014-12-04 15:34:19.921 +0900" Estimated="0" Handle="local-99" IssueURL="" Kind="task" Label="D-108_Aoki-programs_v-2.5.3_TEST_RRF,RLF" LastModified="now" MarkReadPending="false" ModificationDate="" Notes="" NotifiedIncoming="true" Owner="local" Priority="P3" Reminded="false" RepositoryUrl="local" ScheduledEndDate="2014-11-22 23:59:59.999 +0900" ScheduledStartDate="2014-11-16 00:00:00.0 +0900" Stale="false" TaskId="99" offlineSyncState="SYNCHRONIZED"/><Task Active="false" ConnectorKind="local" CreationDate="2014-09-25 21:47:40.256 +0900" DueDate="" EndDate="2014-10-01 07:38:12.712 +0900" Estimated="0" Handle="local-45" IssueURL="" Kind="task" Label="D-11_history_v-2.0_new-func_open-article" LastModified="now" MarkReadPending="false" ModificationDate="" Notes="" NotifiedIncoming="true" Owner="local" Priority="P3" Reminded="false" RepositoryUrl="local" ScheduledEndDate="2014-09-27 23:59:59.999 +0900" ScheduledStartDate="2014-09-21 00:00:00.0 +0900" Stale="false" TaskId="45" offlineSyncState="SYNCHRONIZED"/><Task Active="false" ConnectorKind="local" CreationDate="2014-09-21 15:15:46.619 +0900" DueDate="" EndDate="2014-09-23 10:14:36.867 +0900" Estimated="0" Handle="local-33" IssueURL="" Kind="task" Label="D-7_read-csv_categories_v-1.0" LastModified="now" MarkReadPending="false" ModificationDate="" Notes="" NotifiedIncoming="true" Owner="local" Priority="P3" Reminded="false" RepositoryUrl="local" ScheduledEndDate="2014-09-27 23:59:59.999 +0900" ScheduledStartDate="2014-09-21 00:00:00.0 +0900" Stale="false" TaskId="33" offlineSyncState="SYNCHRONIZED"/><Task Active="false" ConnectorKind="local" CreationDate="2014-09-29 21:13:25.922 +0900" DueDate="" EndDate="2014-10-01 07:37:35.516 +0900" Estimated="0" Handle="local-53" IssueURL="" Kind="task" Label="D-12_colorize-use-mecab_v-2.2b_paginate-history" LastModified="now" MarkReadPending="false" ModificationDate="" Notes="" NotifiedIncoming="true" Owner="local" Priority="P3" Reminded="false" RepositoryUrl="local" ScheduledEndDate="2014-10-04 23:59:59.999 +0900" ScheduledStartDate="2014-09-28 00:00:00.0 +0900" Stale="false" TaskId="53" offlineSyncState="SYNCHRONIZED"/><Task Active="false" ConnectorKind="local" CreationDate="2014-11-05 08:53:35.341 +0900" DueDate="" EndDate="" Estimated="0" Handle="local-92" IssueURL="" Kind="task" Label="D-19_delete-word_v-1.0" LastModified="now" MarkReadPending="false" ModificationDate="" Notes="" NotifiedIncoming="true" Owner="local" Priority="P3" Reminded="false" RepositoryUrl="local" ScheduledEndDate="2014-11-08 23:59:59.999 +0900" ScheduledStartDate="2014-11-02 00:00:00.0 +0900" Stale="false" TaskId="92" offlineSyncState="SYNCHRONIZED"/><Task Active="false" ConnectorKind="local" CreationDate="2014-12-01 21:23:15.17 +0900" DueDate="" EndDate="2014-12-04 15:34:19.920 +0900" Estimated="0" Handle="local-103" IssueURL="" Kind="task" Label="D-108_Aoki-programs_v-2.6.1" LastModified="now" MarkReadPending="false" ModificationDate="" Notes="" NotifiedIncoming="true" Owner="local" Priority="P3" Reminded="false" RepositoryUrl="local" ScheduledEndDate="2014-12-06 23:59:59.999 +0900" ScheduledStartDate="2014-11-30 00:00:00.0 +0900" Stale="false" TaskId="103" offlineSyncState="SYNCHRONIZED"/><Task Active="false" ConnectorKind="local" CreationDate="2014-12-18 21:17:13.220 +0900" DueDate="" EndDate="" Estimated="0" Handle="local-121" IssueURL="" Kind="task" Label="D-111_INT-stopwatch_v-3.2_disp-time" LastModified="now" MarkReadPending="false" ModificationDate="" Notes="" NotifiedIncoming="true" Owner="local" Priority="P3" Reminded="false" RepositoryUrl="local" ScheduledEndDate="2014-12-20 23:59:59.999 +0900" ScheduledStartDate="2014-12-14 00:00:00.0 +0900" Stale="false" TaskId="121" offlineSyncState="SYNCHRONIZED"/><Task Active="false" ConnectorKind="local" CreationDate="2014-10-28 09:22:46.107 +0900" DueDate="" EndDate="2014-10-28 09:37:12.476 +0900" Estimated="0" Handle="local-84" IssueURL="" Kind="task" Label="D-4_MODEL_Genre_v-1.1_other-views" LastModified="now" MarkReadPending="false" ModificationDate="" Notes="" NotifiedIncoming="true" Owner="local" Priority="P3" Reminded="false" RepositoryUrl="local" ScheduledEndDate="2014-11-01 23:59:59.999 +0900" ScheduledStartDate="2014-10-26 00:00:00.0 +0900" Stale="false" TaskId="84" offlineSyncState="SYNCHRONIZED"/><Task Active="false" ConnectorKind="local" CreationDate="2014-09-05 16:57:30.276 +0900" DueDate="" EndDate="2014-09-08 11:05:21.283 +0900" Estimated="0" Handle="local-12" IssueURL="" Kind="task" Label="v-3.1_signals_4-patterns" LastModified="now" MarkReadPending="false" ModificationDate="" Notes="" NotifiedIncoming="true" Owner="local" Priority="P3" Reminded="false" RepositoryUrl="local" ScheduledEndDate="2014-09-06 23:59:59.999 +0900" ScheduledStartDate="2014-08-31 00:00:00.0 +0900" Stale="false" TaskId="12" offlineSyncState="SYNCHRONIZED"/><Task Active="false" ConnectorKind="local" CreationDate="2014-10-15 11:33:45.836 +0900" DueDate="" EndDate="" Estimated="0" Handle="local-65" IssueURL="" Kind="task" Label="D-14-2_get-eq-info_v-1.0" LastModified="now" MarkReadPending="false" ModificationDate="" Notes="" NotifiedIncoming="true" Owner="local" Priority="P3" Reminded="false" RepositoryUrl="local" ScheduledEndDate="2014-10-18 23:59:59.999 +0900" ScheduledStartDate="2014-10-12 00:00:00.0 +0900" Stale="false" TaskId="65" offlineSyncState="SYNCHRONIZED"/><Task Active="false" ConnectorKind="local" CreationDate="2015-01-14 11:16:08.519 +0900" DueDate="" EndDate="2015-01-14 17:03:36.14 +0900" Estimated="0" Handle="local-129" IssueURL="" Kind="task" Label="D-17_history_search-keywords_v-1.0" LastModified="now" MarkReadPending="false" ModificationDate="" Notes="" NotifiedIncoming="true" Owner="local" Priority="P3" Reminded="false" RepositoryUrl="local" ScheduledEndDate="2015-01-17 23:59:59.999 +0900" ScheduledStartDate="2015-01-11 00:00:00.0 +0900" Stale="false" TaskId="129" offlineSyncState="SYNCHRONIZED"/><Task Active="false" ConnectorKind="local" CreationDate="2014-09-29 14:25:24.170 +0900" DueDate="" EndDate="2014-10-01 07:37:35.514 +0900" Estimated="0" Handle="local-49" IssueURL="" Kind="task" Label="D-12_colorize-use-mecab_v-2.0_save-tokens" LastModified="now" MarkReadPending="false" ModificationDate="" Notes="" NotifiedIncoming="true" Owner="local" Priority="P3" Reminded="false" RepositoryUrl="local" ScheduledEndDate="2014-10-04 23:59:59.999 +0900" ScheduledStartDate="2014-09-28 00:00:00.0 +0900" Stale="false" TaskId="49" offlineSyncState="SYNCHRONIZED"/><Task Active="false" ConnectorKind="local" CreationDate="2014-12-04 19:04:08.198 +0900" DueDate="" EndDate="2014-12-15 21:43:48.294 +0900" Estimated="0" Handle="local-109" IssueURL="" Kind="task" Label="D-110_LCD+ANSEL_v-2.2_ANSEL-full" LastModified="now" MarkReadPending="false" ModificationDate="" Notes="" NotifiedIncoming="true" Owner="local" Priority="P3" Reminded="false" RepositoryUrl="local" ScheduledEndDate="2014-12-06 23:59:59.999 +0900" ScheduledStartDate="2014-11-30 00:00:00.0 +0900" Stale="false" TaskId="109" offlineSyncState="SYNCHRONIZED"/><Task Active="false" ConnectorKind="local" CreationDate="2014-12-04 16:28:06.392 +0900" DueDate="" EndDate="2014-12-15 21:43:48.294 +0900" Estimated="0" Handle="local-108" IssueURL="" Kind="task" Label="D-110_LCD+ANSEL_v-2.0_ANSEL" LastModified="now" MarkReadPending="false" ModificationDate="" Notes="" NotifiedIncoming="true" Owner="local" Priority="P3" Reminded="false" RepositoryUrl="local" ScheduledEndDate="2014-12-06 23:59:59.999 +0900" ScheduledStartDate="2014-11-30 00:00:00.0 +0900" Stale="false" TaskId="108" offlineSyncState="SYNCHRONIZED"/><Task Active="false" ConnectorKind="local" CreationDate="2015-01-18 12:05:32.400 +0900" DueDate="" EndDate="" Estimated="0" Handle="local-136" IssueURL="" Kind="task" Label="D-4_experiments_v-2.2_filter_history" LastModified="now" MarkReadPending="false" ModificationDate="" Notes="" NotifiedIncoming="true" Owner="local" Priority="P3" Reminded="false" RepositoryUrl="local" ScheduledEndDate="2015-01-24 23:59:59.999 +0900" ScheduledStartDate="2015-01-18 00:00:00.0 +0900" Stale="false" TaskId="136" offlineSyncState="SYNCHRONIZED"/><Task Active="false" ConnectorKind="local" CreationDate="2014-09-29 16:38:37.858 +0900" DueDate="" EndDate="2014-10-01 07:37:35.517 +0900" Estimated="0" Handle="local-50" IssueURL="" Kind="task" Label="D-12_colorize-use-mecab_v-2.1_delete-all-tokens" LastModified="now" MarkReadPending="false" ModificationDate="" Notes="" NotifiedIncoming="true" Owner="local" Priority="P3" Reminded="false" RepositoryUrl="local" ScheduledEndDate="2014-10-04 23:59:59.999 +0900" ScheduledStartDate="2014-09-28 00:00:00.0 +0900" Stale="false" TaskId="50" offlineSyncState="SYNCHRONIZED"/><Task Active="false" ConnectorKind="local" CreationDate="2014-11-10 10:57:17.82 +0900" DueDate="" EndDate="2014-11-12 10:52:18.461 +0900" Estimated="0" Handle="local-93" IssueURL="" Kind="task" Label="D-9_paginate_vm-list_v-1.0" LastModified="now" MarkReadPending="false" ModificationDate="" Notes="" NotifiedIncoming="true" Owner="local" Priority="P3" Reminded="false" RepositoryUrl="local" ScheduledEndDate="2014-11-15 23:59:59.999 +0900" ScheduledStartDate="2014-11-09 00:00:00.0 +0900" Stale="false" TaskId="93" offlineSyncState="SYNCHRONIZED"/><Task Active="false" ConnectorKind="local" CreationDate="2014-10-16 10:20:34.583 +0900" DueDate="" EndDate="" Estimated="0" Handle="local-66" IssueURL="" Kind="task" Label="D-14-2_get-eq-info_v-1.1_get-info_all-items" LastModified="now" MarkReadPending="false" ModificationDate="" Notes="" NotifiedIncoming="true" Owner="local" Priority="P3" Reminded="false" RepositoryUrl="local" ScheduledEndDate="2014-10-18 23:59:59.999 +0900" ScheduledStartDate="2014-10-12 00:00:00.0 +0900" Stale="false" TaskId="66" offlineSyncState="SYNCHRONIZED"/><Task Active="false" ConnectorKind="local" CreationDate="2014-12-05 18:33:40.735 +0900" DueDate="" EndDate="2014-12-15 21:43:48.294 +0900" Estimated="0" Handle="local-110" IssueURL="" Kind="task" Label="D-110_LCD+ANSEL_v-3.0_fraction" LastModified="now" MarkReadPending="false" ModificationDate="" Notes="" NotifiedIncoming="true" Owner="local" Priority="P3" Reminded="false" RepositoryUrl="local" ScheduledEndDate="2014-12-06 23:59:59.999 +0900" ScheduledStartDate="2014-11-30 00:00:00.0 +0900" Stale="false" TaskId="110" offlineSyncState="SYNCHRONIZED"/><Task Active="false" ConnectorKind="local" CreationDate="2014-08-26 21:00:08.738 +0900" DueDate="" EndDate="" Estimated="0" Handle="local-5" IssueURL="" Kind="task" Label="v-1.0" LastModified="now" MarkReadPending="false" ModificationDate="" Notes="" NotifiedIncoming="true" Owner="local" Priority="P3" Reminded="false" RepositoryUrl="local" ScheduledEndDate="2014-08-30 23:59:59.999 +0900" ScheduledStartDate="2014-08-24 00:00:00.0 +0900" Stale="false" TaskId="5" offlineSyncState="SYNCHRONIZED"/><Task Active="false" ConnectorKind="local" CreationDate="2014-09-22 15:54:03.124 +0900" DueDate="" EndDate="2014-09-23 10:14:36.867 +0900" Estimated="0" Handle="local-39" IssueURL="" Kind="task" Label="D-9_build-articles-list_v-2.0_2-categories" LastModified="now" MarkReadPending="false" ModificationDate="" Notes="" NotifiedIncoming="true" Owner="local" Priority="P3" Reminded="false" RepositoryUrl="local" ScheduledEndDate="2014-09-27 23:59:59.999 +0900" ScheduledStartDate="2014-09-21 00:00:00.0 +0900" Stale="false" TaskId="39" offlineSyncState="SYNCHRONIZED"/><Task Active="false" ConnectorKind="local" CreationDate="2014-09-25 13:28:17.583 +0900" DueDate="" EndDate="2014-10-01 07:38:24.297 +0900" Estimated="0" Handle="local-43" IssueURL="" Kind="task" Label="D-6_db-Keyword_v-3.0_lister-to-category-list" LastModified="now" MarkReadPending="false" ModificationDate="" Notes="" NotifiedIncoming="true" Owner="local" Priority="P3" Reminded="false" RepositoryUrl="local" ScheduledEndDate="2014-09-27 23:59:59.999 +0900" ScheduledStartDate="2014-09-21 00:00:00.0 +0900" Stale="false" TaskId="43" offlineSyncState="SYNCHRONIZED"/><Task Active="false" ConnectorKind="local" CreationDate="2014-09-21 16:38:20.982 +0900" DueDate="" EndDate="2014-09-23 10:14:36.867 +0900" Estimated="0" Handle="local-34" IssueURL="" Kind="task" Label="D-7_read-csv_categories_v-2.0_save-all" LastModified="now" MarkReadPending="false" ModificationDate="" Notes="" NotifiedIncoming="true" Owner="local" Priority="P3" Reminded="false" RepositoryUrl="local" ScheduledEndDate="2014-09-27 23:59:59.999 +0900" ScheduledStartDate="2014-09-21 00:00:00.0 +0900" Stale="false" TaskId="34" offlineSyncState="SYNCHRONIZED"/><Task Active="false" ConnectorKind="local" CreationDate="2014-09-25 16:50:42.505 +0900" DueDate="" EndDate="2014-10-01 07:38:12.712 +0900" Estimated="0" Handle="local-44" IssueURL="" Kind="task" Label="D-11_history_v-1.0" LastModified="now" MarkReadPending="false" ModificationDate="" Notes="" NotifiedIncoming="true" Owner="local" Priority="P3" Reminded="false" RepositoryUrl="local" ScheduledEndDate="2014-09-27 23:59:59.999 +0900" ScheduledStartDate="2014-09-21 00:00:00.0 +0900" Stale="false" TaskId="44" offlineSyncState="SYNCHRONIZED"/><Task Active="false" ConnectorKind="local" CreationDate="2014-12-09 21:07:14.159 +0900" DueDate="" EndDate="" Estimated="0" Handle="local-113" IssueURL="" Kind="task" Label="D-111_INT-stopwatch_v-2.0_capacitor" LastModified="now" MarkReadPending="false" ModificationDate="" Notes="" NotifiedIncoming="true" Owner="local" Priority="P3" Reminded="false" RepositoryUrl="local" ScheduledEndDate="2014-12-13 23:59:59.999 +0900" ScheduledStartDate="2014-12-07 00:00:00.0 +0900" Stale="false" TaskId="113" offlineSyncState="SYNCHRONIZED"/><TaskCategory Handle="handle-3" Name="Emb: D-91_remote-color-changer"><TaskReference Handle="local-7"/><TaskReference Handle="local-8"/><TaskReference Handle="local-12"/><TaskReference Handle="local-13"/><TaskReference Handle="local-15"/><TaskReference Handle="local-16"/><TaskReference Handle="local-17"/><TaskReference Handle="local-18"/></TaskCategory><TaskCategory Handle="handle-4" Name="Emb"><TaskReference Handle="local-19"/><TaskReference Handle="local-20"/><TaskReference Handle="local-95"/><TaskReference Handle="local-96"/><TaskReference Handle="local-98"/><TaskReference Handle="local-99"/><TaskReference Handle="local-100"/><TaskReference Handle="local-101"/><TaskReference Handle="local-102"/><TaskReference Handle="local-103"/><TaskReference Handle="local-104"/><TaskReference Handle="local-105"/><TaskReference Handle="local-106"/><TaskReference Handle="local-107"/><TaskReference Handle="local-108"/><TaskReference Handle="local-109"/><TaskReference Handle="local-110"/><TaskReference Handle="local-111"/><TaskReference Handle="local-112"/><TaskReference Handle="local-113"/><TaskReference Handle="local-117"/><TaskReference Handle="local-118"/><TaskReference Handle="local-119"/><TaskReference Handle="local-120"/><TaskReference Handle="local-121"/><TaskReference Handle="local-128"/></TaskCategory><TaskCategory Handle="handle-1" Name="Cake: IFM11"><TaskReference Handle="local-1"/><TaskReference Handle="local-2"/><TaskReference Handle="local-3"/><TaskReference Handle="local-4"/><TaskReference Handle="local-9"/><TaskReference Handle="local-10"/><TaskReference Handle="local-11"/><TaskReference Handle="local-14"/></TaskCategory><TaskCategory Handle="handle-2" Name="ODE: step1"><TaskReference Handle="local-5"/><TaskReference Handle="local-6"/></TaskCategory><TaskCategory Handle="handle-10" Name="Cake: Texts"><TaskReference Handle="local-122"/><TaskReference Handle="local-123"/><TaskReference Handle="local-124"/><TaskReference Handle="local-125"/><TaskReference Handle="local-134"/><TaskReference Handle="local-135"/><TaskReference Handle="local-136"/><TaskReference Handle="local-137"/></TaskCategory><TaskCategory Handle="handle-11" Name="Lisp: Learn"><TaskReference Handle="local-126"/></TaskCategory><TaskCategory Handle="handle-8" Name="Cake: CR6"><TaskReference Handle="local-75"/><TaskReference Handle="local-76"/><TaskReference Handle="local-77"/><TaskReference Handle="local-92"/><TaskReference Handle="local-127"/><TaskReference Handle="local-131"/><TaskReference Handle="local-132"/><TaskReference Handle="local-133"/></TaskCategory><TaskCategory Handle="handle-7" Name="Cake: SL3"><TaskReference Handle="local-73"/><TaskReference Handle="local-74"/><TaskReference Handle="local-78"/><TaskReference Handle="local-79"/><TaskReference Handle="local-80"/><TaskReference Handle="local-81"/><TaskReference Handle="local-82"/><TaskReference Handle="local-83"/><TaskReference Handle="local-84"/><TaskReference Handle="local-85"/><TaskReference Handle="local-86"/><TaskReference Handle="local-87"/><TaskReference Handle="local-88"/><TaskReference Handle="local-89"/><TaskReference Handle="local-90"/><TaskReference Handle="local-91"/></TaskCategory><TaskCategory Handle="handle-6" Name="Cake: EQ"><TaskReference Handle="local-69"/><TaskReference Handle="local-70"/><TaskReference Handle="local-71"/><TaskReference Handle="local-115"/><TaskReference Handle="local-116"/></TaskCategory><TaskCategory Handle="handle-5" Name="Cake: NR5"><TaskReference Handle="local-21"/><TaskReference Handle="local-22"/><TaskReference Handle="local-23"/><TaskReference Handle="local-24"/><TaskReference Handle="local-25"/><TaskReference Handle="local-26"/><TaskReference Handle="local-27"/><TaskReference Handle="local-28"/><TaskReference Handle="local-29"/><TaskReference Handle="local-30"/><TaskReference Handle="local-31"/><TaskReference Handle="local-32"/><TaskReference Handle="local-33"/><TaskReference Handle="local-34"/><TaskReference Handle="local-35"/><TaskReference Handle="local-36"/><TaskReference Handle="local-37"/><TaskReference Handle="local-38"/><TaskReference Handle="local-39"/><TaskReference Handle="local-40"/><TaskReference Handle="local-41"/><TaskReference Handle="local-42"/><TaskReference Handle="local-43"/><TaskReference Handle="local-44"/><TaskReference Handle="local-45"/><TaskReference Handle="local-46"/><TaskReference Handle="local-47"/><TaskReference Handle="local-48"/><TaskReference Handle="local-49"/><TaskReference Handle="local-50"/><TaskReference Handle="local-51"/><TaskReference Handle="local-52"/><TaskReference Handle="local-53"/><TaskReference Handle="local-54"/><TaskReference Handle="local-55"/><TaskReference Handle="local-56"/><TaskReference Handle="local-57"/><TaskReference Handle="local-58"/><TaskReference Handle="local-59"/><TaskReference Handle="local-60"/><TaskReference Handle="local-61"/><TaskReference Handle="local-62"/><TaskReference Handle="local-63"/><TaskReference Handle="local-64"/><TaskReference Handle="local-65"/><TaskReference Handle="local-66"/><TaskReference Handle="local-67"/><TaskReference Handle="local-68"/><TaskReference Handle="local-72"/><TaskReference Handle="local-97"/><TaskReference Handle="local-129"/><TaskReference Handle="local-130"/></TaskCategory><TaskCategory Handle="Uncategorized" Name="Uncategorized"/><TaskCategory Handle="handle-9" Name="Cake: VM"><TaskReference Handle="local-93"/><TaskReference Handle="local-94"/><TaskReference Handle="local-114"/></TaskCategory></TaskList>