<?xml version="1.0" encoding="UTF-8"?><InteractionHistory Id="local-12" Version="1"><InteractionEvent Delta="null" EndDate="2014-09-05 21:24:37.215 JST" Interest="227.0" Kind="propagation" Navigation="org.eclipse.mylyn.core.model.edges.containment" OriginId="org.eclipse.mylyn.core.model.interest.propagation" StartDate="2014-09-05 18:56:39.911 JST" StructureHandle="" StructureKind="c/c++" NumEvents="272" CreationCount="1"/><InteractionEvent Delta="null" EndDate="2014-09-05 19:08:58.204 JST" Interest="1.0" Kind="selection" Navigation="null" OriginId="org.eclipse.ui.views.ContentOutline" StartDate="2014-09-05 19:08:58.204 JST" StructureHandle="=Embedded{D-90~\/D-91_PIC16_color_changer\/D-91_PIC16_color_changer_v-3.1\/D-91_PIC16_color_changer_v-3.1.c[_Delay_50ms#74(void" StructureKind="c/c++"/><InteractionEvent Delta="null" EndDate="2014-09-05 19:10:23.635 JST" Interest="35.0" Kind="edit" Navigation="null" OriginId="org.eclipse.cdt.ui.editor.CEditor" StartDate="2014-09-05 18:56:43.683 JST" StructureHandle="=Embedded{D-90~\/D-91_PIC16_color_changer\/D-91_PIC16_color_changer_v-3.1\/D-91_PIC16_color_changer_v-3.1.c[_custom_lower_num#74(int" StructureKind="c/c++" NumEvents="35" CreationCount="2"/><InteractionEvent Delta="null" EndDate="2014-09-05 19:10:25.320 JST" Interest="7.0" Kind="selection" Navigation="null" OriginId="org.eclipse.ui.views.ContentOutline" StartDate="2014-09-05 18:56:40.376 JST" StructureHandle="=Embedded{D-90~\/D-91_PIC16_color_changer\/D-91_PIC16_color_changer_v-3.1\/D-91_PIC16_color_changer_v-3.1.c[_custom_lower_num#74(int" StructureKind="c/c++" NumEvents="7" CreationCount="2"/><InteractionEvent Delta="null" EndDate="2014-09-05 21:24:37.214 JST" Interest="227.0" Kind="propagation" Navigation="org.eclipse.mylyn.core.model.edges.containment" OriginId="org.eclipse.mylyn.core.model.interest.propagation" StartDate="2014-09-05 18:56:39.911 JST" StructureHandle="/Embedded/D-90~" StructureKind="resource" NumEvents="272" CreationCount="1"/><InteractionEvent Delta="null" EndDate="2014-09-05 19:08:55.78 JST" Interest="7.0" Kind="edit" Navigation="null" OriginId="org.eclipse.cdt.ui.editor.CEditor" StartDate="2014-09-05 19:00:41.364 JST" StructureHandle="=Embedded{D-90~\/D-91_PIC16_color_changer\/D-91_PIC16_color_changer_v-3.1\/D-91_PIC16_color_changer_v-3.1.c[_custom_lower_num#73(int" StructureKind="c/c++" NumEvents="7" CreationCount="73"/><InteractionEvent Delta="null" EndDate="2014-09-05 19:08:54.423 JST" Interest="2.0" Kind="selection" Navigation="null" OriginId="org.eclipse.ui.views.ContentOutline" StartDate="2014-09-05 19:00:39.927 JST" StructureHandle="=Embedded{D-90~\/D-91_PIC16_color_changer\/D-91_PIC16_color_changer_v-3.1\/D-91_PIC16_color_changer_v-3.1.c[_custom_lower_num#73(int" StructureKind="c/c++" NumEvents="2" CreationCount="73"/><InteractionEvent Delta="null" EndDate="2014-09-05 21:24:37.215 JST" Interest="272.0" Kind="propagation" Navigation="org.eclipse.mylyn.core.model.edges.containment" OriginId="org.eclipse.mylyn.core.model.interest.propagation" StartDate="2014-09-05 18:56:39.911 JST" StructureHandle="/" StructureKind="resource" NumEvents="272" CreationCount="1"/><InteractionEvent Delta="null" EndDate="2014-09-05 21:24:37.213 JST" Interest="227.0" Kind="propagation" Navigation="org.eclipse.mylyn.core.model.edges.containment" OriginId="org.eclipse.mylyn.core.model.interest.propagation" StartDate="2014-09-05 18:56:39.909 JST" StructureHandle="/Embedded/D-90~/D-91_PIC16_color_changer/D-91_PIC16_color_changer_v-3.1" StructureKind="resource" NumEvents="272" CreationCount="1"/><InteractionEvent Delta="null" EndDate="2014-09-05 21:24:37.213 JST" Interest="227.0" Kind="propagation" Navigation="org.eclipse.mylyn.core.model.edges.containment" OriginId="org.eclipse.mylyn.core.model.interest.propagation" StartDate="2014-09-05 18:56:39.910 JST" StructureHandle="/Embedded/D-90~/D-91_PIC16_color_changer" StructureKind="resource" NumEvents="272" CreationCount="1"/><InteractionEvent Delta="null" EndDate="2014-09-05 21:24:37.206 JST" Interest="91.0" Kind="edit" Navigation="null" OriginId="org.eclipse.cdt.ui.editor.CEditor" StartDate="2014-09-05 18:56:48.281 JST" StructureHandle="=Embedded{D-90~\/D-91_PIC16_color_changer\/D-91_PIC16_color_changer_v-3.1\/D-91_PIC16_color_changer_v-3.1.c[_Opearations#74" StructureKind="c/c++" NumEvents="91" CreationCount="6"/><InteractionEvent Delta="null" EndDate="2014-09-05 19:10:29.293 JST" Interest="4.0" Kind="selection" Navigation="null" OriginId="org.eclipse.ui.views.ContentOutline" StartDate="2014-09-05 18:56:47.564 JST" StructureHandle="=Embedded{D-90~\/D-91_PIC16_color_changer\/D-91_PIC16_color_changer_v-3.1\/D-91_PIC16_color_changer_v-3.1.c[_Opearations#74" StructureKind="c/c++" NumEvents="4" CreationCount="6"/><InteractionEvent Delta="null" EndDate="2014-09-05 19:00:37.472 JST" Interest="2.0" Kind="edit" Navigation="null" OriginId="org.eclipse.cdt.ui.editor.CEditor" StartDate="2014-09-05 19:00:34.70 JST" StructureHandle="=Embedded{D-90~\/D-91_PIC16_color_changer\/D-91_PIC16_color_changer_v-3.1\/D-91_PIC16_color_changer_v-3.1.c" StructureKind="c/c++" NumEvents="2" CreationCount="2"/><InteractionEvent Delta="null" EndDate="2014-09-05 21:24:37.207 JST" Interest="62.368" Kind="propagation" Navigation="org.eclipse.mylyn.core.model.edges.containment" OriginId="org.eclipse.mylyn.core.model.interest.propagation" StartDate="2014-09-05 18:56:40.378 JST" StructureHandle="=Embedded{D-90~\/D-91_PIC16_color_changer\/D-91_PIC16_color_changer_v-3.1\/D-91_PIC16_color_changer_v-3.1.c" StructureKind="c/c++" NumEvents="90" CreationCount="2"/><InteractionEvent Delta="null" EndDate="2014-09-05 19:08:55.682 JST" Interest="4.0" Kind="selection" Navigation="null" OriginId="org.eclipse.cdt.ui.editor.CEditor" StartDate="2014-09-05 19:00:31.791 JST" StructureHandle="=Embedded{D-90~\/D-91_PIC16_color_changer\/D-91_PIC16_color_changer_v-3.1\/D-91_PIC16_color_changer_v-3.1.c" StructureKind="c/c++" NumEvents="4" CreationCount="2"/><InteractionEvent Delta="null" EndDate="2014-09-05 19:00:32.367 JST" Interest="1.0" Kind="selection" Navigation="null" OriginId="org.eclipse.cdt.ui.editor.CEditor" StartDate="2014-09-05 19:00:32.367 JST" StructureHandle="=Embedded{D-90~\/D-91_PIC16_color_changer\/D-91_PIC16_color_changer_v-3.1\/D-91_PIC16_color_changer_v-3.1.c[i#76" StructureKind="c/c++"/><InteractionEvent Delta="null" EndDate="2014-09-05 21:24:37.214 JST" Interest="227.0" Kind="propagation" Navigation="org.eclipse.mylyn.core.model.edges.containment" OriginId="org.eclipse.mylyn.core.model.interest.propagation" StartDate="2014-09-05 18:56:39.911 JST" StructureHandle="=Embedded" StructureKind="c/c++" NumEvents="272" CreationCount="1"/><InteractionEvent Delta="null" EndDate="2014-09-05 21:24:37.214 JST" Interest="272.0" Kind="propagation" Navigation="null" OriginId="org.eclipse.cdt.ui.editor.CEditor" StartDate="2014-09-05 18:56:39.911 JST" StructureHandle="/Embedded" StructureKind="resource" NumEvents="272" CreationCount="1"/><InteractionEvent Delta="null" EndDate="2014-09-05 21:24:37.212 JST" Interest="150.0" Kind="edit" Navigation="null" OriginId="org.eclipse.cdt.ui.editor.CEditor" StartDate="2014-09-05 18:56:40.391 JST" StructureHandle="/Embedded/D-90~/D-91_PIC16_color_changer/D-91_PIC16_color_changer_v-3.1/D-91_PIC16_color_changer_v-3.1.c" StructureKind="resource" NumEvents="150" CreationCount="1"/><InteractionEvent Delta="null" EndDate="2014-09-05 21:24:37.208 JST" Interest="121.0" Kind="propagation" Navigation="null" OriginId="org.eclipse.cdt.ui.editor.CEditor" StartDate="2014-09-05 18:56:40.379 JST" StructureHandle="/Embedded/D-90~/D-91_PIC16_color_changer/D-91_PIC16_color_changer_v-3.1/D-91_PIC16_color_changer_v-3.1.c" StructureKind="resource" NumEvents="121" CreationCount="1"/><InteractionEvent Delta="null" EndDate="2014-09-05 18:56:39.857 JST" Interest="1.0" Kind="selection" Navigation="null" OriginId="org.eclipse.cdt.ui.editor.CEditor" StartDate="2014-09-05 18:56:39.857 JST" StructureHandle="/Embedded/D-90~/D-91_PIC16_color_changer/D-91_PIC16_color_changer_v-3.1/D-91_PIC16_color_changer_v-3.1.c" StructureKind="resource"/></InteractionHistory>