<?xml version="1.0" encoding="UTF-8"?><InteractionHistory Id="local-1" Version="1"><InteractionEvent Delta="null" EndDate="2014-08-18 21:32:04.357 JST" Interest="161.352" Kind="propagation" Navigation="org.eclipse.mylyn.core.model.edges.containment" OriginId="org.eclipse.mylyn.core.model.interest.propagation" StartDate="2014-08-18 16:39:00.619 JST" StructureHandle="" StructureKind="c/c++" NumEvents="226" CreationCount="1"/><InteractionEvent Delta="null" EndDate="2014-08-18 21:15:17.88 JST" Interest="1.0" Kind="propagation" Navigation="org.eclipse.mylyn.core.model.edges.containment" OriginId="org.eclipse.mylyn.core.model.interest.propagation" StartDate="2014-08-18 21:15:17.88 JST" StructureHandle="/Cake_IFM11/app/tmp" StructureKind="resource"/><InteractionEvent Delta="null" EndDate="2014-08-18 19:17:09.810 JST" Interest="1.0" Kind="selection" Navigation="null" OriginId="org.eclipse.ui.views.ResourceNavigator" StartDate="2014-08-18 19:17:09.810 JST" StructureHandle="/Cake_IFM11/.gitattributes" StructureKind="resource"/><InteractionEvent Delta="null" EndDate="2014-08-18 21:02:55.744 JST" Interest="0.71900034" Kind="manipulation" Navigation="null" OriginId="org.eclipse.mylyn.core.model.interest.decay.correction" StartDate="2014-08-18 21:02:55.744 JST" StructureHandle="/Cake_IFM11/.gitignore" StructureKind="resource"/><InteractionEvent Delta="null" EndDate="2014-08-18 21:15:11.820 JST" Interest="6.0" Kind="selection" Navigation="null" OriginId="org.eclipse.ui.views.ResourceNavigator" StartDate="2014-08-18 21:02:55.744 JST" StructureHandle="/Cake_IFM11/.gitignore" StructureKind="resource" NumEvents="6" CreationCount="1"/><InteractionEvent Delta="null" EndDate="2014-08-18 21:05:45.564 JST" Interest="8.0" Kind="edit" Navigation="null" OriginId="org.eclipse.ui.DefaultTextEditor" StartDate="2014-08-18 16:39:00.615 JST" StructureHandle="/Cake_IFM11/.gitignore" StructureKind="resource" NumEvents="8" CreationCount="1"/><InteractionEvent Delta="null" EndDate="2014-08-18 21:32:06.165 JST" Interest="1.0" Kind="propagation" Navigation="null" OriginId="org.eclipse.mylyn.resources.ui.interest.updater" StartDate="2014-08-18 21:32:06.165 JST" StructureHandle="/Cake_IFM11/a.bat" StructureKind="resource"/><InteractionEvent Delta="null" EndDate="2014-08-18 21:03:53.480 JST" Interest="1.0" Kind="selection" Navigation="null" OriginId="org.eclipse.ui.views.ResourceNavigator" StartDate="2014-08-18 21:03:53.480 JST" StructureHandle="/Cake_IFM11/app/webroot/test.php" StructureKind="resource"/><InteractionEvent Delta="null" EndDate="2014-08-18 21:32:04.357 JST" Interest="3.0" Kind="selection" Navigation="null" OriginId="org.eclipse.ui.views.ResourceNavigator" StartDate="2014-08-18 20:20:52.864 JST" StructureHandle="=Cake_IFM11" StructureKind="c/c++" NumEvents="3" CreationCount="1"/><InteractionEvent Delta="null" EndDate="2014-08-18 21:31:57.892 JST" Interest="158.352" Kind="propagation" Navigation="org.eclipse.mylyn.core.model.edges.containment" OriginId="org.eclipse.mylyn.core.model.interest.propagation" StartDate="2014-08-18 16:39:00.618 JST" StructureHandle="=Cake_IFM11" StructureKind="c/c++" NumEvents="222" CreationCount="1"/><InteractionEvent Delta="null" EndDate="2014-08-18 21:32:08.273 JST" Interest="3.0970001" Kind="manipulation" Navigation="null" OriginId="org.eclipse.mylyn.core.model.interest.decay.correction" StartDate="2014-08-18 21:32:08.273 JST" StructureHandle="/Cake_IFM11/app/Config/routes.php" StructureKind="resource"/><InteractionEvent Delta="null" EndDate="2014-08-18 21:32:08.273 JST" Interest="2.0" Kind="selection" Navigation="null" OriginId="org.eclipse.ui.views.ResourceNavigator" StartDate="2014-08-18 21:15:19.15 JST" StructureHandle="/Cake_IFM11/app/Config/routes.php" StructureKind="resource" NumEvents="2" CreationCount="236"/><InteractionEvent Delta="null" EndDate="2014-08-18 20:21:38.36 JST" Interest="4.0" Kind="selection" Navigation="null" OriginId="org.eclipse.ui.views.ResourceNavigator" StartDate="2014-08-18 19:17:15.562 JST" StructureHandle="/Cake_IFM11/app/Controller/PagesController.php" StructureKind="resource" NumEvents="4" CreationCount="7"/><InteractionEvent Delta="null" EndDate="2014-08-18 21:18:29.793 JST" Interest="9.0" Kind="selection" Navigation="null" OriginId="org.eclipse.ui.DefaultTextEditor" StartDate="2014-08-18 20:21:55.70 JST" StructureHandle="/IFM_CAKE_1/win_command_history.txt" StructureKind="resource" NumEvents="9" CreationCount="66"/><InteractionEvent Delta="null" EndDate="2014-08-18 21:19:24.929 JST" Interest="29.0" Kind="edit" Navigation="null" OriginId="org.eclipse.ui.DefaultTextEditor" StartDate="2014-08-18 20:21:55.100 JST" StructureHandle="/IFM_CAKE_1/win_command_history.txt" StructureKind="resource" NumEvents="29" CreationCount="66"/><InteractionEvent Delta="null" EndDate="2014-08-18 20:25:03.941 JST" Interest="1.0" Kind="selection" Navigation="null" OriginId="org.eclipse.ui.views.ResourceNavigator" StartDate="2014-08-18 20:25:03.941 JST" StructureHandle="/Cake_IFM11/app/Console" StructureKind="resource"/><InteractionEvent Delta="null" EndDate="2014-08-18 20:20:30.807 JST" Interest="10.0" Kind="selection" Navigation="null" OriginId="org.eclipse.ui.views.ResourceNavigator" StartDate="2014-08-18 19:17:35.401 JST" StructureHandle="/VM_Cake/app/Controller/VideosController.php" StructureKind="resource" NumEvents="10" CreationCount="13"/><InteractionEvent Delta="null" EndDate="2014-08-18 20:21:07.872 JST" Interest="21.0" Kind="edit" Navigation="null" OriginId="org.eclipse.php.editor" StartDate="2014-08-18 19:17:37.396 JST" StructureHandle="/VM_Cake/app/Controller/VideosController.php" StructureKind="resource" NumEvents="21" CreationCount="13"/><InteractionEvent Delta="null" EndDate="2014-08-18 20:26:42.1 JST" Interest="2.0" Kind="selection" Navigation="null" OriginId="org.eclipse.php.ui.explorer" StartDate="2014-08-18 20:26:38.82 JST" StructureHandle="/VM_Cake/.project" StructureKind="resource" NumEvents="2" CreationCount="109"/><InteractionEvent Delta="null" EndDate="2014-08-18 20:56:34.714 JST" Interest="2.0" Kind="selection" Navigation="null" OriginId="org.eclipse.php.ui.explorer" StartDate="2014-08-18 20:26:11.215 JST" StructureHandle="/VM_Cake/app/Config/database.php.default" StructureKind="resource" NumEvents="2" CreationCount="98"/><InteractionEvent Delta="null" EndDate="2014-08-18 21:15:07.348 JST" Interest="20.0" Kind="selection" Navigation="null" OriginId="org.eclipse.php.editor" StartDate="2014-08-18 20:25:43.757 JST" StructureHandle="/Cake_IFM11/app/Config/database.php" StructureKind="resource" NumEvents="20" CreationCount="88"/><InteractionEvent Delta="null" EndDate="2014-08-18 21:15:07.595 JST" Interest="56.0" Kind="edit" Navigation="null" OriginId="org.eclipse.php.editor" StartDate="2014-08-18 20:25:57.845 JST" StructureHandle="/Cake_IFM11/app/Config/database.php" StructureKind="resource" NumEvents="56" CreationCount="88"/><InteractionEvent Delta="null" EndDate="2014-08-18 20:25:41.532 JST" Interest="1.0" Kind="propagation" Navigation="null" OriginId="org.eclipse.mylyn.resources.ui.interest.updater" StartDate="2014-08-18 20:25:41.532 JST" StructureHandle="/Cake_IFM11/app/Config/database.php" StructureKind="resource"/><InteractionEvent Delta="null" EndDate="2014-08-18 21:32:12.1 JST" Interest="354.0" Kind="propagation" Navigation="null" OriginId="org.eclipse.ui.DefaultTextEditor" StartDate="2014-08-18 16:39:00.619 JST" StructureHandle="/Cake_IFM11" StructureKind="resource" NumEvents="354" CreationCount="1"/><InteractionEvent Delta="null" EndDate="2014-08-18 20:53:37.496 JST" Interest="1.0" Kind="selection" Navigation="null" OriginId="org.eclipse.php.ui.explorer" StartDate="2014-08-18 20:53:37.496 JST" StructureHandle="/VM_Cake/.travis.yml" StructureKind="resource"/><InteractionEvent Delta="null" EndDate="2014-08-18 21:32:00.545 JST" Interest="5.0" Kind="selection" Navigation="null" OriginId="org.eclipse.ui.views.ResourceNavigator" StartDate="2014-08-18 20:22:41.13 JST" StructureHandle="/Cake_IFM11/app/webroot" StructureKind="resource" NumEvents="5" CreationCount="79"/><InteractionEvent Delta="null" EndDate="2014-08-18 21:32:11.17 JST" Interest="6.38" Kind="propagation" Navigation="org.eclipse.mylyn.core.model.edges.containment" OriginId="org.eclipse.mylyn.core.model.interest.propagation" StartDate="2014-08-18 21:03:53.480 JST" StructureHandle="/Cake_IFM11/app/webroot" StructureKind="resource" NumEvents="7" CreationCount="79"/><InteractionEvent Delta="null" EndDate="2014-08-18 21:05:38.635 JST" Interest="1.0" Kind="selection" Navigation="null" OriginId="org.eclipse.ui.views.ResourceNavigator" StartDate="2014-08-18 21:05:38.635 JST" StructureHandle="/Cake_IFM11/app/webroot/index.php" StructureKind="resource"/><InteractionEvent Delta="null" EndDate="2014-08-18 21:25:46.685 JST" Interest="2.0" Kind="prediction" Navigation="null" OriginId="org.eclipse.mylyn.resources.ui.interest.updater" StartDate="2014-08-18 21:25:30.738 JST" StructureHandle="/Cake_IFM11/app/webroot/development.sqlite3" StructureKind="resource" NumEvents="2" CreationCount="219"/><InteractionEvent Delta="null" EndDate="2014-08-18 21:32:11.16 JST" Interest="6.0" Kind="selection" Navigation="null" OriginId="org.eclipse.ui.views.ResourceNavigator" StartDate="2014-08-18 21:04:18.404 JST" StructureHandle="/Cake_IFM11/app/webroot/development.sqlite3" StructureKind="resource" NumEvents="6" CreationCount="219"/><InteractionEvent Delta="null" EndDate="2014-08-18 21:04:17.161 JST" Interest="1.0" Kind="propagation" Navigation="null" OriginId="org.eclipse.mylyn.resources.ui.interest.updater" StartDate="2014-08-18 21:04:17.161 JST" StructureHandle="/Cake_IFM11/app/webroot/development.sqlite3" StructureKind="resource"/><InteractionEvent Delta="null" EndDate="2014-08-18 20:56:33.130 JST" Interest="8.0" Kind="selection" Navigation="null" OriginId="org.eclipse.php.ui.explorer" StartDate="2014-08-18 20:21:10.363 JST" StructureHandle="/VM_Cake/.gitignore" StructureKind="resource" NumEvents="8" CreationCount="51"/><InteractionEvent Delta="null" EndDate="2014-08-18 20:56:25.22 JST" Interest="11.0" Kind="edit" Navigation="null" OriginId="org.eclipse.ui.DefaultTextEditor" StartDate="2014-08-18 20:26:27.814 JST" StructureHandle="/VM_Cake/.gitignore" StructureKind="resource" NumEvents="11" CreationCount="51"/><InteractionEvent Delta="null" EndDate="2014-08-18 20:25:31.694 JST" Interest="2.0" Kind="selection" Navigation="null" OriginId="org.eclipse.ui.views.ResourceNavigator" StartDate="2014-08-18 20:25:04.458 JST" StructureHandle="/Cake_IFM11/app/Config" StructureKind="resource" NumEvents="2" CreationCount="86"/><InteractionEvent Delta="null" EndDate="2014-08-18 21:15:07.596 JST" Interest="58.233997" Kind="propagation" Navigation="org.eclipse.mylyn.core.model.edges.containment" OriginId="org.eclipse.mylyn.core.model.interest.propagation" StartDate="2014-08-18 20:25:29.512 JST" StructureHandle="/Cake_IFM11/app/Config" StructureKind="resource" NumEvents="77" CreationCount="86"/><InteractionEvent Delta="null" EndDate="2014-08-18 21:15:17.85 JST" Interest="1.0" Kind="prediction" Navigation="null" OriginId="org.eclipse.mylyn.resources.ui.interest.updater" StartDate="2014-08-18 21:15:17.85 JST" StructureHandle="/Cake_IFM11/app/tmp/cache/persistent/myapp_cake_core_file_map" StructureKind="resource"/><InteractionEvent Delta="null" EndDate="2014-08-18 20:20:50.547 JST" Interest="3.0" Kind="selection" Navigation="null" OriginId="org.eclipse.ui.views.ResourceNavigator" StartDate="2014-08-18 19:17:21.802 JST" StructureHandle="=VM_Cake" StructureKind="c/c++" NumEvents="3" CreationCount="6"/><InteractionEvent Delta="null" EndDate="2014-08-18 20:20:50.519 JST" Interest="22.419" Kind="propagation" Navigation="org.eclipse.mylyn.core.model.edges.containment" OriginId="org.eclipse.mylyn.core.model.interest.propagation" StartDate="2014-08-18 19:17:24.878 JST" StructureHandle="=VM_Cake" StructureKind="c/c++" NumEvents="32" CreationCount="6"/><InteractionEvent Delta="null" EndDate="2014-08-18 20:25:00.778 JST" Interest="1.0" Kind="selection" Navigation="null" OriginId="org.eclipse.ui.views.ResourceNavigator" StartDate="2014-08-18 20:25:00.778 JST" StructureHandle="/Cake_IFM11/app/Test" StructureKind="resource"/><InteractionEvent Delta="null" EndDate="2014-08-18 21:19:24.929 JST" Interest="29.3" Kind="propagation" Navigation="org.eclipse.mylyn.core.model.edges.containment" OriginId="org.eclipse.mylyn.core.model.interest.propagation" StartDate="2014-08-18 20:21:55.70 JST" StructureHandle="=IFM_CAKE_1" StructureKind="c/c++" NumEvents="38" CreationCount="66"/><InteractionEvent Delta="null" EndDate="2014-08-18 21:32:06.165 JST" Interest="1.0" Kind="propagation" Navigation="null" OriginId="org.eclipse.mylyn.resources.ui.interest.updater" StartDate="2014-08-18 21:32:06.165 JST" StructureHandle="/Cake_IFM11/d.bat" StructureKind="resource"/><InteractionEvent Delta="null" EndDate="2014-08-18 21:32:12.2 JST" Interest="490.0" Kind="propagation" Navigation="null" OriginId="org.eclipse.ui.DefaultTextEditor" StartDate="2014-08-18 16:39:00.619 JST" StructureHandle="/" StructureKind="resource" NumEvents="490" CreationCount="1"/><InteractionEvent Delta="null" EndDate="2014-08-18 21:15:15.488 JST" Interest="2.0" Kind="selection" Navigation="null" OriginId="org.eclipse.ui.views.ResourceNavigator" StartDate="2014-08-18 19:17:10.551 JST" StructureHandle="/Cake_IFM11/app" StructureKind="resource" NumEvents="2" CreationCount="11"/><InteractionEvent Delta="null" EndDate="2014-08-18 21:15:07.596 JST" Interest="60.509" Kind="propagation" Navigation="org.eclipse.mylyn.core.model.edges.containment" OriginId="org.eclipse.mylyn.core.model.interest.propagation" StartDate="2014-08-18 19:17:14.496 JST" StructureHandle="/Cake_IFM11/app" StructureKind="resource" NumEvents="80" CreationCount="11"/><InteractionEvent Delta="null" EndDate="2014-08-18 20:57:58.764 JST" Interest="98.0" Kind="propagation" Navigation="null" OriginId="org.eclipse.php.editor" StartDate="2014-08-18 19:17:21.803 JST" StructureHandle="/VM_Cake" StructureKind="resource" NumEvents="98" CreationCount="9"/><InteractionEvent Delta="null" EndDate="2014-08-18 19:17:33.634 JST" Interest="1.0" Kind="selection" Navigation="null" OriginId="org.eclipse.ui.views.ResourceNavigator" StartDate="2014-08-18 19:17:33.634 JST" StructureHandle="/VM_Cake/app/Controller" StructureKind="resource"/><InteractionEvent Delta="null" EndDate="2014-08-18 20:21:07.874 JST" Interest="23.717001" Kind="propagation" Navigation="org.eclipse.mylyn.core.model.edges.containment" OriginId="org.eclipse.mylyn.core.model.interest.propagation" StartDate="2014-08-18 19:17:35.402 JST" StructureHandle="/VM_Cake/app/Controller" StructureKind="resource" NumEvents="31" CreationCount="12"/><InteractionEvent Delta="null" EndDate="2014-08-18 20:25:29.511 JST" Interest="1.0" Kind="selection" Navigation="null" OriginId="org.eclipse.ui.views.ResourceNavigator" StartDate="2014-08-18 20:25:29.511 JST" StructureHandle="/Cake_IFM11/app/Config/database.php.default" StructureKind="resource"/><InteractionEvent Delta="null" EndDate="2014-08-18 20:20:50.518 JST" Interest="4.0" Kind="selection" Navigation="null" OriginId="org.eclipse.ui.views.ResourceNavigator" StartDate="2014-08-18 20:20:31.793 JST" StructureHandle="/VM_Cake/app/Controller/PositionsController.php" StructureKind="resource" NumEvents="4" CreationCount="42"/><InteractionEvent Delta="null" EndDate="2014-08-18 21:19:24.929 JST" Interest="38.0" Kind="propagation" Navigation="null" OriginId="org.eclipse.ui.DefaultTextEditor" StartDate="2014-08-18 20:21:55.70 JST" StructureHandle="/IFM_CAKE_1" StructureKind="resource" NumEvents="38" CreationCount="66"/><InteractionEvent Delta="null" EndDate="2014-08-18 21:15:17.85 JST" Interest="1.0" Kind="prediction" Navigation="null" OriginId="org.eclipse.mylyn.resources.ui.interest.updater" StartDate="2014-08-18 21:15:17.85 JST" StructureHandle="/Cake_IFM11/app/tmp/cache/persistent/myapp_cake_core_cake_dev_en-us" StructureKind="resource"/><InteractionEvent Delta="null" EndDate="2014-08-18 20:24:58.977 JST" Interest="1.0" Kind="selection" Navigation="null" OriginId="org.eclipse.ui.views.ResourceNavigator" StartDate="2014-08-18 20:24:58.977 JST" StructureHandle="/Cake_IFM11/app/Plugin" StructureKind="resource"/><InteractionEvent Delta="null" EndDate="2014-08-18 21:15:17.87 JST" Interest="1.0" Kind="propagation" Navigation="org.eclipse.mylyn.core.model.edges.containment" OriginId="org.eclipse.mylyn.core.model.interest.propagation" StartDate="2014-08-18 21:15:17.87 JST" StructureHandle="/Cake_IFM11/app/tmp/cache" StructureKind="resource"/><InteractionEvent Delta="null" EndDate="2014-08-18 20:57:58.763 JST" Interest="20.560999" Kind="propagation" Navigation="org.eclipse.mylyn.core.model.edges.containment" OriginId="org.eclipse.mylyn.core.model.interest.propagation" StartDate="2014-08-18 20:26:11.216 JST" StructureHandle="/VM_Cake/app/Config" StructureKind="resource" NumEvents="27" CreationCount="98"/><InteractionEvent Delta="null" EndDate="2014-08-18 19:17:14.493 JST" Interest="1.0" Kind="selection" Navigation="null" OriginId="org.eclipse.ui.views.ResourceNavigator" StartDate="2014-08-18 19:17:14.493 JST" StructureHandle="/Cake_IFM11/app/Controller" StructureKind="resource"/><InteractionEvent Delta="null" EndDate="2014-08-18 20:21:38.37 JST" Interest="2.983" Kind="propagation" Navigation="org.eclipse.mylyn.core.model.edges.containment" OriginId="org.eclipse.mylyn.core.model.interest.propagation" StartDate="2014-08-18 19:17:15.563 JST" StructureHandle="/Cake_IFM11/app/Controller" StructureKind="resource" NumEvents="4" CreationCount="8"/><InteractionEvent Delta="null" EndDate="2014-08-18 19:17:28.844 JST" Interest="2.0" Kind="selection" Navigation="null" OriginId="org.eclipse.ui.views.ResourceNavigator" StartDate="2014-08-18 19:17:24.877 JST" StructureHandle="/VM_Cake/app" StructureKind="resource" NumEvents="2" CreationCount="10"/><InteractionEvent Delta="null" EndDate="2014-08-18 20:21:07.875 JST" Interest="22.751001" Kind="propagation" Navigation="org.eclipse.mylyn.core.model.edges.containment" OriginId="org.eclipse.mylyn.core.model.interest.propagation" StartDate="2014-08-18 19:17:37.145 JST" StructureHandle="/VM_Cake/app" StructureKind="resource" NumEvents="30" CreationCount="10"/><InteractionEvent Delta="null" EndDate="2014-08-18 20:26:01.678 JST" Interest="7.0" Kind="selection" Navigation="null" OriginId="org.eclipse.php.ui.explorer" StartDate="2014-08-18 20:21:27.485 JST" StructureHandle="/VM_Cake/sql.txt" StructureKind="resource" NumEvents="7" CreationCount="54"/><InteractionEvent Delta="null" EndDate="2014-08-18 21:15:17.87 JST" Interest="1.0" Kind="propagation" Navigation="org.eclipse.mylyn.core.model.edges.containment" OriginId="org.eclipse.mylyn.core.model.interest.propagation" StartDate="2014-08-18 21:15:17.87 JST" StructureHandle="/Cake_IFM11/app/tmp/cache/persistent" StructureKind="resource"/><InteractionEvent Delta="null" EndDate="2014-08-18 20:57:53.458 JST" Interest="6.0" Kind="selection" Navigation="null" OriginId="org.eclipse.php.editor" StartDate="2014-08-18 20:56:36.449 JST" StructureHandle="/VM_Cake/app/Config/database.php" StructureKind="resource" NumEvents="6" CreationCount="131"/><InteractionEvent Delta="null" EndDate="2014-08-18 20:57:58.762 JST" Interest="20.0" Kind="edit" Navigation="null" OriginId="org.eclipse.php.editor" StartDate="2014-08-18 20:56:36.724 JST" StructureHandle="/VM_Cake/app/Config/database.php" StructureKind="resource" NumEvents="20" CreationCount="131"/><InteractionEvent Delta="null" EndDate="2014-08-18 21:31:57.892 JST" Interest="9.0" Kind="selection" Navigation="null" OriginId="org.eclipse.ui.views.ResourceNavigator" StartDate="2014-08-18 20:21:40.157 JST" StructureHandle="/Cake_IFM11/sql.txt" StructureKind="resource" NumEvents="9" CreationCount="57"/><InteractionEvent Delta="null" EndDate="2014-08-18 21:32:12.1 JST" Interest="214.0" Kind="edit" Navigation="null" OriginId="org.eclipse.ui.DefaultTextEditor" StartDate="2014-08-18 20:21:41.473 JST" StructureHandle="/Cake_IFM11/sql.txt" StructureKind="resource" NumEvents="214" CreationCount="57"/><InteractionEvent Delta="null" EndDate="2014-08-18 20:21:34.735 JST" Interest="1.0" Kind="propagation" Navigation="null" OriginId="org.eclipse.mylyn.resources.ui.interest.updater" StartDate="2014-08-18 20:21:34.735 JST" StructureHandle="/Cake_IFM11/sql.txt" StructureKind="resource"/></InteractionHistory>