<?xml version="1.0" encoding="UTF-8"?><InteractionHistory Id="local-72" Version="1"><InteractionEvent Delta="null" EndDate="2014-10-20 09:46:51.15 JST" Interest="155.013" Kind="propagation" Navigation="org.eclipse.mylyn.core.model.edges.containment" OriginId="org.eclipse.mylyn.core.model.interest.propagation" StartDate="2014-10-20 08:07:42.234 JST" StructureHandle="" StructureKind="c/c++" NumEvents="218" CreationCount="1"/><InteractionEvent Delta="null" EndDate="2014-10-20 09:37:31.338 JST" Interest="2.0" Kind="selection" Navigation="null" OriginId="org.eclipse.php.editor" StartDate="2014-10-20 09:37:31.104 JST" StructureHandle="/Cake_NR5/app/Controller/KeywordsController.php" StructureKind="resource" NumEvents="2" CreationCount="907"/><InteractionEvent Delta="null" EndDate="2014-10-20 09:43:05.625 JST" Interest="7.0" Kind="edit" Navigation="null" OriginId="org.eclipse.php.editor" StartDate="2014-10-20 09:37:31.400 JST" StructureHandle="/Cake_NR5/app/Controller/KeywordsController.php" StructureKind="resource" NumEvents="7" CreationCount="907"/><InteractionEvent Delta="null" EndDate="2014-10-20 08:29:31.48 JST" Interest="2.0" Kind="selection" Navigation="null" OriginId="org.eclipse.php.editor" StartDate="2014-10-20 08:29:11.244 JST" StructureHandle="/VM_Cake/app/View/Users/login.ctp" StructureKind="resource" NumEvents="2" CreationCount="113"/><InteractionEvent Delta="null" EndDate="2014-10-20 08:29:31.703 JST" Interest="4.0" Kind="edit" Navigation="null" OriginId="org.eclipse.php.editor" StartDate="2014-10-20 08:29:11.291 JST" StructureHandle="/VM_Cake/app/View/Users/login.ctp" StructureKind="resource" NumEvents="4" CreationCount="113"/><InteractionEvent Delta="null" EndDate="2014-10-20 08:29:31.703 JST" Interest="4.8510003" Kind="propagation" Navigation="org.eclipse.mylyn.core.model.edges.containment" OriginId="org.eclipse.mylyn.core.model.interest.propagation" StartDate="2014-10-20 08:29:07.32 JST" StructureHandle="/VM_Cake/app/View/Users" StructureKind="resource" NumEvents="7" CreationCount="110"/><InteractionEvent Delta="null" EndDate="2014-10-20 09:00:32.22 JST" Interest="7.0" Kind="selection" Navigation="null" OriginId="org.eclipse.php.editor" StartDate="2014-10-20 08:24:05.496 JST" StructureHandle="/Cake_NR5/app/Model/User.php" StructureKind="resource" NumEvents="7" CreationCount="80"/><InteractionEvent Delta="null" EndDate="2014-10-20 09:00:32.53 JST" Interest="11.0" Kind="edit" Navigation="null" OriginId="org.eclipse.php.editor" StartDate="2014-10-20 08:24:06.822 JST" StructureHandle="/Cake_NR5/app/Model/User.php" StructureKind="resource" NumEvents="11" CreationCount="80"/><InteractionEvent Delta="null" EndDate="2014-10-20 09:12:50.369 JST" Interest="2.0" Kind="selection" Navigation="null" OriginId="org.eclipse.ui.views.ResourceNavigator" StartDate="2014-10-20 08:20:31.20 JST" StructureHandle="/Cake_NR5/app/webroot" StructureKind="resource" NumEvents="2" CreationCount="10"/><InteractionEvent Delta="null" EndDate="2014-10-20 09:43:46.392 JST" Interest="48.167995" Kind="propagation" Navigation="org.eclipse.mylyn.core.model.edges.containment" OriginId="org.eclipse.mylyn.core.model.interest.propagation" StartDate="2014-10-20 09:12:51.211 JST" StructureHandle="/Cake_NR5/app/webroot" StructureKind="resource" NumEvents="68" CreationCount="10"/><InteractionEvent Delta="null" EndDate="2014-10-20 09:12:50.369 JST" Interest="11.155001" Kind="manipulation" Navigation="null" OriginId="org.eclipse.mylyn.core.model.interest.decay.correction" StartDate="2014-10-20 09:12:50.369 JST" StructureHandle="/Cake_NR5/app/webroot" StructureKind="resource"/><InteractionEvent Delta="null" EndDate="2014-10-20 09:05:04.146 JST" Interest="12.0" Kind="selection" Navigation="null" OriginId="org.eclipse.php.editor" StartDate="2014-10-20 08:41:32.643 JST" StructureHandle="/Cake_NR5/app/View/Users/login.ctp" StructureKind="resource" NumEvents="12" CreationCount="275"/><InteractionEvent Delta="null" EndDate="2014-10-20 09:05:04.177 JST" Interest="27.0" Kind="edit" Navigation="null" OriginId="org.eclipse.php.editor" StartDate="2014-10-20 08:41:33.189 JST" StructureHandle="/Cake_NR5/app/View/Users/login.ctp" StructureKind="resource" NumEvents="27" CreationCount="275"/><InteractionEvent Delta="null" EndDate="2014-10-20 09:04:25.632 JST" Interest="7.0" Kind="selection" Navigation="null" OriginId="org.eclipse.ui.views.ResourceNavigator" StartDate="2014-10-20 08:54:15.726 JST" StructureHandle="/Cake_NR5/app/View/Keywords/add.ctp" StructureKind="resource" NumEvents="7" CreationCount="321"/><InteractionEvent Delta="null" EndDate="2014-10-20 08:58:21.777 JST" Interest="10.0" Kind="edit" Navigation="null" OriginId="org.eclipse.php.editor" StartDate="2014-10-20 08:54:16.23 JST" StructureHandle="/Cake_NR5/app/View/Keywords/add.ctp" StructureKind="resource" NumEvents="10" CreationCount="321"/><InteractionEvent Delta="null" EndDate="2014-10-20 09:00:32.240 JST" Interest="4.0" Kind="selection" Navigation="null" OriginId="org.eclipse.php.editor" StartDate="2014-10-20 08:39:02.858 JST" StructureHandle="/VM_Cake/app/Model/User.php" StructureKind="resource" NumEvents="4" CreationCount="249"/><InteractionEvent Delta="null" EndDate="2014-10-20 09:00:32.271 JST" Interest="8.0" Kind="edit" Navigation="null" OriginId="org.eclipse.php.editor" StartDate="2014-10-20 08:39:03.123 JST" StructureHandle="/VM_Cake/app/Model/User.php" StructureKind="resource" NumEvents="8" CreationCount="249"/><InteractionEvent Delta="null" EndDate="2014-10-20 08:29:31.921 JST" Interest="2.0" Kind="selection" Navigation="null" OriginId="org.eclipse.php.editor" StartDate="2014-10-20 08:29:07.32 JST" StructureHandle="/VM_Cake/app/View/Users/add.ctp" StructureKind="resource" NumEvents="2" CreationCount="110"/><InteractionEvent Delta="null" EndDate="2014-10-20 08:29:31.953 JST" Interest="3.0" Kind="edit" Navigation="null" OriginId="org.eclipse.php.editor" StartDate="2014-10-20 08:29:07.64 JST" StructureHandle="/VM_Cake/app/View/Users/add.ctp" StructureKind="resource" NumEvents="3" CreationCount="110"/><InteractionEvent Delta="null" EndDate="2014-10-20 09:00:32.271 JST" Interest="9.6" Kind="propagation" Navigation="org.eclipse.mylyn.core.model.edges.containment" OriginId="org.eclipse.mylyn.core.model.interest.propagation" StartDate="2014-10-20 08:39:02.858 JST" StructureHandle="/VM_Cake/app/Model" StructureKind="resource" NumEvents="12" CreationCount="249"/><InteractionEvent Delta="null" EndDate="2014-10-20 09:06:06.788 JST" Interest="18.0" Kind="selection" Navigation="null" OriginId="org.eclipse.php.editor" StartDate="2014-10-20 08:26:17.326 JST" StructureHandle="/VM_Cake/app/Controller/UsersController.php" StructureKind="resource" NumEvents="18" CreationCount="98"/><InteractionEvent Delta="null" EndDate="2014-10-20 09:06:06.804 JST" Interest="28.0" Kind="edit" Navigation="null" OriginId="org.eclipse.php.editor" StartDate="2014-10-20 08:26:17.528 JST" StructureHandle="/VM_Cake/app/Controller/UsersController.php" StructureKind="resource" NumEvents="28" CreationCount="98"/><InteractionEvent Delta="null" EndDate="2014-10-20 09:43:46.563 JST" Interest="18.0" Kind="selection" Navigation="null" OriginId="org.eclipse.php.editor" StartDate="2014-10-20 08:30:15.739 JST" StructureHandle="/Cake_NR5/app/Controller/AppController.php" StructureKind="resource" NumEvents="18" CreationCount="132"/><InteractionEvent Delta="null" EndDate="2014-10-20 09:43:46.595 JST" Interest="70.0" Kind="edit" Navigation="null" OriginId="org.eclipse.php.editor" StartDate="2014-10-20 08:30:16.753 JST" StructureHandle="/Cake_NR5/app/Controller/AppController.php" StructureKind="resource" NumEvents="70" CreationCount="132"/><InteractionEvent Delta="null" EndDate="2014-10-20 09:26:47.716 JST" Interest="1.0" Kind="selection" Navigation="null" OriginId="org.eclipse.ui.views.ResourceNavigator" StartDate="2014-10-20 09:26:47.716 JST" StructureHandle="/Cake_NR5/app/View/Elements/flash_views" StructureKind="resource"/><InteractionEvent Delta="null" EndDate="2014-10-20 09:43:45.939 JST" Interest="41.684998" Kind="propagation" Navigation="org.eclipse.mylyn.core.model.edges.containment" OriginId="org.eclipse.mylyn.core.model.interest.propagation" StartDate="2014-10-20 09:26:42.785 JST" StructureHandle="/Cake_NR5/app/View/Elements/flash_views" StructureKind="resource" NumEvents="55" CreationCount="748"/><InteractionEvent Delta="null" EndDate="2014-10-20 09:12:52.336 JST" Interest="1.0" Kind="selection" Navigation="null" OriginId="org.eclipse.ui.views.ResourceNavigator" StartDate="2014-10-20 09:12:52.336 JST" StructureHandle="/Cake_NR5/app/webroot/css" StructureKind="resource"/><InteractionEvent Delta="null" EndDate="2014-10-20 09:43:46.392 JST" Interest="48.116997" Kind="propagation" Navigation="org.eclipse.mylyn.core.model.edges.containment" OriginId="org.eclipse.mylyn.core.model.interest.propagation" StartDate="2014-10-20 09:12:54.193 JST" StructureHandle="/Cake_NR5/app/webroot/css" StructureKind="resource" NumEvents="65" CreationCount="728"/><InteractionEvent Delta="null" EndDate="2014-10-20 09:12:51.991 JST" Interest="1.0" Kind="selection" Navigation="null" OriginId="org.eclipse.ui.views.ResourceNavigator" StartDate="2014-10-20 09:12:51.991 JST" StructureHandle="/Cake_NR5/app/webroot/audio" StructureKind="resource"/><InteractionEvent Delta="null" EndDate="2014-10-20 09:00:57.592 JST" Interest="1.0" Kind="selection" Navigation="null" OriginId="org.eclipse.ui.views.ResourceNavigator" StartDate="2014-10-20 09:00:57.592 JST" StructureHandle="/Cake_NR5/app/View/SkimmedTokens" StructureKind="resource"/><InteractionEvent Delta="null" EndDate="2014-10-20 09:05:01.244 JST" Interest="54.383007" Kind="propagation" Navigation="org.eclipse.mylyn.core.model.edges.containment" OriginId="org.eclipse.mylyn.core.model.interest.propagation" StartDate="2014-10-20 08:10:27.150 JST" StructureHandle="=VM_Cake" StructureKind="c/c++" NumEvents="72" CreationCount="2"/><InteractionEvent Delta="null" EndDate="2014-10-20 09:01:19.996 JST" Interest="52.751003" Kind="propagation" Navigation="org.eclipse.mylyn.core.model.edges.containment" OriginId="org.eclipse.mylyn.core.model.interest.propagation" StartDate="2014-10-20 08:26:17.326 JST" StructureHandle="/VM_Cake/app/Controller" StructureKind="resource" NumEvents="69" CreationCount="98"/><InteractionEvent Delta="null" EndDate="2014-10-20 09:46:51.15 JST" Interest="155.013" Kind="propagation" Navigation="org.eclipse.mylyn.core.model.edges.containment" OriginId="org.eclipse.mylyn.core.model.interest.propagation" StartDate="2014-10-20 08:07:42.234 JST" StructureHandle="=Cake_NR5" StructureKind="c/c++" NumEvents="219" CreationCount="1"/><InteractionEvent Delta="null" EndDate="2014-10-20 09:46:51.15 JST" Interest="954.01697" Kind="propagation" Navigation="null" OriginId="org.eclipse.php.editor" StartDate="2014-10-20 08:07:42.234 JST" StructureHandle="/" StructureKind="resource" NumEvents="955" CreationCount="1"/><InteractionEvent Delta="null" EndDate="2014-10-20 09:26:12.830 JST" Interest="1.0" Kind="selection" Navigation="null" OriginId="org.eclipse.ui.views.ResourceNavigator" StartDate="2014-10-20 09:26:12.830 JST" StructureHandle="/Cake_NR5/app/View/TEMPLATES" StructureKind="resource"/><InteractionEvent Delta="null" EndDate="2014-10-20 09:26:49.824 JST" Interest="1.0" Kind="selection" Navigation="null" OriginId="org.eclipse.ui.views.ResourceNavigator" StartDate="2014-10-20 09:26:49.824 JST" StructureHandle="/Cake_NR5/app/View/Elements/flash_views/index_t_entries.ctp" StructureKind="resource"/><InteractionEvent Delta="null" EndDate="2014-10-20 09:26:48.124 JST" Interest="1.0" Kind="propagation" Navigation="null" OriginId="org.eclipse.mylyn.resources.ui.interest.updater" StartDate="2014-10-20 09:26:48.124 JST" StructureHandle="/Cake_NR5/app/View/Elements/flash_views/index_t_entries.ctp" StructureKind="resource"/><InteractionEvent Delta="null" EndDate="2014-10-20 09:00:29.978 JST" Interest="6.0" Kind="selection" Navigation="null" OriginId="org.eclipse.ui.DefaultTextEditor" StartDate="2014-10-20 08:20:33.719 JST" StructureHandle="/Cake_NR5/sql.txt" StructureKind="resource" NumEvents="6" CreationCount="12"/><InteractionEvent Delta="null" EndDate="2014-10-20 09:00:29.978 JST" Interest="71.0" Kind="edit" Navigation="null" OriginId="org.eclipse.ui.DefaultTextEditor" StartDate="2014-10-20 08:20:33.750 JST" StructureHandle="/Cake_NR5/sql.txt" StructureKind="resource" NumEvents="71" CreationCount="12"/><InteractionEvent Delta="null" EndDate="2014-10-20 09:12:51.211 JST" Interest="1.0" Kind="prediction" Navigation="null" OriginId="org.eclipse.mylyn.resources.ui.interest.updater" StartDate="2014-10-20 09:12:51.211 JST" StructureHandle="/Cake_NR5/app/webroot/development.sqlite3" StructureKind="resource"/><InteractionEvent Delta="null" EndDate="2014-10-20 09:01:19.980 JST" Interest="17.0" Kind="selection" Navigation="null" OriginId="org.eclipse.php.editor" StartDate="2014-10-20 08:26:28.953 JST" StructureHandle="/VM_Cake/app/Controller/AppController.php" StructureKind="resource" NumEvents="17" CreationCount="101"/><InteractionEvent Delta="null" EndDate="2014-10-20 09:01:19.996 JST" Interest="51.0" Kind="edit" Navigation="null" OriginId="org.eclipse.php.editor" StartDate="2014-10-20 08:26:29.0 JST" StructureHandle="/VM_Cake/app/Controller/AppController.php" StructureKind="resource" NumEvents="51" CreationCount="101"/><InteractionEvent Delta="null" EndDate="2014-10-20 09:01:20.11 JST" Interest="52.751003" Kind="propagation" Navigation="org.eclipse.mylyn.core.model.edges.containment" OriginId="org.eclipse.mylyn.core.model.interest.propagation" StartDate="2014-10-20 08:26:17.341 JST" StructureHandle="/VM_Cake/app" StructureKind="resource" NumEvents="69" CreationCount="98"/><InteractionEvent Delta="null" EndDate="2014-10-20 08:12:08.80 JST" Interest="3.0" Kind="selection" Navigation="null" OriginId="org.eclipse.php.ui.explorer" StartDate="2014-10-20 08:10:27.150 JST" StructureHandle="/VM_Cake/sql.txt" StructureKind="resource" NumEvents="3" CreationCount="2"/><InteractionEvent Delta="null" EndDate="2014-10-20 08:14:10.939 JST" Interest="4.0" Kind="edit" Navigation="null" OriginId="org.eclipse.ui.DefaultTextEditor" StartDate="2014-10-20 08:10:28.492 JST" StructureHandle="/VM_Cake/sql.txt" StructureKind="resource" NumEvents="4" CreationCount="2"/><InteractionEvent Delta="null" EndDate="2014-10-20 09:46:51.15 JST" Interest="811.0" Kind="propagation" Navigation="null" OriginId="org.eclipse.php.editor" StartDate="2014-10-20 08:07:42.234 JST" StructureHandle="/Cake_NR5" StructureKind="resource" NumEvents="811" CreationCount="1"/><InteractionEvent Delta="null" EndDate="2014-10-20 09:37:27.547 JST" Interest="13.0" Kind="selection" Navigation="null" OriginId="org.eclipse.ui.views.ResourceNavigator" StartDate="2014-10-20 08:58:10.775 JST" StructureHandle="/Cake_NR5/app/View/Users/index.ctp" StructureKind="resource" NumEvents="13" CreationCount="407"/><InteractionEvent Delta="null" EndDate="2014-10-20 09:34:00.183 JST" Interest="39.0" Kind="edit" Navigation="null" OriginId="org.eclipse.php.editor" StartDate="2014-10-20 08:58:10.821 JST" StructureHandle="/Cake_NR5/app/View/Users/index.ctp" StructureKind="resource" NumEvents="39" CreationCount="407"/><InteractionEvent Delta="null" EndDate="2014-10-20 08:58:09.168 JST" Interest="1.0" Kind="propagation" Navigation="null" OriginId="org.eclipse.mylyn.resources.ui.interest.updater" StartDate="2014-10-20 08:58:09.168 JST" StructureHandle="/Cake_NR5/app/View/Users/index.ctp" StructureKind="resource"/><InteractionEvent Delta="null" EndDate="2014-10-20 09:26:34.922 JST" Interest="1.0" Kind="selection" Navigation="null" OriginId="org.eclipse.ui.views.ResourceNavigator" StartDate="2014-10-20 09:26:34.922 JST" StructureHandle="/Cake_NR5/app/View/Elements/flash_pages" StructureKind="resource"/><InteractionEvent Delta="null" EndDate="2014-10-20 09:26:34.844 JST" Interest="1.0" Kind="propagation" Navigation="null" OriginId="org.eclipse.mylyn.resources.ui.interest.updater" StartDate="2014-10-20 09:26:34.844 JST" StructureHandle="/Cake_NR5/app/View/Elements/flash_pages" StructureKind="resource"/><InteractionEvent Delta="null" EndDate="2014-10-20 08:29:19.138 JST" Interest="1.0" Kind="selection" Navigation="null" OriginId="org.eclipse.ui.views.ResourceNavigator" StartDate="2014-10-20 08:29:19.138 JST" StructureHandle="/Cake_NR5/app/View" StructureKind="resource"/><InteractionEvent Delta="null" EndDate="2014-10-20 09:34:24.198 JST" Interest="72.93399" Kind="propagation" Navigation="org.eclipse.mylyn.core.model.edges.containment" OriginId="org.eclipse.mylyn.core.model.interest.propagation" StartDate="2014-10-20 08:29:25.978 JST" StructureHandle="/Cake_NR5/app/View" StructureKind="resource" NumEvents="102" CreationCount="117"/><InteractionEvent Delta="null" EndDate="2014-10-20 09:26:46.141 JST" Interest="1.0" Kind="selection" Navigation="null" OriginId="org.eclipse.ui.views.ResourceNavigator" StartDate="2014-10-20 09:26:46.141 JST" StructureHandle="/Cake_NR5/app/View/Elements/eqs/index_t_entries.ctp" StructureKind="resource"/><InteractionEvent Delta="null" EndDate="2014-10-20 09:01:53.979 JST" Interest="1.0" Kind="selection" Navigation="null" OriginId="org.eclipse.ui.views.ResourceNavigator" StartDate="2014-10-20 09:01:53.979 JST" StructureHandle="/Cake_NR5/app/View/Positions" StructureKind="resource"/><InteractionEvent Delta="null" EndDate="2014-10-20 09:26:17.916 JST" Interest="1.0" Kind="selection" Navigation="null" OriginId="org.eclipse.ui.views.ResourceNavigator" StartDate="2014-10-20 09:26:17.916 JST" StructureHandle="/Cake_NR5/app/View/Elements" StructureKind="resource"/><InteractionEvent Delta="null" EndDate="2014-10-20 09:43:45.939 JST" Interest="41.702" Kind="propagation" Navigation="org.eclipse.mylyn.core.model.edges.containment" OriginId="org.eclipse.mylyn.core.model.interest.propagation" StartDate="2014-10-20 09:26:34.922 JST" StructureHandle="/Cake_NR5/app/View/Elements" StructureKind="resource" NumEvents="56" CreationCount="747"/><InteractionEvent Delta="null" EndDate="2014-10-20 09:32:34.752 JST" Interest="2.0" Kind="selection" Navigation="null" OriginId="org.eclipse.ui.views.ResourceNavigator" StartDate="2014-10-20 09:31:55.691 JST" StructureHandle="/Cake_NR5/app/View/Elements/historys" StructureKind="resource" NumEvents="2" CreationCount="809"/><InteractionEvent Delta="null" EndDate="2014-10-20 08:20:29.835 JST" Interest="2.0" Kind="selection" Navigation="null" OriginId="org.eclipse.ui.views.ResourceNavigator" StartDate="2014-10-20 08:07:42.234 JST" StructureHandle="/Cake_NR5/app" StructureKind="resource" NumEvents="2" CreationCount="1"/><InteractionEvent Delta="null" EndDate="2014-10-20 09:46:51.15 JST" Interest="153.013" Kind="propagation" Navigation="org.eclipse.mylyn.core.model.edges.containment" OriginId="org.eclipse.mylyn.core.model.interest.propagation" StartDate="2014-10-20 08:23:53.921 JST" StructureHandle="/Cake_NR5/app" StructureKind="resource" NumEvents="213" CreationCount="1"/><InteractionEvent Delta="null" EndDate="2014-10-20 08:20:31.925 JST" Interest="1.0" Kind="selection" Navigation="null" OriginId="org.eclipse.ui.views.ResourceNavigator" StartDate="2014-10-20 08:20:31.925 JST" StructureHandle="/Cake_NR5/test.php" StructureKind="resource"/><InteractionEvent Delta="null" EndDate="2014-10-20 09:26:15.639 JST" Interest="3.0" Kind="selection" Navigation="null" OriginId="org.eclipse.ui.views.ResourceNavigator" StartDate="2014-10-20 09:01:28.812 JST" StructureHandle="/Cake_NR5/app/View/Articles" StructureKind="resource" NumEvents="3" CreationCount="542"/><InteractionEvent Delta="null" EndDate="2014-10-20 09:05:03.116 JST" Interest="9.622999" Kind="propagation" Navigation="org.eclipse.mylyn.core.model.edges.containment" OriginId="org.eclipse.mylyn.core.model.interest.propagation" StartDate="2014-10-20 09:01:59.721 JST" StructureHandle="/Cake_NR5/app/View/Articles" StructureKind="resource" NumEvents="13" CreationCount="542"/><InteractionEvent Delta="null" EndDate="2014-10-20 09:43:42.755 JST" Interest="15.0" Kind="selection" Navigation="null" OriginId="org.eclipse.php.editor" StartDate="2014-10-20 09:26:59.28 JST" StructureHandle="/Cake_NR5/app/View/Elements/flash_views/ok.ctp" StructureKind="resource" NumEvents="15" CreationCount="753"/><InteractionEvent Delta="null" EndDate="2014-10-20 09:43:45.939 JST" Interest="38.0" Kind="edit" Navigation="null" OriginId="org.eclipse.php.editor" StartDate="2014-10-20 09:26:59.106 JST" StructureHandle="/Cake_NR5/app/View/Elements/flash_views/ok.ctp" StructureKind="resource" NumEvents="38" CreationCount="753"/><InteractionEvent Delta="null" EndDate="2014-10-20 09:26:57.188 JST" Interest="1.0" Kind="propagation" Navigation="null" OriginId="org.eclipse.mylyn.resources.ui.interest.updater" StartDate="2014-10-20 09:26:57.188 JST" StructureHandle="/Cake_NR5/app/View/Elements/flash_views/ok.ctp" StructureKind="resource"/><InteractionEvent Delta="null" EndDate="2014-10-20 08:23:53.921 JST" Interest="1.0" Kind="selection" Navigation="null" OriginId="org.eclipse.ui.views.ResourceNavigator" StartDate="2014-10-20 08:23:53.921 JST" StructureHandle="/Cake_NR5/app/Model" StructureKind="resource"/><InteractionEvent Delta="null" EndDate="2014-10-20 09:00:32.53 JST" Interest="13.717" Kind="propagation" Navigation="org.eclipse.mylyn.core.model.edges.containment" OriginId="org.eclipse.mylyn.core.model.interest.propagation" StartDate="2014-10-20 08:24:05.496 JST" StructureHandle="/Cake_NR5/app/Model" StructureKind="resource" NumEvents="18" CreationCount="79"/><InteractionEvent Delta="null" EndDate="2014-10-20 08:24:32.625 JST" Interest="1.0" Kind="selection" Navigation="null" OriginId="org.eclipse.ui.views.ResourceNavigator" StartDate="2014-10-20 08:24:32.625 JST" StructureHandle="/Cake_NR5/app/Model/Datasource" StructureKind="resource"/><InteractionEvent Delta="null" EndDate="2014-10-20 09:02:43.307 JST" Interest="1.0" Kind="selection" Navigation="null" OriginId="org.eclipse.ui.views.ResourceNavigator" StartDate="2014-10-20 09:02:43.307 JST" StructureHandle="/Cake_NR5/app/View/Categorys/add.ctp" StructureKind="resource"/><InteractionEvent Delta="null" EndDate="2014-10-20 09:01:53.729 JST" Interest="2.0" Kind="selection" Navigation="null" OriginId="org.eclipse.ui.views.ResourceNavigator" StartDate="2014-10-20 09:01:38.923 JST" StructureHandle="/Cake_NR5/app/View/Categorys/view.ctp" StructureKind="resource" NumEvents="2" CreationCount="552"/><InteractionEvent Delta="null" EndDate="2014-10-20 09:05:01.884 JST" Interest="5.0" Kind="selection" Navigation="null" OriginId="org.eclipse.php.editor" StartDate="2014-10-20 09:01:32.589 JST" StructureHandle="/Cake_NR5/app/View/Categorys/index.ctp" StructureKind="resource" NumEvents="5" CreationCount="544"/><InteractionEvent Delta="null" EndDate="2014-10-20 09:05:01.900 JST" Interest="7.0" Kind="edit" Navigation="null" OriginId="org.eclipse.php.editor" StartDate="2014-10-20 09:01:32.932 JST" StructureHandle="/Cake_NR5/app/View/Categorys/index.ctp" StructureKind="resource" NumEvents="7" CreationCount="544"/><InteractionEvent Delta="null" EndDate="2014-10-20 09:05:03.85 JST" Interest="5.0" Kind="selection" Navigation="null" OriginId="org.eclipse.php.editor" StartDate="2014-10-20 09:01:59.487 JST" StructureHandle="/Cake_NR5/app/View/Articles/index.ctp" StructureKind="resource" NumEvents="5" CreationCount="561"/><InteractionEvent Delta="null" EndDate="2014-10-20 09:05:03.116 JST" Interest="9.0" Kind="edit" Navigation="null" OriginId="org.eclipse.php.editor" StartDate="2014-10-20 09:01:59.753 JST" StructureHandle="/Cake_NR5/app/View/Articles/index.ctp" StructureKind="resource" NumEvents="9" CreationCount="561"/><InteractionEvent Delta="null" EndDate="2014-10-20 08:24:33.124 JST" Interest="1.0" Kind="selection" Navigation="null" OriginId="org.eclipse.ui.views.ResourceNavigator" StartDate="2014-10-20 08:24:33.124 JST" StructureHandle="/Cake_NR5/app/Console" StructureKind="resource"/><InteractionEvent Delta="null" EndDate="2014-10-20 08:54:06.8 JST" Interest="1.0" Kind="selection" Navigation="null" OriginId="org.eclipse.ui.views.ResourceNavigator" StartDate="2014-10-20 08:54:06.8 JST" StructureHandle="/Cake_NR5/app/View/Helper" StructureKind="resource"/><InteractionEvent Delta="null" EndDate="2014-10-20 09:01:30.29 JST" Interest="1.0" Kind="selection" Navigation="null" OriginId="org.eclipse.ui.views.ResourceNavigator" StartDate="2014-10-20 09:01:30.29 JST" StructureHandle="/Cake_NR5/app/View/Categorys" StructureKind="resource"/><InteractionEvent Delta="null" EndDate="2014-10-20 09:05:01.900 JST" Interest="8.917" Kind="propagation" Navigation="org.eclipse.mylyn.core.model.edges.containment" OriginId="org.eclipse.mylyn.core.model.interest.propagation" StartDate="2014-10-20 09:01:32.589 JST" StructureHandle="/Cake_NR5/app/View/Categorys" StructureKind="resource" NumEvents="12" CreationCount="543"/><InteractionEvent Delta="null" EndDate="2014-10-20 09:06:06.804 JST" Interest="144.0" Kind="propagation" Navigation="null" OriginId="org.eclipse.php.editor" StartDate="2014-10-20 08:10:27.150 JST" StructureHandle="/VM_Cake" StructureKind="resource" NumEvents="144" CreationCount="2"/><InteractionEvent Delta="null" EndDate="2014-10-20 08:29:31.703 JST" Interest="4.8510003" Kind="propagation" Navigation="org.eclipse.mylyn.core.model.edges.containment" OriginId="org.eclipse.mylyn.core.model.interest.propagation" StartDate="2014-10-20 08:29:07.32 JST" StructureHandle="/VM_Cake/app/View" StructureKind="resource" NumEvents="7" CreationCount="110"/><InteractionEvent Delta="null" EndDate="2014-10-20 09:43:46.361 JST" Interest="12.0" Kind="selection" Navigation="null" OriginId="org.eclipse.wst.css.core.csssource.source" StartDate="2014-10-20 09:12:54.193 JST" StructureHandle="/Cake_NR5/app/webroot/css/main.css" StructureKind="resource" NumEvents="12" CreationCount="729"/><InteractionEvent Delta="null" EndDate="2014-10-20 09:43:46.392 JST" Interest="53.0" Kind="edit" Navigation="null" OriginId="org.eclipse.wst.css.core.csssource.source" StartDate="2014-10-20 09:12:54.677 JST" StructureHandle="/Cake_NR5/app/webroot/css/main.css" StructureKind="resource" NumEvents="53" CreationCount="729"/><InteractionEvent Delta="null" EndDate="2014-10-20 09:34:24.182 JST" Interest="27.0" Kind="selection" Navigation="null" OriginId="org.eclipse.php.editor" StartDate="2014-10-20 08:29:28.630 JST" StructureHandle="/Cake_NR5/app/View/Users/add.ctp" StructureKind="resource" NumEvents="27" CreationCount="119"/><InteractionEvent Delta="null" EndDate="2014-10-20 09:34:24.198 JST" Interest="67.0" Kind="edit" Navigation="null" OriginId="org.eclipse.php.editor" StartDate="2014-10-20 08:29:28.957 JST" StructureHandle="/Cake_NR5/app/View/Users/add.ctp" StructureKind="resource" NumEvents="67" CreationCount="119"/><InteractionEvent Delta="null" EndDate="2014-10-20 09:26:46.734 JST" Interest="2.0" Kind="selection" Navigation="null" OriginId="org.eclipse.ui.views.ResourceNavigator" StartDate="2014-10-20 09:26:44.362 JST" StructureHandle="/Cake_NR5/app/View/Elements/eqs" StructureKind="resource" NumEvents="2" CreationCount="749"/><InteractionEvent Delta="null" EndDate="2014-10-20 09:26:46.141 JST" Interest="0.01700002" Kind="propagation" Navigation="org.eclipse.mylyn.core.model.edges.containment" OriginId="org.eclipse.mylyn.core.model.interest.propagation" StartDate="2014-10-20 09:26:46.141 JST" StructureHandle="/Cake_NR5/app/View/Elements/eqs" StructureKind="resource"/><InteractionEvent Delta="null" EndDate="2014-10-20 08:41:27.901 JST" Interest="3.0" Kind="selection" Navigation="null" OriginId="org.eclipse.ui.views.ResourceNavigator" StartDate="2014-10-20 08:24:34.294 JST" StructureHandle="/Cake_NR5/app/Controller" StructureKind="resource" NumEvents="3" CreationCount="89"/><InteractionEvent Delta="null" EndDate="2014-10-20 09:46:51.15 JST" Interest="150.517" Kind="propagation" Navigation="org.eclipse.mylyn.core.model.edges.containment" OriginId="org.eclipse.mylyn.core.model.interest.propagation" StartDate="2014-10-20 08:24:35.792 JST" StructureHandle="/Cake_NR5/app/Controller" StructureKind="resource" NumEvents="208" CreationCount="89"/><InteractionEvent Delta="null" EndDate="2014-10-20 08:57:51.259 JST" Interest="1.0" Kind="selection" Navigation="null" OriginId="org.eclipse.ui.views.ResourceNavigator" StartDate="2014-10-20 08:57:51.259 JST" StructureHandle="/Cake_NR5/app/View/Tokens" StructureKind="resource"/><InteractionEvent Delta="null" EndDate="2014-10-20 09:37:27.641 JST" Interest="6.0" Kind="selection" Navigation="null" OriginId="org.eclipse.ui.views.ResourceNavigator" StartDate="2014-10-20 09:00:59.137 JST" StructureHandle="/Cake_NR5/app/View/Keywords/index.ctp" StructureKind="resource" NumEvents="6" CreationCount="517"/><InteractionEvent Delta="null" EndDate="2014-10-20 09:01:03.708 JST" Interest="4.0" Kind="edit" Navigation="null" OriginId="org.eclipse.php.editor" StartDate="2014-10-20 09:01:01.55 JST" StructureHandle="/Cake_NR5/app/View/Keywords/index.ctp" StructureKind="resource" NumEvents="4" CreationCount="517"/><InteractionEvent Delta="null" EndDate="2014-10-20 08:58:01.445 JST" Interest="3.0" Kind="selection" Navigation="null" OriginId="org.eclipse.ui.views.ResourceNavigator" StartDate="2014-10-20 08:29:25.978 JST" StructureHandle="/Cake_NR5/app/View/Users" StructureKind="resource" NumEvents="3" CreationCount="118"/><InteractionEvent Delta="null" EndDate="2014-10-20 09:34:24.198 JST" Interest="70.91699" Kind="propagation" Navigation="org.eclipse.mylyn.core.model.edges.containment" OriginId="org.eclipse.mylyn.core.model.interest.propagation" StartDate="2014-10-20 08:29:28.630 JST" StructureHandle="/Cake_NR5/app/View/Users" StructureKind="resource" NumEvents="93" CreationCount="118"/><InteractionEvent Delta="null" EndDate="2014-10-20 08:54:12.575 JST" Interest="2.0" Kind="selection" Navigation="null" OriginId="org.eclipse.ui.views.ResourceNavigator" StartDate="2014-10-20 08:30:11.353 JST" StructureHandle="/Cake_NR5/app/View/Keywords" StructureKind="resource" NumEvents="2" CreationCount="131"/><InteractionEvent Delta="null" EndDate="2014-10-20 09:04:25.632 JST" Interest="13.034" Kind="propagation" Navigation="org.eclipse.mylyn.core.model.edges.containment" OriginId="org.eclipse.mylyn.core.model.interest.propagation" StartDate="2014-10-20 08:54:15.726 JST" StructureHandle="/Cake_NR5/app/View/Keywords" StructureKind="resource" NumEvents="17" CreationCount="131"/><InteractionEvent Delta="null" EndDate="2014-10-20 08:54:12.575 JST" Interest="2.196" Kind="manipulation" Navigation="null" OriginId="org.eclipse.mylyn.core.model.interest.decay.correction" StartDate="2014-10-20 08:54:12.575 JST" StructureHandle="/Cake_NR5/app/View/Keywords" StructureKind="resource"/><InteractionEvent Delta="null" EndDate="2014-10-20 09:01:25.707 JST" Interest="3.0" Kind="selection" Navigation="null" OriginId="org.eclipse.ui.views.ResourceNavigator" StartDate="2014-10-20 09:01:06.315 JST" StructureHandle="/Cake_NR5/app/View/Keywords/view.ctp" StructureKind="resource" NumEvents="3" CreationCount="527"/><InteractionEvent Delta="null" EndDate="2014-10-20 09:01:17.437 JST" Interest="5.0" Kind="edit" Navigation="null" OriginId="org.eclipse.php.editor" StartDate="2014-10-20 09:01:07.968 JST" StructureHandle="/Cake_NR5/app/View/Keywords/view.ctp" StructureKind="resource" NumEvents="5" CreationCount="527"/><InteractionEvent Delta="null" EndDate="2014-10-20 09:43:46.735 JST" Interest="24.0" Kind="selection" Navigation="null" OriginId="org.eclipse.php.editor" StartDate="2014-10-20 08:24:35.792 JST" StructureHandle="/Cake_NR5/app/Controller/UsersController.php" StructureKind="resource" NumEvents="24" CreationCount="90"/><InteractionEvent Delta="null" EndDate="2014-10-20 09:46:51.15 JST" Interest="185.0" Kind="edit" Navigation="null" OriginId="org.eclipse.php.editor" StartDate="2014-10-20 08:24:36.697 JST" StructureHandle="/Cake_NR5/app/Controller/UsersController.php" StructureKind="resource" NumEvents="185" CreationCount="90"/></InteractionHistory>