<?xml version="1.0" encoding="UTF-8"?><InteractionHistory Id="local-59" Version="1"><InteractionEvent Delta="null" EndDate="2014-10-04 15:24:39.885 JST" Interest="99.876" Kind="propagation" Navigation="org.eclipse.mylyn.core.model.edges.containment" OriginId="org.eclipse.mylyn.core.model.interest.propagation" StartDate="2014-10-04 13:50:21.155 JST" StructureHandle="" StructureKind="c/c++" NumEvents="146" CreationCount="1"/><InteractionEvent Delta="null" EndDate="2014-10-04 14:50:00.1 JST" Interest="3.0" Kind="selection" Navigation="null" OriginId="org.eclipse.ui.views.ResourceNavigator" StartDate="2014-10-04 14:48:18.856 JST" StructureHandle="/Cake_NR5/app/Controller/KeywordsController.php" StructureKind="resource" NumEvents="3" CreationCount="31"/><InteractionEvent Delta="null" EndDate="2014-10-04 15:24:39.885 JST" Interest="560.0" Kind="propagation" Navigation="null" OriginId="org.eclipse.php.editor" StartDate="2014-10-04 13:50:21.152 JST" StructureHandle="/Cake_NR5" StructureKind="resource" NumEvents="560" CreationCount="1"/><InteractionEvent Delta="null" EndDate="2014-10-04 15:04:59.948 JST" Interest="2.0" Kind="selection" Navigation="null" OriginId="org.eclipse.ui.views.ResourceNavigator" StartDate="2014-10-04 15:04:16.993 JST" StructureHandle="/Cake_NR5/app/View/Elements/articles" StructureKind="resource" NumEvents="2" CreationCount="288"/><InteractionEvent Delta="null" EndDate="2014-10-04 15:04:57.739 JST" Interest="5.834" Kind="propagation" Navigation="org.eclipse.mylyn.core.model.edges.containment" OriginId="org.eclipse.mylyn.core.model.interest.propagation" StartDate="2014-10-04 15:04:17.986 JST" StructureHandle="/Cake_NR5/app/View/Elements/articles" StructureKind="resource" NumEvents="9" CreationCount="288"/><InteractionEvent Delta="null" EndDate="2014-10-04 15:04:57.738 JST" Interest="4.0" Kind="edit" Navigation="null" OriginId="org.eclipse.php.editor" StartDate="2014-10-04 15:04:22.66 JST" StructureHandle="/Cake_NR5/app/View/Elements/articles/index/_idx_test_D_9_V_1_1.ctp" StructureKind="resource" NumEvents="4" CreationCount="290"/><InteractionEvent Delta="null" EndDate="2014-10-04 15:04:57.668 JST" Interest="4.0" Kind="selection" Navigation="null" OriginId="org.eclipse.php.editor" StartDate="2014-10-04 15:04:21.491 JST" StructureHandle="/Cake_NR5/app/View/Elements/articles/index/_idx_test_D_9_V_1_1.ctp" StructureKind="resource" NumEvents="4" CreationCount="290"/><InteractionEvent Delta="null" EndDate="2014-10-04 15:06:10.909 JST" Interest="1.0" Kind="selection" Navigation="null" OriginId="org.eclipse.ui.views.ResourceNavigator" StartDate="2014-10-04 15:06:10.909 JST" StructureHandle="/Cake_NR5/app/webroot" StructureKind="resource"/><InteractionEvent Delta="null" EndDate="2014-10-04 15:21:13.320 JST" Interest="63.334003" Kind="propagation" Navigation="org.eclipse.mylyn.core.model.edges.containment" OriginId="org.eclipse.mylyn.core.model.interest.propagation" StartDate="2014-10-04 15:06:12.704 JST" StructureHandle="/Cake_NR5/app/webroot" StructureKind="resource" NumEvents="89" CreationCount="336"/><InteractionEvent Delta="null" EndDate="2014-10-04 14:48:21.183 JST" Interest="2.0" Kind="selection" Navigation="null" OriginId="org.eclipse.ui.views.ResourceNavigator" StartDate="2014-10-04 14:48:21.181 JST" StructureHandle="/Cake_NR5/app/View" StructureKind="resource" NumEvents="2" CreationCount="33"/><InteractionEvent Delta="null" EndDate="2014-10-04 15:21:15.457 JST" Interest="46.509" Kind="propagation" Navigation="org.eclipse.mylyn.core.model.edges.containment" OriginId="org.eclipse.mylyn.core.model.interest.propagation" StartDate="2014-10-04 14:48:46.520 JST" StructureHandle="/Cake_NR5/app/View" StructureKind="resource" NumEvents="63" CreationCount="33"/><InteractionEvent Delta="null" EndDate="2014-10-04 15:21:17.118 JST" Interest="108.0" Kind="edit" Navigation="null" OriginId="org.eclipse.php.editor" StartDate="2014-10-04 14:47:27.586 JST" StructureHandle="/Cake_NR5/app/Controller/ArticlesController.php" StructureKind="resource" NumEvents="108" CreationCount="8"/><InteractionEvent Delta="null" EndDate="2014-10-04 15:21:17.87 JST" Interest="14.0" Kind="selection" Navigation="null" OriginId="org.eclipse.php.editor" StartDate="2014-10-04 14:47:27.180 JST" StructureHandle="/Cake_NR5/app/Controller/ArticlesController.php" StructureKind="resource" NumEvents="14" CreationCount="8"/><InteractionEvent Delta="null" EndDate="2014-10-04 15:06:08.312 JST" Interest="4.0" Kind="selection" Navigation="null" OriginId="org.eclipse.ui.views.ResourceNavigator" StartDate="2014-10-04 14:48:46.518 JST" StructureHandle="/Cake_NR5/app/View/Elements" StructureKind="resource" NumEvents="4" CreationCount="35"/><InteractionEvent Delta="null" EndDate="2014-10-04 15:04:59.949 JST" Interest="6.885" Kind="propagation" Navigation="org.eclipse.mylyn.core.model.edges.containment" OriginId="org.eclipse.mylyn.core.model.interest.propagation" StartDate="2014-10-04 15:04:16.192 JST" StructureHandle="/Cake_NR5/app/View/Elements" StructureKind="resource" NumEvents="13" CreationCount="35"/><InteractionEvent Delta="null" EndDate="2014-10-04 15:04:15.8 JST" Interest="2.25" Kind="manipulation" Navigation="null" OriginId="org.eclipse.mylyn.core.model.interest.decay.correction" StartDate="2014-10-04 15:04:15.8 JST" StructureHandle="/Cake_NR5/app/View/Elements" StructureKind="resource"/><InteractionEvent Delta="null" EndDate="2014-10-04 15:19:05.440 JST" Interest="77.0" Kind="edit" Navigation="null" OriginId="org.eclipse.php.editor" StartDate="2014-10-04 14:50:13.648 JST" StructureHandle="/Cake_NR5/app/Controller/HistorysController.php" StructureKind="resource" NumEvents="77" CreationCount="54"/><InteractionEvent Delta="null" EndDate="2014-10-04 15:19:04.748 JST" Interest="11.0" Kind="selection" Navigation="null" OriginId="org.eclipse.php.editor" StartDate="2014-10-04 14:50:13.315 JST" StructureHandle="/Cake_NR5/app/Controller/HistorysController.php" StructureKind="resource" NumEvents="11" CreationCount="54"/><InteractionEvent Delta="null" EndDate="2014-10-04 14:57:28.784 JST" Interest="14.0" Kind="edit" Navigation="null" OriginId="org.eclipse.php.editor" StartDate="2014-10-04 14:48:51.649 JST" StructureHandle="/Cake_NR5/app/View/Historys/view.ctp" StructureKind="resource" NumEvents="14" CreationCount="41"/><InteractionEvent Delta="null" EndDate="2014-10-04 14:57:28.734 JST" Interest="10.0" Kind="selection" Navigation="null" OriginId="org.eclipse.php.editor" StartDate="2014-10-04 14:48:51.583 JST" StructureHandle="/Cake_NR5/app/View/Historys/view.ctp" StructureKind="resource" NumEvents="10" CreationCount="41"/><InteractionEvent Delta="null" EndDate="2014-10-04 15:04:16.192 JST" Interest="1.0" Kind="selection" Navigation="null" OriginId="org.eclipse.ui.views.ResourceNavigator" StartDate="2014-10-04 15:04:16.192 JST" StructureHandle="/Cake_NR5/app/View/Elements/admins" StructureKind="resource"/><InteractionEvent Delta="null" EndDate="2014-10-04 14:47:23.434 JST" Interest="5.0" Kind="selection" Navigation="null" OriginId="org.eclipse.ui.views.ResourceNavigator" StartDate="2014-10-04 13:50:21.151 JST" StructureHandle="/Cake_NR5/app" StructureKind="resource" NumEvents="5" CreationCount="1"/><InteractionEvent Delta="null" EndDate="2014-10-04 15:24:39.884 JST" Interest="94.876" Kind="propagation" Navigation="org.eclipse.mylyn.core.model.edges.containment" OriginId="org.eclipse.mylyn.core.model.interest.propagation" StartDate="2014-10-04 14:47:30.479 JST" StructureHandle="/Cake_NR5/app" StructureKind="resource" NumEvents="141" CreationCount="1"/><InteractionEvent Delta="null" EndDate="2014-10-04 15:05:04.682 JST" Interest="1.0" Kind="selection" Navigation="null" OriginId="org.eclipse.ui.views.ResourceNavigator" StartDate="2014-10-04 15:05:04.682 JST" StructureHandle="/Cake_NR5/app/View/Articles" StructureKind="resource"/><InteractionEvent Delta="null" EndDate="2014-10-04 15:21:15.456 JST" Interest="42.816998" Kind="propagation" Navigation="org.eclipse.mylyn.core.model.edges.containment" OriginId="org.eclipse.mylyn.core.model.interest.propagation" StartDate="2014-10-04 15:05:06.961 JST" StructureHandle="/Cake_NR5/app/View/Articles" StructureKind="resource" NumEvents="57" CreationCount="309"/><InteractionEvent Delta="null" EndDate="2014-10-04 14:49:58.19 JST" Interest="1.0" Kind="selection" Navigation="null" OriginId="org.eclipse.ui.views.ResourceNavigator" StartDate="2014-10-04 14:49:58.19 JST" StructureHandle="/Cake_NR5/app/Model" StructureKind="resource"/><InteractionEvent Delta="null" EndDate="2014-10-04 15:06:12.703 JST" Interest="1.0" Kind="selection" Navigation="null" OriginId="org.eclipse.ui.views.ResourceNavigator" StartDate="2014-10-04 15:06:12.703 JST" StructureHandle="/Cake_NR5/app/webroot/css" StructureKind="resource"/><InteractionEvent Delta="null" EndDate="2014-10-04 15:21:13.320 JST" Interest="63.317" Kind="propagation" Navigation="org.eclipse.mylyn.core.model.edges.containment" OriginId="org.eclipse.mylyn.core.model.interest.propagation" StartDate="2014-10-04 15:06:15.36 JST" StructureHandle="/Cake_NR5/app/webroot/css" StructureKind="resource" NumEvents="88" CreationCount="337"/><InteractionEvent Delta="null" EndDate="2014-10-04 15:04:09.911 JST" Interest="1.0" Kind="selection" Navigation="null" OriginId="org.eclipse.ui.views.ResourceNavigator" StartDate="2014-10-04 15:04:09.911 JST" StructureHandle="/Cake_NR5/app/Controller/GenresController.php" StructureKind="resource"/><InteractionEvent Delta="null" EndDate="2014-10-04 15:04:17.967 JST" Interest="1.0" Kind="selection" Navigation="null" OriginId="org.eclipse.ui.views.ResourceNavigator" StartDate="2014-10-04 15:04:17.967 JST" StructureHandle="/Cake_NR5/app/View/Elements/articles/index" StructureKind="resource"/><InteractionEvent Delta="null" EndDate="2014-10-04 15:04:57.738 JST" Interest="5.817" Kind="propagation" Navigation="org.eclipse.mylyn.core.model.edges.containment" OriginId="org.eclipse.mylyn.core.model.interest.propagation" StartDate="2014-10-04 15:04:21.494 JST" StructureHandle="/Cake_NR5/app/View/Elements/articles/index" StructureKind="resource" NumEvents="8" CreationCount="289"/><InteractionEvent Delta="null" EndDate="2014-10-04 14:48:48.320 JST" Interest="2.0" Kind="selection" Navigation="null" OriginId="org.eclipse.ui.views.ResourceNavigator" StartDate="2014-10-04 14:48:48.317 JST" StructureHandle="/Cake_NR5/app/View/Historys" StructureKind="resource" NumEvents="2" CreationCount="37"/><InteractionEvent Delta="null" EndDate="2014-10-04 14:57:28.784 JST" Interest="17.868" Kind="propagation" Navigation="org.eclipse.mylyn.core.model.edges.containment" OriginId="org.eclipse.mylyn.core.model.interest.propagation" StartDate="2014-10-04 14:48:50.408 JST" StructureHandle="/Cake_NR5/app/View/Historys" StructureKind="resource" NumEvents="23" CreationCount="37"/><InteractionEvent Delta="null" EndDate="2014-10-04 15:24:39.885 JST" Interest="560.0" Kind="propagation" Navigation="org.eclipse.mylyn.core.model.edges.containment" OriginId="org.eclipse.mylyn.core.model.interest.propagation" StartDate="2014-10-04 13:50:21.154 JST" StructureHandle="/" StructureKind="resource" NumEvents="560" CreationCount="1"/><InteractionEvent Delta="null" EndDate="2014-10-04 15:24:39.885 JST" Interest="99.876" Kind="propagation" Navigation="org.eclipse.mylyn.core.model.edges.containment" OriginId="org.eclipse.mylyn.core.model.interest.propagation" StartDate="2014-10-04 13:50:21.152 JST" StructureHandle="=Cake_NR5" StructureKind="c/c++" NumEvents="172" CreationCount="1"/><InteractionEvent Delta="null" EndDate="2014-10-04 15:21:13.320 JST" Interest="79.0" Kind="edit" Navigation="null" OriginId="org.eclipse.wst.css.core.csssource.source" StartDate="2014-10-04 15:06:18.301 JST" StructureHandle="/Cake_NR5/app/webroot/css/main.css" StructureKind="resource" NumEvents="79" CreationCount="338"/><InteractionEvent Delta="null" EndDate="2014-10-04 15:19:11.377 JST" Interest="9.0" Kind="selection" Navigation="null" OriginId="org.eclipse.wst.css.core.csssource.source" StartDate="2014-10-04 15:06:15.36 JST" StructureHandle="/Cake_NR5/app/webroot/css/main.css" StructureKind="resource" NumEvents="9" CreationCount="338"/><InteractionEvent Delta="null" EndDate="2014-10-04 15:06:12.19 JST" Interest="1.0" Kind="prediction" Navigation="null" OriginId="org.eclipse.mylyn.resources.ui.interest.updater" StartDate="2014-10-04 15:06:12.19 JST" StructureHandle="/Cake_NR5/app/webroot/development.sqlite3" StructureKind="resource"/><InteractionEvent Delta="null" EndDate="2014-10-04 14:47:23.529 JST" Interest="2.0" Kind="selection" Navigation="null" OriginId="org.eclipse.ui.views.ResourceNavigator" StartDate="2014-10-04 14:47:23.528 JST" StructureHandle="/Cake_NR5/app/Controller" StructureKind="resource" NumEvents="2" CreationCount="6"/><InteractionEvent Delta="null" EndDate="2014-10-04 15:24:39.884 JST" Interest="97.791" Kind="propagation" Navigation="org.eclipse.mylyn.core.model.edges.containment" OriginId="org.eclipse.mylyn.core.model.interest.propagation" StartDate="2014-10-04 14:47:27.183 JST" StructureHandle="/Cake_NR5/app/Controller" StructureKind="resource" NumEvents="138" CreationCount="6"/><InteractionEvent Delta="null" EndDate="2014-10-04 15:04:47.689 JST" Interest="4.0" Kind="edit" Navigation="null" OriginId="org.eclipse.php.editor" StartDate="2014-10-04 15:04:40.882 JST" StructureHandle="/Cake_NR5/app/View/Elements/articles/index/_idx_articles_line.ctp" StructureKind="resource" NumEvents="4" CreationCount="296"/><InteractionEvent Delta="null" EndDate="2014-10-04 15:04:59.813 JST" Interest="3.0" Kind="selection" Navigation="null" OriginId="org.eclipse.ui.views.ResourceNavigator" StartDate="2014-10-04 15:04:40.472 JST" StructureHandle="/Cake_NR5/app/View/Elements/articles/index/_idx_articles_line.ctp" StructureKind="resource" NumEvents="3" CreationCount="296"/><InteractionEvent Delta="null" EndDate="2014-10-04 14:48:50.407 JST" Interest="2.0" Kind="selection" Navigation="null" OriginId="org.eclipse.ui.views.ResourceNavigator" StartDate="2014-10-04 14:48:50.404 JST" StructureHandle="/Cake_NR5/app/View/Historys/error.ctp" StructureKind="resource" NumEvents="2" CreationCount="39"/><InteractionEvent Delta="null" EndDate="2014-10-04 15:21:15.456 JST" Interest="44.0" Kind="edit" Navigation="null" OriginId="org.eclipse.php.editor" StartDate="2014-10-04 15:05:07.409 JST" StructureHandle="/Cake_NR5/app/View/Articles/open_article.ctp" StructureKind="resource" NumEvents="44" CreationCount="310"/><InteractionEvent Delta="null" EndDate="2014-10-04 15:21:13.956 JST" Interest="13.0" Kind="selection" Navigation="null" OriginId="org.eclipse.php.editor" StartDate="2014-10-04 15:05:06.961 JST" StructureHandle="/Cake_NR5/app/View/Articles/open_article.ctp" StructureKind="resource" NumEvents="13" CreationCount="310"/><InteractionEvent Delta="null" EndDate="2014-10-04 15:24:39.883 JST" Interest="122.0" Kind="edit" Navigation="null" OriginId="org.eclipse.php.editor" StartDate="2014-10-04 14:51:31.566 JST" StructureHandle="/Cake_NR5/app/Controller/AppController.php" StructureKind="resource" NumEvents="122" CreationCount="29"/><InteractionEvent Delta="null" EndDate="2014-10-04 15:21:18.478 JST" Interest="14.0" Kind="selection" Navigation="null" OriginId="org.eclipse.php.editor" StartDate="2014-10-04 14:48:12.745 JST" StructureHandle="/Cake_NR5/app/Controller/AppController.php" StructureKind="resource" NumEvents="14" CreationCount="29"/></InteractionHistory>