<?xml version="1.0" encoding="UTF-8"?><InteractionHistory Id="local-81" Version="1"><InteractionEvent Delta="null" EndDate="2014-10-27 11:22:45.142 JST" Interest="77.973" Kind="propagation" Navigation="org.eclipse.mylyn.core.model.edges.containment" OriginId="org.eclipse.mylyn.core.model.interest.propagation" StartDate="2014-10-27 09:50:58.788 JST" StructureHandle="" StructureKind="c/c++" NumEvents="114" CreationCount="1"/><InteractionEvent Delta="null" EndDate="2014-10-27 09:58:47.253 JST" Interest="9.0" Kind="selection" Navigation="null" OriginId="org.eclipse.php.editor" StartDate="2014-10-27 09:53:15.230 JST" StructureHandle="/Cake_SL3/app/View/PurHistorys/add.ctp" StructureKind="resource" NumEvents="9" CreationCount="76"/><InteractionEvent Delta="null" EndDate="2014-10-27 09:58:49.979 JST" Interest="16.0" Kind="edit" Navigation="null" OriginId="org.eclipse.php.editor" StartDate="2014-10-27 09:53:15.295 JST" StructureHandle="/Cake_SL3/app/View/PurHistorys/add.ctp" StructureKind="resource" NumEvents="16" CreationCount="76"/><InteractionEvent Delta="null" EndDate="2014-10-27 09:58:49.980 JST" Interest="20.2" Kind="propagation" Navigation="org.eclipse.mylyn.core.model.edges.containment" OriginId="org.eclipse.mylyn.core.model.interest.propagation" StartDate="2014-10-27 09:53:15.230 JST" StructureHandle="/Cake_SL3/app/View/PurHistorys" StructureKind="resource" NumEvents="25" CreationCount="76"/><InteractionEvent Delta="null" EndDate="2014-10-27 09:51:22.970 JST" Interest="1.0" Kind="selection" Navigation="null" OriginId="org.eclipse.ui.views.ResourceNavigator" StartDate="2014-10-27 09:51:22.970 JST" StructureHandle="/Cake_SL3/app/Controller/Component" StructureKind="resource"/><InteractionEvent Delta="null" EndDate="2014-10-27 09:53:06.526 JST" Interest="1.0" Kind="selection" Navigation="null" OriginId="org.eclipse.ui.views.ResourceNavigator" StartDate="2014-10-27 09:53:06.526 JST" StructureHandle="/Cake_SL3/app/View" StructureKind="resource"/><InteractionEvent Delta="null" EndDate="2014-10-27 11:22:45.141 JST" Interest="76.531" Kind="propagation" Navigation="org.eclipse.mylyn.core.model.edges.containment" OriginId="org.eclipse.mylyn.core.model.interest.propagation" StartDate="2014-10-27 09:53:10.201 JST" StructureHandle="/Cake_SL3/app/View" StructureKind="resource" NumEvents="111" CreationCount="27"/><InteractionEvent Delta="null" EndDate="2014-10-27 11:22:45.142 JST" Interest="231.0" Kind="propagation" Navigation="org.eclipse.mylyn.core.model.edges.containment" OriginId="org.eclipse.mylyn.core.model.interest.propagation" StartDate="2014-10-27 09:50:58.788 JST" StructureHandle="/" StructureKind="resource" NumEvents="231" CreationCount="1"/><InteractionEvent Delta="null" EndDate="2014-10-27 09:58:37.287 JST" Interest="5.0" Kind="selection" Navigation="null" OriginId="org.eclipse.ui.views.ResourceNavigator" StartDate="2014-10-27 09:58:16.898 JST" StructureHandle="/Cake_SL3/app/Config/database.php" StructureKind="resource" NumEvents="5" CreationCount="161"/><InteractionEvent Delta="null" EndDate="2014-10-27 09:58:32.373 JST" Interest="8.0" Kind="edit" Navigation="null" OriginId="org.eclipse.php.editor" StartDate="2014-10-27 09:58:17.145 JST" StructureHandle="/Cake_SL3/app/Config/database.php" StructureKind="resource" NumEvents="8" CreationCount="161"/><InteractionEvent Delta="null" EndDate="2014-10-27 09:51:02.908 JST" Interest="1.0" Kind="selection" Navigation="null" OriginId="org.eclipse.ui.views.ResourceNavigator" StartDate="2014-10-27 09:51:02.908 JST" StructureHandle="/Cake_SL3/app/Controller" StructureKind="resource"/><InteractionEvent Delta="null" EndDate="2014-10-27 09:55:30.860 JST" Interest="30.202" Kind="propagation" Navigation="org.eclipse.mylyn.core.model.edges.containment" OriginId="org.eclipse.mylyn.core.model.interest.propagation" StartDate="2014-10-27 09:51:05.490 JST" StructureHandle="/Cake_SL3/app/Controller" StructureKind="resource" NumEvents="42" CreationCount="3"/><InteractionEvent Delta="null" EndDate="2014-10-27 09:55:07.850 JST" Interest="8.0" Kind="selection" Navigation="null" OriginId="org.eclipse.php.editor" StartDate="2014-10-27 09:51:08.37 JST" StructureHandle="/Cake_SL3/app/Controller/StoresController.php" StructureKind="resource" NumEvents="8" CreationCount="9"/><InteractionEvent Delta="null" EndDate="2014-10-27 09:55:30.859 JST" Interest="33.0" Kind="edit" Navigation="null" OriginId="org.eclipse.php.editor" StartDate="2014-10-27 09:51:08.232 JST" StructureHandle="/Cake_SL3/app/Controller/StoresController.php" StructureKind="resource" NumEvents="33" CreationCount="9"/><InteractionEvent Delta="null" EndDate="2014-10-27 09:53:03.587 JST" Interest="4.0" Kind="selection" Navigation="null" OriginId="org.eclipse.ui.views.ResourceNavigator" StartDate="2014-10-27 09:51:24.79 JST" StructureHandle="/Cake_SL3/app/Controller/TEMPLATEController.php" StructureKind="resource" NumEvents="4" CreationCount="28"/><InteractionEvent Delta="null" EndDate="2014-10-27 09:51:40.448 JST" Interest="6.0" Kind="edit" Navigation="null" OriginId="org.eclipse.php.editor" StartDate="2014-10-27 09:51:24.344 JST" StructureHandle="/Cake_SL3/app/Controller/TEMPLATEController.php" StructureKind="resource" NumEvents="6" CreationCount="28"/><InteractionEvent Delta="null" EndDate="2014-10-27 11:22:45.142 JST" Interest="77.973" Kind="propagation" Navigation="org.eclipse.mylyn.core.model.edges.containment" OriginId="org.eclipse.mylyn.core.model.interest.propagation" StartDate="2014-10-27 09:50:58.788 JST" StructureHandle="=Cake_SL3" StructureKind="c/c++" NumEvents="114" CreationCount="1"/><InteractionEvent Delta="null" EndDate="2014-10-27 09:58:15.54 JST" Interest="1.0" Kind="selection" Navigation="null" OriginId="org.eclipse.ui.views.ResourceNavigator" StartDate="2014-10-27 09:58:15.54 JST" StructureHandle="/Cake_SL3/app/Config" StructureKind="resource"/><InteractionEvent Delta="null" EndDate="2014-10-27 09:58:37.288 JST" Interest="9.617" Kind="propagation" Navigation="org.eclipse.mylyn.core.model.edges.containment" OriginId="org.eclipse.mylyn.core.model.interest.propagation" StartDate="2014-10-27 09:58:16.898 JST" StructureHandle="/Cake_SL3/app/Config" StructureKind="resource" NumEvents="13" CreationCount="160"/><InteractionEvent Delta="null" EndDate="2014-10-27 09:53:13.545 JST" Interest="1.0" Kind="selection" Navigation="null" OriginId="org.eclipse.ui.views.ResourceNavigator" StartDate="2014-10-27 09:53:13.545 JST" StructureHandle="/Cake_SL3/app/View/Stores" StructureKind="resource"/><InteractionEvent Delta="null" EndDate="2014-10-27 11:22:45.141 JST" Interest="75.37499" Kind="propagation" Navigation="org.eclipse.mylyn.core.model.edges.containment" OriginId="org.eclipse.mylyn.core.model.interest.propagation" StartDate="2014-10-27 09:53:10.201 JST" StructureHandle="/Cake_SL3/app/View/Stores" StructureKind="resource" NumEvents="104" CreationCount="95"/><InteractionEvent Delta="null" EndDate="2014-10-27 09:58:11.488 JST" Interest="1.0" Kind="selection" Navigation="null" OriginId="org.eclipse.ui.views.ResourceNavigator" StartDate="2014-10-27 09:58:11.488 JST" StructureHandle="/Cake_SL3/app/View/Layouts" StructureKind="resource"/><InteractionEvent Delta="null" EndDate="2014-10-27 09:58:44.843 JST" Interest="9.0" Kind="selection" Navigation="null" OriginId="org.eclipse.ui.views.ResourceNavigator" StartDate="2014-10-27 09:51:05.489 JST" StructureHandle="/Cake_SL3/app/Controller/PurhistorysController.php" StructureKind="resource" NumEvents="9" CreationCount="4"/><InteractionEvent Delta="null" EndDate="2014-10-27 09:58:40.860 JST" Interest="18.0" Kind="edit" Navigation="null" OriginId="org.eclipse.php.editor" StartDate="2014-10-27 09:51:05.760 JST" StructureHandle="/Cake_SL3/app/Controller/PurhistorysController.php" StructureKind="resource" NumEvents="18" CreationCount="4"/><InteractionEvent Delta="null" EndDate="2014-10-27 09:58:44.954 JST" Interest="1.0" Kind="selection" Navigation="null" OriginId="org.eclipse.ui.views.ResourceNavigator" StartDate="2014-10-27 09:58:44.954 JST" StructureHandle="/Cake_SL3/app/Controller/PagesController.php" StructureKind="resource"/><InteractionEvent Delta="null" EndDate="2014-10-27 11:22:45.142 JST" Interest="231.0" Kind="propagation" Navigation="null" OriginId="org.eclipse.php.editor" StartDate="2014-10-27 09:50:58.788 JST" StructureHandle="/Cake_SL3" StructureKind="resource" NumEvents="231" CreationCount="1"/><InteractionEvent Delta="null" EndDate="2014-10-27 09:58:14.622 JST" Interest="3.0" Kind="selection" Navigation="null" OriginId="org.eclipse.ui.views.ResourceNavigator" StartDate="2014-10-27 09:50:58.788 JST" StructureHandle="/Cake_SL3/app" StructureKind="resource" NumEvents="3" CreationCount="1"/><InteractionEvent Delta="null" EndDate="2014-10-27 11:22:45.142 JST" Interest="74.973" Kind="propagation" Navigation="org.eclipse.mylyn.core.model.edges.containment" OriginId="org.eclipse.mylyn.core.model.interest.propagation" StartDate="2014-10-27 09:51:05.709 JST" StructureHandle="/Cake_SL3/app" StructureKind="resource" NumEvents="110" CreationCount="1"/><InteractionEvent Delta="null" EndDate="2014-10-27 11:22:45.116 JST" Interest="11.0" Kind="selection" Navigation="null" OriginId="org.eclipse.php.editor" StartDate="2014-10-27 09:53:10.200 JST" StructureHandle="/Cake_SL3/app/View/Stores/add.ctp" StructureKind="resource" NumEvents="11" CreationCount="70"/><InteractionEvent Delta="null" EndDate="2014-10-27 11:22:45.140 JST" Interest="94.0" Kind="edit" Navigation="null" OriginId="org.eclipse.php.editor" StartDate="2014-10-27 09:53:10.261 JST" StructureHandle="/Cake_SL3/app/View/Stores/add.ctp" StructureKind="resource" NumEvents="94" CreationCount="70"/></InteractionHistory>