<?xml version="1.0" encoding="UTF-8"?><InteractionHistory Id="local-135" Version="1"><InteractionEvent Delta="null" EndDate="2015-01-18 12:04:02.52 JST" Interest="530.334" Kind="propagation" Navigation="org.eclipse.mylyn.core.model.edges.containment" OriginId="org.eclipse.mylyn.core.model.interest.propagation" StartDate="2015-01-18 10:01:55.530 JST" StructureHandle="" StructureKind="c/c++" NumEvents="751" CreationCount="1"/><InteractionEvent Delta="null" EndDate="2015-01-18 10:59:15.172 JST" Interest="17.417" Kind="propagation" Navigation="org.eclipse.mylyn.core.model.edges.containment" OriginId="org.eclipse.mylyn.core.model.interest.propagation" StartDate="2015-01-18 10:08:02.450 JST" StructureHandle="/Cake_NR5/app/View/Elements/layouts" StructureKind="resource" NumEvents="22" CreationCount="41"/><InteractionEvent Delta="null" EndDate="2015-01-18 10:08:01.528 JST" Interest="1.0" Kind="selection" Navigation="null" OriginId="org.eclipse.ui.views.ResourceNavigator" StartDate="2015-01-18 10:08:01.528 JST" StructureHandle="/Cake_NR5/app/View/Elements/layouts" StructureKind="resource"/><InteractionEvent Delta="null" EndDate="2015-01-18 11:32:30.636 JST" Interest="220.0" Kind="propagation" Navigation="null" OriginId="org.eclipse.php.editor" StartDate="2015-01-18 10:36:50.301 JST" StructureHandle="/CR6_cake" StructureKind="resource" NumEvents="220" CreationCount="311"/><InteractionEvent Delta="null" EndDate="2015-01-18 12:02:51.136 JST" Interest="233.0" Kind="edit" Navigation="null" OriginId="org.eclipse.php.editor" StartDate="2015-01-18 10:45:36.150 JST" StructureHandle="/Cake_NR5/app/View/Elements/tokens/index_t_headers.ctp" StructureKind="resource" NumEvents="233" CreationCount="426"/><InteractionEvent Delta="null" EndDate="2015-01-18 11:51:18.843 JST" Interest="33.0" Kind="selection" Navigation="null" OriginId="org.eclipse.php.editor" StartDate="2015-01-18 10:45:35.845 JST" StructureHandle="/Cake_NR5/app/View/Elements/tokens/index_t_headers.ctp" StructureKind="resource" NumEvents="33" CreationCount="426"/><InteractionEvent Delta="null" EndDate="2015-01-18 11:32:23.67 JST" Interest="40.1" Kind="propagation" Navigation="org.eclipse.mylyn.core.model.edges.containment" OriginId="org.eclipse.mylyn.core.model.interest.propagation" StartDate="2015-01-18 11:04:34.115 JST" StructureHandle="/Cake_NR5/app/Lib/utils" StructureKind="resource" NumEvents="53" CreationCount="827"/><InteractionEvent Delta="null" EndDate="2015-01-18 11:18:02.981 JST" Interest="1.0" Kind="selection" Navigation="null" OriginId="org.eclipse.ui.views.ResourceNavigator" StartDate="2015-01-18 11:18:02.981 JST" StructureHandle="/Cake_NR5/app/Lib/utils" StructureKind="resource"/><InteractionEvent Delta="null" EndDate="2015-01-18 11:04:54.495 JST" Interest="37.6" Kind="propagation" Navigation="org.eclipse.mylyn.core.model.edges.containment" OriginId="org.eclipse.mylyn.core.model.interest.propagation" StartDate="2015-01-18 11:01:31.429 JST" StructureHandle="/CR6_cake/app/Lib/utils" StructureKind="resource" NumEvents="57" CreationCount="729"/><InteractionEvent Delta="null" EndDate="2015-01-18 10:17:03.490 JST" Interest="1.0" Kind="propagation" Navigation="null" OriginId="org.eclipse.mylyn.resources.ui.interest.updater" StartDate="2015-01-18 10:17:03.490 JST" StructureHandle="/Cake_NR5/app/View/Tokens/create_hins.ctp" StructureKind="resource"/><InteractionEvent Delta="null" EndDate="2015-01-18 10:59:15.947 JST" Interest="14.0" Kind="edit" Navigation="null" OriginId="org.eclipse.php.editor" StartDate="2015-01-18 10:17:20.663 JST" StructureHandle="/Cake_NR5/app/View/Tokens/create_hins.ctp" StructureKind="resource" NumEvents="14" CreationCount="223"/><InteractionEvent Delta="null" EndDate="2015-01-18 10:59:15.926 JST" Interest="10.0" Kind="selection" Navigation="null" OriginId="org.eclipse.php.editor" StartDate="2015-01-18 10:17:20.426 JST" StructureHandle="/Cake_NR5/app/View/Tokens/create_hins.ctp" StructureKind="resource" NumEvents="10" CreationCount="223"/><InteractionEvent Delta="null" EndDate="2015-01-18 11:32:23.66 JST" Interest="43.0" Kind="edit" Navigation="null" OriginId="org.eclipse.php.editor" StartDate="2015-01-18 11:04:34.194 JST" StructureHandle="/Cake_NR5/app/Lib/utils/CONS.php" StructureKind="resource" NumEvents="43" CreationCount="827"/><InteractionEvent Delta="null" EndDate="2015-01-18 11:32:23.18 JST" Interest="11.0" Kind="selection" Navigation="null" OriginId="org.eclipse.php.editor" StartDate="2015-01-18 11:04:34.115 JST" StructureHandle="/Cake_NR5/app/Lib/utils/CONS.php" StructureKind="resource" NumEvents="11" CreationCount="827"/><InteractionEvent Delta="null" EndDate="2015-01-18 11:14:32.919 JST" Interest="22.0" Kind="edit" Navigation="null" OriginId="org.eclipse.php.editor" StartDate="2015-01-18 11:01:36.280 JST" StructureHandle="/CR6_cake/app/Lib/utils/utils.php" StructureKind="resource" NumEvents="22" CreationCount="733"/><InteractionEvent Delta="null" EndDate="2015-01-18 11:14:32.882 JST" Interest="12.0" Kind="selection" Navigation="null" OriginId="org.eclipse.php.editor" StartDate="2015-01-18 11:01:36.220 JST" StructureHandle="/CR6_cake/app/Lib/utils/utils.php" StructureKind="resource" NumEvents="12" CreationCount="733"/><InteractionEvent Delta="null" EndDate="2015-01-18 11:14:31.634 JST" Interest="11.0" Kind="edit" Navigation="null" OriginId="org.eclipse.php.editor" StartDate="2015-01-18 11:01:42.551 JST" StructureHandle="/CR6_cake/app/Lib/utils/methods.php" StructureKind="resource" NumEvents="11" CreationCount="736"/><InteractionEvent Delta="null" EndDate="2015-01-18 11:14:31.587 JST" Interest="8.0" Kind="selection" Navigation="null" OriginId="org.eclipse.php.editor" StartDate="2015-01-18 11:01:42.449 JST" StructureHandle="/CR6_cake/app/Lib/utils/methods.php" StructureKind="resource" NumEvents="8" CreationCount="736"/><InteractionEvent Delta="null" EndDate="2015-01-18 10:47:08.391 JST" Interest="6.0" Kind="edit" Navigation="null" OriginId="org.eclipse.php.editor" StartDate="2015-01-18 10:45:25.644 JST" StructureHandle="/Cake_NR5/app/View/Tokens/index.ctp" StructureKind="resource" NumEvents="6" CreationCount="418"/><InteractionEvent Delta="null" EndDate="2015-01-18 10:47:08.378 JST" Interest="7.0" Kind="selection" Navigation="null" OriginId="org.eclipse.php.editor" StartDate="2015-01-18 10:45:24.354 JST" StructureHandle="/Cake_NR5/app/View/Tokens/index.ctp" StructureKind="resource" NumEvents="7" CreationCount="418"/><InteractionEvent Delta="null" EndDate="2015-01-18 10:47:24.4 JST" Interest="9.0" Kind="edit" Navigation="null" OriginId="org.eclipse.php.editor" StartDate="2015-01-18 10:02:10.251 JST" StructureHandle="/Cake_NR5/app/Model/SkimmedToken.php" StructureKind="resource" NumEvents="9" CreationCount="10"/><InteractionEvent Delta="null" EndDate="2015-01-18 10:47:23.981 JST" Interest="8.0" Kind="selection" Navigation="null" OriginId="org.eclipse.php.editor" StartDate="2015-01-18 10:02:09.867 JST" StructureHandle="/Cake_NR5/app/Model/SkimmedToken.php" StructureKind="resource" NumEvents="8" CreationCount="10"/><InteractionEvent Delta="null" EndDate="2015-01-18 10:16:04.354 JST" Interest="1.0" Kind="selection" Navigation="null" OriginId="org.eclipse.ui.views.ResourceNavigator" StartDate="2015-01-18 10:16:04.354 JST" StructureHandle="/Cake_NR5/app/View/Tokens/view.ctp" StructureKind="resource"/><InteractionEvent Delta="null" EndDate="2015-01-18 11:31:00.594 JST" Interest="31.0" Kind="edit" Navigation="null" OriginId="org.eclipse.php.editor" StartDate="2015-01-18 10:36:50.421 JST" StructureHandle="/CR6_cake/app/Controller/TextsController.php" StructureKind="resource" NumEvents="31" CreationCount="311"/><InteractionEvent Delta="null" EndDate="2015-01-18 11:31:00.559 JST" Interest="20.0" Kind="selection" Navigation="null" OriginId="org.eclipse.php.editor" StartDate="2015-01-18 10:36:50.299 JST" StructureHandle="/CR6_cake/app/Controller/TextsController.php" StructureKind="resource" NumEvents="20" CreationCount="311"/><InteractionEvent Delta="null" EndDate="2015-01-18 12:02:51.137 JST" Interest="195.13399" Kind="propagation" Navigation="org.eclipse.mylyn.core.model.edges.containment" OriginId="org.eclipse.mylyn.core.model.interest.propagation" StartDate="2015-01-18 10:45:35.846 JST" StructureHandle="/Cake_NR5/app/View/Elements/tokens" StructureKind="resource" NumEvents="266" CreationCount="39"/><InteractionEvent Delta="null" EndDate="2015-01-18 10:45:32.758 JST" Interest="5.5450006" Kind="manipulation" Navigation="null" OriginId="org.eclipse.mylyn.core.model.interest.decay.correction" StartDate="2015-01-18 10:45:32.758 JST" StructureHandle="/Cake_NR5/app/View/Elements/tokens" StructureKind="resource"/><InteractionEvent Delta="null" EndDate="2015-01-18 10:45:32.758 JST" Interest="2.0" Kind="selection" Navigation="null" OriginId="org.eclipse.ui.views.ResourceNavigator" StartDate="2015-01-18 10:07:50.960 JST" StructureHandle="/Cake_NR5/app/View/Elements/tokens" StructureKind="resource" NumEvents="2" CreationCount="39"/><InteractionEvent Delta="null" EndDate="2015-01-18 12:04:02.52 JST" Interest="530.334" Kind="propagation" Navigation="org.eclipse.mylyn.core.model.edges.containment" OriginId="org.eclipse.mylyn.core.model.interest.propagation" StartDate="2015-01-18 10:01:55.529 JST" StructureHandle="=Cake_NR5" StructureKind="c/c++" NumEvents="756" CreationCount="1"/><InteractionEvent Delta="null" EndDate="2015-01-18 12:04:02.53 JST" Interest="1517.0" Kind="propagation" Navigation="null" OriginId="org.eclipse.php.editor" StartDate="2015-01-18 10:01:55.529 JST" StructureHandle="/" StructureKind="resource" NumEvents="1517" CreationCount="1"/><InteractionEvent Delta="null" EndDate="2015-01-18 10:09:38.913 JST" Interest="3.8" Kind="propagation" Navigation="org.eclipse.mylyn.core.model.edges.containment" OriginId="org.eclipse.mylyn.core.model.interest.propagation" StartDate="2015-01-18 10:09:35.355 JST" StructureHandle="/Cake_NR5/lib/Cake/Console" StructureKind="resource" NumEvents="5" CreationCount="74"/><InteractionEvent Delta="null" EndDate="2015-01-18 10:07:39.117 JST" Interest="1.0" Kind="selection" Navigation="null" OriginId="org.eclipse.ui.views.ResourceNavigator" StartDate="2015-01-18 10:07:39.117 JST" StructureHandle="/Cake_NR5/app/View/TEMPLATES" StructureKind="resource"/><InteractionEvent Delta="null" EndDate="2015-01-18 10:59:13.595 JST" Interest="54.0" Kind="edit" Navigation="null" OriginId="org.eclipse.php.editor" StartDate="2015-01-18 10:07:40.983 JST" StructureHandle="/Cake_NR5/app/View/Tokens/test_1.ctp" StructureKind="resource" NumEvents="54" CreationCount="31"/><InteractionEvent Delta="null" EndDate="2015-01-18 10:59:12.399 JST" Interest="14.0" Kind="selection" Navigation="null" OriginId="org.eclipse.php.editor" StartDate="2015-01-18 10:07:40.952 JST" StructureHandle="/Cake_NR5/app/View/Tokens/test_1.ctp" StructureKind="resource" NumEvents="14" CreationCount="31"/><InteractionEvent Delta="null" EndDate="2015-01-18 10:09:38.914 JST" Interest="3.8" Kind="propagation" Navigation="org.eclipse.mylyn.core.model.edges.containment" OriginId="org.eclipse.mylyn.core.model.interest.propagation" StartDate="2015-01-18 10:09:35.355 JST" StructureHandle="/Cake_NR5/lib/Cake" StructureKind="resource" NumEvents="5" CreationCount="74"/><InteractionEvent Delta="null" EndDate="2015-01-18 11:32:30.636 JST" Interest="54.934998" Kind="propagation" Navigation="org.eclipse.mylyn.core.model.edges.containment" OriginId="org.eclipse.mylyn.core.model.interest.propagation" StartDate="2015-01-18 10:36:50.301 JST" StructureHandle="/CR6_cake/app" StructureKind="resource" NumEvents="70" CreationCount="311"/><InteractionEvent Delta="null" EndDate="2015-01-18 11:32:30.636 JST" Interest="54.934998" Kind="propagation" Navigation="org.eclipse.mylyn.core.model.edges.containment" OriginId="org.eclipse.mylyn.core.model.interest.propagation" StartDate="2015-01-18 10:36:50.301 JST" StructureHandle="=CR6_cake" StructureKind="c/c++" NumEvents="70" CreationCount="311"/><InteractionEvent Delta="null" EndDate="2015-01-18 12:04:02.52 JST" Interest="1297.0" Kind="propagation" Navigation="null" OriginId="org.eclipse.php.editor" StartDate="2015-01-18 10:01:55.529 JST" StructureHandle="/Cake_NR5" StructureKind="resource" NumEvents="1297" CreationCount="1"/><InteractionEvent Delta="null" EndDate="2015-01-18 12:02:51.138 JST" Interest="201.86598" Kind="propagation" Navigation="org.eclipse.mylyn.core.model.edges.containment" OriginId="org.eclipse.mylyn.core.model.interest.propagation" StartDate="2015-01-18 10:07:39.118 JST" StructureHandle="/Cake_NR5/app/View" StructureKind="resource" NumEvents="278" CreationCount="28"/><InteractionEvent Delta="null" EndDate="2015-01-18 10:07:36.994 JST" Interest="1.0" Kind="selection" Navigation="null" OriginId="org.eclipse.ui.views.ResourceNavigator" StartDate="2015-01-18 10:07:36.994 JST" StructureHandle="/Cake_NR5/app/View" StructureKind="resource"/><InteractionEvent Delta="null" EndDate="2015-01-18 10:15:58.972 JST" Interest="1.0" Kind="selection" Navigation="null" OriginId="org.eclipse.ui.views.ResourceNavigator" StartDate="2015-01-18 10:15:58.972 JST" StructureHandle="/Cake_NR5/app/View/Elements/skimmedtokens" StructureKind="resource"/><InteractionEvent Delta="null" EndDate="2015-01-18 12:02:51.137 JST" Interest="201.71298" Kind="propagation" Navigation="org.eclipse.mylyn.core.model.edges.containment" OriginId="org.eclipse.mylyn.core.model.interest.propagation" StartDate="2015-01-18 10:07:48.253 JST" StructureHandle="/Cake_NR5/app/View/Elements" StructureKind="resource" NumEvents="279" CreationCount="37"/><InteractionEvent Delta="null" EndDate="2015-01-18 10:07:44.740 JST" Interest="1.0" Kind="selection" Navigation="null" OriginId="org.eclipse.ui.views.ResourceNavigator" StartDate="2015-01-18 10:07:44.740 JST" StructureHandle="/Cake_NR5/app/View/Elements" StructureKind="resource"/><InteractionEvent Delta="null" EndDate="2015-01-18 10:02:05.309 JST" Interest="1.0" Kind="selection" Navigation="null" OriginId="org.eclipse.ui.views.ResourceNavigator" StartDate="2015-01-18 10:02:05.309 JST" StructureHandle="/Cake_NR5/app/Controller/HistorysController.php" StructureKind="resource"/><InteractionEvent Delta="null" EndDate="2015-01-18 10:09:38.911 JST" Interest="3.8" Kind="propagation" Navigation="org.eclipse.mylyn.core.model.edges.containment" OriginId="org.eclipse.mylyn.core.model.interest.propagation" StartDate="2015-01-18 10:09:35.352 JST" StructureHandle="/Cake_NR5/lib/Cake/Console/Templates/default" StructureKind="resource" NumEvents="5" CreationCount="74"/><InteractionEvent Delta="null" EndDate="2015-01-18 10:09:38.910 JST" Interest="4.0" Kind="edit" Navigation="null" OriginId="org.eclipse.php.editor" StartDate="2015-01-18 10:09:35.407 JST" StructureHandle="/Cake_NR5/lib/Cake/Console/Templates/default/actions/controller_actions.ctp" StructureKind="resource" NumEvents="4" CreationCount="74"/><InteractionEvent Delta="null" EndDate="2015-01-18 10:09:35.351 JST" Interest="1.0" Kind="selection" Navigation="null" OriginId="org.eclipse.php.editor" StartDate="2015-01-18 10:09:35.351 JST" StructureHandle="/Cake_NR5/lib/Cake/Console/Templates/default/actions/controller_actions.ctp" StructureKind="resource"/><InteractionEvent Delta="null" EndDate="2015-01-18 10:07:53.248 JST" Interest="1.0" Kind="selection" Navigation="null" OriginId="org.eclipse.ui.views.ResourceNavigator" StartDate="2015-01-18 10:07:53.248 JST" StructureHandle="/Cake_NR5/app/View/Elements/historys" StructureKind="resource"/><InteractionEvent Delta="null" EndDate="2015-01-18 12:04:02.52 JST" Interest="529.334" Kind="propagation" Navigation="org.eclipse.mylyn.core.model.edges.containment" OriginId="org.eclipse.mylyn.core.model.interest.propagation" StartDate="2015-01-18 10:01:57.357 JST" StructureHandle="/Cake_NR5/app" StructureKind="resource" NumEvents="748" CreationCount="1"/><InteractionEvent Delta="null" EndDate="2015-01-18 10:01:55.529 JST" Interest="1.0" Kind="selection" Navigation="null" OriginId="org.eclipse.ui.views.ResourceNavigator" StartDate="2015-01-18 10:01:55.529 JST" StructureHandle="/Cake_NR5/app" StructureKind="resource"/><InteractionEvent Delta="null" EndDate="2015-01-18 10:45:51.182 JST" Interest="44.0" Kind="edit" Navigation="null" OriginId="org.eclipse.php.editor" StartDate="2015-01-18 10:20:24.598 JST" StructureHandle="/Cake_NR5/test.php" StructureKind="resource" NumEvents="44" CreationCount="255"/><InteractionEvent Delta="null" EndDate="2015-01-18 10:45:51.172 JST" Interest="4.0" Kind="selection" Navigation="null" OriginId="org.eclipse.php.editor" StartDate="2015-01-18 10:20:24.214 JST" StructureHandle="/Cake_NR5/test.php" StructureKind="resource" NumEvents="4" CreationCount="255"/><InteractionEvent Delta="null" EndDate="2015-01-18 11:04:54.494 JST" Interest="38.0" Kind="edit" Navigation="null" OriginId="org.eclipse.php.editor" StartDate="2015-01-18 11:01:31.484 JST" StructureHandle="/CR6_cake/app/Lib/utils/CONS.php" StructureKind="resource" NumEvents="38" CreationCount="729"/><InteractionEvent Delta="null" EndDate="2015-01-18 11:04:44.36 JST" Interest="11.0" Kind="selection" Navigation="null" OriginId="org.eclipse.php.editor" StartDate="2015-01-18 11:01:31.428 JST" StructureHandle="/CR6_cake/app/Lib/utils/CONS.php" StructureKind="resource" NumEvents="11" CreationCount="729"/><InteractionEvent Delta="null" EndDate="2015-01-18 10:47:24.5 JST" Interest="12.316999" Kind="propagation" Navigation="org.eclipse.mylyn.core.model.edges.containment" OriginId="org.eclipse.mylyn.core.model.interest.propagation" StartDate="2015-01-18 10:02:09.868 JST" StructureHandle="/Cake_NR5/app/Model" StructureKind="resource" NumEvents="16" CreationCount="9"/><InteractionEvent Delta="null" EndDate="2015-01-18 10:07:34.791 JST" Interest="2.0" Kind="selection" Navigation="null" OriginId="org.eclipse.ui.views.ResourceNavigator" StartDate="2015-01-18 10:02:07.32 JST" StructureHandle="/Cake_NR5/app/Model" StructureKind="resource" NumEvents="2" CreationCount="9"/><InteractionEvent Delta="null" EndDate="2015-01-18 11:32:23.67 JST" Interest="40.1" Kind="propagation" Navigation="org.eclipse.mylyn.core.model.edges.containment" OriginId="org.eclipse.mylyn.core.model.interest.propagation" StartDate="2015-01-18 11:04:34.116 JST" StructureHandle="/Cake_NR5/app/Lib" StructureKind="resource" NumEvents="53" CreationCount="827"/><InteractionEvent Delta="null" EndDate="2015-01-18 11:18:01.115 JST" Interest="1.0" Kind="selection" Navigation="null" OriginId="org.eclipse.ui.views.ResourceNavigator" StartDate="2015-01-18 11:18:01.115 JST" StructureHandle="/Cake_NR5/app/Lib" StructureKind="resource"/><InteractionEvent Delta="null" EndDate="2015-01-18 11:04:54.496 JST" Interest="37.6" Kind="propagation" Navigation="org.eclipse.mylyn.core.model.edges.containment" OriginId="org.eclipse.mylyn.core.model.interest.propagation" StartDate="2015-01-18 11:01:31.430 JST" StructureHandle="/CR6_cake/app/Lib" StructureKind="resource" NumEvents="57" CreationCount="729"/><InteractionEvent Delta="null" EndDate="2015-01-18 10:09:38.911 JST" Interest="3.8" Kind="propagation" Navigation="org.eclipse.mylyn.core.model.edges.containment" OriginId="org.eclipse.mylyn.core.model.interest.propagation" StartDate="2015-01-18 10:09:35.352 JST" StructureHandle="/Cake_NR5/lib/Cake/Console/Templates/default/actions" StructureKind="resource" NumEvents="5" CreationCount="74"/><InteractionEvent Delta="null" EndDate="2015-01-18 10:59:15.171 JST" Interest="12.0" Kind="edit" Navigation="null" OriginId="org.eclipse.php.editor" StartDate="2015-01-18 10:08:03.37 JST" StructureHandle="/Cake_NR5/app/View/Elements/layouts/links.ctp" StructureKind="resource" NumEvents="12" CreationCount="42"/><InteractionEvent Delta="null" EndDate="2015-01-18 10:59:15.149 JST" Interest="10.0" Kind="selection" Navigation="null" OriginId="org.eclipse.php.editor" StartDate="2015-01-18 10:08:02.449 JST" StructureHandle="/Cake_NR5/app/View/Elements/layouts/links.ctp" StructureKind="resource" NumEvents="10" CreationCount="42"/><InteractionEvent Delta="null" EndDate="2015-01-18 10:16:24.355 JST" Interest="1.0" Kind="propagation" Navigation="null" OriginId="org.eclipse.mylyn.resources.ui.interest.updater" StartDate="2015-01-18 10:16:24.355 JST" StructureHandle="/Cake_NR5/app/View/Tokens/tests/test_1.ctp" StructureKind="resource"/><InteractionEvent Delta="null" EndDate="2015-01-18 10:16:26.166 JST" Interest="1.0" Kind="selection" Navigation="null" OriginId="org.eclipse.ui.views.ResourceNavigator" StartDate="2015-01-18 10:16:26.166 JST" StructureHandle="/Cake_NR5/app/View/Tokens/tests/test_1.ctp" StructureKind="resource"/><InteractionEvent Delta="null" EndDate="2015-01-18 11:32:30.635 JST" Interest="52.3" Kind="propagation" Navigation="org.eclipse.mylyn.core.model.edges.containment" OriginId="org.eclipse.mylyn.core.model.interest.propagation" StartDate="2015-01-18 10:46:37.179 JST" StructureHandle="/CR6_cake/app/View" StructureKind="resource" NumEvents="67" CreationCount="466"/><InteractionEvent Delta="null" EndDate="2015-01-18 11:32:30.634 JST" Interest="52.3" Kind="propagation" Navigation="org.eclipse.mylyn.core.model.edges.containment" OriginId="org.eclipse.mylyn.core.model.interest.propagation" StartDate="2015-01-18 10:46:37.179 JST" StructureHandle="/CR6_cake/app/View/Elements" StructureKind="resource" NumEvents="67" CreationCount="466"/><InteractionEvent Delta="null" EndDate="2015-01-18 10:20:20.430 JST" Interest="1.0" Kind="selection" Navigation="null" OriginId="org.eclipse.ui.views.ResourceNavigator" StartDate="2015-01-18 10:20:20.430 JST" StructureHandle="/Cake_NR5/app/View/Historys" StructureKind="resource"/><InteractionEvent Delta="null" EndDate="2015-01-18 10:45:28.5 JST" Interest="1.0" Kind="selection" Navigation="null" OriginId="org.eclipse.ui.views.ResourceNavigator" StartDate="2015-01-18 10:45:28.5 JST" StructureHandle="/Cake_NR5/app/View/Helper" StructureKind="resource"/><InteractionEvent Delta="null" EndDate="2015-01-18 10:16:36.763 JST" Interest="1.0" Kind="propagation" Navigation="null" OriginId="org.eclipse.mylyn.resources.ui.interest.updater" StartDate="2015-01-18 10:16:36.763 JST" StructureHandle="/Cake_NR5/app/View/Tokens/tests/create_hins.ctp" StructureKind="resource"/><InteractionEvent Delta="null" EndDate="2015-01-18 10:17:02.371 JST" Interest="4.0" Kind="selection" Navigation="null" OriginId="org.eclipse.ui.views.ResourceNavigator" StartDate="2015-01-18 10:16:39.163 JST" StructureHandle="/Cake_NR5/app/View/Tokens/tests/create_hins.ctp" StructureKind="resource" NumEvents="4" CreationCount="213"/><InteractionEvent Delta="null" EndDate="2015-01-18 11:32:30.633 JST" Interest="49.0" Kind="edit" Navigation="null" OriginId="org.eclipse.php.editor" StartDate="2015-01-18 10:46:37.260 JST" StructureHandle="/CR6_cake/app/View/Elements/texts/index_table_header.ctp" StructureKind="resource" NumEvents="49" CreationCount="466"/><InteractionEvent Delta="null" EndDate="2015-01-18 11:32:30.600 JST" Interest="18.0" Kind="selection" Navigation="null" OriginId="org.eclipse.php.editor" StartDate="2015-01-18 10:46:37.178 JST" StructureHandle="/CR6_cake/app/View/Elements/texts/index_table_header.ctp" StructureKind="resource" NumEvents="18" CreationCount="466"/><InteractionEvent Delta="null" EndDate="2015-01-18 10:09:38.912 JST" Interest="3.8" Kind="propagation" Navigation="org.eclipse.mylyn.core.model.edges.containment" OriginId="org.eclipse.mylyn.core.model.interest.propagation" StartDate="2015-01-18 10:09:35.353 JST" StructureHandle="/Cake_NR5/lib/Cake/Console/Templates" StructureKind="resource" NumEvents="5" CreationCount="74"/><InteractionEvent Delta="null" EndDate="2015-01-18 11:31:00.595 JST" Interest="41.699997" Kind="propagation" Navigation="org.eclipse.mylyn.core.model.edges.containment" OriginId="org.eclipse.mylyn.core.model.interest.propagation" StartDate="2015-01-18 10:36:50.300 JST" StructureHandle="/CR6_cake/app/Controller" StructureKind="resource" NumEvents="51" CreationCount="311"/><InteractionEvent Delta="null" EndDate="2015-01-18 10:07:48.252 JST" Interest="1.0" Kind="selection" Navigation="null" OriginId="org.eclipse.ui.views.ResourceNavigator" StartDate="2015-01-18 10:07:48.252 JST" StructureHandle="/Cake_NR5/app/View/Elements/TEMPLATE" StructureKind="resource"/><InteractionEvent Delta="null" EndDate="2015-01-18 12:04:02.51 JST" Interest="529.317" Kind="propagation" Navigation="org.eclipse.mylyn.core.model.edges.containment" OriginId="org.eclipse.mylyn.core.model.interest.propagation" StartDate="2015-01-18 10:01:59.656 JST" StructureHandle="/Cake_NR5/app/Controller" StructureKind="resource" NumEvents="743" CreationCount="2"/><InteractionEvent Delta="null" EndDate="2015-01-18 10:01:57.356 JST" Interest="1.0" Kind="selection" Navigation="null" OriginId="org.eclipse.ui.views.ResourceNavigator" StartDate="2015-01-18 10:01:57.356 JST" StructureHandle="/Cake_NR5/app/Controller" StructureKind="resource"/><InteractionEvent Delta="null" EndDate="2015-01-18 10:59:13.596 JST" Interest="47.817" Kind="propagation" Navigation="org.eclipse.mylyn.core.model.edges.containment" OriginId="org.eclipse.mylyn.core.model.interest.propagation" StartDate="2015-01-18 10:07:40.953 JST" StructureHandle="/Cake_NR5/app/View/Tokens" StructureKind="resource" NumEvents="65" CreationCount="30"/><InteractionEvent Delta="null" EndDate="2015-01-18 10:17:20.303 JST" Interest="4.0" Kind="selection" Navigation="null" OriginId="org.eclipse.ui.views.ResourceNavigator" StartDate="2015-01-18 10:07:39.818 JST" StructureHandle="/Cake_NR5/app/View/Tokens" StructureKind="resource" NumEvents="4" CreationCount="30"/><InteractionEvent Delta="null" EndDate="2015-01-18 11:32:30.634 JST" Interest="52.3" Kind="propagation" Navigation="org.eclipse.mylyn.core.model.edges.containment" OriginId="org.eclipse.mylyn.core.model.interest.propagation" StartDate="2015-01-18 10:46:37.178 JST" StructureHandle="/CR6_cake/app/View/Elements/texts" StructureKind="resource" NumEvents="67" CreationCount="466"/><InteractionEvent Delta="null" EndDate="2015-01-18 10:09:38.915 JST" Interest="3.8" Kind="propagation" Navigation="org.eclipse.mylyn.core.model.edges.containment" OriginId="org.eclipse.mylyn.core.model.interest.propagation" StartDate="2015-01-18 10:09:35.356 JST" StructureHandle="/Cake_NR5/lib" StructureKind="resource" NumEvents="5" CreationCount="74"/><InteractionEvent Delta="null" EndDate="2015-01-18 10:45:20.367 JST" Interest="0.80200005" Kind="manipulation" Navigation="null" OriginId="org.eclipse.mylyn.core.model.interest.decay.correction" StartDate="2015-01-18 10:45:20.367 JST" StructureHandle="/Cake_NR5/app/.htaccess" StructureKind="resource"/><InteractionEvent Delta="null" EndDate="2015-01-18 10:45:20.367 JST" Interest="2.0" Kind="selection" Navigation="null" OriginId="org.eclipse.ui.views.ResourceNavigator" StartDate="2015-01-18 10:36:39.182 JST" StructureHandle="/Cake_NR5/app/.htaccess" StructureKind="resource" NumEvents="2" CreationCount="310"/><InteractionEvent Delta="null" EndDate="2015-01-18 10:17:02.371 JST" Interest="2.085" Kind="propagation" Navigation="org.eclipse.mylyn.core.model.edges.containment" OriginId="org.eclipse.mylyn.core.model.interest.propagation" StartDate="2015-01-18 10:16:17.841 JST" StructureHandle="/Cake_NR5/app/View/Tokens/tests" StructureKind="resource" NumEvents="3" CreationCount="208"/><InteractionEvent Delta="null" EndDate="2015-01-18 10:16:24.137 JST" Interest="3.0" Kind="selection" Navigation="null" OriginId="org.eclipse.ui.views.ResourceNavigator" StartDate="2015-01-18 10:16:17.923 JST" StructureHandle="/Cake_NR5/app/View/Tokens/tests" StructureKind="resource" NumEvents="3" CreationCount="208"/><InteractionEvent Delta="null" EndDate="2015-01-18 12:04:02.50 JST" Interest="709.0" Kind="edit" Navigation="null" OriginId="org.eclipse.php.editor" StartDate="2015-01-18 10:02:00.633 JST" StructureHandle="/Cake_NR5/app/Controller/TokensController.php" StructureKind="resource" NumEvents="709" CreationCount="3"/><InteractionEvent Delta="null" EndDate="2015-01-18 12:03:03.116 JST" Interest="34.0" Kind="selection" Navigation="null" OriginId="org.eclipse.php.editor" StartDate="2015-01-18 10:01:59.655 JST" StructureHandle="/Cake_NR5/app/Controller/TokensController.php" StructureKind="resource" NumEvents="34" CreationCount="3"/></InteractionHistory>