<?xml version="1.0" encoding="UTF-8"?><InteractionHistory Id="local-4" Version="1"><InteractionEvent Delta="null" EndDate="2014-08-19 20:38:40.787 JST" Interest="128.889" Kind="propagation" Navigation="org.eclipse.mylyn.core.model.edges.containment" OriginId="org.eclipse.mylyn.core.model.interest.propagation" StartDate="2014-08-19 18:50:05.78 JST" StructureHandle="" StructureKind="c/c++" NumEvents="184" CreationCount="1"/><InteractionEvent Delta="null" EndDate="2014-08-19 19:05:12.801 JST" Interest="1.0" Kind="selection" Navigation="null" OriginId="org.eclipse.ui.views.ResourceNavigator" StartDate="2014-08-19 19:05:12.801 JST" StructureHandle="/Cake_IFM11/app/View/Elements/images" StructureKind="resource"/><InteractionEvent Delta="null" EndDate="2014-08-19 19:07:27.881 JST" Interest="7.634" Kind="propagation" Navigation="org.eclipse.mylyn.core.model.edges.containment" OriginId="org.eclipse.mylyn.core.model.interest.propagation" StartDate="2014-08-19 19:05:13.668 JST" StructureHandle="/Cake_IFM11/app/View/Elements/images" StructureKind="resource" NumEvents="12" CreationCount="229"/><InteractionEvent Delta="null" EndDate="2014-08-19 20:38:40.787 JST" Interest="128.889" Kind="propagation" Navigation="org.eclipse.mylyn.core.model.edges.containment" OriginId="org.eclipse.mylyn.core.model.interest.propagation" StartDate="2014-08-19 18:50:05.75 JST" StructureHandle="=Cake_IFM11" StructureKind="c/c++" NumEvents="180" CreationCount="1"/><InteractionEvent Delta="null" EndDate="2014-08-19 20:49:30.637 JST" Interest="1.0" Kind="prediction" Navigation="null" OriginId="org.eclipse.mylyn.resources.ui.interest.updater" StartDate="2014-08-19 20:49:30.637 JST" StructureHandle="/Cake_IFM11/main.stop.bat" StructureKind="resource"/><InteractionEvent Delta="null" EndDate="2014-08-19 20:39:55.799 JST" Interest="1.0" Kind="selection" Navigation="null" OriginId="org.eclipse.ui.views.ResourceNavigator" StartDate="2014-08-19 20:39:55.799 JST" StructureHandle="/Cake_IFM11/lib" StructureKind="resource"/><InteractionEvent Delta="null" EndDate="2014-08-19 21:24:38.559 JST" Interest="15.299999" Kind="propagation" Navigation="org.eclipse.mylyn.core.model.edges.containment" OriginId="org.eclipse.mylyn.core.model.interest.propagation" StartDate="2014-08-19 20:39:59.281 JST" StructureHandle="/Cake_IFM11/lib" StructureKind="resource" NumEvents="18" CreationCount="541"/><InteractionEvent Delta="null" EndDate="2014-08-19 20:39:27.250 JST" Interest="147.0" Kind="edit" Navigation="null" OriginId="org.eclipse.php.editor" StartDate="2014-08-19 19:04:26.983 JST" StructureHandle="/Cake_IFM11/app/Lib/utils/utils.php" StructureKind="resource" NumEvents="147" CreationCount="201"/><InteractionEvent Delta="null" EndDate="2014-08-19 20:39:18.659 JST" Interest="14.0" Kind="selection" Navigation="null" OriginId="org.eclipse.php.editor" StartDate="2014-08-19 19:04:26.696 JST" StructureHandle="/Cake_IFM11/app/Lib/utils/utils.php" StructureKind="resource" NumEvents="14" CreationCount="201"/><InteractionEvent Delta="null" EndDate="2014-08-19 19:03:56.936 JST" Interest="1.0" Kind="propagation" Navigation="null" OriginId="org.eclipse.mylyn.resources.ui.interest.updater" StartDate="2014-08-19 19:03:56.936 JST" StructureHandle="/Cake_IFM11/app/Lib/utils/utils.php" StructureKind="resource"/><InteractionEvent Delta="null" EndDate="2014-08-19 20:40:00.498 JST" Interest="1.0" Kind="selection" Navigation="null" OriginId="org.eclipse.ui.views.ResourceNavigator" StartDate="2014-08-19 20:40:00.498 JST" StructureHandle="/Cake_IFM11/lib/log" StructureKind="resource"/><InteractionEvent Delta="null" EndDate="2014-08-19 21:24:38.558 JST" Interest="15.299999" Kind="propagation" Navigation="org.eclipse.mylyn.core.model.edges.containment" OriginId="org.eclipse.mylyn.core.model.interest.propagation" StartDate="2014-08-19 20:39:59.279 JST" StructureHandle="/Cake_IFM11/lib/log" StructureKind="resource" NumEvents="18" CreationCount="541"/><InteractionEvent Delta="null" EndDate="2014-08-19 18:56:36.654 JST" Interest="5.0" Kind="edit" Navigation="null" OriginId="org.eclipse.php.editor" StartDate="2014-08-19 18:50:36.963 JST" StructureHandle="/VM_Cake/app/Controller/VideosController.php" StructureKind="resource" NumEvents="5" CreationCount="2"/><InteractionEvent Delta="null" EndDate="2014-08-19 18:56:36.638 JST" Interest="2.0" Kind="selection" Navigation="null" OriginId="org.eclipse.php.editor" StartDate="2014-08-19 18:50:36.614 JST" StructureHandle="/VM_Cake/app/Controller/VideosController.php" StructureKind="resource" NumEvents="2" CreationCount="2"/><InteractionEvent Delta="null" EndDate="2014-08-19 19:05:02.973 JST" Interest="1.0" Kind="selection" Navigation="null" OriginId="org.eclipse.ui.views.ResourceNavigator" StartDate="2014-08-19 19:05:02.973 JST" StructureHandle="/Cake_IFM11/app/Console" StructureKind="resource"/><InteractionEvent Delta="null" EndDate="2014-08-19 18:51:47.70 JST" Interest="1.0" Kind="selection" Navigation="null" OriginId="org.eclipse.search.ui.views.SearchView" StartDate="2014-08-19 18:51:47.70 JST" StructureHandle="/VM_Cake/app/View/Helper" StructureKind="resource"/><InteractionEvent Delta="null" EndDate="2014-08-19 18:51:47.895 JST" Interest="0.01700002" Kind="propagation" Navigation="org.eclipse.mylyn.core.model.edges.containment" OriginId="org.eclipse.mylyn.core.model.interest.propagation" StartDate="2014-08-19 18:51:47.895 JST" StructureHandle="/VM_Cake/app/View/Helper" StructureKind="resource"/><InteractionEvent Delta="null" EndDate="2014-08-19 20:38:37.422 JST" Interest="74.0" Kind="edit" Navigation="null" OriginId="org.eclipse.php.editor" StartDate="2014-08-19 19:04:04.344 JST" StructureHandle="/Cake_IFM11/app/Lib/utils/cons.php" StructureKind="resource" NumEvents="74" CreationCount="203"/><InteractionEvent Delta="null" EndDate="2014-08-19 20:38:35.512 JST" Interest="14.0" Kind="selection" Navigation="null" OriginId="org.eclipse.php.editor" StartDate="2014-08-19 19:04:04.7 JST" StructureHandle="/Cake_IFM11/app/Lib/utils/cons.php" StructureKind="resource" NumEvents="14" CreationCount="203"/><InteractionEvent Delta="null" EndDate="2014-08-19 19:04:02.117 JST" Interest="1.0" Kind="propagation" Navigation="null" OriginId="org.eclipse.mylyn.resources.ui.interest.updater" StartDate="2014-08-19 19:04:02.117 JST" StructureHandle="/Cake_IFM11/app/Lib/utils/cons.php" StructureKind="resource"/><InteractionEvent Delta="null" EndDate="2014-08-19 19:05:30.44 JST" Interest="8.0" Kind="edit" Navigation="null" OriginId="org.eclipse.php.editor" StartDate="2014-08-19 19:05:15.548 JST" StructureHandle="/Cake_IFM11/app/View/Elements/images/index/index_t_entries.ctp" StructureKind="resource" NumEvents="8" CreationCount="231"/><InteractionEvent Delta="null" EndDate="2014-08-19 19:07:27.879 JST" Interest="3.0" Kind="selection" Navigation="null" OriginId="org.eclipse.ui.views.ResourceNavigator" StartDate="2014-08-19 19:05:15.201 JST" StructureHandle="/Cake_IFM11/app/View/Elements/images/index/index_t_entries.ctp" StructureKind="resource" NumEvents="3" CreationCount="231"/><InteractionEvent Delta="null" EndDate="2014-08-19 21:56:24.470 JST" Interest="614.0" Kind="propagation" Navigation="null" OriginId="org.eclipse.php.editor" StartDate="2014-08-19 18:50:05.78 JST" StructureHandle="/Cake_IFM11" StructureKind="resource" NumEvents="614" CreationCount="1"/><InteractionEvent Delta="null" EndDate="2014-08-19 20:39:52.996 JST" Interest="4.0" Kind="selection" Navigation="null" OriginId="org.eclipse.ui.views.ResourceNavigator" StartDate="2014-08-19 18:55:00.487 JST" StructureHandle="/Cake_IFM11/app/Lib" StructureKind="resource" NumEvents="4" CreationCount="38"/><InteractionEvent Delta="null" EndDate="2014-08-19 20:39:27.251 JST" Interest="115.951" Kind="propagation" Navigation="org.eclipse.mylyn.core.model.edges.containment" OriginId="org.eclipse.mylyn.core.model.interest.propagation" StartDate="2014-08-19 19:03:46.160 JST" StructureHandle="/Cake_IFM11/app/Lib" StructureKind="resource" NumEvents="171" CreationCount="38"/><InteractionEvent Delta="null" EndDate="2014-08-19 19:03:40.537 JST" Interest="1.7200003" Kind="manipulation" Navigation="null" OriginId="org.eclipse.mylyn.core.model.interest.decay.correction" StartDate="2014-08-19 19:03:40.537 JST" StructureHandle="/Cake_IFM11/app/Lib" StructureKind="resource"/><InteractionEvent Delta="null" EndDate="2014-08-19 19:05:13.668 JST" Interest="1.0" Kind="selection" Navigation="null" OriginId="org.eclipse.ui.views.ResourceNavigator" StartDate="2014-08-19 19:05:13.668 JST" StructureHandle="/Cake_IFM11/app/View/Elements/images/index" StructureKind="resource"/><InteractionEvent Delta="null" EndDate="2014-08-19 19:07:27.880 JST" Interest="7.617" Kind="propagation" Navigation="org.eclipse.mylyn.core.model.edges.containment" OriginId="org.eclipse.mylyn.core.model.interest.propagation" StartDate="2014-08-19 19:05:15.202 JST" StructureHandle="/Cake_IFM11/app/View/Elements/images/index" StructureKind="resource" NumEvents="11" CreationCount="230"/><InteractionEvent Delta="null" EndDate="2014-08-19 19:03:58.953 JST" Interest="1.0" Kind="selection" Navigation="null" OriginId="org.eclipse.ui.views.ResourceNavigator" StartDate="2014-08-19 19:03:58.953 JST" StructureHandle="/Cake_IFM11/app/Lib/utils/CONS.php" StructureKind="resource"/><InteractionEvent Delta="null" EndDate="2014-08-19 19:03:56.935 JST" Interest="1.0" Kind="propagation" Navigation="null" OriginId="org.eclipse.mylyn.resources.ui.interest.updater" StartDate="2014-08-19 19:03:56.935 JST" StructureHandle="/Cake_IFM11/app/Lib/utils/CONS.php" StructureKind="resource"/><InteractionEvent Delta="null" EndDate="2014-08-19 21:23:25.286 JST" Interest="9.0" Kind="edit" Navigation="null" OriginId="org.eclipse.ui.DefaultTextEditor" StartDate="2014-08-19 20:40:03.116 JST" StructureHandle="/Cake_IFM11/lib/log/log.txt" StructureKind="resource" NumEvents="9" CreationCount="541"/><InteractionEvent Delta="null" EndDate="2014-08-19 21:24:38.557 JST" Interest="9.0" Kind="selection" Navigation="null" OriginId="org.eclipse.ui.views.ResourceNavigator" StartDate="2014-08-19 20:40:01.707 JST" StructureHandle="/Cake_IFM11/lib/log/log.txt" StructureKind="resource" NumEvents="9" CreationCount="541"/><InteractionEvent Delta="null" EndDate="2014-08-19 20:39:59.278 JST" Interest="1.0" Kind="propagation" Navigation="null" OriginId="org.eclipse.mylyn.resources.ui.interest.updater" StartDate="2014-08-19 20:39:59.278 JST" StructureHandle="/Cake_IFM11/lib/log/log.txt" StructureKind="resource"/><InteractionEvent Delta="null" EndDate="2014-08-19 19:02:45.407 JST" Interest="22.935999" Kind="propagation" Navigation="org.eclipse.mylyn.core.model.edges.containment" OriginId="org.eclipse.mylyn.core.model.interest.propagation" StartDate="2014-08-19 18:50:36.617 JST" StructureHandle="=VM_Cake" StructureKind="c/c++" NumEvents="31" CreationCount="2"/><InteractionEvent Delta="null" EndDate="2014-08-19 19:05:11.370 JST" Interest="1.0" Kind="selection" Navigation="null" OriginId="org.eclipse.ui.views.ResourceNavigator" StartDate="2014-08-19 19:05:11.370 JST" StructureHandle="/Cake_IFM11/app/View/Elements" StructureKind="resource"/><InteractionEvent Delta="null" EndDate="2014-08-19 19:07:27.881 JST" Interest="7.651" Kind="propagation" Navigation="org.eclipse.mylyn.core.model.edges.containment" OriginId="org.eclipse.mylyn.core.model.interest.propagation" StartDate="2014-08-19 19:05:12.802 JST" StructureHandle="/Cake_IFM11/app/View/Elements" StructureKind="resource" NumEvents="13" CreationCount="228"/><InteractionEvent Delta="null" EndDate="2014-08-19 18:51:47.893 JST" Interest="1.0" Kind="selection" Navigation="null" OriginId="org.eclipse.search.ui.views.SearchView" StartDate="2014-08-19 18:51:47.893 JST" StructureHandle="/VM_Cake/app/View/Helper/MytestHelper.php" StructureKind="resource"/><InteractionEvent Delta="null" EndDate="2014-08-19 19:02:45.407 JST" Interest="40.0" Kind="propagation" Navigation="null" OriginId="org.eclipse.php.editor" StartDate="2014-08-19 18:50:36.617 JST" StructureHandle="/VM_Cake" StructureKind="resource" NumEvents="40" CreationCount="2"/><InteractionEvent Delta="null" EndDate="2014-08-19 19:02:45.406 JST" Interest="22.935999" Kind="propagation" Navigation="org.eclipse.mylyn.core.model.edges.containment" OriginId="org.eclipse.mylyn.core.model.interest.propagation" StartDate="2014-08-19 18:50:36.616 JST" StructureHandle="/VM_Cake/app/Controller" StructureKind="resource" NumEvents="31" CreationCount="2"/><InteractionEvent Delta="null" EndDate="2014-08-19 21:56:24.484 JST" Interest="653.01697" Kind="propagation" Navigation="null" OriginId="org.eclipse.php.editor" StartDate="2014-08-19 18:50:05.78 JST" StructureHandle="/" StructureKind="resource" NumEvents="654" CreationCount="1"/><InteractionEvent Delta="null" EndDate="2014-08-19 18:53:13.652 JST" Interest="2.0" Kind="selection" Navigation="null" OriginId="org.eclipse.ui.views.ResourceNavigator" StartDate="2014-08-19 18:50:05.72 JST" StructureHandle="/Cake_IFM11/app" StructureKind="resource" NumEvents="2" CreationCount="1"/><InteractionEvent Delta="null" EndDate="2014-08-19 20:38:40.787 JST" Interest="126.88901" Kind="propagation" Navigation="org.eclipse.mylyn.core.model.edges.containment" OriginId="org.eclipse.mylyn.core.model.interest.propagation" StartDate="2014-08-19 18:53:18.780 JST" StructureHandle="/Cake_IFM11/app" StructureKind="resource" NumEvents="178" CreationCount="1"/><InteractionEvent Delta="null" EndDate="2014-08-19 18:51:46.224 JST" Interest="1.0" Kind="selection" Navigation="null" OriginId="org.eclipse.search.ui.views.SearchView" StartDate="2014-08-19 18:51:46.224 JST" StructureHandle="/VM_Cake/app/View" StructureKind="resource"/><InteractionEvent Delta="null" EndDate="2014-08-19 18:51:47.896 JST" Interest="0.03399998" Kind="propagation" Navigation="org.eclipse.mylyn.core.model.edges.containment" OriginId="org.eclipse.mylyn.core.model.interest.propagation" StartDate="2014-08-19 18:51:47.71 JST" StructureHandle="/VM_Cake/app/View" StructureKind="resource" NumEvents="2" CreationCount="7"/><InteractionEvent Delta="null" EndDate="2014-08-19 19:03:58.251 JST" Interest="2.0" Kind="selection" Navigation="null" OriginId="org.eclipse.ui.views.ResourceNavigator" StartDate="2014-08-19 19:03:46.159 JST" StructureHandle="/Cake_IFM11/app/Lib/utils" StructureKind="resource" NumEvents="2" CreationCount="200"/><InteractionEvent Delta="null" EndDate="2014-08-19 20:39:27.251 JST" Interest="115.917" Kind="propagation" Navigation="org.eclipse.mylyn.core.model.edges.containment" OriginId="org.eclipse.mylyn.core.model.interest.propagation" StartDate="2014-08-19 19:03:56.937 JST" StructureHandle="/Cake_IFM11/app/Lib/utils" StructureKind="resource" NumEvents="164" CreationCount="200"/><InteractionEvent Delta="null" EndDate="2014-08-19 19:07:28.8 JST" Interest="2.0" Kind="selection" Navigation="null" OriginId="org.eclipse.ui.views.ResourceNavigator" StartDate="2014-08-19 19:05:10.75 JST" StructureHandle="/Cake_IFM11/app/View" StructureKind="resource" NumEvents="2" CreationCount="227"/><InteractionEvent Delta="null" EndDate="2014-08-19 19:07:27.882 JST" Interest="7.6679997" Kind="propagation" Navigation="org.eclipse.mylyn.core.model.edges.containment" OriginId="org.eclipse.mylyn.core.model.interest.propagation" StartDate="2014-08-19 19:05:11.371 JST" StructureHandle="/Cake_IFM11/app/View" StructureKind="resource" NumEvents="14" CreationCount="227"/><InteractionEvent Delta="null" EndDate="2014-08-19 19:02:45.405 JST" Interest="24.0" Kind="edit" Navigation="null" OriginId="org.eclipse.php.editor" StartDate="2014-08-19 18:51:53.373 JST" StructureHandle="/VM_Cake/app/Controller/AppController.php" StructureKind="resource" NumEvents="24" CreationCount="10"/><InteractionEvent Delta="null" EndDate="2014-08-19 19:02:40.576 JST" Interest="6.0" Kind="selection" Navigation="null" OriginId="org.eclipse.php.editor" StartDate="2014-08-19 18:51:53.300 JST" StructureHandle="/VM_Cake/app/Controller/AppController.php" StructureKind="resource" NumEvents="6" CreationCount="10"/><InteractionEvent Delta="null" EndDate="2014-08-19 18:53:16.741 JST" Interest="1.0" Kind="selection" Navigation="null" OriginId="org.eclipse.ui.views.ResourceNavigator" StartDate="2014-08-19 18:53:16.741 JST" StructureHandle="/Cake_IFM11/app/Controller" StructureKind="resource"/><InteractionEvent Delta="null" EndDate="2014-08-19 20:38:40.786 JST" Interest="127.617004" Kind="propagation" Navigation="org.eclipse.mylyn.core.model.edges.containment" OriginId="org.eclipse.mylyn.core.model.interest.propagation" StartDate="2014-08-19 18:53:17.820 JST" StructureHandle="/Cake_IFM11/app/Controller" StructureKind="resource" NumEvents="179" CreationCount="17"/><InteractionEvent Delta="null" EndDate="2014-08-19 19:02:45.407 JST" Interest="22.935999" Kind="propagation" Navigation="org.eclipse.mylyn.core.model.edges.containment" OriginId="org.eclipse.mylyn.core.model.interest.propagation" StartDate="2014-08-19 18:50:36.616 JST" StructureHandle="/VM_Cake/app" StructureKind="resource" NumEvents="31" CreationCount="2"/><InteractionEvent Delta="null" EndDate="2014-08-19 20:38:40.785 JST" Interest="168.0" Kind="edit" Navigation="null" OriginId="org.eclipse.php.editor" StartDate="2014-08-19 18:53:18.824 JST" StructureHandle="/Cake_IFM11/app/Controller/AppController.php" StructureKind="resource" NumEvents="168" CreationCount="18"/><InteractionEvent Delta="null" EndDate="2014-08-19 20:38:38.584 JST" Interest="11.0" Kind="selection" Navigation="null" OriginId="org.eclipse.php.editor" StartDate="2014-08-19 18:53:17.819 JST" StructureHandle="/Cake_IFM11/app/Controller/AppController.php" StructureKind="resource" NumEvents="11" CreationCount="18"/><InteractionEvent Delta="null" EndDate="2014-08-19 21:56:24.469 JST" Interest="124.0" Kind="edit" Navigation="null" OriginId="org.eclipse.php.editor" StartDate="2014-08-19 20:30:30.388 JST" StructureHandle="/Cake_IFM11/app/Controller/ImagesController.php" StructureKind="resource" NumEvents="124" CreationCount="372"/><InteractionEvent Delta="null" EndDate="2014-08-19 21:23:26.561 JST" Interest="9.0" Kind="selection" Navigation="null" OriginId="org.eclipse.php.editor" StartDate="2014-08-19 20:30:27.683 JST" StructureHandle="/Cake_IFM11/app/Controller/ImagesController.php" StructureKind="resource" NumEvents="9" CreationCount="372"/></InteractionHistory>