<?xml version="1.0" encoding="UTF-8"?><InteractionHistory Id="local-51" Version="1"><InteractionEvent Delta="null" EndDate="2014-09-29 18:46:12.665 JST" Interest="7.276001" Kind="propagation" Navigation="org.eclipse.mylyn.core.model.edges.containment" OriginId="org.eclipse.mylyn.core.model.interest.propagation" StartDate="2014-09-29 18:45:32.217 JST" StructureHandle="" StructureKind="c/c++" NumEvents="11" CreationCount="1"/><InteractionEvent Delta="null" EndDate="2014-09-29 18:45:55.937 JST" Interest="1.0" Kind="edit" Navigation="null" OriginId="org.eclipse.php.editor" StartDate="2014-09-29 18:45:55.937 JST" StructureHandle="/Cake_NR5/app/View/Tokens/index.ctp" StructureKind="resource"/><InteractionEvent Delta="null" EndDate="2014-09-29 18:45:56.987 JST" Interest="4.0" Kind="selection" Navigation="null" OriginId="org.eclipse.ui.views.ResourceNavigator" StartDate="2014-09-29 18:45:55.309 JST" StructureHandle="/Cake_NR5/app/View/Tokens/index.ctp" StructureKind="resource" NumEvents="4" CreationCount="22"/><InteractionEvent Delta="null" EndDate="2014-09-29 18:46:12.665 JST" Interest="36.0" Kind="propagation" Navigation="null" OriginId="org.eclipse.php.editor" StartDate="2014-09-29 18:45:32.216 JST" StructureHandle="/Cake_NR5" StructureKind="resource" NumEvents="36" CreationCount="1"/><InteractionEvent Delta="null" EndDate="2014-09-29 18:45:57.192 JST" Interest="2.0" Kind="selection" Navigation="null" OriginId="org.eclipse.ui.views.ResourceNavigator" StartDate="2014-09-29 18:45:57.191 JST" StructureHandle="/Cake_NR5/app/View/Categorys" StructureKind="resource" NumEvents="2" CreationCount="27"/><InteractionEvent Delta="null" EndDate="2014-09-29 18:46:12.665 JST" Interest="7.276001" Kind="propagation" Navigation="org.eclipse.mylyn.core.model.edges.containment" OriginId="org.eclipse.mylyn.core.model.interest.propagation" StartDate="2014-09-29 18:45:32.216 JST" StructureHandle="=Cake_NR5" StructureKind="c/c++" NumEvents="11" CreationCount="1"/><InteractionEvent Delta="null" EndDate="2014-09-29 18:46:12.665 JST" Interest="36.0" Kind="propagation" Navigation="org.eclipse.mylyn.core.model.edges.containment" OriginId="org.eclipse.mylyn.core.model.interest.propagation" StartDate="2014-09-29 18:45:32.217 JST" StructureHandle="/" StructureKind="resource" NumEvents="36" CreationCount="1"/><InteractionEvent Delta="null" EndDate="2014-09-29 18:45:57.0 JST" Interest="2.802" Kind="propagation" Navigation="org.eclipse.mylyn.core.model.edges.containment" OriginId="org.eclipse.mylyn.core.model.interest.propagation" StartDate="2014-09-29 18:45:49.909 JST" StructureHandle="/Cake_NR5/app/View" StructureKind="resource" NumEvents="6" CreationCount="16"/><InteractionEvent Delta="null" EndDate="2014-09-29 18:45:47.543 JST" Interest="2.0" Kind="selection" Navigation="null" OriginId="org.eclipse.ui.views.ResourceNavigator" StartDate="2014-09-29 18:45:47.542 JST" StructureHandle="/Cake_NR5/app/View" StructureKind="resource" NumEvents="2" CreationCount="16"/><InteractionEvent Delta="null" EndDate="2014-09-29 18:45:49.909 JST" Interest="2.0" Kind="selection" Navigation="null" OriginId="org.eclipse.ui.views.ResourceNavigator" StartDate="2014-09-29 18:45:49.908 JST" StructureHandle="/Cake_NR5/app/View/Positions" StructureKind="resource" NumEvents="2" CreationCount="18"/><InteractionEvent Delta="null" EndDate="2014-09-29 18:45:44.498 JST" Interest="3.0" Kind="edit" Navigation="null" OriginId="org.eclipse.php.editor" StartDate="2014-09-29 18:45:41.950 JST" StructureHandle="/Cake_NR5/app/Controller/HistorysController.php" StructureKind="resource" NumEvents="3" CreationCount="7"/><InteractionEvent Delta="null" EndDate="2014-09-29 18:45:44.979 JST" Interest="4.0" Kind="selection" Navigation="null" OriginId="org.eclipse.ui.views.ResourceNavigator" StartDate="2014-09-29 18:45:40.300 JST" StructureHandle="/Cake_NR5/app/Controller/HistorysController.php" StructureKind="resource" NumEvents="4" CreationCount="7"/><InteractionEvent Delta="null" EndDate="2014-09-29 18:46:12.665 JST" Interest="5.208" Kind="propagation" Navigation="org.eclipse.mylyn.core.model.edges.containment" OriginId="org.eclipse.mylyn.core.model.interest.propagation" StartDate="2014-09-29 18:45:40.303 JST" StructureHandle="/Cake_NR5/app/Controller" StructureKind="resource" NumEvents="8" CreationCount="5"/><InteractionEvent Delta="null" EndDate="2014-09-29 18:45:38.355 JST" Interest="2.0" Kind="selection" Navigation="null" OriginId="org.eclipse.ui.views.ResourceNavigator" StartDate="2014-09-29 18:45:38.353 JST" StructureHandle="/Cake_NR5/app/Controller" StructureKind="resource" NumEvents="2" CreationCount="5"/><InteractionEvent Delta="null" EndDate="2014-09-29 18:46:12.665 JST" Interest="3.2760005" Kind="propagation" Navigation="org.eclipse.mylyn.core.model.edges.containment" OriginId="org.eclipse.mylyn.core.model.interest.propagation" StartDate="2014-09-29 18:45:42.899 JST" StructureHandle="/Cake_NR5/app" StructureKind="resource" NumEvents="6" CreationCount="1"/><InteractionEvent Delta="null" EndDate="2014-09-29 18:45:34.54 JST" Interest="4.0" Kind="selection" Navigation="null" OriginId="org.eclipse.ui.views.ResourceNavigator" StartDate="2014-09-29 18:45:32.216 JST" StructureHandle="/Cake_NR5/app" StructureKind="resource" NumEvents="4" CreationCount="1"/><InteractionEvent Delta="null" EndDate="2014-09-29 18:45:57.0 JST" Interest="2.7340002" Kind="propagation" Navigation="org.eclipse.mylyn.core.model.edges.containment" OriginId="org.eclipse.mylyn.core.model.interest.propagation" StartDate="2014-09-29 18:45:55.321 JST" StructureHandle="/Cake_NR5/app/View/Tokens" StructureKind="resource" NumEvents="4" CreationCount="20"/><InteractionEvent Delta="null" EndDate="2014-09-29 18:45:51.276 JST" Interest="2.0" Kind="selection" Navigation="null" OriginId="org.eclipse.ui.views.ResourceNavigator" StartDate="2014-09-29 18:45:51.262 JST" StructureHandle="/Cake_NR5/app/View/Tokens" StructureKind="resource" NumEvents="2" CreationCount="20"/><InteractionEvent Delta="null" EndDate="2014-09-29 18:45:45.204 JST" Interest="2.0" Kind="selection" Navigation="null" OriginId="org.eclipse.ui.views.ResourceNavigator" StartDate="2014-09-29 18:45:45.193 JST" StructureHandle="/Cake_NR5/app/Model" StructureKind="resource" NumEvents="2" CreationCount="14"/><InteractionEvent Delta="null" EndDate="2014-09-29 18:46:12.664 JST" Interest="4.0" Kind="edit" Navigation="null" OriginId="org.eclipse.php.editor" StartDate="2014-09-29 18:46:03.47 JST" StructureHandle="/Cake_NR5/app/Controller/TokensController.php" StructureKind="resource" NumEvents="4" CreationCount="29"/><InteractionEvent Delta="null" EndDate="2014-09-29 18:46:12.626 JST" Interest="4.0" Kind="selection" Navigation="null" OriginId="org.eclipse.php.editor" StartDate="2014-09-29 18:46:02.442 JST" StructureHandle="/Cake_NR5/app/Controller/TokensController.php" StructureKind="resource" NumEvents="4" CreationCount="29"/></InteractionHistory>