<?xml version="1.0" encoding="UTF-8"?><InteractionHistory Id="local-35" Version="1"><InteractionEvent Delta="null" EndDate="2014-09-22 10:17:14.785 JST" Interest="452.092" Kind="propagation" Navigation="org.eclipse.mylyn.core.model.edges.containment" OriginId="org.eclipse.mylyn.core.model.interest.propagation" StartDate="2014-09-22 06:59:58.610 JST" StructureHandle="" StructureKind="c/c++" NumEvents="640" CreationCount="1"/><InteractionEvent Delta="null" EndDate="2014-09-22 10:17:10.885 JST" Interest="19.5" Kind="propagation" Navigation="org.eclipse.mylyn.core.model.edges.containment" OriginId="org.eclipse.mylyn.core.model.interest.propagation" StartDate="2014-09-22 09:43:35.496 JST" StructureHandle="=Cake_IFM11" StructureKind="c/c++" NumEvents="27" CreationCount="955"/><InteractionEvent Delta="null" EndDate="2014-09-22 10:16:38.108 JST" Interest="15.217001" Kind="propagation" Navigation="org.eclipse.mylyn.core.model.edges.containment" OriginId="org.eclipse.mylyn.core.model.interest.propagation" StartDate="2014-09-22 09:04:28.998 JST" StructureHandle="/Cake_NR5/app/View/Elements/layouts" StructureKind="resource" NumEvents="21" CreationCount="686"/><InteractionEvent Delta="null" EndDate="2014-09-22 09:04:26.575 JST" Interest="1.0" Kind="selection" Navigation="null" OriginId="org.eclipse.ui.views.ResourceNavigator" StartDate="2014-09-22 09:04:26.575 JST" StructureHandle="/Cake_NR5/app/View/Elements/layouts" StructureKind="resource"/><InteractionEvent Delta="null" EndDate="2014-09-22 10:17:14.785 JST" Interest="1008.0" Kind="propagation" Navigation="null" OriginId="org.eclipse.php.editor" StartDate="2014-09-22 06:59:58.610 JST" StructureHandle="/Cake_NR5" StructureKind="resource" NumEvents="1008" CreationCount="1"/><InteractionEvent Delta="null" EndDate="2014-09-22 10:17:10.884 JST" Interest="25.0" Kind="edit" Navigation="null" OriginId="org.eclipse.php.editor" StartDate="2014-09-22 09:43:35.567 JST" StructureHandle="/Cake_IFM11/app/Controller/ImagesController.php" StructureKind="resource" NumEvents="25" CreationCount="955"/><InteractionEvent Delta="null" EndDate="2014-09-22 10:17:04.197 JST" Interest="2.0" Kind="selection" Navigation="null" OriginId="org.eclipse.php.editor" StartDate="2014-09-22 09:43:35.494 JST" StructureHandle="/Cake_IFM11/app/Controller/ImagesController.php" StructureKind="resource" NumEvents="2" CreationCount="955"/><InteractionEvent Delta="null" EndDate="2014-09-22 08:59:47.404 JST" Interest="48.0" Kind="edit" Navigation="null" OriginId="org.eclipse.php.editor" StartDate="2014-09-22 07:03:22.277 JST" StructureHandle="/Cake_NR5/app/Controller/CategorysController.php" StructureKind="resource" NumEvents="48" CreationCount="65"/><InteractionEvent Delta="null" EndDate="2014-09-22 08:59:41.163 JST" Interest="10.0" Kind="selection" Navigation="null" OriginId="org.eclipse.php.editor" StartDate="2014-09-22 07:03:18.864 JST" StructureHandle="/Cake_NR5/app/Controller/CategorysController.php" StructureKind="resource" NumEvents="10" CreationCount="65"/><InteractionEvent Delta="null" EndDate="2014-09-22 07:11:06.585 JST" Interest="1.0" Kind="selection" Navigation="null" OriginId="org.eclipse.ui.views.ResourceNavigator" StartDate="2014-09-22 07:11:06.585 JST" StructureHandle="/Cake_NR5/app/webroot" StructureKind="resource"/><InteractionEvent Delta="null" EndDate="2014-09-22 10:16:51.578 JST" Interest="24.720001" Kind="propagation" Navigation="org.eclipse.mylyn.core.model.edges.containment" OriginId="org.eclipse.mylyn.core.model.interest.propagation" StartDate="2014-09-22 07:11:09.526 JST" StructureHandle="/Cake_NR5/app/View" StructureKind="resource" NumEvents="59" CreationCount="127"/><InteractionEvent Delta="null" EndDate="2014-09-22 07:11:08.354 JST" Interest="1.0" Kind="selection" Navigation="null" OriginId="org.eclipse.ui.views.ResourceNavigator" StartDate="2014-09-22 07:11:08.354 JST" StructureHandle="/Cake_NR5/app/View" StructureKind="resource"/><InteractionEvent Delta="null" EndDate="2014-09-22 10:16:51.576 JST" Interest="21.0" Kind="edit" Navigation="null" OriginId="org.eclipse.php.editor" StartDate="2014-09-22 07:11:20.498 JST" StructureHandle="/Cake_NR5/app/View/Elements/categories/index_t_headers.ctp" StructureKind="resource" NumEvents="21" CreationCount="134"/><InteractionEvent Delta="null" EndDate="2014-09-22 10:16:51.526 JST" Interest="10.0" Kind="selection" Navigation="null" OriginId="org.eclipse.php.editor" StartDate="2014-09-22 07:11:20.24 JST" StructureHandle="/Cake_NR5/app/View/Elements/categories/index_t_headers.ctp" StructureKind="resource" NumEvents="10" CreationCount="134"/><InteractionEvent Delta="null" EndDate="2014-09-22 10:16:49.995 JST" Interest="35.065002" Kind="propagation" Navigation="org.eclipse.mylyn.core.model.edges.containment" OriginId="org.eclipse.mylyn.core.model.interest.propagation" StartDate="2014-09-22 08:21:50.588 JST" StructureHandle="/Cake_NR5/app/Lib/utils" StructureKind="resource" NumEvents="38" CreationCount="234"/><InteractionEvent Delta="null" EndDate="2014-09-22 10:16:38.108 JST" Interest="24.635002" Kind="propagation" Navigation="org.eclipse.mylyn.core.model.edges.containment" OriginId="org.eclipse.mylyn.core.model.interest.propagation" StartDate="2014-09-22 07:11:18.745 JST" StructureHandle="/Cake_NR5/app/View/Elements" StructureKind="resource" NumEvents="34" CreationCount="132"/><InteractionEvent Delta="null" EndDate="2014-09-22 07:11:17.584 JST" Interest="1.0" Kind="selection" Navigation="null" OriginId="org.eclipse.ui.views.ResourceNavigator" StartDate="2014-09-22 07:11:17.584 JST" StructureHandle="/Cake_NR5/app/View/Elements" StructureKind="resource"/><InteractionEvent Delta="null" EndDate="2014-09-22 10:16:49.995 JST" Interest="28.0" Kind="edit" Navigation="null" OriginId="org.eclipse.php.editor" StartDate="2014-09-22 08:21:50.587 JST" StructureHandle="/Cake_NR5/app/Lib/utils/utils.php" StructureKind="resource" NumEvents="28" CreationCount="234"/><InteractionEvent Delta="null" EndDate="2014-09-22 09:12:09.948 JST" Interest="5.465" Kind="manipulation" Navigation="null" OriginId="org.eclipse.mylyn.core.model.interest.decay.correction" StartDate="2014-09-22 09:12:09.948 JST" StructureHandle="/Cake_NR5/app/Lib/utils/utils.php" StructureKind="resource"/><InteractionEvent Delta="null" EndDate="2014-09-22 10:16:49.954 JST" Interest="10.0" Kind="selection" Navigation="null" OriginId="org.eclipse.php.editor" StartDate="2014-09-22 08:21:50.743 JST" StructureHandle="/Cake_NR5/app/Lib/utils/utils.php" StructureKind="resource" NumEvents="10" CreationCount="234"/><InteractionEvent Delta="null" EndDate="2014-09-22 10:16:46.619 JST" Interest="31.804" Kind="propagation" Navigation="org.eclipse.mylyn.core.model.edges.containment" OriginId="org.eclipse.mylyn.core.model.interest.propagation" StartDate="2014-09-22 07:09:01.998 JST" StructureHandle="/Cake_NR5/app/Lib/data" StructureKind="resource" NumEvents="39" CreationCount="87"/><InteractionEvent Delta="null" EndDate="2014-09-22 08:16:24.954 JST" Interest="2.0" Kind="selection" Navigation="null" OriginId="org.eclipse.ui.views.ResourceNavigator" StartDate="2014-09-22 07:09:01.234 JST" StructureHandle="/Cake_NR5/app/Lib/data" StructureKind="resource" NumEvents="2" CreationCount="87"/><InteractionEvent Delta="null" EndDate="2014-09-22 08:13:47.436 JST" Interest="2.0" Kind="selection" Navigation="null" OriginId="org.eclipse.ui.views.ResourceNavigator" StartDate="2014-09-22 08:12:28.419 JST" StructureHandle="/Cake_NR5/app/Locale" StructureKind="resource" NumEvents="2" CreationCount="173"/><InteractionEvent Delta="null" EndDate="2014-09-22 10:17:14.784 JST" Interest="451.092" Kind="propagation" Navigation="org.eclipse.mylyn.core.model.edges.containment" OriginId="org.eclipse.mylyn.core.model.interest.propagation" StartDate="2014-09-22 07:03:14.948 JST" StructureHandle="/Cake_NR5/app" StructureKind="resource" NumEvents="646" CreationCount="1"/><InteractionEvent Delta="null" EndDate="2014-09-22 06:59:58.606 JST" Interest="1.0" Kind="selection" Navigation="null" OriginId="org.eclipse.ui.views.ResourceNavigator" StartDate="2014-09-22 06:59:58.606 JST" StructureHandle="/Cake_NR5/app" StructureKind="resource"/><InteractionEvent Delta="null" EndDate="2014-09-22 09:17:47.367 JST" Interest="14.096001" Kind="manipulation" Navigation="null" OriginId="org.eclipse.mylyn.core.model.interest.decay.correction" StartDate="2014-09-22 09:17:47.367 JST" StructureHandle="/Cake_NR5/test.php" StructureKind="resource"/><InteractionEvent Delta="null" EndDate="2014-09-22 09:17:47.367 JST" Interest="2.0" Kind="selection" Navigation="null" OriginId="org.eclipse.ui.views.ResourceNavigator" StartDate="2014-09-22 07:00:03.577 JST" StructureHandle="/Cake_NR5/test.php" StructureKind="resource" NumEvents="2" CreationCount="2"/><InteractionEvent Delta="null" EndDate="2014-09-22 10:17:10.885 JST" Interest="27.0" Kind="propagation" Navigation="null" OriginId="org.eclipse.php.editor" StartDate="2014-09-22 09:43:35.496 JST" StructureHandle="/Cake_IFM11" StructureKind="resource" NumEvents="27" CreationCount="955"/><InteractionEvent Delta="null" EndDate="2014-09-22 08:21:01.432 JST" Interest="3.0" Kind="edit" Navigation="null" OriginId="org.eclipse.php.editor" StartDate="2014-09-22 08:20:59.998 JST" StructureHandle="/Cake_NR5/app/Model/Keyword.php" StructureKind="resource" NumEvents="3" CreationCount="210"/><InteractionEvent Delta="null" EndDate="2014-09-22 09:00:38.648 JST" Interest="3.2270007" Kind="manipulation" Navigation="null" OriginId="org.eclipse.mylyn.core.model.interest.decay.correction" StartDate="2014-09-22 09:00:38.648 JST" StructureHandle="/Cake_NR5/app/Model/Keyword.php" StructureKind="resource"/><InteractionEvent Delta="null" EndDate="2014-09-22 09:00:38.648 JST" Interest="3.0" Kind="selection" Navigation="null" OriginId="org.eclipse.ui.views.ResourceNavigator" StartDate="2014-09-22 08:20:59.362 JST" StructureHandle="/Cake_NR5/app/Model/Keyword.php" StructureKind="resource" NumEvents="3" CreationCount="210"/><InteractionEvent Delta="null" EndDate="2014-09-22 09:00:38.650 JST" Interest="7.344001" Kind="propagation" Navigation="org.eclipse.mylyn.core.model.edges.containment" OriginId="org.eclipse.mylyn.core.model.interest.propagation" StartDate="2014-09-22 08:20:59.363 JST" StructureHandle="/Cake_NR5/app/Model" StructureKind="resource" NumEvents="6" CreationCount="209"/><InteractionEvent Delta="null" EndDate="2014-09-22 08:20:56.473 JST" Interest="1.0" Kind="selection" Navigation="null" OriginId="org.eclipse.ui.views.ResourceNavigator" StartDate="2014-09-22 08:20:56.473 JST" StructureHandle="/Cake_NR5/app/Model" StructureKind="resource"/><InteractionEvent Delta="null" EndDate="2014-09-22 08:21:20.430 JST" Interest="15.0" Kind="edit" Navigation="null" OriginId="org.eclipse.php.editor" StartDate="2014-09-22 07:11:44.323 JST" StructureHandle="/Cake_NR5/app/View/Elements/categories/index_t_entries.ctp" StructureKind="resource" NumEvents="15" CreationCount="150"/><InteractionEvent Delta="null" EndDate="2014-09-22 08:21:18.242 JST" Interest="5.0" Kind="selection" Navigation="null" OriginId="org.eclipse.php.editor" StartDate="2014-09-22 07:11:42.504 JST" StructureHandle="/Cake_NR5/app/View/Elements/categories/index_t_entries.ctp" StructureKind="resource" NumEvents="5" CreationCount="150"/><InteractionEvent Delta="null" EndDate="2014-09-22 10:16:52.728 JST" Interest="11.0" Kind="edit" Navigation="null" OriginId="org.eclipse.ui.DefaultTextEditor" StartDate="2014-09-22 07:09:02.288 JST" StructureHandle="/Cake_NR5/app/Lib/data/Category_backup.csv" StructureKind="resource" NumEvents="11" CreationCount="88"/><InteractionEvent Delta="null" EndDate="2014-09-22 10:16:51.167 JST" Interest="0.28900146" Kind="manipulation" Navigation="null" OriginId="org.eclipse.mylyn.core.model.interest.decay.correction" StartDate="2014-09-22 10:16:51.167 JST" StructureHandle="/Cake_NR5/app/Lib/data/Category_backup.csv" StructureKind="resource"/><InteractionEvent Delta="null" EndDate="2014-09-22 10:16:52.801 JST" Interest="11.0" Kind="selection" Navigation="null" OriginId="org.eclipse.ui.DefaultTextEditor" StartDate="2014-09-22 07:09:01.997 JST" StructureHandle="/Cake_NR5/app/Lib/data/Category_backup.csv" StructureKind="resource" NumEvents="11" CreationCount="88"/><InteractionEvent Delta="null" EndDate="2014-09-22 09:00:57.425 JST" Interest="1.0" Kind="selection" Navigation="null" OriginId="org.eclipse.ui.views.ResourceNavigator" StartDate="2014-09-22 09:00:57.425 JST" StructureHandle="/Cake_NR5/app/View/Categorys/view.ctp" StructureKind="resource"/><InteractionEvent Delta="null" EndDate="2014-09-22 10:16:38.107 JST" Interest="16.0" Kind="edit" Navigation="null" OriginId="org.eclipse.php.editor" StartDate="2014-09-22 09:04:29.94 JST" StructureHandle="/Cake_NR5/app/View/Elements/layouts/links.ctp" StructureKind="resource" NumEvents="16" CreationCount="687"/><InteractionEvent Delta="null" EndDate="2014-09-22 10:16:36.102 JST" Interest="5.0" Kind="selection" Navigation="null" OriginId="org.eclipse.php.editor" StartDate="2014-09-22 09:04:28.998 JST" StructureHandle="/Cake_NR5/app/View/Elements/layouts/links.ctp" StructureKind="resource" NumEvents="5" CreationCount="687"/><InteractionEvent Delta="null" EndDate="2014-09-22 10:16:49.996 JST" Interest="35.598" Kind="propagation" Navigation="org.eclipse.mylyn.core.model.edges.containment" OriginId="org.eclipse.mylyn.core.model.interest.propagation" StartDate="2014-09-22 07:08:58.595 JST" StructureHandle="/Cake_NR5/app/Lib" StructureKind="resource" NumEvents="49" CreationCount="85"/><InteractionEvent Delta="null" EndDate="2014-09-22 07:11:14.786 JST" Interest="2.0" Kind="selection" Navigation="null" OriginId="org.eclipse.ui.views.ResourceNavigator" StartDate="2014-09-22 07:08:56.604 JST" StructureHandle="/Cake_NR5/app/Lib" StructureKind="resource" NumEvents="2" CreationCount="85"/><InteractionEvent Delta="null" EndDate="2014-09-22 09:03:23.821 JST" Interest="10.0" Kind="edit" Navigation="null" OriginId="org.eclipse.php.editor" StartDate="2014-09-22 09:00:44.50 JST" StructureHandle="/Cake_NR5/app/View/Categorys/index.ctp" StructureKind="resource" NumEvents="10" CreationCount="129"/><InteractionEvent Delta="null" EndDate="2014-09-22 09:00:43.303 JST" Interest="7.738001" Kind="manipulation" Navigation="null" OriginId="org.eclipse.mylyn.core.model.interest.decay.correction" StartDate="2014-09-22 09:00:43.303 JST" StructureHandle="/Cake_NR5/app/View/Categorys/index.ctp" StructureKind="resource"/><InteractionEvent Delta="null" EndDate="2014-09-22 09:03:23.900 JST" Interest="5.0" Kind="selection" Navigation="null" OriginId="org.eclipse.php.editor" StartDate="2014-09-22 07:11:10.727 JST" StructureHandle="/Cake_NR5/app/View/Categorys/index.ctp" StructureKind="resource" NumEvents="5" CreationCount="129"/><InteractionEvent Delta="null" EndDate="2014-09-22 07:08:55.390 JST" Interest="1.0" Kind="selection" Navigation="null" OriginId="org.eclipse.ui.views.ResourceNavigator" StartDate="2014-09-22 07:08:55.390 JST" StructureHandle="/Cake_NR5/app/Controller/GenresController.php" StructureKind="resource"/><InteractionEvent Delta="null" EndDate="2014-09-22 08:16:23.280 JST" Interest="1.0" Kind="selection" Navigation="null" OriginId="org.eclipse.ui.views.ResourceNavigator" StartDate="2014-09-22 08:16:23.280 JST" StructureHandle="/Cake_NR5/app/Controller/PositionsController.php" StructureKind="resource"/><InteractionEvent Delta="null" EndDate="2014-09-22 09:03:23.900 JST" Interest="18.755001" Kind="propagation" Navigation="org.eclipse.mylyn.core.model.edges.containment" OriginId="org.eclipse.mylyn.core.model.interest.propagation" StartDate="2014-09-22 07:11:10.728 JST" StructureHandle="/Cake_NR5/app/View/Categorys" StructureKind="resource" NumEvents="15" CreationCount="128"/><InteractionEvent Delta="null" EndDate="2014-09-22 07:11:09.525 JST" Interest="1.0" Kind="selection" Navigation="null" OriginId="org.eclipse.ui.views.ResourceNavigator" StartDate="2014-09-22 07:11:09.525 JST" StructureHandle="/Cake_NR5/app/View/Categorys" StructureKind="resource"/><InteractionEvent Delta="null" EndDate="2014-09-22 10:17:10.885 JST" Interest="19.5" Kind="propagation" Navigation="org.eclipse.mylyn.core.model.edges.containment" OriginId="org.eclipse.mylyn.core.model.interest.propagation" StartDate="2014-09-22 09:43:35.496 JST" StructureHandle="/Cake_IFM11/app" StructureKind="resource" NumEvents="27" CreationCount="955"/><InteractionEvent Delta="null" EndDate="2014-09-22 10:17:14.785 JST" Interest="1035.0" Kind="propagation" Navigation="null" OriginId="org.eclipse.php.editor" StartDate="2014-09-22 06:59:58.610 JST" StructureHandle="/" StructureKind="resource" NumEvents="1035" CreationCount="1"/><InteractionEvent Delta="null" EndDate="2014-09-22 10:17:14.784 JST" Interest="452.092" Kind="propagation" Navigation="org.eclipse.mylyn.core.model.edges.containment" OriginId="org.eclipse.mylyn.core.model.interest.propagation" StartDate="2014-09-22 06:59:58.608 JST" StructureHandle="=Cake_NR5" StructureKind="c/c++" NumEvents="640" CreationCount="1"/><InteractionEvent Delta="null" EndDate="2014-09-22 07:08:58.594 JST" Interest="1.0" Kind="selection" Navigation="null" OriginId="org.eclipse.ui.views.ResourceNavigator" StartDate="2014-09-22 07:08:58.594 JST" StructureHandle="/Cake_NR5/app/Lib/docs" StructureKind="resource"/><InteractionEvent Delta="null" EndDate="2014-09-22 10:16:48.610 JST" Interest="82.0" Kind="edit" Navigation="null" OriginId="org.eclipse.ui.DefaultTextEditor" StartDate="2014-09-22 07:00:06.162 JST" StructureHandle="/Cake_NR5/sql.txt" StructureKind="resource" NumEvents="82" CreationCount="3"/><InteractionEvent Delta="null" EndDate="2014-09-22 10:16:48.602 JST" Interest="9.0" Kind="selection" Navigation="null" OriginId="org.eclipse.ui.DefaultTextEditor" StartDate="2014-09-22 07:00:06.132 JST" StructureHandle="/Cake_NR5/sql.txt" StructureKind="resource" NumEvents="9" CreationCount="3"/><InteractionEvent Delta="null" EndDate="2014-09-22 10:17:14.784 JST" Interest="450.021" Kind="propagation" Navigation="org.eclipse.mylyn.core.model.edges.containment" OriginId="org.eclipse.mylyn.core.model.interest.propagation" StartDate="2014-09-22 07:03:18.865 JST" StructureHandle="/Cake_NR5/app/Controller" StructureKind="resource" NumEvents="633" CreationCount="64"/><InteractionEvent Delta="null" EndDate="2014-09-22 07:03:16.475 JST" Interest="1.0" Kind="selection" Navigation="null" OriginId="org.eclipse.ui.views.ResourceNavigator" StartDate="2014-09-22 07:03:16.475 JST" StructureHandle="/Cake_NR5/app/Controller" StructureKind="resource"/><InteractionEvent Delta="null" EndDate="2014-09-22 07:11:04.626 JST" Interest="1.0" Kind="selection" Navigation="null" OriginId="org.eclipse.ui.views.ResourceNavigator" StartDate="2014-09-22 07:11:04.626 JST" StructureHandle="/Cake_NR5/app/Controller/TemplateController.php" StructureKind="resource"/><InteractionEvent Delta="null" EndDate="2014-09-22 10:16:51.577 JST" Interest="23.717001" Kind="propagation" Navigation="org.eclipse.mylyn.core.model.edges.containment" OriginId="org.eclipse.mylyn.core.model.interest.propagation" StartDate="2014-09-22 07:11:20.25 JST" StructureHandle="/Cake_NR5/app/View/Elements/categories" StructureKind="resource" NumEvents="32" CreationCount="133"/><InteractionEvent Delta="null" EndDate="2014-09-22 07:11:18.744 JST" Interest="1.0" Kind="selection" Navigation="null" OriginId="org.eclipse.ui.views.ResourceNavigator" StartDate="2014-09-22 07:11:18.744 JST" StructureHandle="/Cake_NR5/app/View/Elements/categories" StructureKind="resource"/><InteractionEvent Delta="null" EndDate="2014-09-22 10:17:10.884 JST" Interest="19.5" Kind="propagation" Navigation="org.eclipse.mylyn.core.model.edges.containment" OriginId="org.eclipse.mylyn.core.model.interest.propagation" StartDate="2014-09-22 09:43:35.495 JST" StructureHandle="/Cake_IFM11/app/Controller" StructureKind="resource" NumEvents="27" CreationCount="955"/><InteractionEvent Delta="null" EndDate="2014-09-22 09:03:23.544 JST" Interest="10.0" Kind="edit" Navigation="null" OriginId="org.eclipse.php.editor" StartDate="2014-09-22 09:01:03.53 JST" StructureHandle="/Cake_NR5/app/View/Keywords/index.ctp" StructureKind="resource" NumEvents="10" CreationCount="658"/><InteractionEvent Delta="null" EndDate="2014-09-22 09:04:21.995 JST" Interest="3.0" Kind="selection" Navigation="null" OriginId="org.eclipse.ui.views.ResourceNavigator" StartDate="2014-09-22 09:01:02.487 JST" StructureHandle="/Cake_NR5/app/View/Keywords/index.ctp" StructureKind="resource" NumEvents="3" CreationCount="658"/><InteractionEvent Delta="null" EndDate="2014-09-22 09:04:21.996 JST" Interest="9.016999" Kind="propagation" Navigation="org.eclipse.mylyn.core.model.edges.containment" OriginId="org.eclipse.mylyn.core.model.interest.propagation" StartDate="2014-09-22 09:01:02.488 JST" StructureHandle="/Cake_NR5/app/View/Keywords" StructureKind="resource" NumEvents="13" CreationCount="657"/><InteractionEvent Delta="null" EndDate="2014-09-22 09:01:00.571 JST" Interest="1.0" Kind="selection" Navigation="null" OriginId="org.eclipse.ui.views.ResourceNavigator" StartDate="2014-09-22 09:01:00.571 JST" StructureHandle="/Cake_NR5/app/View/Keywords" StructureKind="resource"/><InteractionEvent Delta="null" EndDate="2014-09-22 07:03:14.945 JST" Interest="1.0" Kind="selection" Navigation="null" OriginId="org.eclipse.ui.views.ResourceNavigator" StartDate="2014-09-22 07:03:14.945 JST" StructureHandle="/Cake_NR5/app/.htaccess" StructureKind="resource"/><InteractionEvent Delta="null" EndDate="2014-09-22 09:04:22.95 JST" Interest="1.0" Kind="selection" Navigation="null" OriginId="org.eclipse.ui.views.ResourceNavigator" StartDate="2014-09-22 09:04:22.95 JST" StructureHandle="/Cake_NR5/app/View/Genres" StructureKind="resource"/><InteractionEvent Delta="null" EndDate="2014-09-22 10:16:46.618 JST" Interest="17.0" Kind="edit" Navigation="null" OriginId="org.eclipse.ui.DefaultTextEditor" StartDate="2014-09-22 08:17:06.859 JST" StructureHandle="/Cake_NR5/app/Lib/data/Keyword_backup.csv" StructureKind="resource" NumEvents="17" CreationCount="199"/><InteractionEvent Delta="null" EndDate="2014-09-22 08:16:25.857 JST" Interest="1.0" Kind="propagation" Navigation="null" OriginId="org.eclipse.mylyn.resources.ui.interest.updater" StartDate="2014-09-22 08:16:25.857 JST" StructureHandle="/Cake_NR5/app/Lib/data/Keyword_backup.csv" StructureKind="resource"/><InteractionEvent Delta="null" EndDate="2014-09-22 10:16:46.606 JST" Interest="19.0" Kind="selection" Navigation="null" OriginId="org.eclipse.ui.DefaultTextEditor" StartDate="2014-09-22 08:16:26.786 JST" StructureHandle="/Cake_NR5/app/Lib/data/Keyword_backup.csv" StructureKind="resource" NumEvents="19" CreationCount="199"/><InteractionEvent Delta="null" EndDate="2014-09-22 07:11:14.412 JST" Interest="1.0" Kind="selection" Navigation="null" OriginId="org.eclipse.ui.views.ResourceNavigator" StartDate="2014-09-22 07:11:14.412 JST" StructureHandle="/Cake_NR5/app/Lib/images" StructureKind="resource"/><InteractionEvent Delta="null" EndDate="2014-09-22 10:17:14.783 JST" Interest="603.0" Kind="edit" Navigation="null" OriginId="org.eclipse.php.editor" StartDate="2014-09-22 08:13:48.404 JST" StructureHandle="/Cake_NR5/app/Controller/KeywordsController.php" StructureKind="resource" NumEvents="603" CreationCount="177"/><InteractionEvent Delta="null" EndDate="2014-09-22 10:17:11.784 JST" Interest="27.0" Kind="selection" Navigation="null" OriginId="org.eclipse.php.editor" StartDate="2014-09-22 08:13:47.680 JST" StructureHandle="/Cake_NR5/app/Controller/KeywordsController.php" StructureKind="resource" NumEvents="27" CreationCount="177"/></InteractionHistory>