<?xml version="1.0" encoding="UTF-8"?><InteractionHistory Id="local-106" Version="1"><InteractionEvent Delta="null" EndDate="2014-12-04 12:14:26.115 JST" Interest="592.3" Kind="propagation" Navigation="org.eclipse.mylyn.core.model.edges.containment" OriginId="org.eclipse.mylyn.core.model.interest.propagation" StartDate="2014-12-04 11:00:36.72 JST" StructureHandle="" StructureKind="c/c++" NumEvents="745" CreationCount="1"/><InteractionEvent Delta="null" EndDate="2014-12-04 12:09:42.257 JST" Interest="2.0" Kind="selection" Navigation="null" OriginId="org.eclipse.ui.views.ContentOutline" StartDate="2014-12-04 12:09:34.402 JST" StructureHandle="=Embedded{D-100~\/D-108_Aoki_TMR0\/D-108_v_2_5_3\/D-108_v_2_5_3.X\/SD1602_4bit_mode.h[SD1602_write#74(char(char" StructureKind="c/c++" NumEvents="2" CreationCount="1178"/><InteractionEvent Delta="null" EndDate="2014-12-04 12:09:44.230 JST" Interest="3.0" Kind="edit" Navigation="null" OriginId="org.eclipse.cdt.ui.editor.CEditor" StartDate="2014-12-04 12:09:43.615 JST" StructureHandle="=Embedded{D-100~\/D-108_Aoki_TMR0\/D-108_v_2_5_3\/D-108_v_2_5_3.X\/SD1602_4bit_mode.h[SD1602_write#74(char(char" StructureKind="c/c++" NumEvents="3" CreationCount="1178"/><InteractionEvent Delta="null" EndDate="2014-12-04 11:37:31.924 JST" Interest="4.1740003" Kind="manipulation" Navigation="null" OriginId="org.eclipse.mylyn.core.model.interest.decay.correction" StartDate="2014-12-04 11:37:31.924 JST" StructureHandle="/Embedded/TEST/D-108/v_2-7-0/D-108_v-2-7-0.c" StructureKind="resource"/><InteractionEvent Delta="null" EndDate="2014-12-04 11:37:31.924 JST" Interest="4.0" Kind="selection" Navigation="null" OriginId="org.eclipse.cdt.ui.editor.CEditor" StartDate="2014-12-04 11:00:41.518 JST" StructureHandle="/Embedded/TEST/D-108/v_2-7-0/D-108_v-2-7-0.c" StructureKind="resource" NumEvents="4" CreationCount="14"/><InteractionEvent Delta="null" EndDate="2014-12-04 11:40:04.27 JST" Interest="48.0" Kind="propagation" Navigation="null" OriginId="org.eclipse.cdt.ui.editor.CEditor" StartDate="2014-12-04 11:00:41.577 JST" StructureHandle="/Embedded/TEST/D-108/v_2-7-0/D-108_v-2-7-0.c" StructureKind="resource" NumEvents="48" CreationCount="14"/><InteractionEvent Delta="null" EndDate="2014-12-04 11:40:04.28 JST" Interest="47.0" Kind="edit" Navigation="null" OriginId="org.eclipse.cdt.ui.editor.CEditor" StartDate="2014-12-04 11:00:41.580 JST" StructureHandle="/Embedded/TEST/D-108/v_2-7-0/D-108_v-2-7-0.c" StructureKind="resource" NumEvents="47" CreationCount="14"/><InteractionEvent Delta="null" EndDate="2014-12-04 11:56:39.20 JST" Interest="2.4850001" Kind="manipulation" Navigation="null" OriginId="org.eclipse.mylyn.core.model.interest.decay.correction" StartDate="2014-12-04 11:40:05.500 JST" StructureHandle="=Embedded{D-100~\/D-108_Aoki_TMR0\/D-108_v_2_5_3\/D-108_v_2_5_3.X\/D-108_v_2_5_3.c[SD1602_4bit_mode.h#75" StructureKind="c/c++" NumEvents="2" CreationCount="630"/><InteractionEvent Delta="null" EndDate="2014-12-04 11:56:44.51 JST" Interest="4.0" Kind="selection" Navigation="null" OriginId="org.eclipse.cdt.ui.editor.CEditor" StartDate="2014-12-04 11:37:27.848 JST" StructureHandle="=Embedded{D-100~\/D-108_Aoki_TMR0\/D-108_v_2_5_3\/D-108_v_2_5_3.X\/D-108_v_2_5_3.c[SD1602_4bit_mode.h#75" StructureKind="c/c++" NumEvents="4" CreationCount="630"/><InteractionEvent Delta="null" EndDate="2014-12-04 11:56:39.31 JST" Interest="2.0" Kind="edit" Navigation="null" OriginId="org.eclipse.cdt.ui.editor.CEditor" StartDate="2014-12-04 11:37:27.864 JST" StructureHandle="=Embedded{D-100~\/D-108_Aoki_TMR0\/D-108_v_2_5_3\/D-108_v_2_5_3.X\/D-108_v_2_5_3.c[SD1602_4bit_mode.h#75" StructureKind="c/c++" NumEvents="2" CreationCount="630"/><InteractionEvent Delta="null" EndDate="2014-12-04 12:12:21.20 JST" Interest="30.0" Kind="selection" Navigation="null" OriginId="org.eclipse.cdt.ui.editor.CEditor" StartDate="2014-12-04 11:00:36.14 JST" StructureHandle="/Embedded/D-100~/D-108_Aoki_TMR0/D-108_v_2_5_3/D-108_v_2_5_3.X/D-108_v_2_5_3.c" StructureKind="resource" NumEvents="30" CreationCount="1"/><InteractionEvent Delta="null" EndDate="2014-12-04 12:05:33.179 JST" Interest="206.0" Kind="propagation" Navigation="null" OriginId="org.eclipse.cdt.ui.editor.CEditor" StartDate="2014-12-04 11:00:36.223 JST" StructureHandle="/Embedded/D-100~/D-108_Aoki_TMR0/D-108_v_2_5_3/D-108_v_2_5_3.X/D-108_v_2_5_3.c" StructureKind="resource" NumEvents="206" CreationCount="1"/><InteractionEvent Delta="null" EndDate="2014-12-04 12:14:26.113 JST" Interest="509.0" Kind="edit" Navigation="null" OriginId="org.eclipse.cdt.ui.editor.CEditor" StartDate="2014-12-04 11:00:36.226 JST" StructureHandle="/Embedded/D-100~/D-108_Aoki_TMR0/D-108_v_2_5_3/D-108_v_2_5_3.X/D-108_v_2_5_3.c" StructureKind="resource" NumEvents="509" CreationCount="1"/><InteractionEvent Delta="null" EndDate="2014-12-04 11:40:04.29 JST" Interest="89.21" Kind="propagation" Navigation="org.eclipse.mylyn.core.model.edges.containment" OriginId="org.eclipse.mylyn.core.model.interest.propagation" StartDate="2014-12-04 11:00:38.719 JST" StructureHandle="/Embedded/TEST/D-108" StructureKind="resource" NumEvents="102" CreationCount="6"/><InteractionEvent Delta="null" EndDate="2014-12-04 12:09:37.824 JST" Interest="1.0" Kind="selection" Navigation="null" OriginId="org.eclipse.cdt.ui.editor.CEditor" StartDate="2014-12-04 12:09:37.824 JST" StructureHandle="=Embedded{D-100~\/D-108_Aoki_TMR0\/D-108_v_2_5_3\/D-108_v_2_5_3.X\/SD1602_4bit_mode.h[SD1602_display#74(char" StructureKind="c/c++"/><InteractionEvent Delta="null" EndDate="2014-12-04 11:07:18.165 JST" Interest="1.1140003" Kind="manipulation" Navigation="null" OriginId="org.eclipse.mylyn.core.model.interest.decay.correction" StartDate="2014-12-04 11:05:54.168 JST" StructureHandle="=Embedded{D-100~\/D-108_Aoki_TMR0\/D-108_v_2_5_3\/D-108_v_2_5_3.X\/D-108_v_2_5_3.c[_Display__Hex#74(int" StructureKind="c/c++" NumEvents="2" CreationCount="108"/><InteractionEvent Delta="null" EndDate="2014-12-04 11:07:18.165 JST" Interest="4.0" Kind="selection" Navigation="null" OriginId="org.eclipse.ui.views.ContentOutline" StartDate="2014-12-04 11:02:48.831 JST" StructureHandle="=Embedded{D-100~\/D-108_Aoki_TMR0\/D-108_v_2_5_3\/D-108_v_2_5_3.X\/D-108_v_2_5_3.c[_Display__Hex#74(int" StructureKind="c/c++" NumEvents="4" CreationCount="108"/><InteractionEvent Delta="null" EndDate="2014-12-04 12:12:14.642 JST" Interest="9.681002" Kind="manipulation" Navigation="null" OriginId="org.eclipse.mylyn.core.model.interest.decay.correction" StartDate="2014-12-04 12:05:23.439 JST" StructureHandle="=Embedded{D-100~\/D-108_Aoki_TMR0\/D-108_v_2_5_3\/D-108_v_2_5_3.X\/lib_D-108_v_2_5_3.h[conv_Dex_to_Binary#74(int(char\[]" StructureKind="c/c++" NumEvents="2" CreationCount="171"/><InteractionEvent Delta="null" EndDate="2014-12-04 12:12:14.642 JST" Interest="5.0" Kind="selection" Navigation="null" OriginId="org.eclipse.ui.views.ContentOutline" StartDate="2014-12-04 11:04:09.223 JST" StructureHandle="=Embedded{D-100~\/D-108_Aoki_TMR0\/D-108_v_2_5_3\/D-108_v_2_5_3.X\/lib_D-108_v_2_5_3.h[conv_Dex_to_Binary#74(int(char\[]" StructureKind="c/c++" NumEvents="5" CreationCount="171"/><InteractionEvent Delta="null" EndDate="2014-12-04 12:12:18.969 JST" Interest="11.0" Kind="edit" Navigation="null" OriginId="org.eclipse.cdt.ui.editor.CEditor" StartDate="2014-12-04 11:04:09.900 JST" StructureHandle="=Embedded{D-100~\/D-108_Aoki_TMR0\/D-108_v_2_5_3\/D-108_v_2_5_3.X\/lib_D-108_v_2_5_3.h[conv_Dex_to_Binary#74(int(char\[]" StructureKind="c/c++" NumEvents="11" CreationCount="171"/><InteractionEvent Delta="null" EndDate="2014-12-04 11:01:55.101 JST" Interest="1.0" Kind="selection" Navigation="null" OriginId="org.eclipse.cdt.ui.editor.CEditor" StartDate="2014-12-04 11:01:55.101 JST" StructureHandle="=Embedded{D-100~\/D-108_Aoki_TMR0\/D-108_v_2_5_3\/D-108_v_2_5_3.X\/D-108_v_2_5_3.c[_Display__Hex_3Items#73(int" StructureKind="c/c++"/><InteractionEvent Delta="null" EndDate="2014-12-04 11:01:55.867 JST" Interest="1.0" Kind="edit" Navigation="null" OriginId="org.eclipse.cdt.ui.editor.CEditor" StartDate="2014-12-04 11:01:55.867 JST" StructureHandle="=Embedded{D-100~\/D-108_Aoki_TMR0\/D-108_v_2_5_3\/D-108_v_2_5_3.X\/D-108_v_2_5_3.c[_Display__Hex_3Items#73(int" StructureKind="c/c++"/><InteractionEvent Delta="null" EndDate="2014-12-04 12:03:30.794 JST" Interest="4.0" Kind="selection" Navigation="null" OriginId="org.eclipse.cdt.ui.editor.CEditor" StartDate="2014-12-04 11:16:05.975 JST" StructureHandle="=Embedded{D-100~\/D-108_Aoki_TMR0\/D-108_v_2_5_3\/D-108_v_2_5_3.X\/D-108_v_2_5_3.c[main#74(void" StructureKind="c/c++" NumEvents="4" CreationCount="545"/><InteractionEvent Delta="null" EndDate="2014-12-04 12:03:32.137 JST" Interest="19.0" Kind="edit" Navigation="null" OriginId="org.eclipse.cdt.ui.editor.CEditor" StartDate="2014-12-04 11:16:07.54 JST" StructureHandle="=Embedded{D-100~\/D-108_Aoki_TMR0\/D-108_v_2_5_3\/D-108_v_2_5_3.X\/D-108_v_2_5_3.c[main#74(void" StructureKind="c/c++" NumEvents="19" CreationCount="545"/><InteractionEvent Delta="null" EndDate="2014-12-04 11:40:04.792 JST" Interest="10.274001" Kind="manipulation" Navigation="null" OriginId="org.eclipse.mylyn.core.model.interest.decay.correction" StartDate="2014-12-04 11:37:29.851 JST" StructureHandle="=Embedded{TEST\/D-108\/v_2-5-3\/D-108_v-2-5-3.c" StructureKind="c/c++" NumEvents="2" CreationCount="7"/><InteractionEvent Delta="null" EndDate="2014-12-04 11:40:04.792 JST" Interest="3.0" Kind="selection" Navigation="null" OriginId="org.eclipse.cdt.ui.editor.CEditor" StartDate="2014-12-04 11:00:38.756 JST" StructureHandle="=Embedded{TEST\/D-108\/v_2-5-3\/D-108_v-2-5-3.c" StructureKind="c/c++" NumEvents="3" CreationCount="7"/><InteractionEvent Delta="null" EndDate="2014-12-04 12:11:34.6 JST" Interest="3.0" Kind="selection" Navigation="null" OriginId="org.eclipse.ui.views.ContentOutline" StartDate="2014-12-04 12:09:48.486 JST" StructureHandle="=Embedded{D-100~\/D-108_Aoki_TMR0\/D-108_v_2_5_3\/D-108_v_2_5_3.X\/SD1602_4bit_mode.h[SD1602_print#74(char*" StructureKind="c/c++" NumEvents="3" CreationCount="1189"/><InteractionEvent Delta="null" EndDate="2014-12-04 12:09:51.375 JST" Interest="4.0" Kind="edit" Navigation="null" OriginId="org.eclipse.cdt.ui.editor.CEditor" StartDate="2014-12-04 12:09:49.213 JST" StructureHandle="=Embedded{D-100~\/D-108_Aoki_TMR0\/D-108_v_2_5_3\/D-108_v_2_5_3.X\/SD1602_4bit_mode.h[SD1602_print#74(char*" StructureKind="c/c++" NumEvents="4" CreationCount="1189"/><InteractionEvent Delta="null" EndDate="2014-12-04 11:03:44.58 JST" Interest="2.0" Kind="selection" Navigation="null" OriginId="org.eclipse.ui.views.ResourceNavigator" StartDate="2014-12-04 11:03:36.734 JST" StructureHandle="/Embedded/TEST/D-108/v_2-5-3/D-108_v-2-5-3.exe" StructureKind="resource" NumEvents="2" CreationCount="148"/><InteractionEvent Delta="null" EndDate="2014-12-04 11:03:56.214 JST" Interest="1.0" Kind="selection" Navigation="null" OriginId="org.eclipse.ui.views.ResourceNavigator" StartDate="2014-12-04 11:03:56.214 JST" StructureHandle="/Embedded/D-100~/D-108_Aoki_TMR0" StructureKind="resource"/><InteractionEvent Delta="null" EndDate="2014-12-04 12:14:26.114 JST" Interest="591.3" Kind="propagation" Navigation="org.eclipse.mylyn.core.model.edges.containment" OriginId="org.eclipse.mylyn.core.model.interest.propagation" StartDate="2014-12-04 11:00:36.71 JST" StructureHandle="/Embedded/D-100~/D-108_Aoki_TMR0" StructureKind="resource" NumEvents="744" CreationCount="1"/><InteractionEvent Delta="null" EndDate="2014-12-04 12:05:33.178 JST" Interest="30.0" Kind="selection" Navigation="null" OriginId="org.eclipse.cdt.ui.editor.CEditor" StartDate="2014-12-04 11:01:17.552 JST" StructureHandle="=Embedded{D-100~\/D-108_Aoki_TMR0\/D-108_v_2_5_3\/D-108_v_2_5_3.X\/D-108_v_2_5_3.c" StructureKind="c/c++" NumEvents="30" CreationCount="2"/><InteractionEvent Delta="null" EndDate="2014-12-04 11:00:59.4 JST" Interest="6.5" Kind="propagation" Navigation="org.eclipse.mylyn.core.model.edges.containment" OriginId="org.eclipse.mylyn.core.model.interest.propagation" StartDate="2014-12-04 11:00:36.223 JST" StructureHandle="=Embedded{D-100~\/D-108_Aoki_TMR0\/D-108_v_2_5_3\/D-108_v_2_5_3.X\/D-108_v_2_5_3.c" StructureKind="c/c++" NumEvents="8" CreationCount="2"/><InteractionEvent Delta="null" EndDate="2014-12-04 12:05:14.305 JST" Interest="47.0" Kind="edit" Navigation="null" OriginId="org.eclipse.cdt.ui.editor.CEditor" StartDate="2014-12-04 11:01:19.254 JST" StructureHandle="=Embedded{D-100~\/D-108_Aoki_TMR0\/D-108_v_2_5_3\/D-108_v_2_5_3.X\/D-108_v_2_5_3.c" StructureKind="c/c++" NumEvents="47" CreationCount="2"/><InteractionEvent Delta="null" EndDate="2014-12-04 11:05:15.984 JST" Interest="1.0" Kind="selection" Navigation="null" OriginId="org.eclipse.cdt.ui.editor.CEditor" StartDate="2014-12-04 11:05:15.984 JST" StructureHandle="=Embedded{D-100~\/D-108_Aoki_TMR0\/D-108_v_2_5_3\/D-108_v_2_5_3.X\/D-108_v_2_5_3.c[lib_D-108_V_2_5_3.h#75" StructureKind="c/c++"/><InteractionEvent Delta="null" EndDate="2014-12-04 11:05:19.215 JST" Interest="2.0" Kind="edit" Navigation="null" OriginId="org.eclipse.cdt.ui.editor.CEditor" StartDate="2014-12-04 11:05:17.731 JST" StructureHandle="=Embedded{D-100~\/D-108_Aoki_TMR0\/D-108_v_2_5_3\/D-108_v_2_5_3.X\/D-108_v_2_5_3.c[lib_D-108_V_2_5_3.h#75" StructureKind="c/c++" NumEvents="2" CreationCount="233"/><InteractionEvent Delta="null" EndDate="2014-12-04 11:03:51.51 JST" Interest="1.0" Kind="selection" Navigation="null" OriginId="org.eclipse.ui.views.ResourceNavigator" StartDate="2014-12-04 11:03:51.51 JST" StructureHandle="/Embedded/D-100~" StructureKind="resource"/><InteractionEvent Delta="null" EndDate="2014-12-04 12:14:26.115 JST" Interest="591.3" Kind="propagation" Navigation="org.eclipse.mylyn.core.model.edges.containment" OriginId="org.eclipse.mylyn.core.model.interest.propagation" StartDate="2014-12-04 11:00:36.71 JST" StructureHandle="/Embedded/D-100~" StructureKind="resource" NumEvents="744" CreationCount="1"/><InteractionEvent Delta="null" EndDate="2014-12-04 11:40:04.26 JST" Interest="39.761" Kind="propagation" Navigation="org.eclipse.mylyn.core.model.edges.containment" OriginId="org.eclipse.mylyn.core.model.interest.propagation" StartDate="2014-12-04 11:00:41.576 JST" StructureHandle="=Embedded{TEST\/D-108\/v_2-7-0\/D-108_v-2-7-0.c" StructureKind="c/c++" NumEvents="44" CreationCount="15"/><InteractionEvent Delta="null" EndDate="2014-12-04 11:09:04.353 JST" Interest="1.0" Kind="selection" Navigation="null" OriginId="org.eclipse.cdt.ui.editor.CEditor" StartDate="2014-12-04 11:09:04.353 JST" StructureHandle="=Embedded{D-100~\/D-108_Aoki_TMR0\/D-108_v_2_5_3\/D-108_v_2_5_3.X\/D-108_v_2_5_3.c[binary_display_16#76" StructureKind="c/c++"/><InteractionEvent Delta="null" EndDate="2014-12-04 12:11:10.962 JST" Interest="6.0" Kind="selection" Navigation="null" OriginId="org.eclipse.cdt.ui.editor.CEditor" StartDate="2014-12-04 11:04:02.755 JST" StructureHandle="=Embedded{D-100~\/D-108_Aoki_TMR0\/D-108_v_2_5_3\/D-108_v_2_5_3.X\/lib_D-108_v_2_5_3.h" StructureKind="c/c++" NumEvents="6" CreationCount="166"/><InteractionEvent Delta="null" EndDate="2014-12-04 12:12:10.694 JST" Interest="7.5580006" Kind="propagation" Navigation="org.eclipse.mylyn.core.model.edges.containment" OriginId="org.eclipse.mylyn.core.model.interest.propagation" StartDate="2014-12-04 11:04:09.901 JST" StructureHandle="=Embedded{D-100~\/D-108_Aoki_TMR0\/D-108_v_2_5_3\/D-108_v_2_5_3.X\/lib_D-108_v_2_5_3.h" StructureKind="c/c++" NumEvents="11" CreationCount="166"/><InteractionEvent Delta="null" EndDate="2014-12-04 12:11:12.434 JST" Interest="17.0" Kind="edit" Navigation="null" OriginId="org.eclipse.cdt.ui.editor.CEditor" StartDate="2014-12-04 11:04:03.535 JST" StructureHandle="=Embedded{D-100~\/D-108_Aoki_TMR0\/D-108_v_2_5_3\/D-108_v_2_5_3.X\/lib_D-108_v_2_5_3.h" StructureKind="c/c++" NumEvents="17" CreationCount="166"/><InteractionEvent Delta="null" EndDate="2014-12-04 11:03:44.147 JST" Interest="1.0" Kind="selection" Navigation="null" OriginId="org.eclipse.ui.views.ResourceNavigator" StartDate="2014-12-04 11:03:44.147 JST" StructureHandle="/Embedded/TEST/D-108/v_2-7-0" StructureKind="resource"/><InteractionEvent Delta="null" EndDate="2014-12-04 11:40:04.29 JST" Interest="88.074" Kind="propagation" Navigation="org.eclipse.mylyn.core.model.edges.containment" OriginId="org.eclipse.mylyn.core.model.interest.propagation" StartDate="2014-12-04 11:00:41.519 JST" StructureHandle="/Embedded/TEST/D-108/v_2-7-0" StructureKind="resource" NumEvents="99" CreationCount="14"/><InteractionEvent Delta="null" EndDate="2014-12-04 12:12:21.77 JST" Interest="35.0" Kind="selection" Navigation="null" OriginId="org.eclipse.cdt.ui.editor.CEditor" StartDate="2014-12-04 11:01:14.879 JST" StructureHandle="=Embedded{D-100~\/D-108_Aoki_TMR0\/D-108_v_2_5_3\/D-108_v_2_5_3.X\/D-108_v_2_5_3.c[_Display__Hex_3Items#74(int" StructureKind="c/c++" NumEvents="35" CreationCount="34"/><InteractionEvent Delta="null" EndDate="2014-12-04 12:14:26.110 JST" Interest="276.0" Kind="edit" Navigation="null" OriginId="org.eclipse.cdt.ui.editor.CEditor" StartDate="2014-12-04 11:01:42.854 JST" StructureHandle="=Embedded{D-100~\/D-108_Aoki_TMR0\/D-108_v_2_5_3\/D-108_v_2_5_3.X\/D-108_v_2_5_3.c[_Display__Hex_3Items#74(int" StructureKind="c/c++" NumEvents="276" CreationCount="34"/><InteractionEvent Delta="null" EndDate="2014-12-04 11:37:29.787 JST" Interest="7.9590006" Kind="manipulation" Navigation="null" OriginId="org.eclipse.mylyn.core.model.interest.decay.correction" StartDate="2014-12-04 11:37:29.787 JST" StructureHandle="/Embedded/TEST/D-108/v_2-5-3/D-108_v-2-5-3.c" StructureKind="resource"/><InteractionEvent Delta="null" EndDate="2014-12-04 11:40:04.751 JST" Interest="3.0" Kind="selection" Navigation="null" OriginId="org.eclipse.cdt.ui.editor.CEditor" StartDate="2014-12-04 11:00:38.718 JST" StructureHandle="/Embedded/TEST/D-108/v_2-5-3/D-108_v-2-5-3.c" StructureKind="resource" NumEvents="3" CreationCount="6"/><InteractionEvent Delta="null" EndDate="2014-12-04 11:40:04.793 JST" Interest="3.0" Kind="propagation" Navigation="null" OriginId="org.eclipse.cdt.ui.editor.CEditor" StartDate="2014-12-04 11:00:38.756 JST" StructureHandle="/Embedded/TEST/D-108/v_2-5-3/D-108_v-2-5-3.c" StructureKind="resource" NumEvents="3" CreationCount="6"/><InteractionEvent Delta="null" EndDate="2014-12-04 11:40:04.794 JST" Interest="3.0" Kind="edit" Navigation="null" OriginId="org.eclipse.cdt.ui.editor.CEditor" StartDate="2014-12-04 11:00:38.758 JST" StructureHandle="/Embedded/TEST/D-108/v_2-5-3/D-108_v-2-5-3.c" StructureKind="resource" NumEvents="3" CreationCount="6"/><InteractionEvent Delta="null" EndDate="2014-12-04 11:03:48.470 JST" Interest="1.0" Kind="selection" Navigation="null" OriginId="org.eclipse.ui.views.ResourceNavigator" StartDate="2014-12-04 11:03:48.470 JST" StructureHandle="/Embedded/TEST" StructureKind="resource"/><InteractionEvent Delta="null" EndDate="2014-12-04 11:40:04.29 JST" Interest="88.21" Kind="propagation" Navigation="org.eclipse.mylyn.core.model.edges.containment" OriginId="org.eclipse.mylyn.core.model.interest.propagation" StartDate="2014-12-04 11:00:38.720 JST" StructureHandle="/Embedded/TEST" StructureKind="resource" NumEvents="102" CreationCount="6"/><InteractionEvent Delta="null" EndDate="2014-12-04 11:48:16.172 JST" Interest="1.0" Kind="selection" Navigation="null" OriginId="org.eclipse.ui.views.ContentOutline" StartDate="2014-12-04 11:48:16.172 JST" StructureHandle="=Embedded{D-100~\/D-108_Aoki_TMR0\/D-108_v_2_5_3\/D-108_v_2_5_3.X\/D-108_v_2_5_3.c[s#76" StructureKind="c/c++"/><InteractionEvent Delta="null" EndDate="2014-12-04 11:48:18.886 JST" Interest="2.0" Kind="edit" Navigation="null" OriginId="org.eclipse.cdt.ui.editor.CEditor" StartDate="2014-12-04 11:48:18.856 JST" StructureHandle="=Embedded{D-100~\/D-108_Aoki_TMR0\/D-108_v_2_5_3\/D-108_v_2_5_3.X\/D-108_v_2_5_3.c[s#76" StructureKind="c/c++" NumEvents="2" CreationCount="831"/><InteractionEvent Delta="null" EndDate="2014-12-04 11:48:21.992 JST" Interest="6.0" Kind="selection" Navigation="null" OriginId="org.eclipse.ui.views.ContentOutline" StartDate="2014-12-04 11:34:14.397 JST" StructureHandle="=Embedded{D-100~\/D-108_Aoki_TMR0\/D-108_v_2_5_3\/D-108_v_2_5_3.X\/D-108_v_2_5_3.c[conv_1Hex_to_String#74(int(char\[]" StructureKind="c/c++" NumEvents="6" CreationCount="616"/><InteractionEvent Delta="null" EndDate="2014-12-04 11:47:01.157 JST" Interest="29.0" Kind="edit" Navigation="null" OriginId="org.eclipse.cdt.ui.editor.CEditor" StartDate="2014-12-04 11:34:15.520 JST" StructureHandle="=Embedded{D-100~\/D-108_Aoki_TMR0\/D-108_v_2_5_3\/D-108_v_2_5_3.X\/D-108_v_2_5_3.c[conv_1Hex_to_String#74(int(char\[]" StructureKind="c/c++" NumEvents="29" CreationCount="616"/><InteractionEvent Delta="null" EndDate="2014-12-04 12:03:36.694 JST" Interest="3.0" Kind="selection" Navigation="null" OriginId="org.eclipse.ui.views.ContentOutline" StartDate="2014-12-04 11:56:51.636 JST" StructureHandle="=Embedded{D-100~\/D-108_Aoki_TMR0\/D-108_v_2_5_3\/D-108_v_2_5_3.X\/D-108_v_2_5_3.c[conv_1Hex_to_String#74(int(char\[]" StructureKind="c/c++" NumEvents="3" CreationCount="946"/><InteractionEvent Delta="null" EndDate="2014-12-04 12:03:38.97 JST" Interest="26.0" Kind="edit" Navigation="null" OriginId="org.eclipse.cdt.ui.editor.CEditor" StartDate="2014-12-04 11:56:52.808 JST" StructureHandle="=Embedded{D-100~\/D-108_Aoki_TMR0\/D-108_v_2_5_3\/D-108_v_2_5_3.X\/D-108_v_2_5_3.c[conv_1Hex_to_String#74(int(char\[]" StructureKind="c/c++" NumEvents="26" CreationCount="946"/><InteractionEvent Delta="null" EndDate="2014-12-04 11:03:48.451 JST" Interest="2.0" Kind="selection" Navigation="null" OriginId="org.eclipse.ui.views.ResourceNavigator" StartDate="2014-12-04 11:03:47.317 JST" StructureHandle="/Embedded/TEST/D-108/v_2-5-3" StructureKind="resource" NumEvents="2" CreationCount="6"/><InteractionEvent Delta="null" EndDate="2014-12-04 11:40:04.795 JST" Interest="14.059" Kind="propagation" Navigation="org.eclipse.mylyn.core.model.edges.containment" OriginId="org.eclipse.mylyn.core.model.interest.propagation" StartDate="2014-12-04 11:00:38.719 JST" StructureHandle="/Embedded/TEST/D-108/v_2-5-3" StructureKind="resource" NumEvents="11" CreationCount="6"/><InteractionEvent Delta="null" EndDate="2014-12-04 12:12:10.693 JST" Interest="3.0" Kind="selection" Navigation="null" OriginId="org.eclipse.cdt.ui.editor.CEditor" StartDate="2014-12-04 12:11:35.983 JST" StructureHandle="=Embedded{D-100~\/D-108_Aoki_TMR0\/D-108_v_2_5_3\/D-108_v_2_5_3.X\/lib_D-108_v_2_5_3.h[conv_Hex_to_CharCode_2Digits#74(signed char(char\[]" StructureKind="c/c++" NumEvents="3" CreationCount="1240"/><InteractionEvent Delta="null" EndDate="2014-12-04 12:12:04.335 JST" Interest="6.0" Kind="edit" Navigation="null" OriginId="org.eclipse.cdt.ui.editor.CEditor" StartDate="2014-12-04 12:11:36.767 JST" StructureHandle="=Embedded{D-100~\/D-108_Aoki_TMR0\/D-108_v_2_5_3\/D-108_v_2_5_3.X\/lib_D-108_v_2_5_3.h[conv_Hex_to_CharCode_2Digits#74(signed char(char\[]" StructureKind="c/c++" NumEvents="6" CreationCount="1240"/><InteractionEvent Delta="null" EndDate="2014-12-04 11:37:35.279 JST" Interest="1.0" Kind="selection" Navigation="null" OriginId="org.eclipse.cdt.ui.editor.CEditor" StartDate="2014-12-04 11:37:35.279 JST" StructureHandle="=Embedded{TEST\/D-108\/v_2-7-0\/D-108_v-2-7-0.c[main#74(int(char**" StructureKind="c/c++"/><InteractionEvent Delta="null" EndDate="2014-12-04 11:37:36.527 JST" Interest="1.0" Kind="edit" Navigation="null" OriginId="org.eclipse.cdt.ui.editor.CEditor" StartDate="2014-12-04 11:37:36.527 JST" StructureHandle="=Embedded{TEST\/D-108\/v_2-7-0\/D-108_v-2-7-0.c[main#74(int(char**" StructureKind="c/c++"/><InteractionEvent Delta="null" EndDate="2014-12-04 11:00:40.844 JST" Interest="1.0" Kind="selection" Navigation="null" OriginId="org.eclipse.ui.DefaultTextEditor" StartDate="2014-12-04 11:00:40.844 JST" StructureHandle="/Embedded/TEST/memos.txt" StructureKind="resource"/><InteractionEvent Delta="null" EndDate="2014-12-04 11:00:40.862 JST" Interest="1.0" Kind="edit" Navigation="null" OriginId="org.eclipse.ui.DefaultTextEditor" StartDate="2014-12-04 11:00:40.862 JST" StructureHandle="/Embedded/TEST/memos.txt" StructureKind="resource"/><InteractionEvent Delta="null" EndDate="2014-12-04 11:37:42.265 JST" Interest="1.0" Kind="selection" Navigation="null" OriginId="org.eclipse.ui.views.ContentOutline" StartDate="2014-12-04 11:37:42.265 JST" StructureHandle="=Embedded{TEST\/D-108\/v_2-7-0\/D-108_v-2-7-0.c[conv_1Hex_to_String#74(int(char\[]" StructureKind="c/c++"/><InteractionEvent Delta="null" EndDate="2014-12-04 11:40:04.26 JST" Interest="40.0" Kind="edit" Navigation="null" OriginId="org.eclipse.cdt.ui.editor.CEditor" StartDate="2014-12-04 11:37:42.947 JST" StructureHandle="=Embedded{TEST\/D-108\/v_2-7-0\/D-108_v-2-7-0.c[conv_1Hex_to_String#74(int(char\[]" StructureKind="c/c++" NumEvents="40" CreationCount="648"/><InteractionEvent Delta="null" EndDate="2014-12-04 11:08:58.720 JST" Interest="1.0" Kind="selection" Navigation="null" OriginId="org.eclipse.cdt.ui.editor.CEditor" StartDate="2014-12-04 11:08:58.720 JST" StructureHandle="=Embedded{D-100~\/D-108_Aoki_TMR0\/D-108_v_2_5_3\/D-108_v_2_5_3.X\/D-108_v_2_5_3.c[_Display#73(void" StructureKind="c/c++"/><InteractionEvent Delta="null" EndDate="2014-12-04 11:46:23.903 JST" Interest="2.0" Kind="selection" Navigation="null" OriginId="org.eclipse.cdt.ui.editor.CEditor" StartDate="2014-12-04 11:46:17.726 JST" StructureHandle="=Embedded{D-100~\/D-108_Aoki_TMR0\/D-108_v_2_5_3\/D-108_v_2_5_3.X\/D-108_v_2_5_3.c[hunds#76" StructureKind="c/c++" NumEvents="2" CreationCount="776"/><InteractionEvent Delta="null" EndDate="2014-12-04 11:46:18.645 JST" Interest="1.0" Kind="edit" Navigation="null" OriginId="org.eclipse.cdt.ui.editor.CEditor" StartDate="2014-12-04 11:46:18.645 JST" StructureHandle="=Embedded{D-100~\/D-108_Aoki_TMR0\/D-108_v_2_5_3\/D-108_v_2_5_3.X\/D-108_v_2_5_3.c[hunds#76" StructureKind="c/c++"/><InteractionEvent Delta="null" EndDate="2014-12-04 15:33:09.253 JST" Interest="1014.0" Kind="propagation" Navigation="org.eclipse.mylyn.core.model.edges.containment" OriginId="org.eclipse.mylyn.core.model.interest.propagation" StartDate="2014-12-04 11:00:36.72 JST" StructureHandle="/" StructureKind="resource" NumEvents="1014" CreationCount="1"/><InteractionEvent Delta="null" EndDate="2014-12-04 12:11:10.493 JST" Interest="4.0" Kind="selection" Navigation="null" OriginId="org.eclipse.ui.views.ResourceNavigator" StartDate="2014-12-04 12:09:20.717 JST" StructureHandle="/Embedded/D-100~/D-108_Aoki_TMR0/D-108_v_2_5_3/D-108_v_2_5_3.X/SD1602_4bit_mode.h" StructureKind="resource" NumEvents="4" CreationCount="1168"/><InteractionEvent Delta="null" EndDate="2014-12-04 12:11:34.7 JST" Interest="17.0" Kind="propagation" Navigation="null" OriginId="org.eclipse.ui.views.ContentOutline" StartDate="2014-12-04 12:09:21.475 JST" StructureHandle="/Embedded/D-100~/D-108_Aoki_TMR0/D-108_v_2_5_3/D-108_v_2_5_3.X/SD1602_4bit_mode.h" StructureKind="resource" NumEvents="17" CreationCount="1168"/><InteractionEvent Delta="null" EndDate="2014-12-04 12:10:27.365 JST" Interest="14.0" Kind="edit" Navigation="null" OriginId="org.eclipse.cdt.ui.editor.CEditor" StartDate="2014-12-04 12:09:21.477 JST" StructureHandle="/Embedded/D-100~/D-108_Aoki_TMR0/D-108_v_2_5_3/D-108_v_2_5_3.X/SD1602_4bit_mode.h" StructureKind="resource" NumEvents="14" CreationCount="1168"/><InteractionEvent Delta="null" EndDate="2014-12-04 11:37:31.965 JST" Interest="8.874001" Kind="manipulation" Navigation="null" OriginId="org.eclipse.mylyn.core.model.interest.decay.correction" StartDate="2014-12-04 11:37:31.965 JST" StructureHandle="=Embedded{TEST\/D-108\/v_2-7-0\/D-108_v-2-7-0.c[conv_Hex_to_Decimal_String#74(int(char\[]" StructureKind="c/c++"/><InteractionEvent Delta="null" EndDate="2014-12-04 11:37:31.965 JST" Interest="2.0" Kind="selection" Navigation="null" OriginId="org.eclipse.cdt.ui.editor.CEditor" StartDate="2014-12-04 11:00:41.556 JST" StructureHandle="=Embedded{TEST\/D-108\/v_2-7-0\/D-108_v-2-7-0.c[conv_Hex_to_Decimal_String#74(int(char\[]" StructureKind="c/c++" NumEvents="2" CreationCount="15"/><InteractionEvent Delta="null" EndDate="2014-12-04 11:37:34.606 JST" Interest="3.0" Kind="edit" Navigation="null" OriginId="org.eclipse.cdt.ui.editor.CEditor" StartDate="2014-12-04 11:00:41.590 JST" StructureHandle="=Embedded{TEST\/D-108\/v_2-7-0\/D-108_v-2-7-0.c[conv_Hex_to_Decimal_String#74(int(char\[]" StructureKind="c/c++" NumEvents="3" CreationCount="15"/><InteractionEvent Delta="null" EndDate="2014-12-04 11:03:58.265 JST" Interest="1.0" Kind="selection" Navigation="null" OriginId="org.eclipse.ui.views.ResourceNavigator" StartDate="2014-12-04 11:03:58.265 JST" StructureHandle="/Embedded/D-100~/D-108_Aoki_TMR0/D-108_v_2_5_3" StructureKind="resource"/><InteractionEvent Delta="null" EndDate="2014-12-04 12:14:26.114 JST" Interest="591.3" Kind="propagation" Navigation="org.eclipse.mylyn.core.model.edges.containment" OriginId="org.eclipse.mylyn.core.model.interest.propagation" StartDate="2014-12-04 11:00:36.70 JST" StructureHandle="/Embedded/D-100~/D-108_Aoki_TMR0/D-108_v_2_5_3" StructureKind="resource" NumEvents="744" CreationCount="1"/><InteractionEvent Delta="null" EndDate="2014-12-04 12:11:27.613 JST" Interest="2.0" Kind="selection" Navigation="null" OriginId="org.eclipse.cdt.ui.editor.CEditor" StartDate="2014-12-04 12:11:15.24 JST" StructureHandle="=Embedded{D-100~\/D-108_Aoki_TMR0\/D-108_v_2_5_3\/D-108_v_2_5_3.X\/lib_D-108_v_2_5_3.h[conv_Hex_to_CharCode#74(signed char" StructureKind="c/c++" NumEvents="2" CreationCount="1227"/><InteractionEvent Delta="null" EndDate="2014-12-04 12:11:20.61 JST" Interest="2.0" Kind="edit" Navigation="null" OriginId="org.eclipse.cdt.ui.editor.CEditor" StartDate="2014-12-04 12:11:18.408 JST" StructureHandle="=Embedded{D-100~\/D-108_Aoki_TMR0\/D-108_v_2_5_3\/D-108_v_2_5_3.X\/lib_D-108_v_2_5_3.h[conv_Hex_to_CharCode#74(signed char" StructureKind="c/c++" NumEvents="2" CreationCount="1227"/><InteractionEvent Delta="null" EndDate="2014-12-04 12:09:21.475 JST" Interest="1.0" Kind="selection" Navigation="null" OriginId="org.eclipse.cdt.ui.editor.CEditor" StartDate="2014-12-04 12:09:21.475 JST" StructureHandle="=Embedded{D-100~\/D-108_Aoki_TMR0\/D-108_v_2_5_3\/D-108_v_2_5_3.X\/SD1602_4bit_mode.h" StructureKind="c/c++"/><InteractionEvent Delta="null" EndDate="2014-12-04 12:11:34.7 JST" Interest="3.0230005" Kind="propagation" Navigation="org.eclipse.mylyn.core.model.edges.containment" OriginId="org.eclipse.mylyn.core.model.interest.propagation" StartDate="2014-12-04 12:09:43.648 JST" StructureHandle="=Embedded{D-100~\/D-108_Aoki_TMR0\/D-108_v_2_5_3\/D-108_v_2_5_3.X\/SD1602_4bit_mode.h" StructureKind="c/c++" NumEvents="4" CreationCount="1170"/><InteractionEvent Delta="null" EndDate="2014-12-04 12:09:33.495 JST" Interest="3.0" Kind="edit" Navigation="null" OriginId="org.eclipse.cdt.ui.editor.CEditor" StartDate="2014-12-04 12:09:27.700 JST" StructureHandle="=Embedded{D-100~\/D-108_Aoki_TMR0\/D-108_v_2_5_3\/D-108_v_2_5_3.X\/SD1602_4bit_mode.h" StructureKind="c/c++" NumEvents="3" CreationCount="1170"/><InteractionEvent Delta="null" EndDate="2014-12-04 11:09:00.202 JST" Interest="1.0" Kind="selection" Navigation="null" OriginId="org.eclipse.cdt.ui.editor.CEditor" StartDate="2014-12-04 11:09:00.202 JST" StructureHandle="=Embedded{D-100~\/D-108_Aoki_TMR0\/D-108_v_2_5_3\/D-108_v_2_5_3.X\/D-108_v_2_5_3.c[msg_num#76" StructureKind="c/c++"/><InteractionEvent Delta="null" EndDate="2014-12-04 12:14:26.115 JST" Interest="592.3" Kind="propagation" Navigation="org.eclipse.mylyn.core.model.edges.containment" OriginId="org.eclipse.mylyn.core.model.interest.propagation" StartDate="2014-12-04 11:00:36.72 JST" StructureHandle="=Embedded" StructureKind="c/c++" NumEvents="745" CreationCount="1"/><InteractionEvent Delta="null" EndDate="2014-12-04 12:09:18.336 JST" Interest="1.0" Kind="selection" Navigation="null" OriginId="org.eclipse.ui.views.ResourceNavigator" StartDate="2014-12-04 12:09:18.336 JST" StructureHandle="/Embedded/D-100~/D-108_Aoki_TMR0/D-108_v_2_5_3/D-108_v_2_5_3.X/debug.h" StructureKind="resource"/><InteractionEvent Delta="null" EndDate="2014-12-04 11:48:21.70 JST" Interest="1.0" Kind="selection" Navigation="null" OriginId="org.eclipse.ui.views.ContentOutline" StartDate="2014-12-04 11:48:21.70 JST" StructureHandle="=Embedded{D-100~\/D-108_Aoki_TMR0\/D-108_v_2_5_3\/D-108_v_2_5_3.X\/D-108_v_2_5_3.c[conv_1Hex_to_String#73(int(char\[]" StructureKind="c/c++"/><InteractionEvent Delta="null" EndDate="2014-12-04 15:33:09.253 JST" Interest="1014.0" Kind="propagation" Navigation="null" OriginId="org.eclipse.ui.views.ResourceNavigator" StartDate="2014-12-04 11:00:36.72 JST" StructureHandle="/Embedded" StructureKind="resource" NumEvents="1014" CreationCount="1"/><InteractionEvent Delta="null" EndDate="2014-12-04 11:03:28.888 JST" Interest="1.0" Kind="selection" Navigation="null" OriginId="org.eclipse.cdt.ui.editor.CEditor" StartDate="2014-12-04 11:03:28.888 JST" StructureHandle="=Embedded{D-100~\/D-108_Aoki_TMR0\/D-108_v_2_5_3\/D-108_v_2_5_3.X\/D-108_v_2_5_3.c[_Display#74(void" StructureKind="c/c++"/><InteractionEvent Delta="null" EndDate="2014-12-04 11:03:59.597 JST" Interest="1.0" Kind="selection" Navigation="null" OriginId="org.eclipse.ui.views.ResourceNavigator" StartDate="2014-12-04 11:03:59.597 JST" StructureHandle="/Embedded/D-100~/D-108_Aoki_TMR0/D-108_v_2_5_3/D-108_v_2_5_3.X" StructureKind="resource"/><InteractionEvent Delta="null" EndDate="2014-12-04 12:14:26.113 JST" Interest="591.3" Kind="propagation" Navigation="org.eclipse.mylyn.core.model.edges.containment" OriginId="org.eclipse.mylyn.core.model.interest.propagation" StartDate="2014-12-04 11:00:36.69 JST" StructureHandle="/Embedded/D-100~/D-108_Aoki_TMR0/D-108_v_2_5_3/D-108_v_2_5_3.X" StructureKind="resource" NumEvents="744" CreationCount="1"/><InteractionEvent Delta="null" EndDate="2014-12-04 15:33:09.166 JST" Interest="12.0" Kind="selection" Navigation="null" OriginId="org.eclipse.ui.views.ResourceNavigator" StartDate="2014-12-04 11:04:02.121 JST" StructureHandle="/Embedded/D-100~/D-108_Aoki_TMR0/D-108_v_2_5_3/D-108_v_2_5_3.X/lib_D-108_v_2_5_3.h" StructureKind="resource" NumEvents="12" CreationCount="164"/><InteractionEvent Delta="null" EndDate="2014-12-04 12:12:18.971 JST" Interest="52.0" Kind="propagation" Navigation="null" OriginId="org.eclipse.cdt.ui.editor.CEditor" StartDate="2014-12-04 11:04:02.755 JST" StructureHandle="/Embedded/D-100~/D-108_Aoki_TMR0/D-108_v_2_5_3/D-108_v_2_5_3.X/lib_D-108_v_2_5_3.h" StructureKind="resource" NumEvents="52" CreationCount="164"/><InteractionEvent Delta="null" EndDate="2014-12-04 12:12:18.973 JST" Interest="49.0" Kind="edit" Navigation="null" OriginId="org.eclipse.cdt.ui.editor.CEditor" StartDate="2014-12-04 11:04:02.758 JST" StructureHandle="/Embedded/D-100~/D-108_Aoki_TMR0/D-108_v_2_5_3/D-108_v_2_5_3.X/lib_D-108_v_2_5_3.h" StructureKind="resource" NumEvents="49" CreationCount="164"/></InteractionHistory>