<?xml version="1.0" encoding="UTF-8"?><InteractionHistory Id="local-43" Version="1"><InteractionEvent Delta="null" EndDate="2014-09-25 16:35:05.651 JST" Interest="416.538" Kind="propagation" Navigation="org.eclipse.mylyn.core.model.edges.containment" OriginId="org.eclipse.mylyn.core.model.interest.propagation" StartDate="2014-09-25 13:28:39.263 JST" StructureHandle="" StructureKind="c/c++" NumEvents="595" CreationCount="1"/><InteractionEvent Delta="null" EndDate="2014-09-25 15:32:43.323 JST" Interest="12.4" Kind="propagation" Navigation="org.eclipse.mylyn.core.model.edges.containment" OriginId="org.eclipse.mylyn.core.model.interest.propagation" StartDate="2014-09-25 15:22:27.2 JST" StructureHandle="=CR6_cake" StructureKind="c/c++" NumEvents="16" CreationCount="564"/><InteractionEvent Delta="null" EndDate="2014-09-25 15:00:14.282 JST" Interest="1.0" Kind="selection" Navigation="null" OriginId="org.eclipse.ui.views.ResourceNavigator" StartDate="2014-09-25 15:00:14.282 JST" StructureHandle="/Cake_NR5/app/View/Layouts/flash.ctp" StructureKind="resource"/><InteractionEvent Delta="null" EndDate="2014-09-25 16:17:52.380 JST" Interest="23.0" Kind="selection" Navigation="null" OriginId="org.eclipse.php.editor" StartDate="2014-09-25 14:51:11.390 JST" StructureHandle="/Cake_NR5/app/Controller/KeywordsController.php" StructureKind="resource" NumEvents="23" CreationCount="215"/><InteractionEvent Delta="null" EndDate="2014-09-25 16:35:05.650 JST" Interest="557.0" Kind="edit" Navigation="null" OriginId="org.eclipse.php.editor" StartDate="2014-09-25 14:51:12.421 JST" StructureHandle="/Cake_NR5/app/Controller/KeywordsController.php" StructureKind="resource" NumEvents="557" CreationCount="215"/><InteractionEvent Delta="null" EndDate="2014-09-25 15:32:43.323 JST" Interest="16.0" Kind="propagation" Navigation="null" OriginId="org.eclipse.wst.jsdt.ui.CompilationUnitEditor" StartDate="2014-09-25 15:22:27.2 JST" StructureHandle="/CR6_cake" StructureKind="resource" NumEvents="16" CreationCount="564"/><InteractionEvent Delta="null" EndDate="2014-09-25 16:50:44.318 JST" Interest="1233.0" Kind="propagation" Navigation="null" OriginId="org.eclipse.wst.jsdt.ui.CompilationUnitEditor" StartDate="2014-09-25 13:28:39.263 JST" StructureHandle="/Cake_NR5" StructureKind="resource" NumEvents="1233" CreationCount="1"/><InteractionEvent Delta="null" EndDate="2014-09-25 13:30:05.885 JST" Interest="1.0" Kind="selection" Navigation="null" OriginId="org.eclipse.php.editor" StartDate="2014-09-25 13:30:05.885 JST" StructureHandle="/Cake_NR5/app/Controller/CategorysController.php" StructureKind="resource"/><InteractionEvent Delta="null" EndDate="2014-09-25 13:30:05.944 JST" Interest="1.0" Kind="edit" Navigation="null" OriginId="org.eclipse.php.editor" StartDate="2014-09-25 13:30:05.944 JST" StructureHandle="/Cake_NR5/app/Controller/CategorysController.php" StructureKind="resource"/><InteractionEvent Delta="null" EndDate="2014-09-25 13:30:06.877 JST" Interest="2.0" Kind="selection" Navigation="null" OriginId="org.eclipse.ui.views.ResourceNavigator" StartDate="2014-09-25 13:28:46.90 JST" StructureHandle="/Cake_NR5/app/webroot" StructureKind="resource" NumEvents="2" CreationCount="2"/><InteractionEvent Delta="null" EndDate="2014-09-25 16:50:44.317 JST" Interest="296.00198" Kind="propagation" Navigation="org.eclipse.mylyn.core.model.edges.containment" OriginId="org.eclipse.mylyn.core.model.interest.propagation" StartDate="2014-09-25 13:30:12.819 JST" StructureHandle="/Cake_NR5/app/webroot" StructureKind="resource" NumEvents="416" CreationCount="2"/><InteractionEvent Delta="null" EndDate="2014-09-25 13:30:47.892 JST" Interest="1.0" Kind="selection" Navigation="null" OriginId="org.eclipse.ui.views.ResourceNavigator" StartDate="2014-09-25 13:30:47.892 JST" StructureHandle="/Cake_NR5/app/View" StructureKind="resource"/><InteractionEvent Delta="null" EndDate="2014-09-25 16:17:51.725 JST" Interest="71.93399" Kind="propagation" Navigation="org.eclipse.mylyn.core.model.edges.containment" OriginId="org.eclipse.mylyn.core.model.interest.propagation" StartDate="2014-09-25 13:30:51.576 JST" StructureHandle="/Cake_NR5/app/View" StructureKind="resource" NumEvents="105" CreationCount="16"/><InteractionEvent Delta="null" EndDate="2014-09-25 14:51:06.196 JST" Interest="1.0" Kind="prediction" Navigation="null" OriginId="org.eclipse.mylyn.resources.ui.interest.updater" StartDate="2014-09-25 14:51:06.196 JST" StructureHandle="/Cake_NR5/app/Controller/ArticlesController.php" StructureKind="resource"/><InteractionEvent Delta="null" EndDate="2014-09-25 16:17:51.690 JST" Interest="19.0" Kind="selection" Navigation="null" OriginId="org.eclipse.php.editor" StartDate="2014-09-25 13:30:52.890 JST" StructureHandle="/Cake_NR5/app/View/Keywords/add.ctp" StructureKind="resource" NumEvents="19" CreationCount="18"/><InteractionEvent Delta="null" EndDate="2014-09-25 16:17:51.724 JST" Interest="77.0" Kind="edit" Navigation="null" OriginId="org.eclipse.php.editor" StartDate="2014-09-25 13:30:53.265 JST" StructureHandle="/Cake_NR5/app/View/Keywords/add.ctp" StructureKind="resource" NumEvents="77" CreationCount="18"/><InteractionEvent Delta="null" EndDate="2014-09-25 13:30:07.9 JST" Interest="1.0" Kind="selection" Navigation="null" OriginId="org.eclipse.ui.views.ResourceNavigator" StartDate="2014-09-25 13:30:07.9 JST" StructureHandle="/Cake_NR5/app/index.php" StructureKind="resource"/><InteractionEvent Delta="null" EndDate="2014-09-25 13:28:39.249 JST" Interest="1.0" Kind="selection" Navigation="null" OriginId="org.eclipse.ui.views.ResourceNavigator" StartDate="2014-09-25 13:28:39.249 JST" StructureHandle="/Cake_NR5/app" StructureKind="resource"/><InteractionEvent Delta="null" EndDate="2014-09-25 16:35:05.651 JST" Interest="415.538" Kind="propagation" Navigation="org.eclipse.mylyn.core.model.edges.containment" OriginId="org.eclipse.mylyn.core.model.interest.propagation" StartDate="2014-09-25 13:28:46.92 JST" StructureHandle="/Cake_NR5/app" StructureKind="resource" NumEvents="592" CreationCount="1"/><InteractionEvent Delta="null" EndDate="2014-09-25 15:05:05.333 JST" Interest="4.0" Kind="selection" Navigation="null" OriginId="org.eclipse.ui.views.ResourceNavigator" StartDate="2014-09-25 15:00:25.842 JST" StructureHandle="/Cake_NR5/app/View/Layouts/plain_1.ctp" StructureKind="resource" NumEvents="4" CreationCount="381"/><InteractionEvent Delta="null" EndDate="2014-09-25 15:01:55.129 JST" Interest="34.0" Kind="edit" Navigation="null" OriginId="org.eclipse.php.editor" StartDate="2014-09-25 15:00:26.248 JST" StructureHandle="/Cake_NR5/app/View/Layouts/plain_1.ctp" StructureKind="resource" NumEvents="34" CreationCount="381"/><InteractionEvent Delta="null" EndDate="2014-09-25 15:00:22.254 JST" Interest="1.0" Kind="propagation" Navigation="null" OriginId="org.eclipse.mylyn.resources.ui.interest.updater" StartDate="2014-09-25 15:00:22.254 JST" StructureHandle="/Cake_NR5/app/View/Layouts/plain_1.ctp" StructureKind="resource"/><InteractionEvent Delta="null" EndDate="2014-09-25 15:00:16.388 JST" Interest="3.0" Kind="selection" Navigation="null" OriginId="org.eclipse.ui.views.ResourceNavigator" StartDate="2014-09-25 15:00:09.264 JST" StructureHandle="/Cake_NR5/app/View/Layouts" StructureKind="resource" NumEvents="3" CreationCount="377"/><InteractionEvent Delta="null" EndDate="2014-09-25 15:05:05.334 JST" Interest="25.868" Kind="propagation" Navigation="org.eclipse.mylyn.core.model.edges.containment" OriginId="org.eclipse.mylyn.core.model.interest.propagation" StartDate="2014-09-25 15:00:15.257 JST" StructureHandle="/Cake_NR5/app/View/Layouts" StructureKind="resource" NumEvents="38" CreationCount="377"/><InteractionEvent Delta="null" EndDate="2014-09-25 14:57:08.12 JST" Interest="1.0" Kind="selection" Navigation="null" OriginId="org.eclipse.ui.views.ResourceNavigator" StartDate="2014-09-25 14:57:08.12 JST" StructureHandle="/Cake_NR5/app/View/Articles" StructureKind="resource"/><InteractionEvent Delta="null" EndDate="2014-09-25 14:50:59.877 JST" Interest="2.0" Kind="selection" Navigation="null" OriginId="org.eclipse.ui.views.ResourceNavigator" StartDate="2014-09-25 13:37:36.229 JST" StructureHandle="/Cake_NR5/app/View/Errors" StructureKind="resource" NumEvents="2" CreationCount="81"/><InteractionEvent Delta="null" EndDate="2014-09-25 14:50:59.877 JST" Interest="1.2270002" Kind="manipulation" Navigation="null" OriginId="org.eclipse.mylyn.core.model.interest.decay.correction" StartDate="2014-09-25 14:50:59.877 JST" StructureHandle="/Cake_NR5/app/View/Errors" StructureKind="resource"/><InteractionEvent Delta="null" EndDate="2014-09-25 14:57:30.705 JST" Interest="2.0" Kind="selection" Navigation="null" OriginId="org.eclipse.ui.views.ResourceNavigator" StartDate="2014-09-25 14:57:27.467 JST" StructureHandle="/Cake_NR5/app/View/Keywords/js" StructureKind="resource" NumEvents="2" CreationCount="323"/><InteractionEvent Delta="null" EndDate="2014-09-25 16:00:08.675 JST" Interest="45.218998" Kind="propagation" Navigation="org.eclipse.mylyn.core.model.edges.containment" OriginId="org.eclipse.mylyn.core.model.interest.propagation" StartDate="2014-09-25 14:57:27.295 JST" StructureHandle="/Cake_NR5/app/View/Keywords/js" StructureKind="resource" NumEvents="59" CreationCount="323"/><InteractionEvent Delta="null" EndDate="2014-09-25 14:51:06.196 JST" Interest="1.0" Kind="prediction" Navigation="null" OriginId="org.eclipse.mylyn.resources.ui.interest.updater" StartDate="2014-09-25 14:51:06.196 JST" StructureHandle="/Cake_NR5/app/Controller/AppController.php" StructureKind="resource"/><InteractionEvent Delta="null" EndDate="2014-09-25 14:53:04.321 JST" Interest="4.0" Kind="selection" Navigation="null" OriginId="org.eclipse.wst.jsdt.ui.CompilationUnitEditor" StartDate="2014-09-25 13:37:50.530 JST" StructureHandle="/VM_Cake/app/webroot/js/main.js" StructureKind="resource" NumEvents="4" CreationCount="82"/><InteractionEvent Delta="null" EndDate="2014-09-25 14:53:04.488 JST" Interest="10.0" Kind="edit" Navigation="null" OriginId="org.eclipse.wst.jsdt.ui.CompilationUnitEditor" StartDate="2014-09-25 13:37:51.148 JST" StructureHandle="/VM_Cake/app/webroot/js/main.js" StructureKind="resource" NumEvents="10" CreationCount="82"/><InteractionEvent Delta="null" EndDate="2014-09-25 13:30:08.345 JST" Interest="1.0" Kind="selection" Navigation="null" OriginId="org.eclipse.ui.views.ResourceNavigator" StartDate="2014-09-25 13:30:08.345 JST" StructureHandle="/Cake_NR5/app/webroot/js" StructureKind="resource"/><InteractionEvent Delta="null" EndDate="2014-09-25 16:50:44.317 JST" Interest="296.917" Kind="propagation" Navigation="org.eclipse.mylyn.core.model.edges.containment" OriginId="org.eclipse.mylyn.core.model.interest.propagation" StartDate="2014-09-25 13:30:10.211 JST" StructureHandle="/Cake_NR5/app/webroot/js" StructureKind="resource" NumEvents="417" CreationCount="7"/><InteractionEvent Delta="null" EndDate="2014-09-25 14:53:04.488 JST" Interest="11.0" Kind="propagation" Navigation="org.eclipse.mylyn.core.model.edges.containment" OriginId="org.eclipse.mylyn.core.model.interest.propagation" StartDate="2014-09-25 13:37:50.531 JST" StructureHandle="/VM_Cake/app/webroot/js" StructureKind="resource" NumEvents="14" CreationCount="82"/><InteractionEvent Delta="null" EndDate="2014-09-25 14:53:04.489 JST" Interest="11.0" Kind="propagation" Navigation="org.eclipse.mylyn.core.model.edges.containment" OriginId="org.eclipse.mylyn.core.model.interest.propagation" StartDate="2014-09-25 13:37:50.532 JST" StructureHandle="/VM_Cake/app/webroot" StructureKind="resource" NumEvents="14" CreationCount="82"/><InteractionEvent Delta="null" EndDate="2014-09-25 13:37:31.317 JST" Interest="1.0" Kind="selection" Navigation="null" OriginId="org.eclipse.ui.views.ResourceNavigator" StartDate="2014-09-25 13:37:31.317 JST" StructureHandle="/Cake_NR5/app/View/Categorys" StructureKind="resource"/><InteractionEvent Delta="null" EndDate="2014-09-25 14:53:04.490 JST" Interest="11.0" Kind="propagation" Navigation="org.eclipse.mylyn.core.model.edges.containment" OriginId="org.eclipse.mylyn.core.model.interest.propagation" StartDate="2014-09-25 13:37:50.532 JST" StructureHandle="=VM_Cake" StructureKind="c/c++" NumEvents="14" CreationCount="82"/><InteractionEvent Delta="null" EndDate="2014-09-25 14:57:02.171 JST" Interest="1.0" Kind="prediction" Navigation="null" OriginId="org.eclipse.mylyn.resources.ui.interest.updater" StartDate="2014-09-25 14:57:02.171 JST" StructureHandle="/Cake_NR5/app/View/Commons/index.ctp" StructureKind="resource"/><InteractionEvent Delta="null" EndDate="2014-09-25 16:50:44.318 JST" Interest="1263.0" Kind="propagation" Navigation="null" OriginId="org.eclipse.wst.jsdt.ui.CompilationUnitEditor" StartDate="2014-09-25 13:28:39.263 JST" StructureHandle="/" StructureKind="resource" NumEvents="1263" CreationCount="1"/><InteractionEvent Delta="null" EndDate="2014-09-25 16:35:05.651 JST" Interest="416.538" Kind="propagation" Navigation="org.eclipse.mylyn.core.model.edges.containment" OriginId="org.eclipse.mylyn.core.model.interest.propagation" StartDate="2014-09-25 13:28:39.254 JST" StructureHandle="=Cake_NR5" StructureKind="c/c++" NumEvents="595" CreationCount="1"/><InteractionEvent Delta="null" EndDate="2014-09-25 14:53:04.490 JST" Interest="14.0" Kind="propagation" Navigation="null" OriginId="org.eclipse.wst.jsdt.ui.CompilationUnitEditor" StartDate="2014-09-25 13:37:50.532 JST" StructureHandle="/VM_Cake" StructureKind="resource" NumEvents="14" CreationCount="82"/><InteractionEvent Delta="null" EndDate="2014-09-25 15:32:43.323 JST" Interest="12.4" Kind="propagation" Navigation="org.eclipse.mylyn.core.model.edges.containment" OriginId="org.eclipse.mylyn.core.model.interest.propagation" StartDate="2014-09-25 15:22:27.1 JST" StructureHandle="/CR6_cake/app/webroot/js" StructureKind="resource" NumEvents="16" CreationCount="564"/><InteractionEvent Delta="null" EndDate="2014-09-25 15:05:05.459 JST" Interest="1.0" Kind="selection" Navigation="null" OriginId="org.eclipse.ui.views.ResourceNavigator" StartDate="2014-09-25 15:05:05.459 JST" StructureHandle="/Cake_NR5/app/View/Layouts/ajax.ctp" StructureKind="resource"/><InteractionEvent Delta="null" EndDate="2014-09-25 14:57:01.883 JST" Interest="1.0" Kind="selection" Navigation="null" OriginId="org.eclipse.ui.views.ResourceNavigator" StartDate="2014-09-25 14:57:01.883 JST" StructureHandle="/Cake_NR5/app/View/Commons" StructureKind="resource"/><InteractionEvent Delta="null" EndDate="2014-09-25 15:32:43.323 JST" Interest="12.4" Kind="propagation" Navigation="org.eclipse.mylyn.core.model.edges.containment" OriginId="org.eclipse.mylyn.core.model.interest.propagation" StartDate="2014-09-25 15:22:27.2 JST" StructureHandle="/CR6_cake/app/webroot" StructureKind="resource" NumEvents="16" CreationCount="564"/><InteractionEvent Delta="null" EndDate="2014-09-25 14:57:28.114 JST" Interest="1.0" Kind="prediction" Navigation="null" OriginId="org.eclipse.mylyn.resources.ui.interest.updater" StartDate="2014-09-25 14:57:28.114 JST" StructureHandle="/Cake_NR5/sql.txt" StructureKind="resource"/><InteractionEvent Delta="null" EndDate="2014-09-25 14:57:38.427 JST" Interest="3.0" Kind="selection" Navigation="null" OriginId="org.eclipse.ui.views.ResourceNavigator" StartDate="2014-09-25 14:57:32.189 JST" StructureHandle="/Cake_NR5/app/View/Keywords/js/add.ctp" StructureKind="resource" NumEvents="3" CreationCount="325"/><InteractionEvent Delta="null" EndDate="2014-09-25 14:57:30.691 JST" Interest="1.0" Kind="propagation" Navigation="null" OriginId="org.eclipse.mylyn.resources.ui.interest.updater" StartDate="2014-09-25 14:57:30.691 JST" StructureHandle="/Cake_NR5/app/View/Keywords/js/add.ctp" StructureKind="resource"/><InteractionEvent Delta="null" EndDate="2014-09-25 14:51:04.763 JST" Interest="1.0" Kind="selection" Navigation="null" OriginId="org.eclipse.ui.views.ResourceNavigator" StartDate="2014-09-25 14:51:04.763 JST" StructureHandle="/Cake_NR5/app/Controller" StructureKind="resource"/><InteractionEvent Delta="null" EndDate="2014-09-25 14:51:04.763 JST" Interest="1.8700001" Kind="manipulation" Navigation="null" OriginId="org.eclipse.mylyn.core.model.interest.decay.correction" StartDate="2014-09-25 14:51:04.763 JST" StructureHandle="/Cake_NR5/app/Controller" StructureKind="resource"/><InteractionEvent Delta="null" EndDate="2014-09-25 16:35:05.651 JST" Interest="413.63397" Kind="propagation" Navigation="org.eclipse.mylyn.core.model.edges.containment" OriginId="org.eclipse.mylyn.core.model.interest.propagation" StartDate="2014-09-25 13:30:05.887 JST" StructureHandle="/Cake_NR5/app/Controller" StructureKind="resource" NumEvents="583" CreationCount="3"/><InteractionEvent Delta="null" EndDate="2014-09-25 15:32:43.323 JST" Interest="12.4" Kind="propagation" Navigation="org.eclipse.mylyn.core.model.edges.containment" OriginId="org.eclipse.mylyn.core.model.interest.propagation" StartDate="2014-09-25 15:22:27.2 JST" StructureHandle="/CR6_cake/app" StructureKind="resource" NumEvents="16" CreationCount="564"/><InteractionEvent Delta="null" EndDate="2014-09-25 15:05:07.345 JST" Interest="1.0" Kind="selection" Navigation="null" OriginId="org.eclipse.ui.views.ResourceNavigator" StartDate="2014-09-25 15:05:07.345 JST" StructureHandle="/Cake_NR5/app/View/Videos" StructureKind="resource"/><InteractionEvent Delta="null" EndDate="2014-09-25 14:56:58.742 JST" Interest="3.0" Kind="selection" Navigation="null" OriginId="org.eclipse.ui.views.ResourceNavigator" StartDate="2014-09-25 14:56:55.181 JST" StructureHandle="/Cake_NR5/app/Controller/TemplateController.php" StructureKind="resource" NumEvents="3" CreationCount="318"/><InteractionEvent Delta="null" EndDate="2014-09-25 15:32:43.280 JST" Interest="4.0" Kind="selection" Navigation="null" OriginId="org.eclipse.wst.jsdt.ui.CompilationUnitEditor" StartDate="2014-09-25 15:22:27.1 JST" StructureHandle="/CR6_cake/app/webroot/js/main.js" StructureKind="resource" NumEvents="4" CreationCount="564"/><InteractionEvent Delta="null" EndDate="2014-09-25 15:32:43.322 JST" Interest="12.0" Kind="edit" Navigation="null" OriginId="org.eclipse.wst.jsdt.ui.CompilationUnitEditor" StartDate="2014-09-25 15:22:27.421 JST" StructureHandle="/CR6_cake/app/webroot/js/main.js" StructureKind="resource" NumEvents="12" CreationCount="564"/><InteractionEvent Delta="null" EndDate="2014-09-25 15:00:15.256 JST" Interest="1.0" Kind="selection" Navigation="null" OriginId="org.eclipse.ui.views.ResourceNavigator" StartDate="2014-09-25 15:00:15.256 JST" StructureHandle="/Cake_NR5/app/View/Layouts/default.ctp" StructureKind="resource"/><InteractionEvent Delta="null" EndDate="2014-09-25 15:00:12.515 JST" Interest="1.0" Kind="prediction" Navigation="null" OriginId="org.eclipse.mylyn.resources.ui.interest.updater" StartDate="2014-09-25 15:00:12.515 JST" StructureHandle="/Cake_NR5/app/View/Layouts/default.ctp" StructureKind="resource"/><InteractionEvent Delta="null" EndDate="2014-09-25 13:30:46.341 JST" Interest="1.0" Kind="selection" Navigation="null" OriginId="org.eclipse.ui.views.ResourceNavigator" StartDate="2014-09-25 13:30:46.341 JST" StructureHandle="/Cake_NR5/app/webroot/js/swfobject.js" StructureKind="resource"/><InteractionEvent Delta="null" EndDate="2014-09-25 15:05:22.381 JST" Interest="4.0" Kind="selection" Navigation="null" OriginId="org.eclipse.ui.views.ResourceNavigator" StartDate="2014-09-25 13:30:51.576 JST" StructureHandle="/Cake_NR5/app/View/Keywords" StructureKind="resource" NumEvents="4" CreationCount="17"/><InteractionEvent Delta="null" EndDate="2014-09-25 16:17:51.725 JST" Interest="68.91699" Kind="propagation" Navigation="org.eclipse.mylyn.core.model.edges.containment" OriginId="org.eclipse.mylyn.core.model.interest.propagation" StartDate="2014-09-25 13:30:52.891 JST" StructureHandle="/Cake_NR5/app/View/Keywords" StructureKind="resource" NumEvents="93" CreationCount="17"/><InteractionEvent Delta="null" EndDate="2014-09-25 14:53:04.490 JST" Interest="11.0" Kind="propagation" Navigation="org.eclipse.mylyn.core.model.edges.containment" OriginId="org.eclipse.mylyn.core.model.interest.propagation" StartDate="2014-09-25 13:37:50.532 JST" StructureHandle="/VM_Cake/app" StructureKind="resource" NumEvents="14" CreationCount="82"/><InteractionEvent Delta="null" EndDate="2014-09-25 15:57:33.69 JST" Interest="16.0" Kind="selection" Navigation="null" OriginId="org.eclipse.php.editor" StartDate="2014-09-25 14:57:44.567 JST" StructureHandle="/Cake_NR5/app/View/Keywords/js/add_KW__Genre_Changed.ctp" StructureKind="resource" NumEvents="16" CreationCount="330"/><InteractionEvent Delta="null" EndDate="2014-09-25 16:00:08.674 JST" Interest="43.0" Kind="edit" Navigation="null" OriginId="org.eclipse.php.editor" StartDate="2014-09-25 14:57:44.670 JST" StructureHandle="/Cake_NR5/app/View/Keywords/js/add_KW__Genre_Changed.ctp" StructureKind="resource" NumEvents="43" CreationCount="330"/><InteractionEvent Delta="null" EndDate="2014-09-25 14:57:42.806 JST" Interest="1.0" Kind="propagation" Navigation="null" OriginId="org.eclipse.mylyn.resources.ui.interest.updater" StartDate="2014-09-25 14:57:42.806 JST" StructureHandle="/Cake_NR5/app/View/Keywords/js/add_KW__Genre_Changed.ctp" StructureKind="resource"/><InteractionEvent Delta="null" EndDate="2014-09-25 16:50:43.790 JST" Interest="20.0" Kind="selection" Navigation="null" OriginId="org.eclipse.wst.jsdt.ui.CompilationUnitEditor" StartDate="2014-09-25 13:30:10.210 JST" StructureHandle="/Cake_NR5/app/webroot/js/main.js" StructureKind="resource" NumEvents="20" CreationCount="8"/><InteractionEvent Delta="null" EndDate="2014-09-25 16:50:44.316 JST" Interest="397.0" Kind="edit" Navigation="null" OriginId="org.eclipse.wst.jsdt.ui.CompilationUnitEditor" StartDate="2014-09-25 13:30:13.122 JST" StructureHandle="/Cake_NR5/app/webroot/js/main.js" StructureKind="resource" NumEvents="397" CreationCount="8"/></InteractionHistory>