<?xml version="1.0" encoding="UTF-8"?><InteractionHistory Id="local-131" Version="1"><InteractionEvent Delta="null" EndDate="2015-01-16 16:19:40.6 JST" Interest="3.0" Kind="selection" Navigation="null" OriginId="org.eclipse.ui.DefaultTextEditor" StartDate="2015-01-16 16:19:06.826 JST" StructureHandle="/CR6_cake/app/tmp/cache/persistent/myapp_cake_core_cake_dev_" StructureKind="resource" NumEvents="3" CreationCount="223"/><InteractionEvent Delta="null" EndDate="2015-01-16 16:17:45.535 JST" Interest="106.159" Kind="propagation" Navigation="org.eclipse.mylyn.core.model.edges.containment" OriginId="org.eclipse.mylyn.core.model.interest.propagation" StartDate="2015-01-16 16:00:29.88 JST" StructureHandle="" StructureKind="c/c++" NumEvents="158" CreationCount="1"/><InteractionEvent Delta="null" EndDate="2015-01-16 16:17:52.351 JST" Interest="1.0" Kind="prediction" Navigation="null" OriginId="org.eclipse.mylyn.resources.ui.interest.updater" StartDate="2015-01-16 16:17:52.351 JST" StructureHandle="/CR6_cake/app/tmp/cache/models/myapp_cake_model_default_langs" StructureKind="resource"/><InteractionEvent Delta="null" EndDate="2015-01-16 16:19:02.301 JST" Interest="4.0" Kind="selection" Navigation="null" OriginId="org.eclipse.ui.views.ResourceNavigator" StartDate="2015-01-16 16:18:00.604 JST" StructureHandle="/CR6_cake/app/tmp/cache/models/myapp_cake_model_default_langs" StructureKind="resource" NumEvents="4" CreationCount="189"/><InteractionEvent Delta="null" EndDate="2015-01-16 16:00:29.85 JST" Interest="1.0" Kind="selection" Navigation="null" OriginId="org.eclipse.ui.views.ResourceNavigator" StartDate="2015-01-16 16:00:29.85 JST" StructureHandle="=CR6_cake" StructureKind="c/c++"/><InteractionEvent Delta="null" EndDate="2015-01-16 16:17:45.535 JST" Interest="105.159" Kind="propagation" Navigation="org.eclipse.mylyn.core.model.edges.containment" OriginId="org.eclipse.mylyn.core.model.interest.propagation" StartDate="2015-01-16 16:00:50.208 JST" StructureHandle="=CR6_cake" StructureKind="c/c++" NumEvents="157" CreationCount="1"/><InteractionEvent Delta="null" EndDate="2015-01-16 16:19:32.60 JST" Interest="3.0" Kind="selection" Navigation="null" OriginId="org.eclipse.ui.DefaultTextEditor" StartDate="2015-01-16 16:19:06.851 JST" StructureHandle="/CR6_cake/app/tmp/cache/persistent/myapp_cake_core_default_" StructureKind="resource" NumEvents="3" CreationCount="226"/><InteractionEvent Delta="null" EndDate="2015-01-16 16:17:48.41 JST" Interest="1.0" Kind="selection" Navigation="null" OriginId="org.eclipse.ui.views.ResourceNavigator" StartDate="2015-01-16 16:17:48.41 JST" StructureHandle="/CR6_cake/app/Test" StructureKind="resource"/><InteractionEvent Delta="null" EndDate="2015-01-16 16:17:48.461 JST" Interest="1.0" Kind="selection" Navigation="null" OriginId="org.eclipse.ui.views.ResourceNavigator" StartDate="2015-01-16 16:17:48.461 JST" StructureHandle="/CR6_cake/app/tmp" StructureKind="resource"/><InteractionEvent Delta="null" EndDate="2015-01-16 16:19:02.463 JST" Interest="6.0849996" Kind="propagation" Navigation="org.eclipse.mylyn.core.model.edges.containment" OriginId="org.eclipse.mylyn.core.model.interest.propagation" StartDate="2015-01-16 16:17:49.828 JST" StructureHandle="/CR6_cake/app/tmp" StructureKind="resource" NumEvents="14" CreationCount="185"/><InteractionEvent Delta="null" EndDate="2015-01-16 16:19:30.644 JST" Interest="3.0" Kind="selection" Navigation="null" OriginId="org.eclipse.ui.DefaultTextEditor" StartDate="2015-01-16 16:19:06.854 JST" StructureHandle="/CR6_cake/app/tmp/cache/persistent/myapp_cake_core_default_en-us" StructureKind="resource" NumEvents="3" CreationCount="227"/><InteractionEvent Delta="null" EndDate="2015-01-16 16:19:41.304 JST" Interest="252.0" Kind="propagation" Navigation="null" OriginId="org.eclipse.ui.DefaultTextEditor" StartDate="2015-01-16 16:00:29.85 JST" StructureHandle="/CR6_cake" StructureKind="resource" NumEvents="252" CreationCount="1"/><InteractionEvent Delta="null" EndDate="2015-01-16 16:17:49.828 JST" Interest="1.0" Kind="selection" Navigation="null" OriginId="org.eclipse.ui.views.ResourceNavigator" StartDate="2015-01-16 16:17:49.828 JST" StructureHandle="/CR6_cake/app/tmp/cache" StructureKind="resource"/><InteractionEvent Delta="null" EndDate="2015-01-16 16:19:02.462 JST" Interest="6.0679994" Kind="propagation" Navigation="org.eclipse.mylyn.core.model.edges.containment" OriginId="org.eclipse.mylyn.core.model.interest.propagation" StartDate="2015-01-16 16:17:51.12 JST" StructureHandle="/CR6_cake/app/tmp/cache" StructureKind="resource" NumEvents="12" CreationCount="186"/><InteractionEvent Delta="null" EndDate="2015-01-16 16:19:02.290 JST" Interest="6.0" Kind="selection" Navigation="null" OriginId="org.eclipse.ui.views.ResourceNavigator" StartDate="2015-01-16 16:17:53.417 JST" StructureHandle="/CR6_cake/app/tmp/cache/models/myapp_cake_model_default__l_a_a0278957-cr6cake_list" StructureKind="resource" NumEvents="6" CreationCount="190"/><InteractionEvent Delta="null" EndDate="2015-01-16 16:19:04.878 JST" Interest="1.0" Kind="prediction" Navigation="null" OriginId="org.eclipse.mylyn.resources.ui.interest.updater" StartDate="2015-01-16 16:19:04.878 JST" StructureHandle="/CR6_cake/app/tmp/cache/persistent/myapp_cake_core_file_map" StructureKind="resource"/><InteractionEvent Delta="null" EndDate="2015-01-16 16:19:24.508 JST" Interest="3.0" Kind="selection" Navigation="null" OriginId="org.eclipse.ui.DefaultTextEditor" StartDate="2015-01-16 16:19:06.857 JST" StructureHandle="/CR6_cake/app/tmp/cache/persistent/myapp_cake_core_file_map" StructureKind="resource" NumEvents="3" CreationCount="220"/><InteractionEvent Delta="null" EndDate="2015-01-16 16:15:50.635 JST" Interest="5.0" Kind="selection" Navigation="null" OriginId="org.eclipse.php.editor" StartDate="2015-01-16 16:02:30.66 JST" StructureHandle="/CR6_cake/app/View/Elements/texts/view/_view_title_text.ctp" StructureKind="resource" NumEvents="5" CreationCount="19"/><InteractionEvent Delta="null" EndDate="2015-01-16 16:15:50.707 JST" Interest="6.0" Kind="edit" Navigation="null" OriginId="org.eclipse.php.editor" StartDate="2015-01-16 16:02:30.701 JST" StructureHandle="/CR6_cake/app/View/Elements/texts/view/_view_title_text.ctp" StructureKind="resource" NumEvents="6" CreationCount="19"/><InteractionEvent Delta="null" EndDate="2015-01-16 16:02:14.796 JST" Interest="1.0" Kind="selection" Navigation="null" OriginId="org.eclipse.ui.views.ResourceNavigator" StartDate="2015-01-16 16:02:14.796 JST" StructureHandle="/CR6_cake/app/View/Elements/texts/view" StructureKind="resource"/><InteractionEvent Delta="null" EndDate="2015-01-16 16:15:50.708 JST" Interest="8.217" Kind="propagation" Navigation="org.eclipse.mylyn.core.model.edges.containment" OriginId="org.eclipse.mylyn.core.model.interest.propagation" StartDate="2015-01-16 16:02:30.67 JST" StructureHandle="/CR6_cake/app/View/Elements/texts/view" StructureKind="resource" NumEvents="11" CreationCount="18"/><InteractionEvent Delta="null" EndDate="2015-01-16 16:19:02.313 JST" Interest="4.0" Kind="selection" Navigation="null" OriginId="org.eclipse.ui.views.ResourceNavigator" StartDate="2015-01-16 16:18:00.614 JST" StructureHandle="/CR6_cake/app/tmp/cache/models/myapp_cake_model_default_users" StructureKind="resource" NumEvents="4" CreationCount="197"/><InteractionEvent Delta="null" EndDate="2015-01-16 16:19:04.880 JST" Interest="1.0" Kind="prediction" Navigation="null" OriginId="org.eclipse.mylyn.resources.ui.interest.updater" StartDate="2015-01-16 16:19:04.880 JST" StructureHandle="/CR6_cake/app/tmp/cache/persistent/myapp_cake_core_cake_en-us" StructureKind="resource"/><InteractionEvent Delta="null" EndDate="2015-01-16 16:19:32.808 JST" Interest="3.0" Kind="selection" Navigation="null" OriginId="org.eclipse.ui.DefaultTextEditor" StartDate="2015-01-16 16:19:06.834 JST" StructureHandle="/CR6_cake/app/tmp/cache/persistent/myapp_cake_core_cake_en-us" StructureKind="resource" NumEvents="3" CreationCount="220"/><InteractionEvent Delta="null" EndDate="2015-01-16 16:19:04.134 JST" Interest="2.0" Kind="selection" Navigation="null" OriginId="org.eclipse.ui.views.ResourceNavigator" StartDate="2015-01-16 16:17:51.12 JST" StructureHandle="/CR6_cake/app/tmp/cache/persistent" StructureKind="resource" NumEvents="2" CreationCount="187"/><InteractionEvent Delta="null" EndDate="2015-01-16 16:19:41.302 JST" Interest="2.578" Kind="propagation" Navigation="org.eclipse.mylyn.core.model.edges.containment" OriginId="org.eclipse.mylyn.core.model.interest.propagation" StartDate="2015-01-16 16:19:06.823 JST" StructureHandle="/CR6_cake/app/tmp/cache/persistent" StructureKind="resource" NumEvents="4" CreationCount="187"/><InteractionEvent Delta="null" EndDate="2015-01-16 16:17:47.334 JST" Interest="2.0" Kind="selection" Navigation="null" OriginId="org.eclipse.ui.views.ResourceNavigator" StartDate="2015-01-16 16:00:56.978 JST" StructureHandle="/CR6_cake/app/View" StructureKind="resource" NumEvents="2" CreationCount="4"/><InteractionEvent Delta="null" EndDate="2015-01-16 16:15:50.961 JST" Interest="8.634001" Kind="propagation" Navigation="org.eclipse.mylyn.core.model.edges.containment" OriginId="org.eclipse.mylyn.core.model.interest.propagation" StartDate="2015-01-16 16:01:17.414 JST" StructureHandle="/CR6_cake/app/View" StructureKind="resource" NumEvents="14" CreationCount="4"/><InteractionEvent Delta="null" EndDate="2015-01-16 16:17:52.353 JST" Interest="1.0" Kind="prediction" Navigation="null" OriginId="org.eclipse.mylyn.resources.ui.interest.updater" StartDate="2015-01-16 16:17:52.353 JST" StructureHandle="/CR6_cake/app/tmp/cache/models/myapp_cake_model_default_development_sqlite3_list" StructureKind="resource"/><InteractionEvent Delta="null" EndDate="2015-01-16 16:19:02.298 JST" Interest="4.0" Kind="selection" Navigation="null" OriginId="org.eclipse.ui.views.ResourceNavigator" StartDate="2015-01-16 16:18:00.594 JST" StructureHandle="/CR6_cake/app/tmp/cache/models/myapp_cake_model_default_development_sqlite3_list" StructureKind="resource" NumEvents="4" CreationCount="189"/><InteractionEvent Delta="null" EndDate="2015-01-16 16:02:46.135 JST" Interest="2.0" Kind="selection" Navigation="null" OriginId="org.eclipse.ui.views.ResourceNavigator" StartDate="2015-01-16 16:02:10.452 JST" StructureHandle="/CR6_cake/app/View/Elements" StructureKind="resource" NumEvents="2" CreationCount="16"/><InteractionEvent Delta="null" EndDate="2015-01-16 16:15:50.709 JST" Interest="7.2509995" Kind="propagation" Navigation="org.eclipse.mylyn.core.model.edges.containment" OriginId="org.eclipse.mylyn.core.model.interest.propagation" StartDate="2015-01-16 16:02:12.601 JST" StructureHandle="/CR6_cake/app/View/Elements" StructureKind="resource" NumEvents="13" CreationCount="16"/><InteractionEvent Delta="null" EndDate="2015-01-16 16:01:17.413 JST" Interest="1.0" Kind="selection" Navigation="null" OriginId="org.eclipse.ui.views.ResourceNavigator" StartDate="2015-01-16 16:01:17.413 JST" StructureHandle="/CR6_cake/app/View/Texts" StructureKind="resource"/><InteractionEvent Delta="null" EndDate="2015-01-16 16:15:50.961 JST" Interest="8.617001" Kind="propagation" Navigation="org.eclipse.mylyn.core.model.edges.containment" OriginId="org.eclipse.mylyn.core.model.interest.propagation" StartDate="2015-01-16 16:01:25.920 JST" StructureHandle="/CR6_cake/app/View/Texts" StructureKind="resource" NumEvents="12" CreationCount="5"/><InteractionEvent Delta="null" EndDate="2015-01-16 16:17:38.989 JST" Interest="5.0" Kind="selection" Navigation="null" OriginId="org.eclipse.ui.views.ResourceNavigator" StartDate="2015-01-16 16:02:49.508 JST" StructureHandle="/CR6_cake/app/Controller/TextsController.php" StructureKind="resource" NumEvents="5" CreationCount="28"/><InteractionEvent Delta="null" EndDate="2015-01-16 16:15:51.940 JST" Interest="141.0" Kind="edit" Navigation="null" OriginId="org.eclipse.php.editor" StartDate="2015-01-16 16:02:51.18 JST" StructureHandle="/CR6_cake/app/Controller/TextsController.php" StructureKind="resource" NumEvents="141" CreationCount="28"/><InteractionEvent Delta="null" EndDate="2015-01-16 16:19:04.879 JST" Interest="1.0" Kind="prediction" Navigation="null" OriginId="org.eclipse.mylyn.resources.ui.interest.updater" StartDate="2015-01-16 16:19:04.879 JST" StructureHandle="/CR6_cake/app/tmp/cache/persistent/myapp_cake_core_cake_dev_en-us" StructureKind="resource"/><InteractionEvent Delta="null" EndDate="2015-01-16 16:19:36.603 JST" Interest="3.0" Kind="selection" Navigation="null" OriginId="org.eclipse.ui.DefaultTextEditor" StartDate="2015-01-16 16:19:06.830 JST" StructureHandle="/CR6_cake/app/tmp/cache/persistent/myapp_cake_core_cake_dev_en-us" StructureKind="resource" NumEvents="3" CreationCount="220"/><InteractionEvent Delta="null" EndDate="2015-01-16 16:19:04.877 JST" Interest="1.0" Kind="prediction" Navigation="null" OriginId="org.eclipse.mylyn.resources.ui.interest.updater" StartDate="2015-01-16 16:19:04.877 JST" StructureHandle="/CR6_cake/app/tmp/cache/persistent/myapp_cake_core_method_cache" StructureKind="resource"/><InteractionEvent Delta="null" EndDate="2015-01-16 16:19:10.262 JST" Interest="2.0" Kind="selection" Navigation="null" OriginId="org.eclipse.ui.DefaultTextEditor" StartDate="2015-01-16 16:19:06.863 JST" StructureHandle="/CR6_cake/app/tmp/cache/persistent/myapp_cake_core_method_cache" StructureKind="resource" NumEvents="2" CreationCount="220"/><InteractionEvent Delta="null" EndDate="2015-01-16 16:19:41.304 JST" Interest="252.0" Kind="propagation" Navigation="org.eclipse.mylyn.core.model.edges.containment" OriginId="org.eclipse.mylyn.core.model.interest.propagation" StartDate="2015-01-16 16:00:29.88 JST" StructureHandle="/" StructureKind="resource" NumEvents="252" CreationCount="1"/><InteractionEvent Delta="null" EndDate="2015-01-16 16:17:52.346 JST" Interest="1.0" Kind="prediction" Navigation="null" OriginId="org.eclipse.mylyn.resources.ui.interest.updater" StartDate="2015-01-16 16:17:52.346 JST" StructureHandle="/CR6_cake/app/tmp/cache/models/myapp_cake_model_default_words" StructureKind="resource"/><InteractionEvent Delta="null" EndDate="2015-01-16 16:19:02.318 JST" Interest="3.0" Kind="selection" Navigation="null" OriginId="org.eclipse.ui.views.ResourceNavigator" StartDate="2015-01-16 16:18:00.622 JST" StructureHandle="/CR6_cake/app/tmp/cache/models/myapp_cake_model_default_words" StructureKind="resource" NumEvents="3" CreationCount="189"/><InteractionEvent Delta="null" EndDate="2015-01-16 16:15:50.885 JST" Interest="4.0" Kind="selection" Navigation="null" OriginId="org.eclipse.php.editor" StartDate="2015-01-16 16:01:25.919 JST" StructureHandle="/CR6_cake/app/View/Texts/view.ctp" StructureKind="resource" NumEvents="4" CreationCount="6"/><InteractionEvent Delta="null" EndDate="2015-01-16 16:15:50.960 JST" Interest="8.0" Kind="edit" Navigation="null" OriginId="org.eclipse.php.editor" StartDate="2015-01-16 16:01:43.948 JST" StructureHandle="/CR6_cake/app/View/Texts/view.ctp" StructureKind="resource" NumEvents="8" CreationCount="6"/><InteractionEvent Delta="null" EndDate="2015-01-16 16:17:52.352 JST" Interest="1.0" Kind="prediction" Navigation="null" OriginId="org.eclipse.mylyn.resources.ui.interest.updater" StartDate="2015-01-16 16:17:52.352 JST" StructureHandle="/CR6_cake/app/tmp/cache/models/myapp_cake_model_default_texts" StructureKind="resource"/><InteractionEvent Delta="null" EndDate="2015-01-16 16:19:02.306 JST" Interest="4.0" Kind="selection" Navigation="null" OriginId="org.eclipse.ui.views.ResourceNavigator" StartDate="2015-01-16 16:18:00.610 JST" StructureHandle="/CR6_cake/app/tmp/cache/models/myapp_cake_model_default_texts" StructureKind="resource" NumEvents="4" CreationCount="189"/><InteractionEvent Delta="null" EndDate="2015-01-16 16:17:45.534 JST" Interest="4.0" Kind="selection" Navigation="null" OriginId="org.eclipse.ui.views.ResourceNavigator" StartDate="2015-01-16 16:00:52.336 JST" StructureHandle="/CR6_cake/app/Controller" StructureKind="resource" NumEvents="4" CreationCount="3"/><InteractionEvent Delta="null" EndDate="2015-01-16 16:17:38.990 JST" Interest="102.12499" Kind="propagation" Navigation="org.eclipse.mylyn.core.model.edges.containment" OriginId="org.eclipse.mylyn.core.model.interest.propagation" StartDate="2015-01-16 16:02:50.756 JST" StructureHandle="/CR6_cake/app/Controller" StructureKind="resource" NumEvents="145" CreationCount="3"/><InteractionEvent Delta="null" EndDate="2015-01-16 16:19:02.462 JST" Interest="3.0" Kind="selection" Navigation="null" OriginId="org.eclipse.ui.views.ResourceNavigator" StartDate="2015-01-16 16:17:51.347 JST" StructureHandle="/CR6_cake/app/tmp/cache/models" StructureKind="resource" NumEvents="3" CreationCount="188"/><InteractionEvent Delta="null" EndDate="2015-01-16 16:19:02.291 JST" Interest="4.0339994" Kind="propagation" Navigation="org.eclipse.mylyn.core.model.edges.containment" OriginId="org.eclipse.mylyn.core.model.interest.propagation" StartDate="2015-01-16 16:17:57.820 JST" StructureHandle="/CR6_cake/app/tmp/cache/models" StructureKind="resource" NumEvents="5" CreationCount="188"/><InteractionEvent Delta="null" EndDate="2015-01-16 16:19:02.294 JST" Interest="4.0" Kind="selection" Navigation="null" OriginId="org.eclipse.ui.views.ResourceNavigator" StartDate="2015-01-16 16:18:00.590 JST" StructureHandle="/CR6_cake/app/tmp/cache/models/myapp_cake_model_default__l_a_a0278957-cr6cake_users" StructureKind="resource" NumEvents="4" CreationCount="193"/><InteractionEvent Delta="null" EndDate="2015-01-16 16:17:43.519 JST" Interest="2.0" Kind="selection" Navigation="null" OriginId="org.eclipse.ui.views.ResourceNavigator" StartDate="2015-01-16 16:00:50.208 JST" StructureHandle="/CR6_cake/app" StructureKind="resource" NumEvents="2" CreationCount="2"/><InteractionEvent Delta="null" EndDate="2015-01-16 16:17:39.125 JST" Interest="104.14199" Kind="propagation" Navigation="org.eclipse.mylyn.core.model.edges.containment" OriginId="org.eclipse.mylyn.core.model.interest.propagation" StartDate="2015-01-16 16:00:52.339 JST" StructureHandle="/CR6_cake/app" StructureKind="resource" NumEvents="151" CreationCount="2"/><InteractionEvent Delta="null" EndDate="2015-01-16 16:02:12.600 JST" Interest="1.0" Kind="selection" Navigation="null" OriginId="org.eclipse.ui.views.ResourceNavigator" StartDate="2015-01-16 16:02:12.600 JST" StructureHandle="/CR6_cake/app/View/Elements/texts" StructureKind="resource"/><InteractionEvent Delta="null" EndDate="2015-01-16 16:15:50.709 JST" Interest="8.233999" Kind="propagation" Navigation="org.eclipse.mylyn.core.model.edges.containment" OriginId="org.eclipse.mylyn.core.model.interest.propagation" StartDate="2015-01-16 16:02:14.797 JST" StructureHandle="/CR6_cake/app/View/Elements/texts" StructureKind="resource" NumEvents="12" CreationCount="17"/><InteractionEvent Delta="null" EndDate="2015-01-16 16:19:41.301 JST" Interest="4.0" Kind="selection" Navigation="null" OriginId="org.eclipse.ui.DefaultTextEditor" StartDate="2015-01-16 16:19:05.531 JST" StructureHandle="/CR6_cake/app/tmp/cache/persistent/myapp_cake_core_cake_" StructureKind="resource" NumEvents="4" CreationCount="221"/></InteractionHistory>