<?xml version="1.0" encoding="UTF-8"?><InteractionHistory Id="local-52" Version="1"><InteractionEvent Delta="null" EndDate="2014-09-29 21:13:26.975 JST" Interest="134.59299" Kind="propagation" Navigation="org.eclipse.mylyn.core.model.edges.containment" OriginId="org.eclipse.mylyn.core.model.interest.propagation" StartDate="2014-09-29 18:46:21.196 JST" StructureHandle="" StructureKind="c/c++" NumEvents="193" CreationCount="1"/><InteractionEvent Delta="null" EndDate="2014-09-29 18:46:49.175 JST" Interest="3.0" Kind="selection" Navigation="null" OriginId="org.eclipse.ui.views.ResourceNavigator" StartDate="2014-09-29 18:46:49.170 JST" StructureHandle="/Cake_NR5/app/Controller/KeywordsController.php" StructureKind="resource" NumEvents="3" CreationCount="24"/><InteractionEvent Delta="null" EndDate="2014-09-29 18:46:51.651 JST" Interest="3.0" Kind="selection" Navigation="null" OriginId="org.eclipse.ui.views.ResourceNavigator" StartDate="2014-09-29 18:46:51.646 JST" StructureHandle="/Cake_NR5/app/Controller/GenresController.php" StructureKind="resource" NumEvents="3" CreationCount="27"/><InteractionEvent Delta="null" EndDate="2014-09-29 21:04:46.871 JST" Interest="4.0" Kind="edit" Navigation="null" OriginId="org.eclipse.php.editor" StartDate="2014-09-29 21:04:41.179 JST" StructureHandle="/Cake_NR5/app/View/Elements/keywords/index_t_entries.ctp" StructureKind="resource" NumEvents="4" CreationCount="312"/><InteractionEvent Delta="null" EndDate="2014-09-29 21:04:40.827 JST" Interest="2.0" Kind="selection" Navigation="null" OriginId="org.eclipse.php.editor" StartDate="2014-09-29 21:04:39.755 JST" StructureHandle="/Cake_NR5/app/View/Elements/keywords/index_t_entries.ctp" StructureKind="resource" NumEvents="2" CreationCount="312"/><InteractionEvent Delta="null" EndDate="2014-09-29 21:06:10.487 JST" Interest="80.0" Kind="edit" Navigation="null" OriginId="org.eclipse.php.editor" StartDate="2014-09-29 20:54:47.698 JST" StructureHandle="/Cake_NR5/app/View/Elements/tokens/index_t_entries.ctp" StructureKind="resource" NumEvents="80" CreationCount="221"/><InteractionEvent Delta="null" EndDate="2014-09-29 21:04:47.875 JST" Interest="8.0" Kind="selection" Navigation="null" OriginId="org.eclipse.php.editor" StartDate="2014-09-29 20:54:47.334 JST" StructureHandle="/Cake_NR5/app/View/Elements/tokens/index_t_entries.ctp" StructureKind="resource" NumEvents="8" CreationCount="221"/><InteractionEvent Delta="null" EndDate="2014-09-29 21:13:26.975 JST" Interest="361.0" Kind="propagation" Navigation="null" OriginId="org.eclipse.php.editor" StartDate="2014-09-29 18:46:21.196 JST" StructureHandle="/Cake_NR5" StructureKind="resource" NumEvents="361" CreationCount="1"/><InteractionEvent Delta="null" EndDate="2014-09-29 21:04:46.872 JST" Interest="3.817" Kind="propagation" Navigation="org.eclipse.mylyn.core.model.edges.containment" OriginId="org.eclipse.mylyn.core.model.interest.propagation" StartDate="2014-09-29 21:04:39.756 JST" StructureHandle="/Cake_NR5/app/View/Elements/keywords" StructureKind="resource" NumEvents="6" CreationCount="311"/><InteractionEvent Delta="null" EndDate="2014-09-29 21:04:38.539 JST" Interest="1.0" Kind="selection" Navigation="null" OriginId="org.eclipse.ui.views.ResourceNavigator" StartDate="2014-09-29 21:04:38.539 JST" StructureHandle="/Cake_NR5/app/View/Elements/keywords" StructureKind="resource"/><InteractionEvent Delta="null" EndDate="2014-09-29 20:54:34.76 JST" Interest="3.0" Kind="selection" Navigation="null" OriginId="org.eclipse.ui.views.ResourceNavigator" StartDate="2014-09-29 20:54:31.49 JST" StructureHandle="/Cake_NR5/app/Controller/CategorysController.php" StructureKind="resource" NumEvents="3" CreationCount="207"/><InteractionEvent Delta="null" EndDate="2014-09-29 21:03:28.923 JST" Interest="32.0" Kind="edit" Navigation="null" OriginId="org.eclipse.php.editor" StartDate="2014-09-29 20:54:46.673 JST" StructureHandle="/Cake_NR5/app/View/Elements/tokens/index_t_headers.ctp" StructureKind="resource" NumEvents="32" CreationCount="217"/><InteractionEvent Delta="null" EndDate="2014-09-29 21:03:23.68 JST" Interest="7.0" Kind="selection" Navigation="null" OriginId="org.eclipse.php.editor" StartDate="2014-09-29 20:54:44.769 JST" StructureHandle="/Cake_NR5/app/View/Elements/tokens/index_t_headers.ctp" StructureKind="resource" NumEvents="7" CreationCount="217"/><InteractionEvent Delta="null" EndDate="2014-09-29 21:06:10.488 JST" Interest="63.085" Kind="propagation" Navigation="org.eclipse.mylyn.core.model.edges.containment" OriginId="org.eclipse.mylyn.core.model.interest.propagation" StartDate="2014-09-29 20:54:44.770 JST" StructureHandle="/Cake_NR5/app/View/Elements/tokens" StructureKind="resource" NumEvents="90" CreationCount="216"/><InteractionEvent Delta="null" EndDate="2014-09-29 20:54:41.762 JST" Interest="1.0" Kind="selection" Navigation="null" OriginId="org.eclipse.ui.views.ResourceNavigator" StartDate="2014-09-29 20:54:41.762 JST" StructureHandle="/Cake_NR5/app/View/Elements/tokens" StructureKind="resource"/><InteractionEvent Delta="null" EndDate="2014-09-29 21:06:10.489 JST" Interest="63.119" Kind="propagation" Navigation="org.eclipse.mylyn.core.model.edges.containment" OriginId="org.eclipse.mylyn.core.model.interest.propagation" StartDate="2014-09-29 20:54:39.554 JST" StructureHandle="/Cake_NR5/app/View" StructureKind="resource" NumEvents="97" CreationCount="214"/><InteractionEvent Delta="null" EndDate="2014-09-29 20:54:37.143 JST" Interest="1.0" Kind="selection" Navigation="null" OriginId="org.eclipse.ui.views.ResourceNavigator" StartDate="2014-09-29 20:54:37.143 JST" StructureHandle="/Cake_NR5/app/View" StructureKind="resource"/><InteractionEvent Delta="null" EndDate="2014-09-29 21:13:26.975 JST" Interest="134.59299" Kind="propagation" Navigation="org.eclipse.mylyn.core.model.edges.containment" OriginId="org.eclipse.mylyn.core.model.interest.propagation" StartDate="2014-09-29 18:46:21.196 JST" StructureHandle="=Cake_NR5" StructureKind="c/c++" NumEvents="193" CreationCount="1"/><InteractionEvent Delta="null" EndDate="2014-09-29 21:13:26.975 JST" Interest="361.0" Kind="propagation" Navigation="org.eclipse.mylyn.core.model.edges.containment" OriginId="org.eclipse.mylyn.core.model.interest.propagation" StartDate="2014-09-29 18:46:21.196 JST" StructureHandle="/" StructureKind="resource" NumEvents="361" CreationCount="1"/><InteractionEvent Delta="null" EndDate="2014-09-29 20:54:34.168 JST" Interest="1.0" Kind="selection" Navigation="null" OriginId="org.eclipse.ui.views.ResourceNavigator" StartDate="2014-09-29 20:54:34.168 JST" StructureHandle="/Cake_NR5/app/Controller/ArticlesController.php" StructureKind="resource"/><InteractionEvent Delta="null" EndDate="2014-09-29 21:06:10.488 JST" Interest="63.101997" Kind="propagation" Navigation="org.eclipse.mylyn.core.model.edges.containment" OriginId="org.eclipse.mylyn.core.model.interest.propagation" StartDate="2014-09-29 20:54:41.762 JST" StructureHandle="/Cake_NR5/app/View/Elements" StructureKind="resource" NumEvents="92" CreationCount="215"/><InteractionEvent Delta="null" EndDate="2014-09-29 20:54:39.554 JST" Interest="1.0" Kind="selection" Navigation="null" OriginId="org.eclipse.ui.views.ResourceNavigator" StartDate="2014-09-29 20:54:39.554 JST" StructureHandle="/Cake_NR5/app/View/Elements" StructureKind="resource"/><InteractionEvent Delta="null" EndDate="2014-09-29 21:04:36.605 JST" Interest="1.0" Kind="selection" Navigation="null" OriginId="org.eclipse.ui.views.ResourceNavigator" StartDate="2014-09-29 21:04:36.605 JST" StructureHandle="/Cake_NR5/app/View/Elements/TEMPLATE" StructureKind="resource"/><InteractionEvent Delta="null" EndDate="2014-09-29 18:46:48.243 JST" Interest="8.0" Kind="edit" Navigation="null" OriginId="org.eclipse.php.editor" StartDate="2014-09-29 18:46:25.621 JST" StructureHandle="/Cake_NR5/app/Controller/TokensController.php" StructureKind="resource" NumEvents="8" CreationCount="7"/><InteractionEvent Delta="null" EndDate="2014-09-29 18:46:48.997 JST" Interest="9.0" Kind="selection" Navigation="null" OriginId="org.eclipse.ui.views.ResourceNavigator" StartDate="2014-09-29 18:46:25.254 JST" StructureHandle="/Cake_NR5/app/Controller/TokensController.php" StructureKind="resource" NumEvents="9" CreationCount="7"/><InteractionEvent Delta="null" EndDate="2014-09-29 21:13:26.975 JST" Interest="131.54199" Kind="propagation" Navigation="org.eclipse.mylyn.core.model.edges.containment" OriginId="org.eclipse.mylyn.core.model.interest.propagation" StartDate="2014-09-29 18:46:25.258 JST" StructureHandle="/Cake_NR5/app/Controller" StructureKind="resource" NumEvents="186" CreationCount="4"/><InteractionEvent Delta="null" EndDate="2014-09-29 18:46:23.896 JST" Interest="3.0" Kind="selection" Navigation="null" OriginId="org.eclipse.ui.views.ResourceNavigator" StartDate="2014-09-29 18:46:23.894 JST" StructureHandle="/Cake_NR5/app/Controller" StructureKind="resource" NumEvents="3" CreationCount="4"/><InteractionEvent Delta="null" EndDate="2014-09-29 21:13:26.975 JST" Interest="131.59299" Kind="propagation" Navigation="org.eclipse.mylyn.core.model.edges.containment" OriginId="org.eclipse.mylyn.core.model.interest.propagation" StartDate="2014-09-29 18:46:23.896 JST" StructureHandle="/Cake_NR5/app" StructureKind="resource" NumEvents="188" CreationCount="1"/><InteractionEvent Delta="null" EndDate="2014-09-29 18:46:21.197 JST" Interest="3.0" Kind="selection" Navigation="null" OriginId="org.eclipse.ui.views.ResourceNavigator" StartDate="2014-09-29 18:46:21.196 JST" StructureHandle="/Cake_NR5/app" StructureKind="resource" NumEvents="3" CreationCount="1"/><InteractionEvent Delta="null" EndDate="2014-09-29 21:04:33.438 JST" Interest="1.0" Kind="selection" Navigation="null" OriginId="org.eclipse.ui.views.ResourceNavigator" StartDate="2014-09-29 21:04:33.438 JST" StructureHandle="/Cake_NR5/app/View/Elements/videos" StructureKind="resource"/><InteractionEvent Delta="null" EndDate="2014-09-29 21:13:26.974 JST" Interest="183.0" Kind="edit" Navigation="null" OriginId="org.eclipse.php.editor" StartDate="2014-09-29 18:46:52.597 JST" StructureHandle="/Cake_NR5/app/Controller/HistorysController.php" StructureKind="resource" NumEvents="183" CreationCount="30"/><InteractionEvent Delta="null" EndDate="2014-09-29 21:13:26.953 JST" Interest="6.0" Kind="selection" Navigation="null" OriginId="org.eclipse.php.editor" StartDate="2014-09-29 18:46:52.226 JST" StructureHandle="/Cake_NR5/app/Controller/HistorysController.php" StructureKind="resource" NumEvents="6" CreationCount="30"/></InteractionHistory>