<?xml version="1.0" encoding="UTF-8"?><InteractionHistory Id="local-126" Version="1"><InteractionEvent Delta="null" EndDate="2015-01-09 10:20:32.872 JST" Interest="146.866" Kind="propagation" Navigation="org.eclipse.mylyn.core.model.edges.containment" OriginId="org.eclipse.mylyn.core.model.interest.propagation" StartDate="2015-01-09 08:32:10.432 JST" StructureHandle="" StructureKind="c/c++" NumEvents="207" CreationCount="1"/><InteractionEvent Delta="null" EndDate="2015-01-09 19:35:34.62 JST" Interest="15.599999" Kind="propagation" Navigation="org.eclipse.mylyn.core.model.edges.containment" OriginId="org.eclipse.mylyn.core.model.interest.propagation" StartDate="2015-01-09 19:11:22.542 JST" StructureHandle="/CR6_cake/app/Lib" StructureKind="resource" NumEvents="21" CreationCount="330"/><InteractionEvent Delta="null" EndDate="2015-01-09 10:14:36.103 JST" Interest="1.0" Kind="selection" Navigation="null" OriginId="org.eclipse.ui.navigator.ProjectExplorer" StartDate="2015-01-09 10:14:36.103 JST" StructureHandle="=CR6_cake" StructureKind="c/c++"/><InteractionEvent Delta="null" EndDate="2015-01-09 20:37:03.550 JST" Interest="70.90401" Kind="propagation" Navigation="org.eclipse.mylyn.core.model.edges.containment" OriginId="org.eclipse.mylyn.core.model.interest.propagation" StartDate="2015-01-09 10:14:39.963 JST" StructureHandle="=CR6_cake" StructureKind="c/c++" NumEvents="95" CreationCount="1"/><InteractionEvent Delta="null" EndDate="2015-01-09 10:20:32.872 JST" Interest="1.0" Kind="selection" Navigation="null" OriginId="org.eclipse.ui.navigator.ProjectExplorer" StartDate="2015-01-09 10:20:32.872 JST" StructureHandle="=WS_Lisp" StructureKind="c/c++"/><InteractionEvent Delta="null" EndDate="2015-01-09 10:20:31.720 JST" Interest="145.866" Kind="propagation" Navigation="org.eclipse.mylyn.core.model.edges.containment" OriginId="org.eclipse.mylyn.core.model.interest.propagation" StartDate="2015-01-09 08:32:10.432 JST" StructureHandle="=WS_Lisp" StructureKind="c/c++" NumEvents="206" CreationCount="1"/><InteractionEvent Delta="null" EndDate="2015-01-09 19:35:29.892 JST" Interest="3.0" Kind="selection" Navigation="null" OriginId="org.eclipse.php.editor" StartDate="2015-01-09 19:11:22.837 JST" StructureHandle="/CR6_cake/app/Lib/utils/methods.php" StructureKind="resource" NumEvents="3" CreationCount="330"/><InteractionEvent Delta="null" EndDate="2015-01-09 19:35:34.60 JST" Interest="18.0" Kind="edit" Navigation="null" OriginId="org.eclipse.php.editor" StartDate="2015-01-09 19:11:22.541 JST" StructureHandle="/CR6_cake/app/Lib/utils/methods.php" StructureKind="resource" NumEvents="18" CreationCount="330"/><InteractionEvent Delta="null" EndDate="2015-01-09 10:14:34.103 JST" Interest="12.0" Kind="selection" Navigation="null" OriginId="org.eclipse.ui.navigator.ProjectExplorer" StartDate="2015-01-09 08:38:47.992 JST" StructureHandle="/WS_Lisp/D-2/memos.txt" StructureKind="resource" NumEvents="12" CreationCount="28"/><InteractionEvent Delta="null" EndDate="2015-01-09 08:38:47.836 JST" Interest="1.0" Kind="propagation" Navigation="null" OriginId="org.eclipse.mylyn.resources.ui.interest.updater" StartDate="2015-01-09 08:38:47.836 JST" StructureHandle="/WS_Lisp/D-2/memos.txt" StructureKind="resource"/><InteractionEvent Delta="null" EndDate="2015-01-09 10:14:27.936 JST" Interest="54.0" Kind="edit" Navigation="null" OriginId="org.eclipse.ui.DefaultTextEditor" StartDate="2015-01-09 08:38:48.8 JST" StructureHandle="/WS_Lisp/D-2/memos.txt" StructureKind="resource" NumEvents="54" CreationCount="28"/><InteractionEvent Delta="null" EndDate="2015-01-09 10:21:06.304 JST" Interest="7.0" Kind="selection" Navigation="null" OriginId="org.eclipse.php.editor" StartDate="2015-01-09 10:14:44.696 JST" StructureHandle="/CR6_cake/index.php" StructureKind="resource" NumEvents="7" CreationCount="284"/><InteractionEvent Delta="null" EndDate="2015-01-09 19:08:50.301 JST" Interest="18.0" Kind="edit" Navigation="null" OriginId="org.eclipse.php.editor" StartDate="2015-01-09 10:14:45.667 JST" StructureHandle="/CR6_cake/index.php" StructureKind="resource" NumEvents="18" CreationCount="284"/><InteractionEvent Delta="null" EndDate="2015-01-09 20:37:03.550 JST" Interest="142.0" Kind="propagation" Navigation="null" OriginId="org.eclipse.php.editor" StartDate="2015-01-09 10:14:36.103 JST" StructureHandle="/CR6_cake" StructureKind="resource" NumEvents="142" CreationCount="282"/><InteractionEvent Delta="null" EndDate="2015-01-09 08:36:38.912 JST" Interest="1.0" Kind="selection" Navigation="null" OriginId="org.eclipse.ui.views.ResourceNavigator" StartDate="2015-01-09 08:36:38.912 JST" StructureHandle="/WS_Lisp/D-2/testing.fas" StructureKind="resource"/><InteractionEvent Delta="null" EndDate="2015-01-09 20:37:03.550 JST" Interest="430.0" Kind="propagation" Navigation="null" OriginId="org.eclipse.php.editor" StartDate="2015-01-09 08:32:10.432 JST" StructureHandle="/" StructureKind="resource" NumEvents="430" CreationCount="1"/><InteractionEvent Delta="null" EndDate="2015-01-09 19:35:34.61 JST" Interest="15.599999" Kind="propagation" Navigation="org.eclipse.mylyn.core.model.edges.containment" OriginId="org.eclipse.mylyn.core.model.interest.propagation" StartDate="2015-01-09 19:11:22.541 JST" StructureHandle="/CR6_cake/app/Lib/utils" StructureKind="resource" NumEvents="21" CreationCount="330"/><InteractionEvent Delta="null" EndDate="2015-01-09 20:37:03.549 JST" Interest="66.600006" Kind="propagation" Navigation="org.eclipse.mylyn.core.model.edges.containment" OriginId="org.eclipse.mylyn.core.model.interest.propagation" StartDate="2015-01-09 19:09:21.200 JST" StructureHandle="/CR6_cake/app/Controller" StructureKind="resource" NumEvents="93" CreationCount="313"/><InteractionEvent Delta="null" EndDate="2015-01-09 08:39:58.719 JST" Interest="1.0" Kind="propagation" Navigation="null" OriginId="org.eclipse.mylyn.resources.ui.interest.updater" StartDate="2015-01-09 08:39:58.719 JST" StructureHandle="/WS_Lisp/D-2/func_1.lib" StructureKind="resource"/><InteractionEvent Delta="null" EndDate="2015-01-09 08:38:08.480 JST" Interest="6.0" Kind="selection" Navigation="null" OriginId="de.defmacro.dandelion.editor" StartDate="2015-01-09 08:32:12.414 JST" StructureHandle="/WS_Lisp/D-2/testing.lisp" StructureKind="resource" NumEvents="6" CreationCount="2"/><InteractionEvent Delta="null" EndDate="2015-01-09 08:38:08.449 JST" Interest="7.0" Kind="edit" Navigation="null" OriginId="de.defmacro.dandelion.editor" StartDate="2015-01-09 08:32:12.617 JST" StructureHandle="/WS_Lisp/D-2/testing.lisp" StructureKind="resource" NumEvents="7" CreationCount="2"/><InteractionEvent Delta="null" EndDate="2015-01-09 10:14:39.963 JST" Interest="1.0" Kind="selection" Navigation="null" OriginId="org.eclipse.ui.navigator.ProjectExplorer" StartDate="2015-01-09 10:14:39.963 JST" StructureHandle="/CR6_cake/app" StructureKind="resource"/><InteractionEvent Delta="null" EndDate="2015-01-09 20:37:03.550 JST" Interest="69.51001" Kind="propagation" Navigation="org.eclipse.mylyn.core.model.edges.containment" OriginId="org.eclipse.mylyn.core.model.interest.propagation" StartDate="2015-01-09 10:17:22.265 JST" StructureHandle="/CR6_cake/app" StructureKind="resource" NumEvents="94" CreationCount="83"/><InteractionEvent Delta="null" EndDate="2015-01-09 10:20:32.872 JST" Interest="288.0" Kind="propagation" Navigation="null" OriginId="org.eclipse.ui.navigator.ProjectExplorer" StartDate="2015-01-09 08:32:10.432 JST" StructureHandle="/WS_Lisp" StructureKind="resource" NumEvents="288" CreationCount="1"/><InteractionEvent Delta="null" EndDate="2015-01-09 10:17:22.265 JST" Interest="1.0" Kind="selection" Navigation="null" OriginId="org.eclipse.ui.navigator.ProjectExplorer" StartDate="2015-01-09 10:17:22.265 JST" StructureHandle="/CR6_cake/app/Console" StructureKind="resource"/><InteractionEvent Delta="null" EndDate="2015-01-09 10:20:31.719 JST" Interest="5.0" Kind="selection" Navigation="null" OriginId="org.eclipse.ui.navigator.ProjectExplorer" StartDate="2015-01-09 08:32:10.416 JST" StructureHandle="/WS_Lisp/D-2" StructureKind="resource" NumEvents="5" CreationCount="1"/><InteractionEvent Delta="null" EndDate="2015-01-09 10:20:21.195 JST" Interest="140.866" Kind="propagation" Navigation="org.eclipse.mylyn.core.model.edges.containment" OriginId="org.eclipse.mylyn.core.model.interest.propagation" StartDate="2015-01-09 08:32:12.414 JST" StructureHandle="/WS_Lisp/D-2" StructureKind="resource" NumEvents="199" CreationCount="1"/><InteractionEvent Delta="null" EndDate="2015-01-09 10:20:21.193 JST" Interest="12.0" Kind="selection" Navigation="null" OriginId="org.eclipse.ui.internal.emptyEditorTab" StartDate="2015-01-09 08:36:40.305 JST" StructureHandle="/WS_Lisp/D-2/func_1.lisp" StructureKind="resource" NumEvents="12" CreationCount="99"/><InteractionEvent Delta="null" EndDate="2015-01-09 08:36:37.382 JST" Interest="1.0" Kind="propagation" Navigation="null" OriginId="org.eclipse.mylyn.resources.ui.interest.updater" StartDate="2015-01-09 08:36:37.382 JST" StructureHandle="/WS_Lisp/D-2/func_1.lisp" StructureKind="resource"/><InteractionEvent Delta="null" EndDate="2015-01-09 10:14:02.584 JST" Interest="186.0" Kind="edit" Navigation="null" OriginId="de.defmacro.dandelion.editor" StartDate="2015-01-09 08:36:40.382 JST" StructureHandle="/WS_Lisp/D-2/func_1.lisp" StructureKind="resource" NumEvents="186" CreationCount="11"/><InteractionEvent Delta="null" EndDate="2015-01-09 08:39:58.719 JST" Interest="1.0" Kind="propagation" Navigation="null" OriginId="org.eclipse.mylyn.resources.ui.interest.updater" StartDate="2015-01-09 08:39:58.719 JST" StructureHandle="/WS_Lisp/D-2/func_1.fas" StructureKind="resource"/><InteractionEvent Delta="null" EndDate="2015-01-09 20:37:03.157 JST" Interest="5.0" Kind="selection" Navigation="null" OriginId="org.eclipse.php.editor" StartDate="2015-01-09 19:09:21.197 JST" StructureHandle="/CR6_cake/app/Controller/TextsController.php" StructureKind="resource" NumEvents="5" CreationCount="313"/><InteractionEvent Delta="null" EndDate="2015-01-09 20:37:03.548 JST" Interest="88.0" Kind="edit" Navigation="null" OriginId="org.eclipse.php.editor" StartDate="2015-01-09 19:09:21.265 JST" StructureHandle="/CR6_cake/app/Controller/TextsController.php" StructureKind="resource" NumEvents="88" CreationCount="313"/></InteractionHistory>