<?xml version="1.0" encoding="UTF-8"?><InteractionHistory Id="local-128" Version="1"><InteractionEvent Delta="null" EndDate="2015-01-11 21:01:19.385 JST" Interest="166.636" Kind="propagation" Navigation="org.eclipse.mylyn.core.model.edges.containment" OriginId="org.eclipse.mylyn.core.model.interest.propagation" StartDate="2015-01-11 20:51:35.167 JST" StructureHandle="" StructureKind="c/c++" NumEvents="199" CreationCount="1"/><InteractionEvent Delta="null" EndDate="2015-01-11 20:51:51.768 JST" Interest="1.0" Kind="selection" Navigation="null" OriginId="org.eclipse.ui.navigator.ProjectExplorer" StartDate="2015-01-11 20:51:51.768 JST" StructureHandle="/Embedded/D-100~/D-114_capacitor/D-114_capacitor.X" StructureKind="resource"/><InteractionEvent Delta="null" EndDate="2015-01-11 21:01:19.383 JST" Interest="165.517" Kind="propagation" Navigation="org.eclipse.mylyn.core.model.edges.containment" OriginId="org.eclipse.mylyn.core.model.interest.propagation" StartDate="2015-01-11 20:51:55.427 JST" StructureHandle="/Embedded/D-100~/D-114_capacitor/D-114_capacitor.X" StructureKind="resource" NumEvents="196" CreationCount="8"/><InteractionEvent Delta="null" EndDate="2015-01-11 20:57:56.78 JST" Interest="1.0" Kind="selection" Navigation="null" OriginId="org.eclipse.cdt.ui.editor.CEditor" StartDate="2015-01-11 20:57:56.78 JST" StructureHandle="=Embedded{D-100~\/D-114_capacitor\/D-114_capacitor.X\/D-114_v_2_0.c[_Setup_ANSEL#74(void" StructureKind="c/c++"/><InteractionEvent Delta="null" EndDate="2015-01-11 20:57:03.883 JST" Interest="1.0" Kind="selection" Navigation="null" OriginId="org.eclipse.cdt.ui.editor.CEditor" StartDate="2015-01-11 20:57:03.883 JST" StructureHandle="=Embedded{D-100~\/D-114_capacitor\/D-114_capacitor.X\/D-114_v_2_0.c[_Setup#74(void" StructureKind="c/c++"/><InteractionEvent Delta="null" EndDate="2015-01-11 20:57:48.38 JST" Interest="17.0" Kind="edit" Navigation="null" OriginId="org.eclipse.cdt.ui.editor.CEditor" StartDate="2015-01-11 20:57:06.423 JST" StructureHandle="=Embedded{D-100~\/D-114_capacitor\/D-114_capacitor.X\/D-114_v_2_0.c[_Setup#74(void" StructureKind="c/c++" NumEvents="17" CreationCount="141"/><InteractionEvent Delta="null" EndDate="2015-01-11 20:57:58.809 JST" Interest="6.0" Kind="selection" Navigation="null" OriginId="org.eclipse.cdt.ui.editor.CEditor" StartDate="2015-01-11 20:51:59.12 JST" StructureHandle="=Embedded{D-100~\/D-114_capacitor\/D-114_capacitor.X\/D-114_v_2_0.c" StructureKind="c/c++" NumEvents="6" CreationCount="11"/><InteractionEvent Delta="null" EndDate="2015-01-11 21:01:19.380 JST" Interest="42.101997" Kind="propagation" Navigation="org.eclipse.mylyn.core.model.edges.containment" OriginId="org.eclipse.mylyn.core.model.interest.propagation" StartDate="2015-01-11 20:52:09.995 JST" StructureHandle="=Embedded{D-100~\/D-114_capacitor\/D-114_capacitor.X\/D-114_v_2_0.c" StructureKind="c/c++" NumEvents="63" CreationCount="11"/><InteractionEvent Delta="null" EndDate="2015-01-11 20:52:01.458 JST" Interest="2.0" Kind="edit" Navigation="null" OriginId="org.eclipse.cdt.ui.editor.CEditor" StartDate="2015-01-11 20:52:00.335 JST" StructureHandle="=Embedded{D-100~\/D-114_capacitor\/D-114_capacitor.X\/D-114_v_2_0.c" StructureKind="c/c++" NumEvents="2" CreationCount="11"/><InteractionEvent Delta="null" EndDate="2015-01-11 20:54:52.192 JST" Interest="2.0" Kind="selection" Navigation="null" OriginId="org.eclipse.cdt.ui.editor.CEditor" StartDate="2015-01-11 20:54:51.437 JST" StructureHandle="/Embedded/D-100~/D-114_capacitor/D-114_capacitor.X/debug.h" StructureKind="resource" NumEvents="2" CreationCount="111"/><InteractionEvent Delta="null" EndDate="2015-01-11 20:54:59.440 JST" Interest="5.0" Kind="edit" Navigation="null" OriginId="org.eclipse.cdt.ui.editor.CEditor" StartDate="2015-01-11 20:54:52.409 JST" StructureHandle="/Embedded/D-100~/D-114_capacitor/D-114_capacitor.X/debug.h" StructureKind="resource" NumEvents="5" CreationCount="111"/><InteractionEvent Delta="null" EndDate="2015-01-11 20:54:59.439 JST" Interest="5.0" Kind="propagation" Navigation="null" OriginId="org.eclipse.cdt.ui.editor.CEditor" StartDate="2015-01-11 20:54:52.408 JST" StructureHandle="/Embedded/D-100~/D-114_capacitor/D-114_capacitor.X/debug.h" StructureKind="resource" NumEvents="5" CreationCount="111"/><InteractionEvent Delta="null" EndDate="2015-01-11 21:01:19.385 JST" Interest="279.0" Kind="propagation" Navigation="org.eclipse.mylyn.core.model.edges.containment" OriginId="org.eclipse.mylyn.core.model.interest.propagation" StartDate="2015-01-11 20:51:35.167 JST" StructureHandle="/" StructureKind="resource" NumEvents="279" CreationCount="1"/><InteractionEvent Delta="null" EndDate="2015-01-11 20:51:50.282 JST" Interest="4.0" Kind="selection" Navigation="null" OriginId="org.eclipse.ui.navigator.ProjectExplorer" StartDate="2015-01-11 20:51:35.164 JST" StructureHandle="/Embedded/D-100~/D-111_stopwatch" StructureKind="resource" NumEvents="4" CreationCount="1"/><InteractionEvent Delta="null" EndDate="2015-01-11 20:51:51.574 JST" Interest="1.0" Kind="selection" Navigation="null" OriginId="org.eclipse.ui.navigator.ProjectExplorer" StartDate="2015-01-11 20:51:51.574 JST" StructureHandle="/Embedded/D-100~/D-114_capacitor" StructureKind="resource"/><InteractionEvent Delta="null" EndDate="2015-01-11 21:01:19.384 JST" Interest="165.534" Kind="propagation" Navigation="org.eclipse.mylyn.core.model.edges.containment" OriginId="org.eclipse.mylyn.core.model.interest.propagation" StartDate="2015-01-11 20:51:51.768 JST" StructureHandle="/Embedded/D-100~/D-114_capacitor" StructureKind="resource" NumEvents="199" CreationCount="7"/><InteractionEvent Delta="null" EndDate="2015-01-11 20:56:23.732 JST" Interest="4.0" Kind="selection" Navigation="null" OriginId="org.eclipse.cdt.ui.editor.CEditor" StartDate="2015-01-11 20:53:56.129 JST" StructureHandle="=Embedded{D-100~\/D-114_capacitor\/D-114_capacitor.X\/lib.h" StructureKind="c/c++" NumEvents="4" CreationCount="53"/><InteractionEvent Delta="null" EndDate="2015-01-11 20:54:46.943 JST" Interest="23.0" Kind="edit" Navigation="null" OriginId="org.eclipse.cdt.ui.editor.CEditor" StartDate="2015-01-11 20:53:57.304 JST" StructureHandle="=Embedded{D-100~\/D-114_capacitor\/D-114_capacitor.X\/lib.h" StructureKind="c/c++" NumEvents="23" CreationCount="53"/><InteractionEvent Delta="null" EndDate="2015-01-11 20:53:58.864 JST" Interest="1.0" Kind="selection" Navigation="null" OriginId="org.eclipse.cdt.ui.editor.CEditor" StartDate="2015-01-11 20:53:58.864 JST" StructureHandle="=Embedded{D-100~\/D-114_capacitor\/D-114_capacitor.X\/lib.h[EQ_500MS#79" StructureKind="c/c++"/><InteractionEvent Delta="null" EndDate="2015-01-11 20:56:23.643 JST" Interest="4.0" Kind="selection" Navigation="null" OriginId="org.eclipse.cdt.ui.editor.CEditor" StartDate="2015-01-11 20:53:55.521 JST" StructureHandle="/Embedded/D-100~/D-114_capacitor/D-114_capacitor.X/lib.h" StructureKind="resource" NumEvents="4" CreationCount="51"/><InteractionEvent Delta="null" EndDate="2015-01-11 20:56:23.735 JST" Interest="29.0" Kind="edit" Navigation="null" OriginId="org.eclipse.cdt.ui.editor.CEditor" StartDate="2015-01-11 20:53:56.131 JST" StructureHandle="/Embedded/D-100~/D-114_capacitor/D-114_capacitor.X/lib.h" StructureKind="resource" NumEvents="29" CreationCount="51"/><InteractionEvent Delta="null" EndDate="2015-01-11 20:56:23.733 JST" Interest="30.0" Kind="propagation" Navigation="null" OriginId="org.eclipse.cdt.ui.editor.CEditor" StartDate="2015-01-11 20:53:53.842 JST" StructureHandle="/Embedded/D-100~/D-114_capacitor/D-114_capacitor.X/lib.h" StructureKind="resource" NumEvents="30" CreationCount="51"/><InteractionEvent Delta="null" EndDate="2015-01-11 20:54:52.407 JST" Interest="1.0" Kind="selection" Navigation="null" OriginId="org.eclipse.cdt.ui.editor.CEditor" StartDate="2015-01-11 20:54:52.407 JST" StructureHandle="=Embedded{D-100~\/D-114_capacitor\/D-114_capacitor.X\/debug.h" StructureKind="c/c++"/><InteractionEvent Delta="null" EndDate="2015-01-11 20:54:59.438 JST" Interest="4.0" Kind="edit" Navigation="null" OriginId="org.eclipse.cdt.ui.editor.CEditor" StartDate="2015-01-11 20:54:53.387 JST" StructureHandle="=Embedded{D-100~\/D-114_capacitor\/D-114_capacitor.X\/debug.h" StructureKind="c/c++" NumEvents="4" CreationCount="113"/><InteractionEvent Delta="null" EndDate="2015-01-11 20:54:28.638 JST" Interest="1.0" Kind="selection" Navigation="null" OriginId="org.eclipse.cdt.ui.editor.CEditor" StartDate="2015-01-11 20:54:28.638 JST" StructureHandle="=Embedded{D-100~\/D-114_capacitor\/D-114_capacitor.X\/lib.h[conv_Hex_to_CharCode#74(signed char" StructureKind="c/c++"/><InteractionEvent Delta="null" EndDate="2015-01-11 20:58:00.568 JST" Interest="6.0" Kind="selection" Navigation="null" OriginId="org.eclipse.cdt.ui.editor.CEditor" StartDate="2015-01-11 20:52:09.370 JST" StructureHandle="=Embedded{D-100~\/D-114_capacitor\/D-114_capacitor.X\/D-114_v_2_0.c[_While#74(void" StructureKind="c/c++" NumEvents="6" CreationCount="17"/><InteractionEvent Delta="null" EndDate="2015-01-11 21:01:19.380 JST" Interest="62.0" Kind="edit" Navigation="null" OriginId="org.eclipse.cdt.ui.editor.CEditor" StartDate="2015-01-11 20:52:09.945 JST" StructureHandle="=Embedded{D-100~\/D-114_capacitor\/D-114_capacitor.X\/D-114_v_2_0.c[_While#74(void" StructureKind="c/c++" NumEvents="62" CreationCount="17"/><InteractionEvent Delta="null" EndDate="2015-01-11 20:51:37.252 JST" Interest="1.0" Kind="selection" Navigation="null" OriginId="org.eclipse.ui.navigator.ProjectExplorer" StartDate="2015-01-11 20:51:37.252 JST" StructureHandle="/Embedded/D-100~" StructureKind="resource"/><InteractionEvent Delta="null" EndDate="2015-01-11 21:01:19.384 JST" Interest="165.636" Kind="propagation" Navigation="org.eclipse.mylyn.core.model.edges.containment" OriginId="org.eclipse.mylyn.core.model.interest.propagation" StartDate="2015-01-11 20:51:35.166 JST" StructureHandle="/Embedded/D-100~" StructureKind="resource" NumEvents="197" CreationCount="1"/><InteractionEvent Delta="null" EndDate="2015-01-11 20:53:48.466 JST" Interest="1.0" Kind="selection" Navigation="null" OriginId="org.eclipse.ui.navigator.ProjectExplorer" StartDate="2015-01-11 20:53:48.466 JST" StructureHandle="/Embedded/D-100~/D-114_capacitor/D-114_capacitor.X/lib_v_1.h" StructureKind="resource"/><InteractionEvent Delta="null" EndDate="2015-01-11 20:51:39.153 JST" Interest="1.0" Kind="selection" Navigation="null" OriginId="org.eclipse.ui.navigator.ProjectExplorer" StartDate="2015-01-11 20:51:39.153 JST" StructureHandle="=Embedded" StructureKind="c/c++"/><InteractionEvent Delta="null" EndDate="2015-01-11 21:01:19.385 JST" Interest="165.636" Kind="propagation" Navigation="org.eclipse.mylyn.core.model.edges.containment" OriginId="org.eclipse.mylyn.core.model.interest.propagation" StartDate="2015-01-11 20:51:35.167 JST" StructureHandle="=Embedded" StructureKind="c/c++" NumEvents="197" CreationCount="1"/><InteractionEvent Delta="null" EndDate="2015-01-11 21:01:19.385 JST" Interest="279.0" Kind="propagation" Navigation="null" OriginId="org.eclipse.cdt.ui.editor.CEditor" StartDate="2015-01-11 20:51:35.167 JST" StructureHandle="/Embedded" StructureKind="resource" NumEvents="279" CreationCount="1"/><InteractionEvent Delta="null" EndDate="2015-01-11 20:52:33.21 JST" Interest="1.0" Kind="selection" Navigation="null" OriginId="org.eclipse.cdt.ui.editor.CEditor" StartDate="2015-01-11 20:52:33.21 JST" StructureHandle="=Embedded{D-100~\/D-114_capacitor\/D-114_capacitor.X\/D-114_v_2_0.c[_Setup_Init_Vars#73(void" StructureKind="c/c++"/><InteractionEvent Delta="null" EndDate="2015-01-11 20:56:23.924 JST" Interest="4.0" Kind="selection" Navigation="null" OriginId="org.eclipse.cdt.ui.editor.CEditor" StartDate="2015-01-11 20:51:55.425 JST" StructureHandle="/Embedded/D-100~/D-114_capacitor/D-114_capacitor.X/D-114_v_2_0.c" StructureKind="resource" NumEvents="4" CreationCount="9"/><InteractionEvent Delta="null" EndDate="2015-01-11 21:01:19.382 JST" Interest="95.0" Kind="edit" Navigation="null" OriginId="org.eclipse.cdt.ui.editor.CEditor" StartDate="2015-01-11 20:51:59.15 JST" StructureHandle="/Embedded/D-100~/D-114_capacitor/D-114_capacitor.X/D-114_v_2_0.c" StructureKind="resource" NumEvents="95" CreationCount="9"/><InteractionEvent Delta="null" EndDate="2015-01-11 21:01:19.381 JST" Interest="96.0" Kind="propagation" Navigation="null" OriginId="org.eclipse.cdt.ui.editor.CEditor" StartDate="2015-01-11 20:51:59.13 JST" StructureHandle="/Embedded/D-100~/D-114_capacitor/D-114_capacitor.X/D-114_v_2_0.c" StructureKind="resource" NumEvents="96" CreationCount="9"/></InteractionHistory>