<?xml version="1.0" encoding="UTF-8"?><InteractionHistory Id="local-138" Version="1"><InteractionEvent Delta="null" EndDate="2015-01-21 11:10:33.501 JST" Interest="165.12103" Kind="propagation" Navigation="org.eclipse.mylyn.core.model.edges.containment" OriginId="org.eclipse.mylyn.core.model.interest.propagation" StartDate="2015-01-21 10:46:59.574 JST" StructureHandle="" StructureKind="c/c++" NumEvents="242" CreationCount="1"/><InteractionEvent Delta="null" EndDate="2015-01-21 11:36:55.925 JST" Interest="14.2" Kind="propagation" Navigation="org.eclipse.mylyn.core.model.edges.containment" OriginId="org.eclipse.mylyn.core.model.interest.propagation" StartDate="2015-01-21 11:24:22.1 JST" StructureHandle="/Cake_NR5/app/Lib" StructureKind="resource" NumEvents="19" CreationCount="362"/><InteractionEvent Delta="null" EndDate="2015-01-21 10:46:59.557 JST" Interest="1.0" Kind="selection" Navigation="null" OriginId="org.eclipse.ui.views.ResourceNavigator" StartDate="2015-01-21 10:46:59.557 JST" StructureHandle="/Cake_NR5/.settings" StructureKind="resource"/><InteractionEvent Delta="null" EndDate="2015-01-21 11:32:44.795 JST" Interest="11.0" Kind="edit" Navigation="null" OriginId="org.eclipse.php.editor" StartDate="2015-01-21 11:23:56.620 JST" StructureHandle="/Cake_NR5/app/View/Elements/tokens/_index_pagination.ctp" StructureKind="resource" NumEvents="11" CreationCount="352"/><InteractionEvent Delta="null" EndDate="2015-01-21 11:24:39.959 JST" Interest="3.0" Kind="selection" Navigation="null" OriginId="org.eclipse.php.editor" StartDate="2015-01-21 11:23:56.273 JST" StructureHandle="/Cake_NR5/app/View/Elements/tokens/_index_pagination.ctp" StructureKind="resource" NumEvents="3" CreationCount="352"/><InteractionEvent Delta="null" EndDate="2015-01-21 11:05:46.47 JST" Interest="1.0" Kind="selection" Navigation="null" OriginId="org.eclipse.ui.views.ResourceNavigator" StartDate="2015-01-21 11:05:46.47 JST" StructureHandle="/Cake_NR5/app/View/Scaffolds" StructureKind="resource"/><InteractionEvent Delta="null" EndDate="2015-01-21 11:36:55.926 JST" Interest="384.0" Kind="propagation" Navigation="null" OriginId="org.eclipse.php.editor" StartDate="2015-01-21 10:46:59.573 JST" StructureHandle="/Cake_NR5" StructureKind="resource" NumEvents="384" CreationCount="1"/><InteractionEvent Delta="null" EndDate="2015-01-21 10:47:08.89 JST" Interest="1.0" Kind="selection" Navigation="null" OriginId="org.eclipse.ui.views.ResourceNavigator" StartDate="2015-01-21 10:47:08.89 JST" StructureHandle="/Cake_NR5/app/Console" StructureKind="resource"/><InteractionEvent Delta="null" EndDate="2015-01-21 11:05:45.932 JST" Interest="12.517" Kind="propagation" Navigation="org.eclipse.mylyn.core.model.edges.containment" OriginId="org.eclipse.mylyn.core.model.interest.propagation" StartDate="2015-01-21 10:57:02.128 JST" StructureHandle="/Cake_NR5/app/View/Historys" StructureKind="resource" NumEvents="18" CreationCount="127"/><InteractionEvent Delta="null" EndDate="2015-01-21 10:56:59.741 JST" Interest="1.0" Kind="selection" Navigation="null" OriginId="org.eclipse.ui.views.ResourceNavigator" StartDate="2015-01-21 10:56:59.741 JST" StructureHandle="/Cake_NR5/app/View/Historys" StructureKind="resource"/><InteractionEvent Delta="null" EndDate="2015-01-21 11:19:50.515 JST" Interest="18.0" Kind="edit" Navigation="null" OriginId="org.eclipse.php.editor" StartDate="2015-01-21 11:17:41.303 JST" StructureHandle="/Cake_NR5/app/View/Elements/tokens/index_t_headers.ctp" StructureKind="resource" NumEvents="18" CreationCount="322"/><InteractionEvent Delta="null" EndDate="2015-01-21 11:23:56.116 JST" Interest="4.0" Kind="selection" Navigation="null" OriginId="org.eclipse.ui.views.ResourceNavigator" StartDate="2015-01-21 11:17:40.238 JST" StructureHandle="/Cake_NR5/app/View/Elements/tokens/index_t_headers.ctp" StructureKind="resource" NumEvents="4" CreationCount="322"/><InteractionEvent Delta="null" EndDate="2015-01-21 11:23:56.117 JST" Interest="15.633999" Kind="propagation" Navigation="org.eclipse.mylyn.core.model.edges.containment" OriginId="org.eclipse.mylyn.core.model.interest.propagation" StartDate="2015-01-21 11:17:38.512 JST" StructureHandle="/Cake_NR5/app/View/Elements/tokens" StructureKind="resource" NumEvents="23" CreationCount="320"/><InteractionEvent Delta="null" EndDate="2015-01-21 11:17:36.807 JST" Interest="1.0" Kind="selection" Navigation="null" OriginId="org.eclipse.ui.views.ResourceNavigator" StartDate="2015-01-21 11:17:36.807 JST" StructureHandle="/Cake_NR5/app/View/Elements/tokens" StructureKind="resource"/><InteractionEvent Delta="null" EndDate="2015-01-21 11:10:35.992 JST" Interest="165.12103" Kind="propagation" Navigation="org.eclipse.mylyn.core.model.edges.containment" OriginId="org.eclipse.mylyn.core.model.interest.propagation" StartDate="2015-01-21 10:46:59.572 JST" StructureHandle="=Cake_NR5" StructureKind="c/c++" NumEvents="243" CreationCount="1"/><InteractionEvent Delta="null" EndDate="2015-01-21 11:36:55.927 JST" Interest="384.0" Kind="propagation" Navigation="org.eclipse.mylyn.core.model.edges.containment" OriginId="org.eclipse.mylyn.core.model.interest.propagation" StartDate="2015-01-21 10:46:59.574 JST" StructureHandle="/" StructureKind="resource" NumEvents="384" CreationCount="1"/><InteractionEvent Delta="null" EndDate="2015-01-21 11:24:10.136 JST" Interest="18.932" Kind="propagation" Navigation="org.eclipse.mylyn.core.model.edges.containment" OriginId="org.eclipse.mylyn.core.model.interest.propagation" StartDate="2015-01-21 10:56:59.741 JST" StructureHandle="/Cake_NR5/app/View" StructureKind="resource" NumEvents="31" CreationCount="126"/><InteractionEvent Delta="null" EndDate="2015-01-21 10:56:53.355 JST" Interest="1.0" Kind="selection" Navigation="null" OriginId="org.eclipse.ui.views.ResourceNavigator" StartDate="2015-01-21 10:56:53.355 JST" StructureHandle="/Cake_NR5/app/View" StructureKind="resource"/><InteractionEvent Delta="null" EndDate="2015-01-21 11:17:33.594 JST" Interest="15.0" Kind="edit" Navigation="null" OriginId="org.eclipse.php.editor" StartDate="2015-01-21 11:17:05.424 JST" StructureHandle="/Cake_NR5/app/View/Elements/historys/index_t_headers.ctp" StructureKind="resource" NumEvents="15" CreationCount="299"/><InteractionEvent Delta="null" EndDate="2015-01-21 11:17:34.613 JST" Interest="3.0" Kind="selection" Navigation="null" OriginId="org.eclipse.ui.views.ResourceNavigator" StartDate="2015-01-21 11:17:04.968 JST" StructureHandle="/Cake_NR5/app/View/Elements/historys/index_t_headers.ctp" StructureKind="resource" NumEvents="3" CreationCount="299"/><InteractionEvent Delta="null" EndDate="2015-01-21 11:36:55.924 JST" Interest="14.2" Kind="propagation" Navigation="org.eclipse.mylyn.core.model.edges.containment" OriginId="org.eclipse.mylyn.core.model.interest.propagation" StartDate="2015-01-21 11:24:22.1 JST" StructureHandle="/Cake_NR5/app/Lib/utils" StructureKind="resource" NumEvents="19" CreationCount="362"/><InteractionEvent Delta="null" EndDate="2015-01-21 11:17:38.511 JST" Interest="1.0" Kind="selection" Navigation="null" OriginId="org.eclipse.ui.views.ResourceNavigator" StartDate="2015-01-21 11:17:38.511 JST" StructureHandle="/Cake_NR5/app/View/Elements/tokens/index" StructureKind="resource"/><InteractionEvent Delta="null" EndDate="2015-01-21 11:23:56.620 JST" Interest="16.025" Kind="propagation" Navigation="org.eclipse.mylyn.core.model.edges.containment" OriginId="org.eclipse.mylyn.core.model.interest.propagation" StartDate="2015-01-21 11:17:02.783 JST" StructureHandle="/Cake_NR5/app/View/Elements" StructureKind="resource" NumEvents="25" CreationCount="297"/><InteractionEvent Delta="null" EndDate="2015-01-21 11:17:00.478 JST" Interest="1.0" Kind="selection" Navigation="null" OriginId="org.eclipse.ui.views.ResourceNavigator" StartDate="2015-01-21 11:17:00.478 JST" StructureHandle="/Cake_NR5/app/View/Elements" StructureKind="resource"/><InteractionEvent Delta="null" EndDate="2015-01-21 11:10:20.240 JST" Interest="227.0" Kind="edit" Navigation="null" OriginId="org.eclipse.php.editor" StartDate="2015-01-21 10:47:53.875 JST" StructureHandle="/Cake_NR5/app/Controller/HistorysController.php" StructureKind="resource" NumEvents="227" CreationCount="14"/><InteractionEvent Delta="null" EndDate="2015-01-21 11:06:07.15 JST" Interest="6.0" Kind="selection" Navigation="null" OriginId="org.eclipse.php.editor" StartDate="2015-01-21 10:47:53.205 JST" StructureHandle="/Cake_NR5/app/Controller/HistorysController.php" StructureKind="resource" NumEvents="6" CreationCount="14"/><InteractionEvent Delta="null" EndDate="2015-01-21 11:16:58.274 JST" Interest="1.0" Kind="selection" Navigation="null" OriginId="org.eclipse.ui.views.ResourceNavigator" StartDate="2015-01-21 11:16:58.274 JST" StructureHandle="/Cake_NR5/app/View/Historys/view.ctp" StructureKind="resource"/><InteractionEvent Delta="null" EndDate="2015-01-21 10:59:24.472 JST" Interest="15.0" Kind="edit" Navigation="null" OriginId="org.eclipse.php.editor" StartDate="2015-01-21 10:57:02.683 JST" StructureHandle="/Cake_NR5/app/View/Historys/index.ctp" StructureKind="resource" NumEvents="15" CreationCount="128"/><InteractionEvent Delta="null" EndDate="2015-01-21 11:05:45.931 JST" Interest="3.0" Kind="selection" Navigation="null" OriginId="org.eclipse.ui.views.ResourceNavigator" StartDate="2015-01-21 10:57:02.127 JST" StructureHandle="/Cake_NR5/app/View/Historys/index.ctp" StructureKind="resource" NumEvents="3" CreationCount="128"/><InteractionEvent Delta="null" EndDate="2015-01-21 11:23:51.0 JST" Interest="31.0" Kind="edit" Navigation="null" OriginId="org.eclipse.php.editor" StartDate="2015-01-21 10:47:28.22 JST" StructureHandle="/Cake_NR5/app/Controller/TokensController.php" StructureKind="resource" NumEvents="31" CreationCount="5"/><InteractionEvent Delta="null" EndDate="2015-01-21 11:19:51.322 JST" Interest="7.0" Kind="selection" Navigation="null" OriginId="org.eclipse.php.editor" StartDate="2015-01-21 10:47:22.464 JST" StructureHandle="/Cake_NR5/app/Controller/TokensController.php" StructureKind="resource" NumEvents="7" CreationCount="5"/><InteractionEvent Delta="null" EndDate="2015-01-21 11:10:20.241 JST" Interest="164.07" Kind="propagation" Navigation="org.eclipse.mylyn.core.model.edges.containment" OriginId="org.eclipse.mylyn.core.model.interest.propagation" StartDate="2015-01-21 10:47:22.466 JST" StructureHandle="/Cake_NR5/app/Controller" StructureKind="resource" NumEvents="233" CreationCount="4"/><InteractionEvent Delta="null" EndDate="2015-01-21 10:47:09.522 JST" Interest="1.0" Kind="selection" Navigation="null" OriginId="org.eclipse.ui.views.ResourceNavigator" StartDate="2015-01-21 10:47:09.522 JST" StructureHandle="/Cake_NR5/app/Controller" StructureKind="resource"/><InteractionEvent Delta="null" EndDate="2015-01-21 11:17:34.613 JST" Interest="12.517" Kind="propagation" Navigation="org.eclipse.mylyn.core.model.edges.containment" OriginId="org.eclipse.mylyn.core.model.interest.propagation" StartDate="2015-01-21 11:17:04.969 JST" StructureHandle="/Cake_NR5/app/View/Elements/historys" StructureKind="resource" NumEvents="18" CreationCount="298"/><InteractionEvent Delta="null" EndDate="2015-01-21 11:17:34.744 JST" Interest="2.0" Kind="selection" Navigation="null" OriginId="org.eclipse.ui.views.ResourceNavigator" StartDate="2015-01-21 11:17:02.782 JST" StructureHandle="/Cake_NR5/app/View/Elements/historys" StructureKind="resource" NumEvents="2" CreationCount="298"/><InteractionEvent Delta="null" EndDate="2015-01-21 11:10:35.992 JST" Interest="164.10402" Kind="propagation" Navigation="org.eclipse.mylyn.core.model.edges.containment" OriginId="org.eclipse.mylyn.core.model.interest.propagation" StartDate="2015-01-21 10:47:08.91 JST" StructureHandle="/Cake_NR5/app" StructureKind="resource" NumEvents="237" CreationCount="2"/><InteractionEvent Delta="null" EndDate="2015-01-21 10:47:01.706 JST" Interest="1.0" Kind="selection" Navigation="null" OriginId="org.eclipse.ui.views.ResourceNavigator" StartDate="2015-01-21 10:47:01.706 JST" StructureHandle="/Cake_NR5/app" StructureKind="resource"/><InteractionEvent Delta="null" EndDate="2015-01-21 11:05:52.527 JST" Interest="1.0" Kind="selection" Navigation="null" OriginId="org.eclipse.ui.views.ResourceNavigator" StartDate="2015-01-21 11:05:52.527 JST" StructureHandle="/Cake_NR5/app/View/Tokens" StructureKind="resource"/><InteractionEvent Delta="null" EndDate="2015-01-21 11:06:05.428 JST" Interest="4.0" Kind="edit" Navigation="null" OriginId="org.eclipse.php.editor" StartDate="2015-01-21 11:06:01.368 JST" StructureHandle="/Cake_NR5/app/View/Historys/save__tokens.ctp" StructureKind="resource" NumEvents="4" CreationCount="250"/><InteractionEvent Delta="null" EndDate="2015-01-21 11:16:58.145 JST" Interest="4.0" Kind="selection" Navigation="null" OriginId="org.eclipse.ui.views.ResourceNavigator" StartDate="2015-01-21 11:05:57.261 JST" StructureHandle="/Cake_NR5/app/View/Historys/save__tokens.ctp" StructureKind="resource" NumEvents="4" CreationCount="250"/><InteractionEvent Delta="null" EndDate="2015-01-21 11:36:55.923 JST" Interest="16.0" Kind="edit" Navigation="null" OriginId="org.eclipse.php.editor" StartDate="2015-01-21 11:24:22.0 JST" StructureHandle="/Cake_NR5/app/Lib/utils/CONS.php" StructureKind="resource" NumEvents="16" CreationCount="362"/><InteractionEvent Delta="null" EndDate="2015-01-21 11:36:55.457 JST" Interest="3.0" Kind="selection" Navigation="null" OriginId="org.eclipse.php.editor" StartDate="2015-01-21 11:24:22.167 JST" StructureHandle="/Cake_NR5/app/Lib/utils/CONS.php" StructureKind="resource" NumEvents="3" CreationCount="362"/></InteractionHistory>