<?xml version="1.0" encoding="UTF-8"?><InteractionHistory Id="local-101" Version="1"><InteractionEvent Delta="null" EndDate="2014-11-29 22:41:06.335 JST" Interest="304.46802" Kind="propagation" Navigation="org.eclipse.mylyn.core.model.edges.containment" OriginId="org.eclipse.mylyn.core.model.interest.propagation" StartDate="2014-11-24 11:56:15.783 JST" StructureHandle="" StructureKind="c/c++" NumEvents="373" CreationCount="1"/><InteractionEvent Delta="null" EndDate="2014-11-29 22:25:03.795 JST" Interest="35.447" Kind="propagation" Navigation="org.eclipse.mylyn.core.model.edges.containment" OriginId="org.eclipse.mylyn.core.model.interest.propagation" StartDate="2014-11-24 11:58:15.474 JST" StructureHandle="/Embedded/D-100~/D-101" StructureKind="resource" NumEvents="41" CreationCount="36"/><InteractionEvent Delta="null" EndDate="2014-11-29 22:27:07.210 JST" Interest="1.0" Kind="prediction" Navigation="null" OriginId="org.eclipse.mylyn.resources.ui.interest.updater" StartDate="2014-11-29 22:27:07.210 JST" StructureHandle="/Embedded/D-100~/D-108_Aoki_TMR0/D-108_v_2_5_3/D-108_v_2_5_3.X/l.obj" StructureKind="resource"/><InteractionEvent Delta="null" EndDate="2014-11-29 22:25:14.411 JST" Interest="2.0" Kind="selection" Navigation="null" OriginId="org.eclipse.cdt.ui.editor.CEditor" StartDate="2014-11-29 22:24:53.898 JST" StructureHandle="=Embedded{D-100~\/D-108_Aoki_TMR0\/D-108_v_2_5_0\/D-108_v_2_5_0.X\/D-108_v_2_5_0.c[_Setup#74(void" StructureKind="c/c++" NumEvents="2" CreationCount="100"/><InteractionEvent Delta="null" EndDate="2014-11-29 22:24:43.682 JST" Interest="3.0" Kind="selection" Navigation="null" OriginId="org.eclipse.ui.views.ResourceNavigator" StartDate="2014-11-24 12:00:25.321 JST" StructureHandle="/Embedded/TEST/D-108" StructureKind="resource" NumEvents="3" CreationCount="52"/><InteractionEvent Delta="null" EndDate="2014-11-24 12:00:53.787 JST" Interest="1.0" Kind="selection" Navigation="null" OriginId="org.eclipse.ui.views.ResourceNavigator" StartDate="2014-11-24 12:00:53.787 JST" StructureHandle="/Embedded/D-90~/D-97_LCD/D-97_LCD_v-2.x/D-97_LCD_v-2.2" StructureKind="resource"/><InteractionEvent Delta="null" EndDate="2014-11-27 20:40:05.829 JST" Interest="8.200999" Kind="propagation" Navigation="org.eclipse.mylyn.core.model.edges.containment" OriginId="org.eclipse.mylyn.core.model.interest.propagation" StartDate="2014-11-24 12:00:56.102 JST" StructureHandle="/Embedded/D-90~/D-97_LCD/D-97_LCD_v-2.x/D-97_LCD_v-2.2" StructureKind="resource" NumEvents="11" CreationCount="9"/><InteractionEvent Delta="null" EndDate="2014-11-29 22:32:53.414 JST" Interest="1.0" Kind="edit" Navigation="null" OriginId="org.eclipse.cdt.ui.editor.CEditor" StartDate="2014-11-29 22:32:53.414 JST" StructureHandle="=Embedded{D-100~\/D-108_Aoki_TMR0\/D-108_v_2_5_3\/D-108_v_2_5_3.X\/D-108_v_2_5_3.c[_Setup_Interrupt#73(void" StructureKind="c/c++"/><InteractionEvent Delta="null" EndDate="2014-11-29 22:32:50.512 JST" Interest="1.0" Kind="selection" Navigation="null" OriginId="org.eclipse.cdt.ui.editor.CEditor" StartDate="2014-11-29 22:32:50.512 JST" StructureHandle="=Embedded{D-100~\/D-108_Aoki_TMR0\/D-108_v_2_5_3\/D-108_v_2_5_3.X\/D-108_v_2_5_3.c[_Setup_Interrupt#73(void" StructureKind="c/c++"/><InteractionEvent Delta="null" EndDate="2014-11-24 12:00:36.589 JST" Interest="1.0" Kind="selection" Navigation="null" OriginId="org.eclipse.ui.views.ResourceNavigator" StartDate="2014-11-24 12:00:36.589 JST" StructureHandle="/Embedded/D-90~" StructureKind="resource"/><InteractionEvent Delta="null" EndDate="2014-11-27 20:40:05.831 JST" Interest="8.183999" Kind="propagation" Navigation="org.eclipse.mylyn.core.model.edges.containment" OriginId="org.eclipse.mylyn.core.model.interest.propagation" StartDate="2014-11-24 12:00:39.655 JST" StructureHandle="/Embedded/D-90~" StructureKind="resource" NumEvents="14" CreationCount="10"/><InteractionEvent Delta="null" EndDate="2014-11-24 11:57:13.338 JST" Interest="1.0" Kind="selection" Navigation="null" OriginId="org.eclipse.ui.navigator.ProjectExplorer" StartDate="2014-11-24 11:57:13.338 JST" StructureHandle="/Embedded/D-100~/D-108_Aoki_TMR0/D-108_v_2_5_0/D-108_v_2_5_0.X" StructureKind="resource"/><InteractionEvent Delta="null" EndDate="2014-11-29 22:25:14.416 JST" Interest="27.116999" Kind="propagation" Navigation="org.eclipse.mylyn.core.model.edges.containment" OriginId="org.eclipse.mylyn.core.model.interest.propagation" StartDate="2014-11-24 11:57:14.956 JST" StructureHandle="/Embedded/D-100~/D-108_Aoki_TMR0/D-108_v_2_5_0/D-108_v_2_5_0.X" StructureKind="resource" NumEvents="32" CreationCount="16"/><InteractionEvent Delta="null" EndDate="2014-11-24 11:59:03.642 JST" Interest="1.0" Kind="selection" Navigation="null" OriginId="org.eclipse.cdt.ui.editor.CEditor" StartDate="2014-11-24 11:59:03.642 JST" StructureHandle="=Embedded{D-100~\/D-101\/Test_MPLAB_X.X\/test_1.c[main#74" StructureKind="c/c++"/><InteractionEvent Delta="null" EndDate="2014-11-29 22:33:08.109 JST" Interest="7.0" Kind="edit" Navigation="null" OriginId="org.eclipse.cdt.ui.editor.CEditor" StartDate="2014-11-29 22:32:57.562 JST" StructureHandle="=Embedded{D-100~\/D-108_Aoki_TMR0\/D-108_v_2_5_3\/D-108_v_2_5_3.X\/D-108_v_2_5_3.c[main#74(void" StructureKind="c/c++" NumEvents="7" CreationCount="225"/><InteractionEvent Delta="null" EndDate="2014-11-29 22:32:56.767 JST" Interest="1.0" Kind="selection" Navigation="null" OriginId="org.eclipse.cdt.ui.editor.CEditor" StartDate="2014-11-29 22:32:56.767 JST" StructureHandle="=Embedded{D-100~\/D-108_Aoki_TMR0\/D-108_v_2_5_3\/D-108_v_2_5_3.X\/D-108_v_2_5_3.c[main#74(void" StructureKind="c/c++"/><InteractionEvent Delta="null" EndDate="2014-11-29 22:27:06.669 JST" Interest="1.0" Kind="selection" Navigation="null" OriginId="org.eclipse.cdt.ui.editor.CEditor" StartDate="2014-11-29 22:27:06.669 JST" StructureHandle="=Embedded{D-100~\/D-108_Aoki_TMR0\/D-108_v_2_5_3\/D-108_v_2_5_3.X\/D-108_v_2_5_3.c[_Init_Vars#74(void" StructureKind="c/c++"/><InteractionEvent Delta="null" EndDate="2014-11-29 22:25:14.415 JST" Interest="13.0" Kind="edit" Navigation="null" OriginId="org.eclipse.cdt.ui.editor.CEditor" StartDate="2014-11-24 11:57:15.243 JST" StructureHandle="/Embedded/D-100~/D-108_Aoki_TMR0/D-108_v_2_5_0/D-108_v_2_5_0.X/D-108_v_2_5_0.c" StructureKind="resource" NumEvents="13" CreationCount="17"/><InteractionEvent Delta="null" EndDate="2014-11-29 22:25:14.391 JST" Interest="5.0" Kind="selection" Navigation="null" OriginId="org.eclipse.cdt.ui.editor.CEditor" StartDate="2014-11-24 11:57:14.955 JST" StructureHandle="/Embedded/D-100~/D-108_Aoki_TMR0/D-108_v_2_5_0/D-108_v_2_5_0.X/D-108_v_2_5_0.c" StructureKind="resource" NumEvents="5" CreationCount="17"/><InteractionEvent Delta="null" EndDate="2014-11-29 22:25:14.413 JST" Interest="14.0" Kind="propagation" Navigation="null" OriginId="org.eclipse.cdt.ui.editor.CEditor" StartDate="2014-11-24 11:57:15.241 JST" StructureHandle="/Embedded/D-100~/D-108_Aoki_TMR0/D-108_v_2_5_0/D-108_v_2_5_0.X/D-108_v_2_5_0.c" StructureKind="resource" NumEvents="14" CreationCount="17"/><InteractionEvent Delta="null" EndDate="2014-11-24 12:00:21.952 JST" Interest="3.0" Kind="selection" Navigation="null" OriginId="org.eclipse.ui.navigator.ProjectExplorer" StartDate="2014-11-24 11:56:15.782 JST" StructureHandle="/Embedded/D-100~/D-108_Aoki_TMR0" StructureKind="resource" NumEvents="3" CreationCount="1"/><InteractionEvent Delta="null" EndDate="2014-11-29 22:41:06.334 JST" Interest="301.46802" Kind="propagation" Navigation="org.eclipse.mylyn.core.model.edges.containment" OriginId="org.eclipse.mylyn.core.model.interest.propagation" StartDate="2014-11-24 11:56:21.474 JST" StructureHandle="/Embedded/D-100~/D-108_Aoki_TMR0" StructureKind="resource" NumEvents="371" CreationCount="1"/><InteractionEvent Delta="null" EndDate="2014-11-27 20:40:05.828 JST" Interest="9.0" Kind="edit" Navigation="null" OriginId="org.eclipse.cdt.ui.editor.asm.AsmEditor" StartDate="2014-11-24 12:00:56.486 JST" StructureHandle="/Embedded/D-90~/D-97_LCD/D-97_LCD_v-2.x/D-97_LCD_v-2.2/D-97_LCD_v-2.2.asm" StructureKind="resource" NumEvents="9" CreationCount="62"/><InteractionEvent Delta="null" EndDate="2014-11-24 12:00:56.406 JST" Interest="2.0" Kind="selection" Navigation="null" OriginId="org.eclipse.cdt.ui.editor.asm.AsmEditor" StartDate="2014-11-24 12:00:56.102 JST" StructureHandle="/Embedded/D-90~/D-97_LCD/D-97_LCD_v-2.x/D-97_LCD_v-2.2/D-97_LCD_v-2.2.asm" StructureKind="resource" NumEvents="2" CreationCount="62"/><InteractionEvent Delta="null" EndDate="2014-11-29 22:26:01.305 JST" Interest="1.0" Kind="selection" Navigation="null" OriginId="org.eclipse.cdt.ui.editor.CEditor" StartDate="2014-11-29 22:26:01.305 JST" StructureHandle="=Embedded{D-100~\/D-108_Aoki_TMR0\/D-108_v_2_5_3\/D-108_v_2_5_3.X\/D-108_v_2_5_3.c[_Setup#73(void" StructureKind="c/c++"/><InteractionEvent Delta="null" EndDate="2014-11-29 22:36:59.193 JST" Interest="9.0" Kind="edit" Navigation="null" OriginId="org.eclipse.cdt.ui.editor.CEditor" StartDate="2014-11-29 22:35:43.704 JST" StructureHandle="=Embedded{D-100~\/D-108_Aoki_TMR0\/D-108_v_2_5_3\/D-108_v_2_5_3.X\/D-108_v_2_5_3.c[_Setup#74(void" StructureKind="c/c++" NumEvents="9" CreationCount="241"/><InteractionEvent Delta="null" EndDate="2014-11-29 22:35:41.892 JST" Interest="0.85300004" Kind="manipulation" Navigation="null" OriginId="org.eclipse.mylyn.core.model.interest.decay.correction" StartDate="2014-11-29 22:35:41.892 JST" StructureHandle="=Embedded{D-100~\/D-108_Aoki_TMR0\/D-108_v_2_5_3\/D-108_v_2_5_3.X\/D-108_v_2_5_3.c[_Setup#74(void" StructureKind="c/c++"/><InteractionEvent Delta="null" EndDate="2014-11-29 22:36:32.797 JST" Interest="3.0" Kind="selection" Navigation="null" OriginId="org.eclipse.cdt.ui.editor.CEditor" StartDate="2014-11-29 22:33:10.183 JST" StructureHandle="=Embedded{D-100~\/D-108_Aoki_TMR0\/D-108_v_2_5_3\/D-108_v_2_5_3.X\/D-108_v_2_5_3.c[_Setup#74(void" StructureKind="c/c++" NumEvents="3" CreationCount="241"/><InteractionEvent Delta="null" EndDate="2014-11-29 22:25:03.795 JST" Interest="35.447" Kind="propagation" Navigation="org.eclipse.mylyn.core.model.edges.containment" OriginId="org.eclipse.mylyn.core.model.interest.propagation" StartDate="2014-11-24 11:58:15.474 JST" StructureHandle="/Embedded/D-100~/D-101/Test_MPLAB_X.X" StructureKind="resource" NumEvents="41" CreationCount="36"/><InteractionEvent Delta="null" EndDate="2014-11-29 22:27:07.209 JST" Interest="1.0" Kind="prediction" Navigation="null" OriginId="org.eclipse.mylyn.resources.ui.interest.updater" StartDate="2014-11-29 22:27:07.209 JST" StructureHandle="/Embedded/D-100~/D-108_Aoki_TMR0/D-108_v_2_5_3/D-108_v_2_5_3.X/funclist" StructureKind="resource"/><InteractionEvent Delta="null" EndDate="2014-11-29 22:25:03.794 JST" Interest="18.0" Kind="edit" Navigation="null" OriginId="org.eclipse.cdt.ui.editor.CEditor" StartDate="2014-11-24 11:58:15.564 JST" StructureHandle="/Embedded/D-100~/D-101/Test_MPLAB_X.X/test_1.c" StructureKind="resource" NumEvents="18" CreationCount="27"/><InteractionEvent Delta="null" EndDate="2014-11-29 22:24:54.162 JST" Interest="5.0" Kind="selection" Navigation="null" OriginId="org.eclipse.cdt.ui.editor.CEditor" StartDate="2014-11-24 11:58:15.473 JST" StructureHandle="/Embedded/D-100~/D-101/Test_MPLAB_X.X/test_1.c" StructureKind="resource" NumEvents="5" CreationCount="27"/><InteractionEvent Delta="null" EndDate="2014-11-29 22:25:03.791 JST" Interest="18.0" Kind="propagation" Navigation="null" OriginId="org.eclipse.cdt.ui.editor.CEditor" StartDate="2014-11-24 11:58:15.562 JST" StructureHandle="/Embedded/D-100~/D-101/Test_MPLAB_X.X/test_1.c" StructureKind="resource" NumEvents="18" CreationCount="27"/><InteractionEvent Delta="null" EndDate="2014-11-24 12:00:50.609 JST" Interest="2.0" Kind="selection" Navigation="null" OriginId="org.eclipse.ui.views.ResourceNavigator" StartDate="2014-11-24 12:00:43.431 JST" StructureHandle="/Embedded/D-90~/D-97_LCD" StructureKind="resource" NumEvents="2" CreationCount="57"/><InteractionEvent Delta="null" EndDate="2014-11-27 20:40:05.830 JST" Interest="6.3849993" Kind="propagation" Navigation="org.eclipse.mylyn.core.model.edges.containment" OriginId="org.eclipse.mylyn.core.model.interest.propagation" StartDate="2014-11-24 12:00:56.408 JST" StructureHandle="/Embedded/D-90~/D-97_LCD" StructureKind="resource" NumEvents="10" CreationCount="57"/><InteractionEvent Delta="null" EndDate="2014-11-29 22:40:10.54 JST" Interest="98.0" Kind="edit" Navigation="null" OriginId="org.eclipse.cdt.ui.editor.CEditor" StartDate="2014-11-24 11:56:22.492 JST" StructureHandle="=Embedded{D-100~\/D-108_Aoki_TMR0\/D-108_v_2_5_3\/D-108_v_2_5_3.X\/D-108_v_2_5_3.c" StructureKind="c/c++" NumEvents="98" CreationCount="40"/><InteractionEvent Delta="null" EndDate="2014-11-29 22:41:06.329 JST" Interest="11.0" Kind="selection" Navigation="null" OriginId="org.eclipse.cdt.ui.editor.CEditor" StartDate="2014-11-24 11:56:21.553 JST" StructureHandle="=Embedded{D-100~\/D-108_Aoki_TMR0\/D-108_v_2_5_3\/D-108_v_2_5_3.X\/D-108_v_2_5_3.c" StructureKind="c/c++" NumEvents="11" CreationCount="40"/><InteractionEvent Delta="null" EndDate="2014-11-29 22:41:06.334 JST" Interest="304.46802" Kind="propagation" Navigation="org.eclipse.mylyn.core.model.edges.containment" OriginId="org.eclipse.mylyn.core.model.interest.propagation" StartDate="2014-11-24 11:56:15.783 JST" StructureHandle="/Embedded/D-100~" StructureKind="resource" NumEvents="383" CreationCount="1"/><InteractionEvent Delta="null" EndDate="2014-11-29 22:24:51.931 JST" Interest="2.0" Kind="edit" Navigation="null" OriginId="org.eclipse.cdt.ui.editor.CEditor" StartDate="2014-11-29 22:24:51.343 JST" StructureHandle="=Embedded{D-100~\/D-108_Aoki_TMR0\/D-108_v_2_5_0\/D-108_v_2_5_0.X\/D-108_v_2_5_0.c[msg_num#76" StructureKind="c/c++" NumEvents="2" CreationCount="43"/><InteractionEvent Delta="null" EndDate="2014-11-29 22:24:50.700 JST" Interest="2.0" Kind="selection" Navigation="null" OriginId="org.eclipse.cdt.ui.editor.CEditor" StartDate="2014-11-24 11:57:26.454 JST" StructureHandle="=Embedded{D-100~\/D-108_Aoki_TMR0\/D-108_v_2_5_0\/D-108_v_2_5_0.X\/D-108_v_2_5_0.c[msg_num#76" StructureKind="c/c++" NumEvents="2" CreationCount="43"/><InteractionEvent Delta="null" EndDate="2014-11-24 12:00:31.674 JST" Interest="1.0" Kind="selection" Navigation="null" OriginId="org.eclipse.ui.views.ResourceNavigator" StartDate="2014-11-24 12:00:31.674 JST" StructureHandle="/Embedded/D-40_v-1.2" StructureKind="resource"/><InteractionEvent Delta="null" EndDate="2014-11-29 22:24:43.683 JST" Interest="3.0" Kind="propagation" Navigation="org.eclipse.mylyn.core.model.edges.containment" OriginId="org.eclipse.mylyn.core.model.interest.propagation" StartDate="2014-11-24 12:00:25.321 JST" StructureHandle="/Embedded/TEST" StructureKind="resource" NumEvents="3" CreationCount="52"/><InteractionEvent Delta="null" EndDate="2014-11-24 12:00:52.133 JST" Interest="1.0" Kind="selection" Navigation="null" OriginId="org.eclipse.ui.views.ResourceNavigator" StartDate="2014-11-24 12:00:52.133 JST" StructureHandle="/Embedded/D-90~/D-97_LCD/D-97_LCD_v-2.x" StructureKind="resource"/><InteractionEvent Delta="null" EndDate="2014-11-27 20:40:05.829 JST" Interest="7.656999" Kind="propagation" Navigation="org.eclipse.mylyn.core.model.edges.containment" OriginId="org.eclipse.mylyn.core.model.interest.propagation" StartDate="2014-11-24 12:00:53.788 JST" StructureHandle="/Embedded/D-90~/D-97_LCD/D-97_LCD_v-2.x" StructureKind="resource" NumEvents="12" CreationCount="41"/><InteractionEvent Delta="null" EndDate="2014-11-24 12:00:44.834 JST" Interest="2.0" Kind="selection" Navigation="null" OriginId="org.eclipse.ui.views.ResourceNavigator" StartDate="2014-11-24 12:00:39.655 JST" StructureHandle="/Embedded/D-90~/D-93_PIC16_F88_A-D-conv" StructureKind="resource" NumEvents="2" CreationCount="56"/><InteractionEvent Delta="null" EndDate="2014-11-29 22:36:28.257 JST" Interest="64.0" Kind="edit" Navigation="null" OriginId="org.eclipse.cdt.ui.editor.CEditor" StartDate="2014-11-29 22:32:06.971 JST" StructureHandle="=Embedded{D-100~\/D-108_Aoki_TMR0\/D-108_v_2_5_3\/D-108_v_2_5_3.X\/D-108_v_2_5_3.c[_Setup_Interrupt#74(void" StructureKind="c/c++" NumEvents="64" CreationCount="175"/><InteractionEvent Delta="null" EndDate="2014-11-29 22:36:21.472 JST" Interest="5.0" Kind="selection" Navigation="null" OriginId="org.eclipse.cdt.ui.editor.CEditor" StartDate="2014-11-29 22:32:03.665 JST" StructureHandle="=Embedded{D-100~\/D-108_Aoki_TMR0\/D-108_v_2_5_3\/D-108_v_2_5_3.X\/D-108_v_2_5_3.c[_Setup_Interrupt#74(void" StructureKind="c/c++" NumEvents="5" CreationCount="175"/><InteractionEvent Delta="null" EndDate="2014-11-29 22:41:06.335 JST" Interest="477.0" Kind="propagation" Navigation="org.eclipse.mylyn.core.model.edges.containment" OriginId="org.eclipse.mylyn.core.model.interest.propagation" StartDate="2014-11-24 11:56:15.783 JST" StructureHandle="/" StructureKind="resource" NumEvents="477" CreationCount="1"/><InteractionEvent Delta="null" EndDate="2014-11-29 22:25:03.787 JST" Interest="13.0" Kind="edit" Navigation="null" OriginId="org.eclipse.cdt.ui.editor.CEditor" StartDate="2014-11-24 11:58:16.467 JST" StructureHandle="=Embedded{D-100~\/D-101\/Test_MPLAB_X.X\/test_1.c" StructureKind="c/c++" NumEvents="13" CreationCount="37"/><InteractionEvent Delta="null" EndDate="2014-11-29 22:24:54.221 JST" Interest="4.0" Kind="selection" Navigation="null" OriginId="org.eclipse.cdt.ui.editor.CEditor" StartDate="2014-11-24 11:58:15.562 JST" StructureHandle="=Embedded{D-100~\/D-101\/Test_MPLAB_X.X\/test_1.c" StructureKind="c/c++" NumEvents="4" CreationCount="37"/><InteractionEvent Delta="null" EndDate="2014-11-24 11:57:16.865 JST" Interest="2.0" Kind="edit" Navigation="null" OriginId="org.eclipse.cdt.ui.editor.CEditor" StartDate="2014-11-24 11:57:16.189 JST" StructureHandle="=Embedded{D-100~\/D-108_Aoki_TMR0\/D-108_v_2_5_0\/D-108_v_2_5_0.X\/D-108_v_2_5_0.c" StructureKind="c/c++" NumEvents="2" CreationCount="19"/><InteractionEvent Delta="null" EndDate="2014-11-24 11:57:25.81 JST" Interest="2.0" Kind="selection" Navigation="null" OriginId="org.eclipse.cdt.ui.editor.CEditor" StartDate="2014-11-24 11:57:15.240 JST" StructureHandle="=Embedded{D-100~\/D-108_Aoki_TMR0\/D-108_v_2_5_0\/D-108_v_2_5_0.X\/D-108_v_2_5_0.c" StructureKind="c/c++" NumEvents="2" CreationCount="19"/><InteractionEvent Delta="null" EndDate="2014-11-24 11:57:23.272 JST" Interest="0.8019998" Kind="propagation" Navigation="org.eclipse.mylyn.core.model.edges.containment" OriginId="org.eclipse.mylyn.core.model.interest.propagation" StartDate="2014-11-24 11:57:22.687 JST" StructureHandle="=Embedded{D-100~\/D-108_Aoki_TMR0\/D-108_v_2_5_0\/D-108_v_2_5_0.X\/D-108_v_2_5_0.c" StructureKind="c/c++" NumEvents="2" CreationCount="19"/><InteractionEvent Delta="null" EndDate="2014-11-29 22:32:55.159 JST" Interest="1.0" Kind="selection" Navigation="null" OriginId="org.eclipse.cdt.ui.editor.CEditor" StartDate="2014-11-29 22:32:55.159 JST" StructureHandle="=Embedded{D-100~\/D-108_Aoki_TMR0\/D-108_v_2_5_3\/D-108_v_2_5_3.X\/D-108_v_2_5_3.c[msg_Hex#76" StructureKind="c/c++"/><InteractionEvent Delta="null" EndDate="2014-11-29 22:40:11.924 JST" Interest="5.103" Kind="manipulation" Navigation="null" OriginId="org.eclipse.mylyn.core.model.interest.decay.correction" StartDate="2014-11-29 22:40:11.924 JST" StructureHandle="=Embedded{D-100~\/D-108_Aoki_TMR0\/D-108_v_2_5_3\/D-108_v_2_5_3.X\/D-108_v_2_5_3.c[_While#74(void" StructureKind="c/c++"/><InteractionEvent Delta="null" EndDate="2014-11-29 22:40:11.924 JST" Interest="2.0" Kind="selection" Navigation="null" OriginId="org.eclipse.cdt.ui.editor.CEditor" StartDate="2014-11-29 22:31:55.662 JST" StructureHandle="=Embedded{D-100~\/D-108_Aoki_TMR0\/D-108_v_2_5_3\/D-108_v_2_5_3.X\/D-108_v_2_5_3.c[_While#74(void" StructureKind="c/c++" NumEvents="2" CreationCount="171"/><InteractionEvent Delta="null" EndDate="2014-11-24 11:56:19.40 JST" Interest="1.0" Kind="selection" Navigation="null" OriginId="org.eclipse.ui.navigator.ProjectExplorer" StartDate="2014-11-24 11:56:19.40 JST" StructureHandle="/Embedded/D-100~/D-108_Aoki_TMR0/D-108_v_2_5_3" StructureKind="resource"/><InteractionEvent Delta="null" EndDate="2014-11-29 22:41:06.333 JST" Interest="303.43402" Kind="propagation" Navigation="org.eclipse.mylyn.core.model.edges.containment" OriginId="org.eclipse.mylyn.core.model.interest.propagation" StartDate="2014-11-24 11:56:19.768 JST" StructureHandle="/Embedded/D-100~/D-108_Aoki_TMR0/D-108_v_2_5_3" StructureKind="resource" NumEvents="372" CreationCount="3"/><InteractionEvent Delta="null" EndDate="2014-11-24 11:57:11.644 JST" Interest="1.0" Kind="selection" Navigation="null" OriginId="org.eclipse.ui.navigator.ProjectExplorer" StartDate="2014-11-24 11:57:11.644 JST" StructureHandle="/Embedded/D-100~/D-108_Aoki_TMR0/D-108_v_2_5_2" StructureKind="resource"/><InteractionEvent Delta="null" EndDate="2014-11-24 11:57:23.271 JST" Interest="3.0" Kind="edit" Navigation="null" OriginId="org.eclipse.cdt.ui.editor.CEditor" StartDate="2014-11-24 11:57:22.651 JST" StructureHandle="=Embedded{D-100~\/D-108_Aoki_TMR0\/D-108_v_2_5_0\/D-108_v_2_5_0.X\/D-108_v_2_5_0.c[_While#74(void" StructureKind="c/c++" NumEvents="3" CreationCount="25"/><InteractionEvent Delta="null" EndDate="2014-11-24 11:57:22.119 JST" Interest="1.0" Kind="selection" Navigation="null" OriginId="org.eclipse.ui.views.ContentOutline" StartDate="2014-11-24 11:57:22.119 JST" StructureHandle="=Embedded{D-100~\/D-108_Aoki_TMR0\/D-108_v_2_5_0\/D-108_v_2_5_0.X\/D-108_v_2_5_0.c[_While#74(void" StructureKind="c/c++"/><InteractionEvent Delta="null" EndDate="2014-11-29 22:41:05.518 JST" Interest="10.0" Kind="edit" Navigation="null" OriginId="org.eclipse.cdt.ui.editor.CEditor" StartDate="2014-11-29 22:40:07.158 JST" StructureHandle="=Embedded{D-100~\/D-108_Aoki_TMR0\/D-108_v_2_5_3\/D-108_v_2_5_3.X\/D-108_v_2_5_3.c[intr#74" StructureKind="c/c++" NumEvents="10" CreationCount="521"/><InteractionEvent Delta="null" EndDate="2014-11-29 22:40:14.699 JST" Interest="2.0" Kind="selection" Navigation="null" OriginId="org.eclipse.cdt.ui.editor.CEditor" StartDate="2014-11-29 22:40:05.395 JST" StructureHandle="=Embedded{D-100~\/D-108_Aoki_TMR0\/D-108_v_2_5_3\/D-108_v_2_5_3.X\/D-108_v_2_5_3.c[intr#74" StructureKind="c/c++" NumEvents="2" CreationCount="521"/><InteractionEvent Delta="null" EndDate="2014-11-24 12:00:15.993 JST" Interest="2.0" Kind="selection" Navigation="null" OriginId="org.eclipse.ui.navigator.ProjectExplorer" StartDate="2014-11-24 11:57:12.15 JST" StructureHandle="/Embedded/D-100~/D-108_Aoki_TMR0/D-108_v_2_4_1" StructureKind="resource" NumEvents="2" CreationCount="15"/><InteractionEvent Delta="null" EndDate="2014-11-29 22:41:06.335 JST" Interest="304.46802" Kind="propagation" Navigation="org.eclipse.mylyn.core.model.edges.containment" OriginId="org.eclipse.mylyn.core.model.interest.propagation" StartDate="2014-11-24 11:56:15.783 JST" StructureHandle="=Embedded" StructureKind="c/c++" NumEvents="373" CreationCount="1"/><InteractionEvent Delta="null" EndDate="2014-11-29 22:41:06.335 JST" Interest="477.0" Kind="propagation" Navigation="null" OriginId="org.eclipse.cdt.ui.editor.CEditor" StartDate="2014-11-24 11:56:15.783 JST" StructureHandle="/Embedded" StructureKind="resource" NumEvents="477" CreationCount="1"/><InteractionEvent Delta="null" EndDate="2014-11-29 22:31:59.796 JST" Interest="1.0" Kind="selection" Navigation="null" OriginId="org.eclipse.cdt.ui.editor.CEditor" StartDate="2014-11-29 22:31:59.796 JST" StructureHandle="=Embedded{D-100~\/D-108_Aoki_TMR0\/D-108_v_2_5_3\/D-108_v_2_5_3.X\/D-108_v_2_5_3.c[_Display#74(void" StructureKind="c/c++"/><InteractionEvent Delta="null" EndDate="2014-11-24 11:56:19.767 JST" Interest="1.0" Kind="selection" Navigation="null" OriginId="org.eclipse.ui.navigator.ProjectExplorer" StartDate="2014-11-24 11:56:19.767 JST" StructureHandle="/Embedded/D-100~/D-108_Aoki_TMR0/D-108_v_2_5_3/D-108_v_2_5_3.X" StructureKind="resource"/><InteractionEvent Delta="null" EndDate="2014-11-29 22:41:06.332 JST" Interest="303.41702" Kind="propagation" Navigation="org.eclipse.mylyn.core.model.edges.containment" OriginId="org.eclipse.mylyn.core.model.interest.propagation" StartDate="2014-11-24 11:56:21.256 JST" StructureHandle="/Embedded/D-100~/D-108_Aoki_TMR0/D-108_v_2_5_3/D-108_v_2_5_3.X" StructureKind="resource" NumEvents="371" CreationCount="4"/><InteractionEvent Delta="null" EndDate="2014-11-29 22:25:14.417 JST" Interest="28.116999" Kind="propagation" Navigation="org.eclipse.mylyn.core.model.edges.containment" OriginId="org.eclipse.mylyn.core.model.interest.propagation" StartDate="2014-11-24 11:57:13.338 JST" StructureHandle="/Embedded/D-100~/D-108_Aoki_TMR0/D-108_v_2_5_0" StructureKind="resource" NumEvents="33" CreationCount="16"/><InteractionEvent Delta="null" EndDate="2014-11-29 22:41:06.331 JST" Interest="222.0" Kind="edit" Navigation="null" OriginId="org.eclipse.cdt.ui.editor.CEditor" StartDate="2014-11-24 11:56:21.555 JST" StructureHandle="/Embedded/D-100~/D-108_Aoki_TMR0/D-108_v_2_5_3/D-108_v_2_5_3.X/D-108_v_2_5_3.c" StructureKind="resource" NumEvents="222" CreationCount="5"/><InteractionEvent Delta="null" EndDate="2014-11-29 22:25:14.949 JST" Interest="4.0" Kind="selection" Navigation="null" OriginId="org.eclipse.cdt.ui.editor.CEditor" StartDate="2014-11-24 11:56:21.255 JST" StructureHandle="/Embedded/D-100~/D-108_Aoki_TMR0/D-108_v_2_5_3/D-108_v_2_5_3.X/D-108_v_2_5_3.c" StructureKind="resource" NumEvents="4" CreationCount="5"/><InteractionEvent Delta="null" EndDate="2014-11-29 22:41:06.329 JST" Interest="145.0" Kind="propagation" Navigation="null" OriginId="org.eclipse.cdt.ui.editor.CEditor" StartDate="2014-11-24 11:56:21.553 JST" StructureHandle="/Embedded/D-100~/D-108_Aoki_TMR0/D-108_v_2_5_3/D-108_v_2_5_3.X/D-108_v_2_5_3.c" StructureKind="resource" NumEvents="145" CreationCount="5"/></InteractionHistory>