<?xml version="1.0" encoding="UTF-8"?><InteractionHistory Id="local-101" Version="1"><InteractionEvent Delta="null" EndDate="2014-11-24 12:00:21.953 JST" Interest="18.872" Kind="propagation" Navigation="org.eclipse.mylyn.core.model.edges.containment" OriginId="org.eclipse.mylyn.core.model.interest.propagation" StartDate="2014-11-24 11:56:15.783 JST" StructureHandle="" StructureKind="c/c++" NumEvents="23" CreationCount="1"/><InteractionEvent Delta="null" EndDate="2014-11-24 11:59:09.307 JST" Interest="11.200001" Kind="propagation" Navigation="org.eclipse.mylyn.core.model.edges.containment" OriginId="org.eclipse.mylyn.core.model.interest.propagation" StartDate="2014-11-24 11:58:15.474 JST" StructureHandle="/Embedded/D-100~/D-101" StructureKind="resource" NumEvents="13" CreationCount="36"/><InteractionEvent Delta="null" EndDate="2014-11-24 11:57:11.517 JST" Interest="3.0" Kind="selection" Navigation="null" OriginId="org.eclipse.ui.navigator.ProjectExplorer" StartDate="2014-11-24 11:56:21.255 JST" StructureHandle="/Embedded/D-100~/D-108_Aoki_TMR0/D-108_v_2_5_3/D-108_v_2_5_3.X/D-108_v_2_5_3.c" StructureKind="resource" NumEvents="3" CreationCount="5"/><InteractionEvent Delta="null" EndDate="2014-11-24 11:56:23.165 JST" Interest="3.0" Kind="edit" Navigation="null" OriginId="org.eclipse.cdt.ui.editor.CEditor" StartDate="2014-11-24 11:56:21.555 JST" StructureHandle="/Embedded/D-100~/D-108_Aoki_TMR0/D-108_v_2_5_3/D-108_v_2_5_3.X/D-108_v_2_5_3.c" StructureKind="resource" NumEvents="3" CreationCount="5"/><InteractionEvent Delta="null" EndDate="2014-11-24 11:56:23.164 JST" Interest="3.0" Kind="propagation" Navigation="null" OriginId="org.eclipse.cdt.ui.editor.CEditor" StartDate="2014-11-24 11:56:21.553 JST" StructureHandle="/Embedded/D-100~/D-108_Aoki_TMR0/D-108_v_2_5_3/D-108_v_2_5_3.X/D-108_v_2_5_3.c" StructureKind="resource" NumEvents="3" CreationCount="5"/><InteractionEvent Delta="null" EndDate="2014-11-24 12:00:26.639 JST" Interest="2.0" Kind="selection" Navigation="null" OriginId="org.eclipse.ui.views.ResourceNavigator" StartDate="2014-11-24 12:00:25.321 JST" StructureHandle="/Embedded/TEST/D-108" StructureKind="resource" NumEvents="2" CreationCount="52"/><InteractionEvent Delta="null" EndDate="2014-11-24 12:00:53.787 JST" Interest="1.0" Kind="selection" Navigation="null" OriginId="org.eclipse.ui.views.ResourceNavigator" StartDate="2014-11-24 12:00:53.787 JST" StructureHandle="/Embedded/D-90~/D-97_LCD/D-97_LCD_v-2.x/D-97_LCD_v-2.2" StructureKind="resource"/><InteractionEvent Delta="null" EndDate="2014-11-24 20:49:50.137 JST" Interest="4.5169997" Kind="propagation" Navigation="org.eclipse.mylyn.core.model.edges.containment" OriginId="org.eclipse.mylyn.core.model.interest.propagation" StartDate="2014-11-24 12:00:56.102 JST" StructureHandle="/Embedded/D-90~/D-97_LCD/D-97_LCD_v-2.x/D-97_LCD_v-2.2" StructureKind="resource" NumEvents="7" CreationCount="61"/><InteractionEvent Delta="null" EndDate="2014-11-24 12:00:36.589 JST" Interest="1.0" Kind="selection" Navigation="null" OriginId="org.eclipse.ui.views.ResourceNavigator" StartDate="2014-11-24 12:00:36.589 JST" StructureHandle="/Embedded/D-90~" StructureKind="resource"/><InteractionEvent Delta="null" EndDate="2014-11-24 20:49:50.138 JST" Interest="4.6189995" Kind="propagation" Navigation="org.eclipse.mylyn.core.model.edges.containment" OriginId="org.eclipse.mylyn.core.model.interest.propagation" StartDate="2014-11-24 12:00:39.655 JST" StructureHandle="/Embedded/D-90~" StructureKind="resource" NumEvents="10" CreationCount="55"/><InteractionEvent Delta="null" EndDate="2014-11-24 11:57:13.338 JST" Interest="1.0" Kind="selection" Navigation="null" OriginId="org.eclipse.ui.navigator.ProjectExplorer" StartDate="2014-11-24 11:57:13.338 JST" StructureHandle="/Embedded/D-100~/D-108_Aoki_TMR0/D-108_v_2_5_0/D-108_v_2_5_0.X" StructureKind="resource"/><InteractionEvent Delta="null" EndDate="2014-11-24 12:00:15.821 JST" Interest="16.617" Kind="propagation" Navigation="org.eclipse.mylyn.core.model.edges.containment" OriginId="org.eclipse.mylyn.core.model.interest.propagation" StartDate="2014-11-24 11:57:14.956 JST" StructureHandle="/Embedded/D-100~/D-108_Aoki_TMR0/D-108_v_2_5_0/D-108_v_2_5_0.X" StructureKind="resource" NumEvents="20" CreationCount="16"/><InteractionEvent Delta="null" EndDate="2014-11-24 11:59:03.642 JST" Interest="1.0" Kind="selection" Navigation="null" OriginId="org.eclipse.cdt.ui.editor.CEditor" StartDate="2014-11-24 11:59:03.642 JST" StructureHandle="=Embedded{D-100~\/D-101\/Test_MPLAB_X.X\/test_1.c[main#74" StructureKind="c/c++"/><InteractionEvent Delta="null" EndDate="2014-11-24 12:00:15.821 JST" Interest="3.0" Kind="selection" Navigation="null" OriginId="org.eclipse.ui.navigator.ProjectExplorer" StartDate="2014-11-24 11:57:14.955 JST" StructureHandle="/Embedded/D-100~/D-108_Aoki_TMR0/D-108_v_2_5_0/D-108_v_2_5_0.X/D-108_v_2_5_0.c" StructureKind="resource" NumEvents="3" CreationCount="17"/><InteractionEvent Delta="null" EndDate="2014-11-24 11:57:26.457 JST" Interest="8.0" Kind="edit" Navigation="null" OriginId="org.eclipse.cdt.ui.editor.CEditor" StartDate="2014-11-24 11:57:15.243 JST" StructureHandle="/Embedded/D-100~/D-108_Aoki_TMR0/D-108_v_2_5_0/D-108_v_2_5_0.X/D-108_v_2_5_0.c" StructureKind="resource" NumEvents="8" CreationCount="17"/><InteractionEvent Delta="null" EndDate="2014-11-24 11:57:26.455 JST" Interest="9.0" Kind="propagation" Navigation="null" OriginId="org.eclipse.cdt.ui.editor.CEditor" StartDate="2014-11-24 11:57:15.241 JST" StructureHandle="/Embedded/D-100~/D-108_Aoki_TMR0/D-108_v_2_5_0/D-108_v_2_5_0.X/D-108_v_2_5_0.c" StructureKind="resource" NumEvents="9" CreationCount="17"/><InteractionEvent Delta="null" EndDate="2014-11-24 12:00:21.952 JST" Interest="3.0" Kind="selection" Navigation="null" OriginId="org.eclipse.ui.navigator.ProjectExplorer" StartDate="2014-11-24 11:56:15.782 JST" StructureHandle="/Embedded/D-100~/D-108_Aoki_TMR0" StructureKind="resource" NumEvents="3" CreationCount="1"/><InteractionEvent Delta="null" EndDate="2014-11-24 12:00:15.822 JST" Interest="15.871999" Kind="propagation" Navigation="org.eclipse.mylyn.core.model.edges.containment" OriginId="org.eclipse.mylyn.core.model.interest.propagation" StartDate="2014-11-24 11:56:21.474 JST" StructureHandle="/Embedded/D-100~/D-108_Aoki_TMR0" StructureKind="resource" NumEvents="20" CreationCount="1"/><InteractionEvent Delta="null" EndDate="2014-11-24 11:59:09.307 JST" Interest="11.200001" Kind="propagation" Navigation="org.eclipse.mylyn.core.model.edges.containment" OriginId="org.eclipse.mylyn.core.model.interest.propagation" StartDate="2014-11-24 11:58:15.474 JST" StructureHandle="/Embedded/D-100~/D-101/Test_MPLAB_X.X" StructureKind="resource" NumEvents="13" CreationCount="36"/><InteractionEvent Delta="null" EndDate="2014-11-24 11:58:15.473 JST" Interest="1.0" Kind="selection" Navigation="null" OriginId="org.eclipse.cdt.ui.editor.CEditor" StartDate="2014-11-24 11:58:15.473 JST" StructureHandle="/Embedded/D-100~/D-101/Test_MPLAB_X.X/test_1.c" StructureKind="resource"/><InteractionEvent Delta="null" EndDate="2014-11-24 11:59:09.307 JST" Interest="6.0" Kind="edit" Navigation="null" OriginId="org.eclipse.cdt.ui.editor.CEditor" StartDate="2014-11-24 11:58:15.564 JST" StructureHandle="/Embedded/D-100~/D-101/Test_MPLAB_X.X/test_1.c" StructureKind="resource" NumEvents="6" CreationCount="36"/><InteractionEvent Delta="null" EndDate="2014-11-24 11:59:09.306 JST" Interest="6.0" Kind="propagation" Navigation="null" OriginId="org.eclipse.cdt.ui.editor.CEditor" StartDate="2014-11-24 11:58:15.562 JST" StructureHandle="/Embedded/D-100~/D-101/Test_MPLAB_X.X/test_1.c" StructureKind="resource" NumEvents="6" CreationCount="36"/><InteractionEvent Delta="null" EndDate="2014-11-24 12:00:50.609 JST" Interest="2.0" Kind="selection" Navigation="null" OriginId="org.eclipse.ui.views.ResourceNavigator" StartDate="2014-11-24 12:00:43.431 JST" StructureHandle="/Embedded/D-90~/D-97_LCD" StructureKind="resource" NumEvents="2" CreationCount="57"/><InteractionEvent Delta="null" EndDate="2014-11-24 20:49:50.138 JST" Interest="3.5849996" Kind="propagation" Navigation="org.eclipse.mylyn.core.model.edges.containment" OriginId="org.eclipse.mylyn.core.model.interest.propagation" StartDate="2014-11-24 12:00:56.408 JST" StructureHandle="/Embedded/D-90~/D-97_LCD" StructureKind="resource" NumEvents="6" CreationCount="57"/><InteractionEvent Delta="null" EndDate="2014-11-24 11:56:21.553 JST" Interest="1.0" Kind="selection" Navigation="null" OriginId="org.eclipse.cdt.ui.editor.CEditor" StartDate="2014-11-24 11:56:21.553 JST" StructureHandle="=Embedded{D-100~\/D-108_Aoki_TMR0\/D-108_v_2_5_3\/D-108_v_2_5_3.X\/D-108_v_2_5_3.c" StructureKind="c/c++"/><InteractionEvent Delta="null" EndDate="2014-11-24 11:56:23.164 JST" Interest="2.0" Kind="edit" Navigation="null" OriginId="org.eclipse.cdt.ui.editor.CEditor" StartDate="2014-11-24 11:56:22.492 JST" StructureHandle="=Embedded{D-100~\/D-108_Aoki_TMR0\/D-108_v_2_5_3\/D-108_v_2_5_3.X\/D-108_v_2_5_3.c" StructureKind="c/c++" NumEvents="2" CreationCount="7"/><InteractionEvent Delta="null" EndDate="2014-11-24 12:00:21.953 JST" Interest="18.872" Kind="propagation" Navigation="org.eclipse.mylyn.core.model.edges.containment" OriginId="org.eclipse.mylyn.core.model.interest.propagation" StartDate="2014-11-24 11:56:15.783 JST" StructureHandle="/Embedded/D-100~" StructureKind="resource" NumEvents="33" CreationCount="1"/><InteractionEvent Delta="null" EndDate="2014-11-24 11:57:26.454 JST" Interest="1.0" Kind="selection" Navigation="null" OriginId="org.eclipse.cdt.ui.editor.CEditor" StartDate="2014-11-24 11:57:26.454 JST" StructureHandle="=Embedded{D-100~\/D-108_Aoki_TMR0\/D-108_v_2_5_0\/D-108_v_2_5_0.X\/D-108_v_2_5_0.c[msg_num#76" StructureKind="c/c++"/><InteractionEvent Delta="null" EndDate="2014-11-24 12:00:31.674 JST" Interest="1.0" Kind="selection" Navigation="null" OriginId="org.eclipse.ui.views.ResourceNavigator" StartDate="2014-11-24 12:00:31.674 JST" StructureHandle="/Embedded/D-40_v-1.2" StructureKind="resource"/><InteractionEvent Delta="null" EndDate="2014-11-24 12:00:26.639 JST" Interest="2.0" Kind="propagation" Navigation="org.eclipse.mylyn.core.model.edges.containment" OriginId="org.eclipse.mylyn.core.model.interest.propagation" StartDate="2014-11-24 12:00:25.321 JST" StructureHandle="/Embedded/TEST" StructureKind="resource" NumEvents="2" CreationCount="52"/><InteractionEvent Delta="null" EndDate="2014-11-24 12:00:52.133 JST" Interest="1.0" Kind="selection" Navigation="null" OriginId="org.eclipse.ui.views.ResourceNavigator" StartDate="2014-11-24 12:00:52.133 JST" StructureHandle="/Embedded/D-90~/D-97_LCD/D-97_LCD_v-2.x" StructureKind="resource"/><InteractionEvent Delta="null" EndDate="2014-11-24 20:49:50.138 JST" Interest="4.5339994" Kind="propagation" Navigation="org.eclipse.mylyn.core.model.edges.containment" OriginId="org.eclipse.mylyn.core.model.interest.propagation" StartDate="2014-11-24 12:00:53.788 JST" StructureHandle="/Embedded/D-90~/D-97_LCD/D-97_LCD_v-2.x" StructureKind="resource" NumEvents="8" CreationCount="60"/><InteractionEvent Delta="null" EndDate="2014-11-24 12:00:44.834 JST" Interest="2.0" Kind="selection" Navigation="null" OriginId="org.eclipse.ui.views.ResourceNavigator" StartDate="2014-11-24 12:00:39.655 JST" StructureHandle="/Embedded/D-90~/D-93_PIC16_F88_A-D-conv" StructureKind="resource" NumEvents="2" CreationCount="56"/><InteractionEvent Delta="null" EndDate="2014-11-24 20:49:50.138 JST" Interest="68.0" Kind="propagation" Navigation="org.eclipse.mylyn.core.model.edges.containment" OriginId="org.eclipse.mylyn.core.model.interest.propagation" StartDate="2014-11-24 11:56:15.783 JST" StructureHandle="/" StructureKind="resource" NumEvents="68" CreationCount="1"/><InteractionEvent Delta="null" EndDate="2014-11-24 11:59:09.305 JST" Interest="2.0" Kind="selection" Navigation="null" OriginId="org.eclipse.cdt.ui.editor.CEditor" StartDate="2014-11-24 11:58:15.562 JST" StructureHandle="=Embedded{D-100~\/D-101\/Test_MPLAB_X.X\/test_1.c" StructureKind="c/c++" NumEvents="2" CreationCount="37"/><InteractionEvent Delta="null" EndDate="2014-11-24 11:58:35.374 JST" Interest="3.0" Kind="edit" Navigation="null" OriginId="org.eclipse.cdt.ui.editor.CEditor" StartDate="2014-11-24 11:58:16.467 JST" StructureHandle="=Embedded{D-100~\/D-101\/Test_MPLAB_X.X\/test_1.c" StructureKind="c/c++" NumEvents="3" CreationCount="37"/><InteractionEvent Delta="null" EndDate="2014-11-24 11:57:25.81 JST" Interest="2.0" Kind="selection" Navigation="null" OriginId="org.eclipse.cdt.ui.editor.CEditor" StartDate="2014-11-24 11:57:15.240 JST" StructureHandle="=Embedded{D-100~\/D-108_Aoki_TMR0\/D-108_v_2_5_0\/D-108_v_2_5_0.X\/D-108_v_2_5_0.c" StructureKind="c/c++" NumEvents="2" CreationCount="19"/><InteractionEvent Delta="null" EndDate="2014-11-24 11:57:16.865 JST" Interest="2.0" Kind="edit" Navigation="null" OriginId="org.eclipse.cdt.ui.editor.CEditor" StartDate="2014-11-24 11:57:16.189 JST" StructureHandle="=Embedded{D-100~\/D-108_Aoki_TMR0\/D-108_v_2_5_0\/D-108_v_2_5_0.X\/D-108_v_2_5_0.c" StructureKind="c/c++" NumEvents="2" CreationCount="19"/><InteractionEvent Delta="null" EndDate="2014-11-24 11:57:23.272 JST" Interest="0.8019998" Kind="propagation" Navigation="org.eclipse.mylyn.core.model.edges.containment" OriginId="org.eclipse.mylyn.core.model.interest.propagation" StartDate="2014-11-24 11:57:22.687 JST" StructureHandle="=Embedded{D-100~\/D-108_Aoki_TMR0\/D-108_v_2_5_0\/D-108_v_2_5_0.X\/D-108_v_2_5_0.c" StructureKind="c/c++" NumEvents="2" CreationCount="19"/><InteractionEvent Delta="null" EndDate="2014-11-24 11:56:19.40 JST" Interest="1.0" Kind="selection" Navigation="null" OriginId="org.eclipse.ui.navigator.ProjectExplorer" StartDate="2014-11-24 11:56:19.40 JST" StructureHandle="/Embedded/D-100~/D-108_Aoki_TMR0/D-108_v_2_5_3" StructureKind="resource"/><InteractionEvent Delta="null" EndDate="2014-11-24 11:57:11.518 JST" Interest="7.134" Kind="propagation" Navigation="org.eclipse.mylyn.core.model.edges.containment" OriginId="org.eclipse.mylyn.core.model.interest.propagation" StartDate="2014-11-24 11:56:19.768 JST" StructureHandle="/Embedded/D-100~/D-108_Aoki_TMR0/D-108_v_2_5_3" StructureKind="resource" NumEvents="10" CreationCount="3"/><InteractionEvent Delta="null" EndDate="2014-11-24 11:57:11.644 JST" Interest="1.0" Kind="selection" Navigation="null" OriginId="org.eclipse.ui.navigator.ProjectExplorer" StartDate="2014-11-24 11:57:11.644 JST" StructureHandle="/Embedded/D-100~/D-108_Aoki_TMR0/D-108_v_2_5_2" StructureKind="resource"/><InteractionEvent Delta="null" EndDate="2014-11-24 11:57:22.119 JST" Interest="1.0" Kind="selection" Navigation="null" OriginId="org.eclipse.ui.views.ContentOutline" StartDate="2014-11-24 11:57:22.119 JST" StructureHandle="=Embedded{D-100~\/D-108_Aoki_TMR0\/D-108_v_2_5_0\/D-108_v_2_5_0.X\/D-108_v_2_5_0.c[_While#74(void" StructureKind="c/c++"/><InteractionEvent Delta="null" EndDate="2014-11-24 11:57:23.271 JST" Interest="3.0" Kind="edit" Navigation="null" OriginId="org.eclipse.cdt.ui.editor.CEditor" StartDate="2014-11-24 11:57:22.651 JST" StructureHandle="=Embedded{D-100~\/D-108_Aoki_TMR0\/D-108_v_2_5_0\/D-108_v_2_5_0.X\/D-108_v_2_5_0.c[_While#74(void" StructureKind="c/c++" NumEvents="3" CreationCount="25"/><InteractionEvent Delta="null" EndDate="2014-11-24 12:00:15.993 JST" Interest="2.0" Kind="selection" Navigation="null" OriginId="org.eclipse.ui.navigator.ProjectExplorer" StartDate="2014-11-24 11:57:12.15 JST" StructureHandle="/Embedded/D-100~/D-108_Aoki_TMR0/D-108_v_2_4_1" StructureKind="resource" NumEvents="2" CreationCount="15"/><InteractionEvent Delta="null" EndDate="2014-11-24 12:00:21.953 JST" Interest="18.872" Kind="propagation" Navigation="org.eclipse.mylyn.core.model.edges.containment" OriginId="org.eclipse.mylyn.core.model.interest.propagation" StartDate="2014-11-24 11:56:15.783 JST" StructureHandle="=Embedded" StructureKind="c/c++" NumEvents="23" CreationCount="1"/><InteractionEvent Delta="null" EndDate="2014-11-24 20:49:50.138 JST" Interest="68.0" Kind="propagation" Navigation="null" OriginId="org.eclipse.cdt.ui.editor.asm.AsmEditor" StartDate="2014-11-24 11:56:15.783 JST" StructureHandle="/Embedded" StructureKind="resource" NumEvents="68" CreationCount="1"/><InteractionEvent Delta="null" EndDate="2014-11-24 11:56:19.767 JST" Interest="1.0" Kind="selection" Navigation="null" OriginId="org.eclipse.ui.navigator.ProjectExplorer" StartDate="2014-11-24 11:56:19.767 JST" StructureHandle="/Embedded/D-100~/D-108_Aoki_TMR0/D-108_v_2_5_3/D-108_v_2_5_3.X" StructureKind="resource"/><InteractionEvent Delta="null" EndDate="2014-11-24 11:57:11.518 JST" Interest="7.1169996" Kind="propagation" Navigation="org.eclipse.mylyn.core.model.edges.containment" OriginId="org.eclipse.mylyn.core.model.interest.propagation" StartDate="2014-11-24 11:56:21.256 JST" StructureHandle="/Embedded/D-100~/D-108_Aoki_TMR0/D-108_v_2_5_3/D-108_v_2_5_3.X" StructureKind="resource" NumEvents="9" CreationCount="4"/><InteractionEvent Delta="null" EndDate="2014-11-24 12:00:15.822 JST" Interest="17.617" Kind="propagation" Navigation="org.eclipse.mylyn.core.model.edges.containment" OriginId="org.eclipse.mylyn.core.model.interest.propagation" StartDate="2014-11-24 11:57:13.338 JST" StructureHandle="/Embedded/D-100~/D-108_Aoki_TMR0/D-108_v_2_5_0" StructureKind="resource" NumEvents="21" CreationCount="16"/><InteractionEvent Delta="null" EndDate="2014-11-24 12:00:56.406 JST" Interest="2.0" Kind="selection" Navigation="null" OriginId="org.eclipse.cdt.ui.editor.asm.AsmEditor" StartDate="2014-11-24 12:00:56.102 JST" StructureHandle="/Embedded/D-90~/D-97_LCD/D-97_LCD_v-2.x/D-97_LCD_v-2.2/D-97_LCD_v-2.2.asm" StructureKind="resource" NumEvents="2" CreationCount="62"/><InteractionEvent Delta="null" EndDate="2014-11-24 20:49:50.135 JST" Interest="5.0" Kind="edit" Navigation="null" OriginId="org.eclipse.cdt.ui.editor.asm.AsmEditor" StartDate="2014-11-24 12:00:56.486 JST" StructureHandle="/Embedded/D-90~/D-97_LCD/D-97_LCD_v-2.x/D-97_LCD_v-2.2/D-97_LCD_v-2.2.asm" StructureKind="resource" NumEvents="5" CreationCount="62"/></InteractionHistory>