<?xml version="1.0" encoding="UTF-8"?><InteractionHistory Id="local-38" Version="1"><InteractionEvent Delta="null" EndDate="2014-09-22 15:54:03.380 JST" Interest="139.79701" Kind="propagation" Navigation="org.eclipse.mylyn.core.model.edges.containment" OriginId="org.eclipse.mylyn.core.model.interest.propagation" StartDate="2014-09-22 15:33:09.773 JST" StructureHandle="" StructureKind="c/c++" NumEvents="209" CreationCount="1"/><InteractionEvent Delta="null" EndDate="2014-09-22 15:40:06.546 JST" Interest="21.0" Kind="edit" Navigation="null" OriginId="org.eclipse.php.editor" StartDate="2014-09-22 15:36:25.278 JST" StructureHandle="/Cake_NR5/app/View/Articles/index.ctp" StructureKind="resource" NumEvents="21" CreationCount="26"/><InteractionEvent Delta="null" EndDate="2014-09-22 15:40:06.522 JST" Interest="8.0" Kind="selection" Navigation="null" OriginId="org.eclipse.php.editor" StartDate="2014-09-22 15:36:25.24 JST" StructureHandle="/Cake_NR5/app/View/Articles/index.ctp" StructureKind="resource" NumEvents="8" CreationCount="26"/><InteractionEvent Delta="null" EndDate="2014-09-22 15:54:03.390 JST" Interest="374.0" Kind="propagation" Navigation="null" OriginId="org.eclipse.php.editor" StartDate="2014-09-22 15:33:09.773 JST" StructureHandle="/Cake_NR5" StructureKind="resource" NumEvents="374" CreationCount="1"/><InteractionEvent Delta="null" EndDate="2014-09-22 15:54:03.378 JST" Interest="135.66101" Kind="propagation" Navigation="org.eclipse.mylyn.core.model.edges.containment" OriginId="org.eclipse.mylyn.core.model.interest.propagation" StartDate="2014-09-22 15:36:05.777 JST" StructureHandle="/Cake_NR5/app/View/Elements/articles" StructureKind="resource" NumEvents="195" CreationCount="9"/><InteractionEvent Delta="null" EndDate="2014-09-22 15:36:21.483 JST" Interest="4.0" Kind="selection" Navigation="null" OriginId="org.eclipse.ui.views.ResourceNavigator" StartDate="2014-09-22 15:36:04.157 JST" StructureHandle="/Cake_NR5/app/View/Elements/articles" StructureKind="resource" NumEvents="4" CreationCount="9"/><InteractionEvent Delta="null" EndDate="2014-09-22 15:49:56.857 JST" Interest="135.627" Kind="propagation" Navigation="org.eclipse.mylyn.core.model.edges.containment" OriginId="org.eclipse.mylyn.core.model.interest.propagation" StartDate="2014-09-22 15:36:08.557 JST" StructureHandle="/Cake_NR5/app/View/Elements/articles/index" StructureKind="resource" NumEvents="191" CreationCount="11"/><InteractionEvent Delta="null" EndDate="2014-09-22 15:36:39.679 JST" Interest="4.0" Kind="selection" Navigation="null" OriginId="org.eclipse.ui.views.ResourceNavigator" StartDate="2014-09-22 15:36:05.773 JST" StructureHandle="/Cake_NR5/app/View/Elements/articles/index" StructureKind="resource" NumEvents="4" CreationCount="11"/><InteractionEvent Delta="null" EndDate="2014-09-22 15:36:17.375 JST" Interest="2.0" Kind="selection" Navigation="null" OriginId="org.eclipse.ui.views.ResourceNavigator" StartDate="2014-09-22 15:36:17.373 JST" StructureHandle="/Cake_NR5/app/View/Elements/keywords" StructureKind="resource" NumEvents="2" CreationCount="22"/><InteractionEvent Delta="null" EndDate="2014-09-22 15:52:19.440 JST" Interest="28.268" Kind="propagation" Navigation="org.eclipse.mylyn.core.model.edges.containment" OriginId="org.eclipse.mylyn.core.model.interest.propagation" StartDate="2014-09-22 15:49:53.875 JST" StructureHandle="/Cake_NR5/app/webroot" StructureKind="resource" NumEvents="41" CreationCount="320"/><InteractionEvent Delta="null" EndDate="2014-09-22 15:49:52.364 JST" Interest="2.0" Kind="selection" Navigation="null" OriginId="org.eclipse.ui.views.ResourceNavigator" StartDate="2014-09-22 15:49:52.363 JST" StructureHandle="/Cake_NR5/app/webroot" StructureKind="resource" NumEvents="2" CreationCount="320"/><InteractionEvent Delta="null" EndDate="2014-09-22 15:54:03.380 JST" Interest="139.79701" Kind="propagation" Navigation="org.eclipse.mylyn.core.model.edges.containment" OriginId="org.eclipse.mylyn.core.model.interest.propagation" StartDate="2014-09-22 15:33:09.773 JST" StructureHandle="=Cake_NR5" StructureKind="c/c++" NumEvents="210" CreationCount="1"/><InteractionEvent Delta="null" EndDate="2014-09-22 15:54:03.390 JST" Interest="374.0" Kind="propagation" Navigation="org.eclipse.mylyn.core.model.edges.containment" OriginId="org.eclipse.mylyn.core.model.interest.propagation" StartDate="2014-09-22 15:33:09.773 JST" StructureHandle="/" StructureKind="resource" NumEvents="374" CreationCount="1"/><InteractionEvent Delta="null" EndDate="2014-09-22 15:49:56.859 JST" Interest="137.763" Kind="propagation" Navigation="org.eclipse.mylyn.core.model.edges.containment" OriginId="org.eclipse.mylyn.core.model.interest.propagation" StartDate="2014-09-22 15:35:59.932 JST" StructureHandle="/Cake_NR5/app/View" StructureKind="resource" NumEvents="204" CreationCount="3"/><InteractionEvent Delta="null" EndDate="2014-09-22 15:35:59.363 JST" Interest="2.0" Kind="selection" Navigation="null" OriginId="org.eclipse.ui.views.ResourceNavigator" StartDate="2014-09-22 15:35:59.361 JST" StructureHandle="/Cake_NR5/app/View" StructureKind="resource" NumEvents="2" CreationCount="3"/><InteractionEvent Delta="null" EndDate="2014-09-22 15:54:03.379 JST" Interest="137.695" Kind="propagation" Navigation="org.eclipse.mylyn.core.model.edges.containment" OriginId="org.eclipse.mylyn.core.model.interest.propagation" StartDate="2014-09-22 15:36:04.160 JST" StructureHandle="/Cake_NR5/app/View/Elements" StructureKind="resource" NumEvents="200" CreationCount="7"/><InteractionEvent Delta="null" EndDate="2014-09-22 15:36:01.906 JST" Interest="2.0" Kind="selection" Navigation="null" OriginId="org.eclipse.ui.views.ResourceNavigator" StartDate="2014-09-22 15:36:01.904 JST" StructureHandle="/Cake_NR5/app/View/Elements" StructureKind="resource" NumEvents="2" CreationCount="7"/><InteractionEvent Delta="null" EndDate="2014-09-22 15:51:50.928 JST" Interest="36.0" Kind="edit" Navigation="null" OriginId="org.eclipse.wst.css.core.csssource.source" StartDate="2014-09-22 15:49:55.357 JST" StructureHandle="/Cake_NR5/app/webroot/css/main.css" StructureKind="resource" NumEvents="36" CreationCount="324"/><InteractionEvent Delta="null" EndDate="2014-09-22 15:52:19.439 JST" Interest="5.0" Kind="selection" Navigation="null" OriginId="org.eclipse.ui.views.ResourceNavigator" StartDate="2014-09-22 15:49:54.998 JST" StructureHandle="/Cake_NR5/app/webroot/css/main.css" StructureKind="resource" NumEvents="5" CreationCount="324"/><InteractionEvent Delta="null" EndDate="2014-09-22 15:54:03.379 JST" Interest="137.79701" Kind="propagation" Navigation="org.eclipse.mylyn.core.model.edges.containment" OriginId="org.eclipse.mylyn.core.model.interest.propagation" StartDate="2014-09-22 15:35:59.364 JST" StructureHandle="/Cake_NR5/app" StructureKind="resource" NumEvents="207" CreationCount="1"/><InteractionEvent Delta="null" EndDate="2014-09-22 15:33:09.774 JST" Interest="2.0" Kind="selection" Navigation="null" OriginId="org.eclipse.ui.views.ResourceNavigator" StartDate="2014-09-22 15:33:09.773 JST" StructureHandle="/Cake_NR5/app" StructureKind="resource" NumEvents="2" CreationCount="1"/><InteractionEvent Delta="null" EndDate="2014-09-22 15:52:19.535 JST" Interest="2.0" Kind="selection" Navigation="null" OriginId="org.eclipse.ui.views.ResourceNavigator" StartDate="2014-09-22 15:52:19.533 JST" StructureHandle="/Cake_NR5/app/View/Layouts" StructureKind="resource" NumEvents="2" CreationCount="370"/><InteractionEvent Delta="null" EndDate="2014-09-22 15:40:06.547 JST" Interest="21.057001" Kind="propagation" Navigation="org.eclipse.mylyn.core.model.edges.containment" OriginId="org.eclipse.mylyn.core.model.interest.propagation" StartDate="2014-09-22 15:36:25.28 JST" StructureHandle="/Cake_NR5/app/View/Articles" StructureKind="resource" NumEvents="28" CreationCount="5"/><InteractionEvent Delta="null" EndDate="2014-09-22 15:35:59.932 JST" Interest="2.0" Kind="selection" Navigation="null" OriginId="org.eclipse.ui.views.ResourceNavigator" StartDate="2014-09-22 15:35:59.930 JST" StructureHandle="/Cake_NR5/app/View/Articles" StructureKind="resource" NumEvents="2" CreationCount="5"/><InteractionEvent Delta="null" EndDate="2014-09-22 15:52:19.439 JST" Interest="28.234" Kind="propagation" Navigation="org.eclipse.mylyn.core.model.edges.containment" OriginId="org.eclipse.mylyn.core.model.interest.propagation" StartDate="2014-09-22 15:49:55.1 JST" StructureHandle="/Cake_NR5/app/webroot/css" StructureKind="resource" NumEvents="40" CreationCount="322"/><InteractionEvent Delta="null" EndDate="2014-09-22 15:49:53.875 JST" Interest="2.0" Kind="selection" Navigation="null" OriginId="org.eclipse.ui.views.ResourceNavigator" StartDate="2014-09-22 15:49:53.874 JST" StructureHandle="/Cake_NR5/app/webroot/css" StructureKind="resource" NumEvents="2" CreationCount="322"/><InteractionEvent Delta="null" EndDate="2014-09-22 15:49:56.857 JST" Interest="183.0" Kind="edit" Navigation="null" OriginId="org.eclipse.php.editor" StartDate="2014-09-22 15:37:01.555 JST" StructureHandle="/Cake_NR5/app/View/Elements/articles/index/_idx_test_D_9_V_1_1_Header.ctp" StructureKind="resource" NumEvents="183" CreationCount="42"/><InteractionEvent Delta="null" EndDate="2014-09-22 15:36:56.479 JST" Interest="1.0" Kind="propagation" Navigation="null" OriginId="org.eclipse.mylyn.resources.ui.interest.updater" StartDate="2014-09-22 15:36:56.479 JST" StructureHandle="/Cake_NR5/app/View/Elements/articles/index/_idx_test_D_9_V_1_1_Header.ctp" StructureKind="resource"/><InteractionEvent Delta="null" EndDate="2014-09-22 15:49:56.832 JST" Interest="10.0" Kind="selection" Navigation="null" OriginId="org.eclipse.php.editor" StartDate="2014-09-22 15:36:58.418 JST" StructureHandle="/Cake_NR5/app/View/Elements/articles/index/_idx_test_D_9_V_1_1_Header.ctp" StructureKind="resource" NumEvents="10" CreationCount="42"/><InteractionEvent Delta="null" EndDate="2014-09-22 15:54:03.388 JST" Interest="71.0" Kind="edit" Navigation="null" OriginId="org.eclipse.php.editor" StartDate="2014-09-22 15:36:08.847 JST" StructureHandle="/Cake_NR5/app/View/Elements/articles/index/_idx_test_D_9_V_1_1.ctp" StructureKind="resource" NumEvents="71" CreationCount="13"/><InteractionEvent Delta="null" EndDate="2014-09-22 15:54:03.377 JST" Interest="15.0" Kind="selection" Navigation="null" OriginId="org.eclipse.php.editor" StartDate="2014-09-22 15:36:08.552 JST" StructureHandle="/Cake_NR5/app/View/Elements/articles/index/_idx_test_D_9_V_1_1.ctp" StructureKind="resource" NumEvents="15" CreationCount="13"/></InteractionHistory>