<?xml version="1.0" encoding="UTF-8"?><InteractionHistory Id="local-6" Version="1"><InteractionEvent Delta="null" EndDate="2014-09-05 15:31:15.856 JST" Interest="1.0" Kind="selection" Navigation="null" OriginId="org.eclipse.cdt.ui.editor.CEditor" StartDate="2014-09-05 15:31:15.856 JST" StructureHandle="=step2{step2.cpp[start_x#76" StructureKind="c/c++"/><InteractionEvent Delta="null" EndDate="2014-08-27 14:12:44.21 JST" Interest="414.017" Kind="propagation" Navigation="org.eclipse.mylyn.core.model.edges.containment" OriginId="org.eclipse.mylyn.core.model.interest.propagation" StartDate="2014-08-27 13:16:35.635 JST" StructureHandle="" StructureKind="c/c++" NumEvents="415" CreationCount="1"/><InteractionEvent Delta="null" EndDate="2014-09-05 15:25:30.559 JST" Interest="6.0" Kind="selection" Navigation="null" OriginId="org.eclipse.ui.navigator.ProjectExplorer" StartDate="2014-09-05 15:05:36.530 JST" StructureHandle="/step1/step1.cbp" StructureKind="resource" NumEvents="6" CreationCount="952"/><InteractionEvent Delta="null" EndDate="2014-09-05 15:12:12.345 JST" Interest="25.0" Kind="edit" Navigation="null" OriginId="org.eclipse.ui.DefaultTextEditor" StartDate="2014-09-05 15:05:36.552 JST" StructureHandle="/step1/step1.cbp" StructureKind="resource" NumEvents="25" CreationCount="952"/><InteractionEvent Delta="null" EndDate="2014-09-05 15:26:31.107 JST" Interest="2.0" Kind="propagation" Navigation="null" OriginId="org.eclipse.ui.navigator.ProjectExplorer" StartDate="2014-09-05 15:26:19.620 JST" StructureHandle="/step1/storage/step1.cpp" StructureKind="resource" NumEvents="2" CreationCount="1009"/><InteractionEvent Delta="null" EndDate="2014-09-05 15:29:53.971 JST" Interest="19.0" Kind="selection" Navigation="null" OriginId="org.eclipse.cdt.ui.editor.CEditor" StartDate="2014-09-05 15:26:08.690 JST" StructureHandle="=step1/{dm1.h" StructureKind="c/c++" NumEvents="19" CreationCount="1004"/><InteractionEvent Delta="null" EndDate="2014-09-05 15:29:53.973 JST" Interest="44.0" Kind="edit" Navigation="null" OriginId="org.eclipse.cdt.ui.editor.CEditor" StartDate="2014-09-05 15:28:04.186 JST" StructureHandle="=step1/{dm1.h" StructureKind="c/c++" NumEvents="44" CreationCount="1004"/><InteractionEvent Delta="null" EndDate="2014-09-05 15:26:19.622 JST" Interest="1.0" Kind="propagation" Navigation="null" OriginId="org.eclipse.mylyn.resources.ui.interest.updater" StartDate="2014-09-05 15:26:19.622 JST" StructureHandle="/step1/storage/dm1.h" StructureKind="resource"/><InteractionEvent Delta="null" EndDate="2014-09-05 15:29:19.166 JST" Interest="5.0" Kind="selection" Navigation="null" OriginId="org.eclipse.cdt.ui.editor.CEditor" StartDate="2014-09-05 15:28:14.817 JST" StructureHandle="=step2{dm2.h[R#77" StructureKind="c/c++" NumEvents="5" CreationCount="1041"/><InteractionEvent Delta="null" EndDate="2014-09-05 15:28:18.888 JST" Interest="2.0" Kind="edit" Navigation="null" OriginId="org.eclipse.cdt.ui.editor.CEditor" StartDate="2014-09-05 15:28:18.171 JST" StructureHandle="=step2{dm2.h[R#77" StructureKind="c/c++" NumEvents="2" CreationCount="1041"/><InteractionEvent Delta="null" EndDate="2014-09-05 15:29:20.470 JST" Interest="3.0" Kind="selection" Navigation="null" OriginId="org.eclipse.cdt.ui.editor.CEditor" StartDate="2014-09-05 15:29:14.721 JST" StructureHandle="=step1/{dm1.h[setDrawStuff#73(void\(*)\(int)(void\(*)\(int)" StructureKind="c/c++" NumEvents="3" CreationCount="1100"/><InteractionEvent Delta="null" EndDate="2014-09-05 14:27:57.231 JST" Interest="9.817" Kind="propagation" Navigation="org.eclipse.mylyn.core.model.edges.containment" OriginId="org.eclipse.mylyn.core.model.interest.propagation" StartDate="2014-08-30 23:10:05.291 JST" StructureHandle="/Embedded/D-90~/D-91_PIC16_color_changer/D-91_PIC16_color_changer_v-1.0" StructureKind="resource" NumEvents="12" CreationCount="407"/><InteractionEvent Delta="null" EndDate="2014-09-05 14:27:59.189 JST" Interest="2.0" Kind="selection" Navigation="null" OriginId="org.eclipse.ui.views.ResourceNavigator" StartDate="2014-08-30 23:09:59.678 JST" StructureHandle="/Embedded/D-90~/D-91_PIC16_color_changer/D-91_PIC16_color_changer_v-1.0" StructureKind="resource" NumEvents="2" CreationCount="407"/><InteractionEvent Delta="null" EndDate="2014-09-05 14:27:59.189 JST" Interest="10.834001" Kind="propagation" Navigation="org.eclipse.mylyn.core.model.edges.containment" OriginId="org.eclipse.mylyn.core.model.interest.propagation" StartDate="2014-08-30 23:09:59.679 JST" StructureHandle="/Embedded/D-90~/D-91_PIC16_color_changer" StructureKind="resource" NumEvents="14" CreationCount="406"/><InteractionEvent Delta="null" EndDate="2014-08-30 23:09:58.969 JST" Interest="1.0" Kind="selection" Navigation="null" OriginId="org.eclipse.ui.navigator.ProjectExplorer" StartDate="2014-08-30 23:09:58.969 JST" StructureHandle="/Embedded/D-90~/D-91_PIC16_color_changer" StructureKind="resource"/><InteractionEvent Delta="null" EndDate="2014-09-05 15:24:34.140 JST" Interest="1.017" Kind="propagation" Navigation="org.eclipse.mylyn.core.model.edges.containment" OriginId="org.eclipse.mylyn.core.model.interest.propagation" StartDate="2014-09-05 15:24:32.912 JST" StructureHandle="=ODE_Tut_10" StructureKind="c/c++" NumEvents="2" CreationCount="990"/><InteractionEvent Delta="null" EndDate="2014-09-05 16:22:15.398 JST" Interest="1441.0" Kind="propagation" Navigation="null" OriginId="org.eclipse.cdt.ui.editor.CEditor" StartDate="2014-08-27 13:16:35.635 JST" StructureHandle="/step1" StructureKind="resource" NumEvents="1441" CreationCount="1"/><InteractionEvent Delta="null" EndDate="2014-09-05 15:32:12.568 JST" Interest="107.0" Kind="propagation" Navigation="null" OriginId="org.eclipse.cdt.ui.editor.CEditor" StartDate="2014-09-05 15:27:49.185 JST" StructureHandle="/step2" StructureKind="resource" NumEvents="107" CreationCount="1014"/><InteractionEvent Delta="null" EndDate="2014-09-05 15:32:22.687 JST" Interest="1.0" Kind="selection" Navigation="null" OriginId="org.eclipse.cdt.ui.editor.CEditor" StartDate="2014-09-05 15:32:22.687 JST" StructureHandle="=step1/{dm1.cpp[setDrawStuff#74(void\(*)\(int)(void\(*)\(int)" StructureKind="c/c++"/><InteractionEvent Delta="null" EndDate="2014-08-30 23:10:05.482 JST" Interest="1.0" Kind="selection" Navigation="null" OriginId="org.eclipse.cdt.ui.editor.CEditor" StartDate="2014-08-30 23:10:05.482 JST" StructureHandle="=Embedded{D-90~\/D-91_PIC16_color_changer\/D-91_PIC16_color_changer_v-1.0\/D-91_PIC16_color_changer_v-1.0.c" StructureKind="c/c++"/><InteractionEvent Delta="null" EndDate="2014-09-05 14:27:54.964 JST" Interest="3.0" Kind="edit" Navigation="null" OriginId="org.eclipse.cdt.ui.editor.CEditor" StartDate="2014-08-30 23:10:06.592 JST" StructureHandle="=Embedded{D-90~\/D-91_PIC16_color_changer\/D-91_PIC16_color_changer_v-1.0\/D-91_PIC16_color_changer_v-1.0.c" StructureKind="c/c++" NumEvents="3" CreationCount="409"/><InteractionEvent Delta="null" EndDate="2014-09-05 15:35:30.74 JST" Interest="2.0" Kind="selection" Navigation="null" OriginId="org.eclipse.cdt.ui.editor.CEditor" StartDate="2014-09-05 15:33:23.339 JST" StructureHandle="=step1/{dm1.cpp[dmLoop#74(int(int(void\(*)\(int)(void\(*)\(int)" StructureKind="c/c++" NumEvents="2" CreationCount="1275"/><InteractionEvent Delta="null" EndDate="2014-09-05 15:31:15.857 JST" Interest="16.0" Kind="propagation" Navigation="null" OriginId="org.eclipse.cdt.ui.editor.CEditor" StartDate="2014-09-05 15:30:06.880 JST" StructureHandle="/step2/step2.cpp" StructureKind="resource" NumEvents="16" CreationCount="1133"/><InteractionEvent Delta="null" EndDate="2014-09-05 15:31:12.554 JST" Interest="9.0" Kind="selection" Navigation="null" OriginId="org.eclipse.cdt.ui.editor.CEditor" StartDate="2014-09-05 15:30:06.595 JST" StructureHandle="/step2/step2.cpp" StructureKind="resource" NumEvents="9" CreationCount="1133"/><InteractionEvent Delta="null" EndDate="2014-09-05 15:31:15.859 JST" Interest="16.0" Kind="edit" Navigation="null" OriginId="org.eclipse.cdt.ui.editor.CEditor" StartDate="2014-09-05 15:30:06.881 JST" StructureHandle="/step2/step2.cpp" StructureKind="resource" NumEvents="16" CreationCount="1133"/><InteractionEvent Delta="null" EndDate="2014-09-05 15:31:02.737 JST" Interest="9.982" Kind="manipulation" Navigation="null" OriginId="org.eclipse.mylyn.core.model.interest.decay.correction" StartDate="2014-09-05 15:31:02.737 JST" StructureHandle="=step1/{step1.cpp[R#76" StructureKind="c/c++"/><InteractionEvent Delta="null" EndDate="2014-09-05 15:31:02.737 JST" Interest="2.0" Kind="selection" Navigation="null" OriginId="org.eclipse.cdt.ui.editor.CEditor" StartDate="2014-09-05 14:32:55.21 JST" StructureHandle="=step1/{step1.cpp[R#76" StructureKind="c/c++" NumEvents="2" CreationCount="561"/><InteractionEvent Delta="null" EndDate="2014-09-05 15:31:03.769 JST" Interest="1.0" Kind="edit" Navigation="null" OriginId="org.eclipse.cdt.ui.editor.CEditor" StartDate="2014-09-05 15:31:03.769 JST" StructureHandle="=step1/{step1.cpp[R#76" StructureKind="c/c++"/><InteractionEvent Delta="null" EndDate="2014-09-05 15:27:49.184 JST" Interest="1.0" Kind="propagation" Navigation="null" OriginId="org.eclipse.mylyn.resources.ui.interest.updater" StartDate="2014-09-05 15:27:49.184 JST" StructureHandle="/step2/step2.exe" StructureKind="resource"/><InteractionEvent Delta="null" EndDate="2014-09-05 15:32:05.718 JST" Interest="2.046" Kind="manipulation" Navigation="null" OriginId="org.eclipse.mylyn.core.model.interest.decay.correction" StartDate="2014-09-05 15:32:05.718 JST" StructureHandle="=step1/{dm1.cpp" StructureKind="c/c++"/><InteractionEvent Delta="null" EndDate="2014-09-05 15:35:46.846 JST" Interest="13.0" Kind="selection" Navigation="null" OriginId="org.eclipse.cdt.ui.editor.CEditor" StartDate="2014-09-05 15:26:13.367 JST" StructureHandle="=step1/{dm1.cpp" StructureKind="c/c++" NumEvents="13" CreationCount="1006"/><InteractionEvent Delta="null" EndDate="2014-09-05 15:35:49.829 JST" Interest="17.0" Kind="edit" Navigation="null" OriginId="org.eclipse.cdt.ui.editor.CEditor" StartDate="2014-09-05 15:32:05.969 JST" StructureHandle="=step1/{dm1.cpp" StructureKind="c/c++" NumEvents="17" CreationCount="1006"/><InteractionEvent Delta="null" EndDate="2014-09-05 15:30:49.664 JST" Interest="3.0" Kind="selection" Navigation="null" OriginId="org.eclipse.cdt.ui.editor.CEditor" StartDate="2014-09-05 15:30:28.931 JST" StructureHandle="=step2{step2.cpp[dm2.h#75" StructureKind="c/c++" NumEvents="3" CreationCount="1167"/><InteractionEvent Delta="null" EndDate="2014-09-05 15:32:09.661 JST" Interest="2.7" Kind="propagation" Navigation="org.eclipse.mylyn.core.model.edges.containment" OriginId="org.eclipse.mylyn.core.model.interest.propagation" StartDate="2014-09-05 15:31:59.458 JST" StructureHandle="=step2{dm2.cpp" StructureKind="c/c++" NumEvents="3" CreationCount="1242"/><InteractionEvent Delta="null" EndDate="2014-09-05 14:36:33.825 JST" Interest="4.575001" Kind="manipulation" Navigation="null" OriginId="org.eclipse.mylyn.core.model.interest.decay.correction" StartDate="2014-09-05 14:36:33.825 JST" StructureHandle="=step1/{step1.cpp[size_box#76" StructureKind="c/c++"/><InteractionEvent Delta="null" EndDate="2014-09-05 14:36:33.825 JST" Interest="2.0" Kind="selection" Navigation="null" OriginId="org.eclipse.cdt.ui.editor.CEditor" StartDate="2014-08-27 13:43:41.559 JST" StructureHandle="=step1/{step1.cpp[size_box#76" StructureKind="c/c++" NumEvents="2" CreationCount="135"/><InteractionEvent Delta="null" EndDate="2014-09-05 14:36:54.634 JST" Interest="16.0" Kind="edit" Navigation="null" OriginId="org.eclipse.cdt.ui.editor.CEditor" StartDate="2014-08-27 13:43:43.725 JST" StructureHandle="=step1/{step1.cpp[size_box2#76" StructureKind="c/c++" NumEvents="16" CreationCount="135"/><InteractionEvent Delta="null" EndDate="2014-09-05 15:27:49.183 JST" Interest="1.0" Kind="propagation" Navigation="null" OriginId="org.eclipse.mylyn.resources.ui.interest.updater" StartDate="2014-09-05 15:27:49.183 JST" StructureHandle="/step2/step2.layout" StructureKind="resource"/><InteractionEvent Delta="null" EndDate="2014-09-05 16:22:15.398 JST" Interest="583.5" Kind="propagation" Navigation="org.eclipse.mylyn.core.model.edges.containment" OriginId="org.eclipse.mylyn.core.model.interest.propagation" StartDate="2014-08-27 13:16:46.540 JST" StructureHandle="=step1/" StructureKind="c/c++" NumEvents="803" CreationCount="2"/><InteractionEvent Delta="null" EndDate="2014-09-05 15:35:49.826 JST" Interest="1.0" Kind="selection" Navigation="null" OriginId="org.eclipse.cdt.ui.editor.CEditor" StartDate="2014-09-05 15:35:49.826 JST" StructureHandle="=step1/{dm1.cpp[start#74" StructureKind="c/c++"/><InteractionEvent Delta="null" EndDate="2014-09-05 14:34:05.552 JST" Interest="7.0" Kind="selection" Navigation="null" OriginId="org.eclipse.cdt.ui.editor.CEditor" StartDate="2014-09-05 14:29:23.247 JST" StructureHandle="=step1/{step1.cpp[_loop_D_6_V_2_0__Box#73(void" StructureKind="c/c++" NumEvents="7" CreationCount="477"/><InteractionEvent Delta="null" EndDate="2014-09-05 14:33:45.690 JST" Interest="2.0" Kind="edit" Navigation="null" OriginId="org.eclipse.cdt.ui.editor.CEditor" StartDate="2014-09-05 14:29:27.10 JST" StructureHandle="=step1/{step1.cpp[_loop_D_6_V_1_2#73(void" StructureKind="c/c++" NumEvents="2" CreationCount="477"/><InteractionEvent Delta="null" EndDate="2014-09-05 15:26:19.619 JST" Interest="1.0" Kind="propagation" Navigation="null" OriginId="org.eclipse.mylyn.resources.ui.interest.updater" StartDate="2014-09-05 15:26:19.619 JST" StructureHandle="=step1/&amp;lt;storage{dm1.cpp" StructureKind="c/c++"/><InteractionEvent Delta="null" EndDate="2014-09-05 15:26:25.492 JST" Interest="1.0" Kind="selection" Navigation="null" OriginId="org.eclipse.ui.navigator.ProjectExplorer" StartDate="2014-09-05 15:26:25.492 JST" StructureHandle="=step1/&amp;lt;storage{dm1.cpp" StructureKind="c/c++"/><InteractionEvent Delta="null" EndDate="2014-09-05 15:31:41.148 JST" Interest="3.0" Kind="selection" Navigation="null" OriginId="org.eclipse.cdt.ui.editor.CEditor" StartDate="2014-09-05 15:31:11.769 JST" StructureHandle="=step1/{step1.cpp[GREEN#79" StructureKind="c/c++" NumEvents="3" CreationCount="1219"/><InteractionEvent Delta="null" EndDate="2014-09-05 15:28:04.183 JST" Interest="1.0" Kind="selection" Navigation="null" OriginId="org.eclipse.cdt.ui.editor.CEditor" StartDate="2014-09-05 15:28:04.183 JST" StructureHandle="=step1/{dm1.h[ode\/ode.h#75" StructureKind="c/c++"/><InteractionEvent Delta="null" EndDate="2014-09-05 16:22:15.398 JST" Interest="1441.0" Kind="propagation" Navigation="org.eclipse.mylyn.core.model.edges.containment" OriginId="org.eclipse.mylyn.core.model.interest.propagation" StartDate="2014-08-27 13:16:35.635 JST" StructureHandle="/" StructureKind="resource" NumEvents="1446" CreationCount="1"/><InteractionEvent Delta="null" EndDate="2014-09-05 15:35:09.202 JST" Interest="12.841001" Kind="manipulation" Navigation="null" OriginId="org.eclipse.mylyn.core.model.interest.decay.correction" StartDate="2014-09-05 14:30:08.765 JST" StructureHandle="=step1/{step1.cpp[main#74" StructureKind="c/c++" NumEvents="2" CreationCount="431"/><InteractionEvent Delta="null" EndDate="2014-09-05 16:18:17.477 JST" Interest="5.0" Kind="selection" Navigation="null" OriginId="org.eclipse.cdt.ui.editor.CEditor" StartDate="2014-09-05 14:28:21.349 JST" StructureHandle="=step1/{step1.cpp[main#74" StructureKind="c/c++" NumEvents="5" CreationCount="431"/><InteractionEvent Delta="null" EndDate="2014-09-05 15:35:56.64 JST" Interest="4.0" Kind="edit" Navigation="null" OriginId="org.eclipse.cdt.ui.editor.CEditor" StartDate="2014-09-05 15:35:11.130 JST" StructureHandle="=step1/{step1.cpp[main#74" StructureKind="c/c++" NumEvents="4" CreationCount="431"/><InteractionEvent Delta="null" EndDate="2014-09-05 16:22:15.398 JST" Interest="1314.0" Kind="propagation" Navigation="null" OriginId="org.eclipse.cdt.ui.editor.CEditor" StartDate="2014-08-27 13:16:46.524 JST" StructureHandle="/step1/step1.cpp" StructureKind="resource" NumEvents="1314" CreationCount="2"/><InteractionEvent Delta="null" EndDate="2014-09-05 15:24:34.137 JST" Interest="1.0" Kind="selection" Navigation="null" OriginId="org.eclipse.cdt.ui.editor.CEditor" StartDate="2014-09-05 15:24:34.137 JST" StructureHandle="=ODE_Tut_10{C:\/ode-0.11.1\/myprog\/step2\/step2.cpp[command#74(int" StructureKind="c/c++"/><InteractionEvent Delta="null" EndDate="2014-08-27 13:16:35.635 JST" Interest="1.0" Kind="selection" Navigation="null" OriginId="org.eclipse.ui.views.ResourceNavigator" StartDate="2014-08-27 13:16:35.635 JST" StructureHandle="/step1/.project" StructureKind="resource"/><InteractionEvent Delta="null" EndDate="2014-09-05 15:26:19.618 JST" Interest="1.0" Kind="propagation" Navigation="null" OriginId="org.eclipse.mylyn.resources.ui.interest.updater" StartDate="2014-09-05 15:26:19.618 JST" StructureHandle="=step1/&amp;lt;storage{step1.cpp" StructureKind="c/c++"/><InteractionEvent Delta="null" EndDate="2014-09-05 15:26:31.107 JST" Interest="1.0" Kind="selection" Navigation="null" OriginId="org.eclipse.ui.navigator.ProjectExplorer" StartDate="2014-09-05 15:26:31.107 JST" StructureHandle="=step1/&amp;lt;storage{step1.cpp" StructureKind="c/c++"/><InteractionEvent Delta="null" EndDate="2014-09-05 15:32:11.331 JST" Interest="1.0" Kind="selection" Navigation="null" OriginId="org.eclipse.cdt.ui.editor.CEditor" StartDate="2014-09-05 15:32:11.331 JST" StructureHandle="=step2{dm2.cpp[fn#76" StructureKind="c/c++"/><InteractionEvent Delta="null" EndDate="2014-09-05 15:32:12.566 JST" Interest="1.0" Kind="edit" Navigation="null" OriginId="org.eclipse.cdt.ui.editor.CEditor" StartDate="2014-09-05 15:32:12.566 JST" StructureHandle="=step2{dm2.cpp[fn#76" StructureKind="c/c++"/><InteractionEvent Delta="null" EndDate="2014-09-05 15:24:34.138 JST" Interest="0.01700002" Kind="propagation" Navigation="org.eclipse.mylyn.core.model.edges.containment" OriginId="org.eclipse.mylyn.core.model.interest.propagation" StartDate="2014-09-05 15:24:34.138 JST" StructureHandle="=ODE_Tut_10{C:\/ode-0.11.1\/myprog\/step2\/step2.cpp" StructureKind="c/c++"/><InteractionEvent Delta="null" EndDate="2014-09-05 15:24:32.892 JST" Interest="1.0" Kind="selection" Navigation="null" OriginId="org.eclipse.cdt.ui.editor.CEditor" StartDate="2014-09-05 15:24:32.892 JST" StructureHandle="=ODE_Tut_10{C:\/ode-0.11.1\/myprog\/step2\/step2.cpp" StructureKind="c/c++"/><InteractionEvent Delta="null" EndDate="2014-09-05 14:27:59.190 JST" Interest="11.851001" Kind="propagation" Navigation="org.eclipse.mylyn.core.model.edges.containment" OriginId="org.eclipse.mylyn.core.model.interest.propagation" StartDate="2014-08-30 23:09:58.202 JST" StructureHandle="=Embedded" StructureKind="c/c++" NumEvents="16" CreationCount="405"/><InteractionEvent Delta="null" EndDate="2014-09-05 15:35:49.829 JST" Interest="38.0" Kind="propagation" Navigation="null" OriginId="org.eclipse.cdt.ui.editor.CEditor" StartDate="2014-09-05 15:26:13.367 JST" StructureHandle="/step1/dm1.cpp" StructureKind="resource" NumEvents="38" CreationCount="1006"/><InteractionEvent Delta="null" EndDate="2014-09-05 15:32:05.718 JST" Interest="2.0630002" Kind="manipulation" Navigation="null" OriginId="org.eclipse.mylyn.core.model.interest.decay.correction" StartDate="2014-09-05 15:32:05.718 JST" StructureHandle="/step1/dm1.cpp" StructureKind="resource"/><InteractionEvent Delta="null" EndDate="2014-09-05 15:30:44.999 JST" Interest="2.8980007" Kind="manipulation" Navigation="null" OriginId="org.eclipse.mylyn.core.model.interest.decay.correction" StartDate="2014-09-05 15:30:44.999 JST" StructureHandle="=step1/{step1.cpp[PURPLE#79" StructureKind="c/c++"/><InteractionEvent Delta="null" EndDate="2014-09-05 15:30:58.151 JST" Interest="5.0" Kind="selection" Navigation="null" OriginId="org.eclipse.cdt.ui.editor.CEditor" StartDate="2014-09-05 14:35:56.103 JST" StructureHandle="=step1/{step1.cpp[PURPLE#79" StructureKind="c/c++" NumEvents="5" CreationCount="687"/><InteractionEvent Delta="null" EndDate="2014-09-05 14:36:10.782 JST" Interest="5.0" Kind="edit" Navigation="null" OriginId="org.eclipse.cdt.ui.editor.CEditor" StartDate="2014-09-05 14:35:58.526 JST" StructureHandle="=step1/{step1.cpp[PURPLE#79" StructureKind="c/c++" NumEvents="5" CreationCount="687"/><InteractionEvent Delta="null" EndDate="2014-09-05 15:30:01.124 JST" Interest="4.0" Kind="selection" Navigation="null" OriginId="org.eclipse.cdt.ui.editor.CEditor" StartDate="2014-09-05 15:28:01.760 JST" StructureHandle="=step2{dm2.h[ode\/ode.h#75" StructureKind="c/c++" NumEvents="4" CreationCount="1018"/><InteractionEvent Delta="null" EndDate="2014-09-05 15:30:02.5 JST" Interest="2.0" Kind="edit" Navigation="null" OriginId="org.eclipse.cdt.ui.editor.CEditor" StartDate="2014-09-05 15:28:08.343 JST" StructureHandle="=step2{dm2.h[ode\/ode.h#75" StructureKind="c/c++" NumEvents="2" CreationCount="1018"/><InteractionEvent Delta="null" EndDate="2014-09-05 15:30:02.724 JST" Interest="15.0" Kind="propagation" Navigation="null" OriginId="org.eclipse.cdt.ui.editor.CEditor" StartDate="2014-09-05 15:28:01.771 JST" StructureHandle="/step2/dm2.h" StructureKind="resource" NumEvents="15" CreationCount="1016"/><InteractionEvent Delta="null" EndDate="2014-09-05 15:30:05.987 JST" Interest="14.0" Kind="selection" Navigation="null" OriginId="org.eclipse.ui.navigator.ProjectExplorer" StartDate="2014-09-05 15:28:01.478 JST" StructureHandle="/step2/dm2.h" StructureKind="resource" NumEvents="14" CreationCount="1016"/><InteractionEvent Delta="null" EndDate="2014-09-05 15:30:02.726 JST" Interest="15.0" Kind="edit" Navigation="null" OriginId="org.eclipse.cdt.ui.editor.CEditor" StartDate="2014-09-05 15:28:01.772 JST" StructureHandle="/step2/dm2.h" StructureKind="resource" NumEvents="15" CreationCount="1016"/><InteractionEvent Delta="null" EndDate="2014-09-05 15:29:53.973 JST" Interest="67.0" Kind="propagation" Navigation="null" OriginId="org.eclipse.cdt.ui.editor.CEditor" StartDate="2014-09-05 15:26:08.690 JST" StructureHandle="/step1/dm1.h" StructureKind="resource" NumEvents="67" CreationCount="1004"/><InteractionEvent Delta="null" EndDate="2014-09-05 14:27:59.190 JST" Interest="10.851001" Kind="propagation" Navigation="org.eclipse.mylyn.core.model.edges.containment" OriginId="org.eclipse.mylyn.core.model.interest.propagation" StartDate="2014-08-30 23:09:58.970 JST" StructureHandle="/Embedded/D-90~" StructureKind="resource" NumEvents="15" CreationCount="405"/><InteractionEvent Delta="null" EndDate="2014-08-30 23:09:58.202 JST" Interest="1.0" Kind="selection" Navigation="null" OriginId="org.eclipse.ui.navigator.ProjectExplorer" StartDate="2014-08-30 23:09:58.202 JST" StructureHandle="/Embedded/D-90~" StructureKind="resource"/><InteractionEvent Delta="null" EndDate="2014-09-05 14:37:55.847 JST" Interest="1.0" Kind="selection" Navigation="null" OriginId="org.eclipse.cdt.ui.editor.CEditor" StartDate="2014-09-05 14:37:55.847 JST" StructureHandle="=step1/{step1.cpp[_loop_D_6_V_1_2#74" StructureKind="c/c++"/><InteractionEvent Delta="null" EndDate="2014-09-05 16:18:46.666 JST" Interest="5.0" Kind="selection" Navigation="null" OriginId="org.eclipse.cdt.ui.editor.CEditor" StartDate="2014-09-05 16:15:53.925 JST" StructureHandle="=step1/{step1.cpp[command#74(int" StructureKind="c/c++" NumEvents="5" CreationCount="1434"/><InteractionEvent Delta="null" EndDate="2014-09-05 16:22:15.395 JST" Interest="66.0" Kind="edit" Navigation="null" OriginId="org.eclipse.cdt.ui.editor.CEditor" StartDate="2014-09-05 16:16:33.222 JST" StructureHandle="=step1/{step1.cpp[command#74(int" StructureKind="c/c++" NumEvents="66" CreationCount="1434"/><InteractionEvent Delta="null" EndDate="2014-08-27 13:52:00.963 JST" Interest="1.0" Kind="selection" Navigation="null" OriginId="org.eclipse.cdt.ui.editor.CEditor" StartDate="2014-08-27 13:52:00.963 JST" StructureHandle="=step1/{step1.cpp[j#76" StructureKind="c/c++"/><InteractionEvent Delta="null" EndDate="2014-09-05 15:30:23.504 JST" Interest="2.7340002" Kind="propagation" Navigation="org.eclipse.mylyn.core.model.edges.containment" OriginId="org.eclipse.mylyn.core.model.interest.propagation" StartDate="2014-09-05 15:30:10.634 JST" StructureHandle="=step2{step2.cpp" StructureKind="c/c++" NumEvents="4" CreationCount="1135"/><InteractionEvent Delta="null" EndDate="2014-09-05 15:30:26.419 JST" Interest="3.0" Kind="selection" Navigation="null" OriginId="org.eclipse.cdt.ui.editor.CEditor" StartDate="2014-09-05 15:30:06.880 JST" StructureHandle="=step2{step2.cpp" StructureKind="c/c++" NumEvents="3" CreationCount="1135"/><InteractionEvent Delta="null" EndDate="2014-09-05 14:37:34.84 JST" Interest="8.679001" Kind="manipulation" Navigation="null" OriginId="org.eclipse.mylyn.core.model.interest.decay.correction" StartDate="2014-08-27 13:50:34.167 JST" StructureHandle="=step1/{step1.cpp[loc_box#76" StructureKind="c/c++" NumEvents="2" CreationCount="55"/><InteractionEvent Delta="null" EndDate="2014-09-05 14:37:34.84 JST" Interest="4.0" Kind="selection" Navigation="null" OriginId="org.eclipse.ui.views.ContentOutline" StartDate="2014-08-27 13:19:43.895 JST" StructureHandle="=step1/{step1.cpp[loc_box#76" StructureKind="c/c++" NumEvents="4" CreationCount="55"/><InteractionEvent Delta="null" EndDate="2014-09-05 14:37:49.78 JST" Interest="7.0" Kind="edit" Navigation="null" OriginId="org.eclipse.cdt.ui.editor.CEditor" StartDate="2014-09-05 14:37:35.477 JST" StructureHandle="=step1/{step1.cpp[loc_box2#76" StructureKind="c/c++" NumEvents="7" CreationCount="55"/><InteractionEvent Delta="null" EndDate="2014-09-05 15:31:12.587 JST" Interest="2.0" Kind="selection" Navigation="null" OriginId="org.eclipse.cdt.ui.editor.CEditor" StartDate="2014-09-05 15:30:52.783 JST" StructureHandle="=step2{step2.cpp[R#76" StructureKind="c/c++" NumEvents="2" CreationCount="1195"/><InteractionEvent Delta="null" EndDate="2014-09-05 15:30:56.203 JST" Interest="2.0" Kind="edit" Navigation="null" OriginId="org.eclipse.cdt.ui.editor.CEditor" StartDate="2014-09-05 15:30:54.546 JST" StructureHandle="=step2{step2.cpp[R#76" StructureKind="c/c++" NumEvents="2" CreationCount="1195"/><InteractionEvent Delta="null" EndDate="2014-09-05 15:31:09.612 JST" Interest="1.0" Kind="selection" Navigation="null" OriginId="org.eclipse.ui.views.ContentOutline" StartDate="2014-09-05 15:31:09.612 JST" StructureHandle="=step1/{step1.cpp[loc_box#76" StructureKind="c/c++"/><InteractionEvent Delta="null" EndDate="2014-09-05 14:27:54.965 JST" Interest="4.0" Kind="propagation" Navigation="null" OriginId="org.eclipse.cdt.ui.editor.CEditor" StartDate="2014-08-30 23:10:05.483 JST" StructureHandle="/Embedded/D-90~/D-91_PIC16_color_changer/D-91_PIC16_color_changer_v-1.0/D-91_PIC16_color_changer_v-1.0.c" StructureKind="resource" NumEvents="4" CreationCount="408"/><InteractionEvent Delta="null" EndDate="2014-09-05 14:27:57.230 JST" Interest="4.0" Kind="selection" Navigation="null" OriginId="org.eclipse.ui.views.ResourceNavigator" StartDate="2014-08-30 23:10:05.290 JST" StructureHandle="/Embedded/D-90~/D-91_PIC16_color_changer/D-91_PIC16_color_changer_v-1.0/D-91_PIC16_color_changer_v-1.0.c" StructureKind="resource" NumEvents="4" CreationCount="408"/><InteractionEvent Delta="null" EndDate="2014-09-05 14:27:54.967 JST" Interest="4.0" Kind="edit" Navigation="null" OriginId="org.eclipse.cdt.ui.editor.CEditor" StartDate="2014-08-30 23:10:05.519 JST" StructureHandle="/Embedded/D-90~/D-91_PIC16_color_changer/D-91_PIC16_color_changer_v-1.0/D-91_PIC16_color_changer_v-1.0.c" StructureKind="resource" NumEvents="4" CreationCount="408"/><InteractionEvent Delta="null" EndDate="2014-09-05 16:09:10.178 JST" Interest="5.0" Kind="selection" Navigation="null" OriginId="org.eclipse.cdt.ui.editor.CEditor" StartDate="2014-09-05 15:34:07.301 JST" StructureHandle="=step1/{step1.cpp[drawWall#74" StructureKind="c/c++" NumEvents="5" CreationCount="1285"/><InteractionEvent Delta="null" EndDate="2014-09-05 16:15:07.780 JST" Interest="25.0" Kind="edit" Navigation="null" OriginId="org.eclipse.cdt.ui.editor.CEditor" StartDate="2014-09-05 15:35:03.56 JST" StructureHandle="=step1/{step1.cpp[drawWall#74" StructureKind="c/c++" NumEvents="25" CreationCount="1285"/><InteractionEvent Delta="null" EndDate="2014-09-05 15:27:49.182 JST" Interest="1.0" Kind="propagation" Navigation="null" OriginId="org.eclipse.mylyn.resources.ui.interest.updater" StartDate="2014-09-05 15:27:49.182 JST" StructureHandle="/step2/step2.depend" StructureKind="resource"/><InteractionEvent Delta="null" EndDate="2014-09-05 15:29:57.564 JST" Interest="0.7340001" Kind="manipulation" Navigation="null" OriginId="org.eclipse.mylyn.core.model.interest.decay.correction" StartDate="2014-09-05 15:29:57.564 JST" StructureHandle="/step2/step2.depend" StructureKind="resource"/><InteractionEvent Delta="null" EndDate="2014-09-05 15:29:57.564 JST" Interest="1.0" Kind="selection" Navigation="null" OriginId="org.eclipse.ui.navigator.ProjectExplorer" StartDate="2014-09-05 15:29:57.564 JST" StructureHandle="/step2/step2.depend" StructureKind="resource"/><InteractionEvent Delta="null" EndDate="2014-09-05 15:34:29.734 JST" Interest="2.0" Kind="selection" Navigation="null" OriginId="org.eclipse.cdt.ui.editor.CEditor" StartDate="2014-09-05 15:34:20.577 JST" StructureHandle="=step1/{step1.cpp[now#76" StructureKind="c/c++" NumEvents="2" CreationCount="1291"/><InteractionEvent Delta="null" EndDate="2014-09-05 15:29:19.166 JST" Interest="6.791" Kind="propagation" Navigation="org.eclipse.mylyn.core.model.edges.containment" OriginId="org.eclipse.mylyn.core.model.interest.propagation" StartDate="2014-09-05 15:28:01.771 JST" StructureHandle="=step2{dm2.h" StructureKind="c/c++" NumEvents="8" CreationCount="1018"/><InteractionEvent Delta="null" EndDate="2014-09-05 15:26:36.268 JST" Interest="1.0" Kind="propagation" Navigation="null" OriginId="org.eclipse.mylyn.resources.ui.interest.updater" StartDate="2014-09-05 15:26:36.268 JST" StructureHandle="/step1/storage/step1.cpp~" StructureKind="resource"/><InteractionEvent Delta="null" EndDate="2014-09-05 15:31:32.651 JST" Interest="2.706" Kind="manipulation" Navigation="null" OriginId="org.eclipse.mylyn.core.model.interest.decay.correction" StartDate="2014-09-05 15:31:32.651 JST" StructureHandle="/step1/storage/step1.cpp~" StructureKind="resource"/><InteractionEvent Delta="null" EndDate="2014-09-05 15:35:17.509 JST" Interest="6.0" Kind="selection" Navigation="null" OriginId="org.eclipse.cdt.ui.editor.CEditor" StartDate="2014-09-05 15:31:32.651 JST" StructureHandle="/step1/storage/step1.cpp~" StructureKind="resource" NumEvents="6" CreationCount="1011"/><InteractionEvent Delta="null" EndDate="2014-09-05 15:35:23.539 JST" Interest="5.0" Kind="edit" Navigation="null" OriginId="org.eclipse.cdt.ui.editor.CEditor" StartDate="2014-09-05 15:31:35.21 JST" StructureHandle="/step1/storage/step1.cpp~" StructureKind="resource" NumEvents="5" CreationCount="1011"/><InteractionEvent Delta="null" EndDate="2014-09-05 15:26:29.233 JST" Interest="1.0" Kind="propagation" Navigation="null" OriginId="org.eclipse.mylyn.resources.ui.interest.updater" StartDate="2014-09-05 15:26:29.233 JST" StructureHandle="/step1/storage/dm1.cpp~" StructureKind="resource"/><InteractionEvent Delta="null" EndDate="2014-09-05 16:18:43.420 JST" Interest="23.0" Kind="selection" Navigation="null" OriginId="org.eclipse.cdt.ui.editor.CEditor" StartDate="2014-08-27 13:17:02.358 JST" StructureHandle="=step1/{step1.cpp[simLoop#74(int" StructureKind="c/c++" NumEvents="23" CreationCount="11"/><InteractionEvent Delta="null" EndDate="2014-09-05 16:18:44.950 JST" Interest="175.0" Kind="edit" Navigation="null" OriginId="org.eclipse.cdt.ui.editor.CEditor" StartDate="2014-08-27 13:18:13.777 JST" StructureHandle="=step1/{step1.cpp[simLoop#74(int" StructureKind="c/c++" NumEvents="175" CreationCount="11"/><InteractionEvent Delta="null" EndDate="2014-09-05 15:32:08.776 JST" Interest="2.0" Kind="selection" Navigation="null" OriginId="org.eclipse.cdt.ui.editor.CEditor" StartDate="2014-09-05 15:31:59.448 JST" StructureHandle="=step2{dm2.cpp[dm2.h#75" StructureKind="c/c++" NumEvents="2" CreationCount="1242"/><InteractionEvent Delta="null" EndDate="2014-09-05 15:32:09.660 JST" Interest="1.0" Kind="edit" Navigation="null" OriginId="org.eclipse.cdt.ui.editor.CEditor" StartDate="2014-09-05 15:32:09.660 JST" StructureHandle="=step2{dm2.cpp[dm2.h#75" StructureKind="c/c++"/><InteractionEvent Delta="null" EndDate="2014-09-05 15:28:03.205 JST" Interest="1.0" Kind="selection" Navigation="null" OriginId="org.eclipse.ui.navigator.ProjectExplorer" StartDate="2014-09-05 15:28:03.205 JST" StructureHandle="/step1/step1.depend" StructureKind="resource"/><InteractionEvent Delta="null" EndDate="2014-09-05 15:27:49.689 JST" Interest="1.0" Kind="prediction" Navigation="null" OriginId="org.eclipse.mylyn.resources.ui.interest.updater" StartDate="2014-09-05 15:27:49.689 JST" StructureHandle="/step1/step1.depend" StructureKind="resource"/><InteractionEvent Delta="null" EndDate="2014-09-05 15:32:20.534 JST" Interest="2.0" Kind="selection" Navigation="null" OriginId="org.eclipse.cdt.ui.editor.CEditor" StartDate="2014-09-05 15:32:05.968 JST" StructureHandle="=step1/{dm1.cpp[dm1.h#75" StructureKind="c/c++" NumEvents="2" CreationCount="1247"/><InteractionEvent Delta="null" EndDate="2014-09-05 15:24:34.140 JST" Interest="2.0" Kind="propagation" Navigation="null" OriginId="org.eclipse.cdt.ui.editor.CEditor" StartDate="2014-09-05 15:24:32.912 JST" StructureHandle="/ODE_Tut_10" StructureKind="resource" NumEvents="2" CreationCount="990"/><InteractionEvent Delta="null" EndDate="2014-09-05 15:30:51.894 JST" Interest="1.0" Kind="selection" Navigation="null" OriginId="org.eclipse.cdt.ui.editor.CEditor" StartDate="2014-09-05 15:30:51.894 JST" StructureHandle="=step2{step2.cpp[block#76" StructureKind="c/c++"/><InteractionEvent Delta="null" EndDate="2014-09-05 15:28:11.260 JST" Interest="1.0" Kind="selection" Navigation="null" OriginId="org.eclipse.cdt.ui.editor.CEditor" StartDate="2014-09-05 15:28:11.260 JST" StructureHandle="=step2{dm2.h[drawstuff\/drawstuff.h#75" StructureKind="c/c++"/><InteractionEvent Delta="null" EndDate="2014-09-05 15:26:25.492 JST" Interest="2.0" Kind="propagation" Navigation="null" OriginId="org.eclipse.ui.navigator.ProjectExplorer" StartDate="2014-09-05 15:26:19.621 JST" StructureHandle="/step1/storage/dm1.cpp" StructureKind="resource" NumEvents="2" CreationCount="1009"/><InteractionEvent Delta="null" EndDate="2014-09-05 15:27:49.185 JST" Interest="1.0" Kind="propagation" Navigation="null" OriginId="org.eclipse.mylyn.resources.ui.interest.updater" StartDate="2014-09-05 15:27:49.185 JST" StructureHandle="/step2/step2.cbp" StructureKind="resource"/><InteractionEvent Delta="null" EndDate="2014-09-05 15:35:23.540 JST" Interest="11.376001" Kind="propagation" Navigation="org.eclipse.mylyn.core.model.edges.containment" OriginId="org.eclipse.mylyn.core.model.interest.propagation" StartDate="2014-09-05 15:25:59.675 JST" StructureHandle="=step1/&amp;lt;storage" StructureKind="c/c++" NumEvents="12" CreationCount="1001"/><InteractionEvent Delta="null" EndDate="2014-09-05 15:26:18.913 JST" Interest="2.0" Kind="selection" Navigation="null" OriginId="org.eclipse.ui.navigator.ProjectExplorer" StartDate="2014-09-05 15:25:59.791 JST" StructureHandle="=step1/&amp;lt;storage" StructureKind="c/c++" NumEvents="2" CreationCount="1001"/><InteractionEvent Delta="null" EndDate="2014-09-05 16:18:40.36 JST" Interest="5.0" Kind="selection" Navigation="null" OriginId="org.eclipse.cdt.ui.editor.CEditor" StartDate="2014-09-05 16:15:51.871 JST" StructureHandle="=step1/{step1.cpp[rgb_B#76" StructureKind="c/c++" NumEvents="5" CreationCount="1430"/><InteractionEvent Delta="null" EndDate="2014-09-05 16:18:41.642 JST" Interest="3.0" Kind="edit" Navigation="null" OriginId="org.eclipse.cdt.ui.editor.CEditor" StartDate="2014-09-05 16:15:53.206 JST" StructureHandle="=step1/{step1.cpp[rgb_B#76" StructureKind="c/c++" NumEvents="3" CreationCount="1430"/><InteractionEvent Delta="null" EndDate="2014-09-05 15:26:19.620 JST" Interest="1.0" Kind="propagation" Navigation="null" OriginId="org.eclipse.mylyn.resources.ui.interest.updater" StartDate="2014-09-05 15:26:19.620 JST" StructureHandle="=step1/&amp;lt;storage{dm1.h" StructureKind="c/c++"/><InteractionEvent Delta="null" EndDate="2014-09-05 15:30:21.801 JST" Interest="3.0" Kind="selection" Navigation="null" OriginId="org.eclipse.cdt.ui.editor.CEditor" StartDate="2014-09-05 15:30:10.633 JST" StructureHandle="=step2{step2.cpp[command#74(int" StructureKind="c/c++" NumEvents="3" CreationCount="1137"/><InteractionEvent Delta="null" EndDate="2014-09-05 15:30:23.503 JST" Interest="1.0" Kind="edit" Navigation="null" OriginId="org.eclipse.cdt.ui.editor.CEditor" StartDate="2014-09-05 15:30:23.503 JST" StructureHandle="=step2{step2.cpp[command#74(int" StructureKind="c/c++"/><InteractionEvent Delta="null" EndDate="2014-09-05 15:30:02.723 JST" Interest="1.0" Kind="selection" Navigation="null" OriginId="org.eclipse.cdt.ui.editor.CEditor" StartDate="2014-09-05 15:30:02.723 JST" StructureHandle="=step2{dm2.h[command#73(int" StructureKind="c/c++"/><InteractionEvent Delta="null" EndDate="2014-09-05 15:35:23.540 JST" Interest="21.0" Kind="propagation" Navigation="null" OriginId="org.eclipse.cdt.ui.editor.CEditor" StartDate="2014-09-05 15:25:59.675 JST" StructureHandle="/step1/storage" StructureKind="resource" NumEvents="21" CreationCount="1001"/><InteractionEvent Delta="null" EndDate="2014-09-05 15:05:37.237 JST" Interest="4.0" Kind="prediction" Navigation="null" OriginId="org.eclipse.mylyn.resources.ui.interest.updater" StartDate="2014-09-05 14:32:55.594 JST" StructureHandle="/step1/step1.exe" StructureKind="resource" NumEvents="4" CreationCount="562"/><InteractionEvent Delta="null" EndDate="2014-09-05 15:27:49.184 JST" Interest="1.0" Kind="propagation" Navigation="null" OriginId="org.eclipse.mylyn.resources.ui.interest.updater" StartDate="2014-09-05 15:27:49.184 JST" StructureHandle="/step2/step2.cbp.orig" StructureKind="resource"/><InteractionEvent Delta="null" EndDate="2014-09-05 15:30:06.92 JST" Interest="0.9890001" Kind="manipulation" Navigation="null" OriginId="org.eclipse.mylyn.core.model.interest.decay.correction" StartDate="2014-09-05 15:30:06.92 JST" StructureHandle="/step2/step2.cbp.orig" StructureKind="resource"/><InteractionEvent Delta="null" EndDate="2014-09-05 15:30:06.92 JST" Interest="1.0" Kind="selection" Navigation="null" OriginId="org.eclipse.ui.navigator.ProjectExplorer" StartDate="2014-09-05 15:30:06.92 JST" StructureHandle="/step2/step2.cbp.orig" StructureKind="resource"/><InteractionEvent Delta="null" EndDate="2014-09-05 15:30:05.987 JST" Interest="38.533997" Kind="propagation" Navigation="org.eclipse.mylyn.core.model.edges.containment" OriginId="org.eclipse.mylyn.core.model.interest.propagation" StartDate="2014-09-05 15:27:49.185 JST" StructureHandle="=step2" StructureKind="c/c++" NumEvents="44" CreationCount="1014"/><InteractionEvent Delta="null" EndDate="2014-09-05 15:27:51.922 JST" Interest="1.0" Kind="selection" Navigation="null" OriginId="org.eclipse.ui.navigator.ProjectExplorer" StartDate="2014-09-05 15:27:51.922 JST" StructureHandle="=step2" StructureKind="c/c++"/><InteractionEvent Delta="null" EndDate="2014-08-27 13:50:54.150 JST" Interest="1.0" Kind="selection" Navigation="null" OriginId="org.eclipse.cdt.ui.editor.CEditor" StartDate="2014-08-27 13:50:54.150 JST" StructureHandle="=step1/{step1.cpp[p3#76" StructureKind="c/c++"/><InteractionEvent Delta="null" EndDate="2014-09-05 16:22:15.398 JST" Interest="1305.0171" Kind="propagation" Navigation="org.eclipse.mylyn.core.model.edges.containment" OriginId="org.eclipse.mylyn.core.model.interest.propagation" StartDate="2014-08-27 13:16:35.635 JST" StructureHandle="=step1" StructureKind="resource" NumEvents="1307" CreationCount="1"/><InteractionEvent Delta="null" EndDate="2014-09-05 15:25:53.468 JST" Interest="9.0" Kind="selection" Navigation="null" OriginId="org.eclipse.ui.navigator.ProjectExplorer" StartDate="2014-09-05 14:28:05.421 JST" StructureHandle="=step1" StructureKind="c/c++" NumEvents="9" CreationCount="1"/><InteractionEvent Delta="null" EndDate="2014-09-05 14:27:59.190 JST" Interest="16.0" Kind="propagation" Navigation="null" OriginId="org.eclipse.ui.views.ResourceNavigator" StartDate="2014-08-30 23:09:58.203 JST" StructureHandle="/Embedded" StructureKind="resource" NumEvents="16" CreationCount="405"/><InteractionEvent Delta="null" EndDate="2014-09-05 14:42:40.198 JST" Interest="6.0" Kind="selection" Navigation="null" OriginId="org.eclipse.cdt.ui.editor.CEditor" StartDate="2014-09-05 14:33:32.721 JST" StructureHandle="=step1/{step1.cpp[_loop_D_6_V_2_0__Box#74" StructureKind="c/c++" NumEvents="6" CreationCount="599"/><InteractionEvent Delta="null" EndDate="2014-09-05 15:12:12.886 JST" Interest="118.0" Kind="edit" Navigation="null" OriginId="org.eclipse.cdt.ui.editor.CEditor" StartDate="2014-09-05 14:33:37.611 JST" StructureHandle="=step1/{step1.cpp[_loop_D_6_V_2_0__Box#74" StructureKind="c/c++" NumEvents="118" CreationCount="599"/><InteractionEvent Delta="null" EndDate="2014-09-05 15:32:15.854 JST" Interest="1.0" Kind="selection" Navigation="null" OriginId="org.eclipse.cdt.ui.editor.CEditor" StartDate="2014-09-05 15:32:15.854 JST" StructureHandle="=step1/{dm1.cpp[fn#76" StructureKind="c/c++"/><InteractionEvent Delta="null" EndDate="2014-09-05 15:32:16.946 JST" Interest="1.0" Kind="edit" Navigation="null" OriginId="org.eclipse.cdt.ui.editor.CEditor" StartDate="2014-09-05 15:32:16.946 JST" StructureHandle="=step1/{dm1.cpp[fn#76" StructureKind="c/c++"/><InteractionEvent Delta="null" EndDate="2014-09-05 15:32:12.567 JST" Interest="5.0" Kind="propagation" Navigation="null" OriginId="org.eclipse.cdt.ui.editor.CEditor" StartDate="2014-09-05 15:31:59.458 JST" StructureHandle="/step2/dm2.cpp" StructureKind="resource" NumEvents="5" CreationCount="1240"/><InteractionEvent Delta="null" EndDate="2014-09-05 15:32:08.745 JST" Interest="4.0" Kind="selection" Navigation="null" OriginId="org.eclipse.cdt.ui.editor.CEditor" StartDate="2014-09-05 15:31:59.200 JST" StructureHandle="/step2/dm2.cpp" StructureKind="resource" NumEvents="4" CreationCount="1240"/><InteractionEvent Delta="null" EndDate="2014-09-05 15:32:12.568 JST" Interest="5.0" Kind="edit" Navigation="null" OriginId="org.eclipse.cdt.ui.editor.CEditor" StartDate="2014-09-05 15:31:59.459 JST" StructureHandle="/step2/dm2.cpp" StructureKind="resource" NumEvents="5" CreationCount="1240"/><InteractionEvent Delta="null" EndDate="2014-09-05 16:18:18.304 JST" Interest="90.0" Kind="selection" Navigation="null" OriginId="org.eclipse.cdt.ui.editor.CEditor" StartDate="2014-08-27 13:16:46.524 JST" StructureHandle="=step1/{step1.cpp" StructureKind="c/c++" NumEvents="90" CreationCount="2"/><InteractionEvent Delta="null" EndDate="2014-09-05 16:22:15.398 JST" Interest="705.0" Kind="edit" Navigation="null" OriginId="org.eclipse.cdt.ui.editor.CEditor" StartDate="2014-08-27 13:16:48.848 JST" StructureHandle="=step1/{step1.cpp" StructureKind="c/c++" NumEvents="705" CreationCount="2"/></InteractionHistory>