<?xml version="1.0" encoding="UTF-8"?><InteractionHistory Id="local-79" Version="1"><InteractionEvent Delta="null" EndDate="2014-10-25 12:08:22.258 JST" Interest="27.737999" Kind="propagation" Navigation="org.eclipse.mylyn.core.model.edges.containment" OriginId="org.eclipse.mylyn.core.model.interest.propagation" StartDate="2014-10-25 09:35:25.751 JST" StructureHandle="" StructureKind="c/c++" NumEvents="40" CreationCount="1"/><InteractionEvent Delta="null" EndDate="2014-10-25 09:37:25.938 JST" Interest="6.2339997" Kind="propagation" Navigation="org.eclipse.mylyn.core.model.edges.containment" OriginId="org.eclipse.mylyn.core.model.interest.propagation" StartDate="2014-10-25 09:36:36.703 JST" StructureHandle="=CR6_cake" StructureKind="c/c++" NumEvents="9" CreationCount="18"/><InteractionEvent Delta="null" EndDate="2014-10-25 09:37:37.351 JST" Interest="1.0" Kind="selection" Navigation="null" OriginId="org.eclipse.ui.views.ResourceNavigator" StartDate="2014-10-25 09:37:37.351 JST" StructureHandle="/Cake_SL3/app/View/Elements/purhistorys" StructureKind="resource"/><InteractionEvent Delta="null" EndDate="2014-10-25 09:37:37.352 JST" Interest="0.01700002" Kind="propagation" Navigation="org.eclipse.mylyn.core.model.edges.containment" OriginId="org.eclipse.mylyn.core.model.interest.propagation" StartDate="2014-10-25 09:37:37.352 JST" StructureHandle="/Cake_SL3/app/View/Elements" StructureKind="resource"/><InteractionEvent Delta="null" EndDate="2014-10-25 09:37:34.385 JST" Interest="1.0" Kind="selection" Navigation="null" OriginId="org.eclipse.ui.views.ResourceNavigator" StartDate="2014-10-25 09:37:34.385 JST" StructureHandle="/Cake_SL3/app/View/Elements" StructureKind="resource"/><InteractionEvent Delta="null" EndDate="2014-10-25 09:37:25.937 JST" Interest="6.2" Kind="propagation" Navigation="org.eclipse.mylyn.core.model.edges.containment" OriginId="org.eclipse.mylyn.core.model.interest.propagation" StartDate="2014-10-25 09:36:41.770 JST" StructureHandle="/CR6_cake/app/View" StructureKind="resource" NumEvents="8" CreationCount="20"/><InteractionEvent Delta="null" EndDate="2014-10-25 09:37:27.447 JST" Interest="2.0" Kind="selection" Navigation="null" OriginId="org.eclipse.php.editor" StartDate="2014-10-25 09:36:36.701 JST" StructureHandle="/CR6_cake/app/Controller/WordsController.php" StructureKind="resource" NumEvents="2" CreationCount="18"/><InteractionEvent Delta="null" EndDate="2014-10-25 09:37:27.499 JST" Interest="3.0" Kind="edit" Navigation="null" OriginId="org.eclipse.php.editor" StartDate="2014-10-25 09:36:36.958 JST" StructureHandle="/CR6_cake/app/Controller/WordsController.php" StructureKind="resource" NumEvents="3" CreationCount="18"/><InteractionEvent Delta="null" EndDate="2014-10-25 09:37:24.763 JST" Interest="3.8" Kind="propagation" Navigation="org.eclipse.mylyn.core.model.edges.containment" OriginId="org.eclipse.mylyn.core.model.interest.propagation" StartDate="2014-10-25 09:37:07.25 JST" StructureHandle="/CR6_cake/app/View/Elements" StructureKind="resource" NumEvents="5" CreationCount="26"/><InteractionEvent Delta="null" EndDate="2014-10-25 09:37:27.501 JST" Interest="18.0" Kind="propagation" Navigation="null" OriginId="org.eclipse.php.editor" StartDate="2014-10-25 09:36:36.703 JST" StructureHandle="/CR6_cake" StructureKind="resource" NumEvents="18" CreationCount="18"/><InteractionEvent Delta="null" EndDate="2014-10-25 12:08:22.256 JST" Interest="26.619" Kind="propagation" Navigation="org.eclipse.mylyn.core.model.edges.containment" OriginId="org.eclipse.mylyn.core.model.interest.propagation" StartDate="2014-10-25 09:36:12.828 JST" StructureHandle="/Cake_SL3/app/View/PurHistorys" StructureKind="resource" NumEvents="35" CreationCount="8"/><InteractionEvent Delta="null" EndDate="2014-10-25 09:36:11.397 JST" Interest="1.0" Kind="selection" Navigation="null" OriginId="org.eclipse.ui.views.ResourceNavigator" StartDate="2014-10-25 09:36:11.397 JST" StructureHandle="/Cake_SL3/app/View/PurHistorys" StructureKind="resource"/><InteractionEvent Delta="null" EndDate="2014-10-25 12:08:22.257 JST" Interest="26.602" Kind="propagation" Navigation="org.eclipse.mylyn.core.model.edges.containment" OriginId="org.eclipse.mylyn.core.model.interest.propagation" StartDate="2014-10-25 09:36:11.399 JST" StructureHandle="/Cake_SL3/app/View" StructureKind="resource" NumEvents="36" CreationCount="9"/><InteractionEvent Delta="null" EndDate="2014-10-25 09:36:03.405 JST" Interest="1.0" Kind="selection" Navigation="null" OriginId="org.eclipse.ui.views.ResourceNavigator" StartDate="2014-10-25 09:36:03.405 JST" StructureHandle="/Cake_SL3/app/View" StructureKind="resource"/><InteractionEvent Delta="null" EndDate="2014-10-25 09:37:24.762 JST" Interest="3.8" Kind="propagation" Navigation="org.eclipse.mylyn.core.model.edges.containment" OriginId="org.eclipse.mylyn.core.model.interest.propagation" StartDate="2014-10-25 09:37:07.24 JST" StructureHandle="/CR6_cake/app/View/Elements/words" StructureKind="resource" NumEvents="5" CreationCount="26"/><InteractionEvent Delta="null" EndDate="2014-10-25 12:08:22.258 JST" Interest="72.0" Kind="propagation" Navigation="null" OriginId="org.eclipse.ui.views.ResourceNavigator" StartDate="2014-10-25 09:35:25.751 JST" StructureHandle="/" StructureKind="resource" NumEvents="72" CreationCount="1"/><InteractionEvent Delta="null" EndDate="2014-10-25 09:37:25.936 JST" Interest="6.2" Kind="propagation" Navigation="org.eclipse.mylyn.core.model.edges.containment" OriginId="org.eclipse.mylyn.core.model.interest.propagation" StartDate="2014-10-25 09:36:41.769 JST" StructureHandle="/CR6_cake/app/View/Words" StructureKind="resource" NumEvents="8" CreationCount="20"/><InteractionEvent Delta="null" EndDate="2014-10-25 09:37:43.407 JST" Interest="7.9169993" Kind="propagation" Navigation="org.eclipse.mylyn.core.model.edges.containment" OriginId="org.eclipse.mylyn.core.model.interest.propagation" StartDate="2014-10-25 09:35:33.353 JST" StructureHandle="/Cake_SL3/app/Controller" StructureKind="resource" NumEvents="11" CreationCount="3"/><InteractionEvent Delta="null" EndDate="2014-10-25 09:35:30.624 JST" Interest="1.0" Kind="selection" Navigation="null" OriginId="org.eclipse.ui.views.ResourceNavigator" StartDate="2014-10-25 09:35:30.624 JST" StructureHandle="/Cake_SL3/app/Controller" StructureKind="resource"/><InteractionEvent Delta="null" EndDate="2014-10-25 09:37:27.500 JST" Interest="4.1" Kind="propagation" Navigation="org.eclipse.mylyn.core.model.edges.containment" OriginId="org.eclipse.mylyn.core.model.interest.propagation" StartDate="2014-10-25 09:36:36.702 JST" StructureHandle="/CR6_cake/app/Controller" StructureKind="resource" NumEvents="5" CreationCount="18"/><InteractionEvent Delta="null" EndDate="2014-10-25 09:37:07.23 JST" Interest="1.0" Kind="selection" Navigation="null" OriginId="org.eclipse.php.editor" StartDate="2014-10-25 09:37:07.23 JST" StructureHandle="/CR6_cake/app/View/Elements/words/index_links.ctp" StructureKind="resource"/><InteractionEvent Delta="null" EndDate="2014-10-25 09:37:24.761 JST" Interest="4.0" Kind="edit" Navigation="null" OriginId="org.eclipse.php.editor" StartDate="2014-10-25 09:37:07.100 JST" StructureHandle="/CR6_cake/app/View/Elements/words/index_links.ctp" StructureKind="resource" NumEvents="4" CreationCount="26"/><InteractionEvent Delta="null" EndDate="2014-10-25 09:35:28.318 JST" Interest="1.0" Kind="selection" Navigation="null" OriginId="org.eclipse.ui.views.ResourceNavigator" StartDate="2014-10-25 09:35:28.318 JST" StructureHandle="/Cake_SL3/app/webroot" StructureKind="resource"/><InteractionEvent Delta="null" EndDate="2014-10-25 12:08:22.258 JST" Interest="27.737999" Kind="propagation" Navigation="org.eclipse.mylyn.core.model.edges.containment" OriginId="org.eclipse.mylyn.core.model.interest.propagation" StartDate="2014-10-25 09:35:25.739 JST" StructureHandle="=Cake_SL3" StructureKind="c/c++" NumEvents="40" CreationCount="1"/><InteractionEvent Delta="null" EndDate="2014-10-25 09:36:01.711 JST" Interest="1.0" Kind="selection" Navigation="null" OriginId="org.eclipse.ui.views.ResourceNavigator" StartDate="2014-10-25 09:36:01.711 JST" StructureHandle="/Cake_SL3/app/Controller/UsersController.php" StructureKind="resource"/><InteractionEvent Delta="null" EndDate="2014-10-25 09:37:25.938 JST" Interest="6.2339997" Kind="propagation" Navigation="org.eclipse.mylyn.core.model.edges.containment" OriginId="org.eclipse.mylyn.core.model.interest.propagation" StartDate="2014-10-25 09:36:36.703 JST" StructureHandle="/CR6_cake/app" StructureKind="resource" NumEvents="9" CreationCount="18"/><InteractionEvent Delta="null" EndDate="2014-10-25 09:37:28.247 JST" Interest="4.0" Kind="selection" Navigation="null" OriginId="org.eclipse.php.editor" StartDate="2014-10-25 09:35:33.352 JST" StructureHandle="/Cake_SL3/app/Controller/PurhistorysController.php" StructureKind="resource" NumEvents="4" CreationCount="4"/><InteractionEvent Delta="null" EndDate="2014-10-25 09:37:43.406 JST" Interest="7.0" Kind="edit" Navigation="null" OriginId="org.eclipse.php.editor" StartDate="2014-10-25 09:35:39.361 JST" StructureHandle="/Cake_SL3/app/Controller/PurhistorysController.php" StructureKind="resource" NumEvents="7" CreationCount="4"/><InteractionEvent Delta="null" EndDate="2014-10-25 09:37:25.902 JST" Interest="2.0" Kind="selection" Navigation="null" OriginId="org.eclipse.php.editor" StartDate="2014-10-25 09:36:41.768 JST" StructureHandle="/CR6_cake/app/View/Words/index.ctp" StructureKind="resource" NumEvents="2" CreationCount="20"/><InteractionEvent Delta="null" EndDate="2014-10-25 09:37:25.935 JST" Interest="6.0" Kind="edit" Navigation="null" OriginId="org.eclipse.php.editor" StartDate="2014-10-25 09:36:41.862 JST" StructureHandle="/CR6_cake/app/View/Words/index.ctp" StructureKind="resource" NumEvents="6" CreationCount="20"/><InteractionEvent Delta="null" EndDate="2014-10-25 12:08:22.258 JST" Interest="54.0" Kind="propagation" Navigation="null" OriginId="org.eclipse.ui.views.ResourceNavigator" StartDate="2014-10-25 09:35:25.751 JST" StructureHandle="/Cake_SL3" StructureKind="resource" NumEvents="54" CreationCount="1"/><InteractionEvent Delta="null" EndDate="2014-10-25 12:08:22.258 JST" Interest="26.125998" Kind="propagation" Navigation="org.eclipse.mylyn.core.model.edges.containment" OriginId="org.eclipse.mylyn.core.model.interest.propagation" StartDate="2014-10-25 09:35:28.320 JST" StructureHandle="/Cake_SL3/app" StructureKind="resource" NumEvents="38" CreationCount="37"/><InteractionEvent Delta="null" EndDate="2014-10-25 09:35:25.726 JST" Interest="1.0" Kind="selection" Navigation="null" OriginId="org.eclipse.ui.views.ResourceNavigator" StartDate="2014-10-25 09:35:25.726 JST" StructureHandle="/Cake_SL3/app" StructureKind="resource"/><InteractionEvent Delta="null" EndDate="2014-10-25 12:08:22.255 JST" Interest="10.0" Kind="selection" Navigation="null" OriginId="org.eclipse.ui.views.ResourceNavigator" StartDate="2014-10-25 09:36:12.827 JST" StructureHandle="/Cake_SL3/app/View/PurHistorys/index.ctp" StructureKind="resource" NumEvents="10" CreationCount="15"/><InteractionEvent Delta="null" EndDate="2014-10-25 10:54:15.510 JST" Interest="25.0" Kind="edit" Navigation="null" OriginId="org.eclipse.php.editor" StartDate="2014-10-25 09:36:13.338 JST" StructureHandle="/Cake_SL3/app/View/PurHistorys/index.ctp" StructureKind="resource" NumEvents="25" CreationCount="15"/></InteractionHistory>