<?xml version="1.0" encoding="UTF-8"?><InteractionHistory Id="local-122" Version="1"><InteractionEvent Delta="null" EndDate="2014-12-26 20:50:44.596 JST" Interest="33.129" Kind="propagation" Navigation="org.eclipse.mylyn.core.model.edges.containment" OriginId="org.eclipse.mylyn.core.model.interest.propagation" StartDate="2014-12-26 20:05:30.302 JST" StructureHandle="" StructureKind="c/c++" NumEvents="45" CreationCount="1"/><InteractionEvent Delta="null" EndDate="2014-12-26 20:24:47.980 JST" Interest="4.0" Kind="edit" Navigation="null" OriginId="org.eclipse.php.editor" StartDate="2014-12-26 20:24:36.469 JST" StructureHandle="/Cake_Texts/app/Controller/KeywordsController.php" StructureKind="resource" NumEvents="4" CreationCount="28"/><InteractionEvent Delta="null" EndDate="2014-12-26 20:35:34.787 JST" Interest="6.0" Kind="selection" Navigation="null" OriginId="org.eclipse.ui.navigator.ProjectExplorer" StartDate="2014-12-26 20:23:45.79 JST" StructureHandle="/Cake_Texts/app/Controller/KeywordsController.php" StructureKind="resource" NumEvents="6" CreationCount="28"/><InteractionEvent Delta="null" EndDate="2014-12-26 20:14:31.13 JST" Interest="1.0" Kind="selection" Navigation="null" OriginId="org.eclipse.ui.navigator.ProjectExplorer" StartDate="2014-12-26 20:14:31.13 JST" StructureHandle="/Cake_Texts/app/Config" StructureKind="resource"/><InteractionEvent Delta="null" EndDate="2014-12-26 20:23:56.691 JST" Interest="12.817" Kind="propagation" Navigation="org.eclipse.mylyn.core.model.edges.containment" OriginId="org.eclipse.mylyn.core.model.interest.propagation" StartDate="2014-12-26 20:14:34.197 JST" StructureHandle="/Cake_Texts/app/Config" StructureKind="resource" NumEvents="18" CreationCount="7"/><InteractionEvent Delta="null" EndDate="2014-12-26 20:16:01.321 JST" Interest="1.0" Kind="propagation" Navigation="org.eclipse.mylyn.core.model.edges.containment" OriginId="org.eclipse.mylyn.core.model.interest.propagation" StartDate="2014-12-26 20:16:01.321 JST" StructureHandle="/Cake_Texts/app/webroot" StructureKind="resource"/><InteractionEvent Delta="null" EndDate="2014-12-26 20:34:45.229 JST" Interest="1.0" Kind="selection" Navigation="null" OriginId="org.eclipse.ui.views.ResourceNavigator" StartDate="2014-12-26 20:34:45.229 JST" StructureHandle="=Cake_IFM11" StructureKind="c/c++"/><InteractionEvent Delta="null" EndDate="2014-12-26 20:52:28.630 JST" Interest="38.0" Kind="propagation" Navigation="null" OriginId="org.eclipse.ui.navigator.ProjectExplorer" StartDate="2014-12-26 20:34:45.648 JST" StructureHandle="/Cake_NR5" StructureKind="resource" NumEvents="38" CreationCount="93"/><InteractionEvent Delta="null" EndDate="2014-12-26 20:23:56.691 JST" Interest="14.0" Kind="edit" Navigation="null" OriginId="org.eclipse.php.editor" StartDate="2014-12-26 20:14:35.736 JST" StructureHandle="/Cake_Texts/app/Config/database.php" StructureKind="resource" NumEvents="14" CreationCount="8"/><InteractionEvent Delta="null" EndDate="2014-12-26 20:16:30.747 JST" Interest="4.0" Kind="selection" Navigation="null" OriginId="org.eclipse.ui.navigator.ProjectExplorer" StartDate="2014-12-26 20:14:34.196 JST" StructureHandle="/Cake_Texts/app/Config/database.php" StructureKind="resource" NumEvents="4" CreationCount="8"/><InteractionEvent Delta="null" EndDate="2014-12-26 20:15:26.596 JST" Interest="1.0" Kind="selection" Navigation="null" OriginId="org.eclipse.ui.navigator.ProjectExplorer" StartDate="2014-12-26 20:15:26.596 JST" StructureHandle="/Cake_Texts/app/View" StructureKind="resource"/><InteractionEvent Delta="null" EndDate="2014-12-26 20:50:31.746 JST" Interest="12.0" Kind="edit" Navigation="null" OriginId="org.eclipse.ui.DefaultTextEditor" StartDate="2014-12-26 20:35:40.987 JST" StructureHandle="/Cake_Texts/sql.txt" StructureKind="resource" NumEvents="12" CreationCount="112"/><InteractionEvent Delta="null" EndDate="2014-12-26 20:50:38.98 JST" Interest="7.0" Kind="selection" Navigation="null" OriginId="org.eclipse.ui.navigator.ProjectExplorer" StartDate="2014-12-26 20:35:40.957 JST" StructureHandle="/Cake_Texts/sql.txt" StructureKind="resource" NumEvents="7" CreationCount="112"/><InteractionEvent Delta="null" EndDate="2014-12-26 20:23:59.964 JST" Interest="2.0" Kind="edit" Navigation="null" OriginId="org.eclipse.php.editor" StartDate="2014-12-26 20:23:58.223 JST" StructureHandle="/Cake_Texts/app/Controller/AdminsController.php" StructureKind="resource" NumEvents="2" CreationCount="27"/><InteractionEvent Delta="null" EndDate="2014-12-26 20:24:03.125 JST" Interest="4.0" Kind="selection" Navigation="null" OriginId="org.eclipse.ui.navigator.ProjectExplorer" StartDate="2014-12-26 20:16:46.155 JST" StructureHandle="/Cake_Texts/app/Controller/AdminsController.php" StructureKind="resource" NumEvents="4" CreationCount="27"/><InteractionEvent Delta="null" EndDate="2014-12-26 20:52:18.201 JST" Interest="1.0" Kind="prediction" Navigation="null" OriginId="org.eclipse.mylyn.resources.ui.interest.updater" StartDate="2014-12-26 20:52:18.201 JST" StructureHandle="/Cake_NR5/test.php" StructureKind="resource"/><InteractionEvent Delta="null" EndDate="2014-12-26 20:34:45.229 JST" Interest="1.0" Kind="propagation" Navigation="null" OriginId="org.eclipse.ui.views.ResourceNavigator" StartDate="2014-12-26 20:34:45.229 JST" StructureHandle="/Cake_IFM11" StructureKind="resource"/><InteractionEvent Delta="null" EndDate="2014-12-26 20:14:28.585 JST" Interest="2.0" Kind="selection" Navigation="null" OriginId="org.eclipse.ui.navigator.ProjectExplorer" StartDate="2014-12-26 20:05:37.97 JST" StructureHandle="/Cake_Texts/app/Controller/CategorysController.php" StructureKind="resource" NumEvents="2" CreationCount="3"/><InteractionEvent Delta="null" EndDate="2014-12-26 20:14:28.759 JST" Interest="1.0" Kind="selection" Navigation="null" OriginId="org.eclipse.ui.navigator.ProjectExplorer" StartDate="2014-12-26 20:14:28.759 JST" StructureHandle="/Cake_Texts/app/Controller/HistorysController.php" StructureKind="resource"/><InteractionEvent Delta="null" EndDate="2014-12-26 20:05:30.271 JST" Interest="1.0" Kind="selection" Navigation="null" OriginId="org.eclipse.ui.navigator.ProjectExplorer" StartDate="2014-12-26 20:05:30.271 JST" StructureHandle="/Cake_Texts/app" StructureKind="resource"/><InteractionEvent Delta="null" EndDate="2014-12-26 20:30:27.904 JST" Interest="22.129002" Kind="propagation" Navigation="org.eclipse.mylyn.core.model.edges.containment" OriginId="org.eclipse.mylyn.core.model.interest.propagation" StartDate="2014-12-26 20:05:32.804 JST" StructureHandle="/Cake_Texts/app" StructureKind="resource" NumEvents="34" CreationCount="1"/><InteractionEvent Delta="null" EndDate="2014-12-26 20:30:59.343 JST" Interest="1.0" Kind="selection" Navigation="null" OriginId="org.eclipse.ui.views.ResourceNavigator" StartDate="2014-12-26 20:30:59.343 JST" StructureHandle="=VM_Cake" StructureKind="c/c++"/><InteractionEvent Delta="null" EndDate="2014-12-26 20:50:44.596 JST" Interest="10.0" Kind="selection" Navigation="null" OriginId="org.eclipse.ui.navigator.ProjectExplorer" StartDate="2014-12-26 20:31:01.290 JST" StructureHandle="=Cake_Texts" StructureKind="c/c++" NumEvents="10" CreationCount="1"/><InteractionEvent Delta="null" EndDate="2014-12-26 20:30:27.904 JST" Interest="23.129002" Kind="propagation" Navigation="org.eclipse.mylyn.core.model.edges.containment" OriginId="org.eclipse.mylyn.core.model.interest.propagation" StartDate="2014-12-26 20:05:30.288 JST" StructureHandle="=Cake_Texts" StructureKind="c/c++" NumEvents="36" CreationCount="1"/><InteractionEvent Delta="null" EndDate="2014-12-26 20:52:28.630 JST" Interest="157.0" Kind="propagation" Navigation="null" OriginId="org.eclipse.ui.navigator.ProjectExplorer" StartDate="2014-12-26 20:05:30.302 JST" StructureHandle="/" StructureKind="resource" NumEvents="157" CreationCount="1"/><InteractionEvent Delta="null" EndDate="2014-12-26 20:30:59.343 JST" Interest="1.0" Kind="propagation" Navigation="null" OriginId="org.eclipse.ui.views.ResourceNavigator" StartDate="2014-12-26 20:30:59.343 JST" StructureHandle="/VM_Cake" StructureKind="resource"/><InteractionEvent Delta="null" EndDate="2014-12-26 20:52:17.857 JST" Interest="6.0" Kind="selection" Navigation="null" OriginId="org.eclipse.ui.navigator.ProjectExplorer" StartDate="2014-12-26 20:34:45.648 JST" StructureHandle="=Cake_NR5" StructureKind="c/c++" NumEvents="6" CreationCount="93"/><InteractionEvent Delta="null" EndDate="2014-12-26 20:52:14.572 JST" Interest="11.834001" Kind="propagation" Navigation="org.eclipse.mylyn.core.model.edges.containment" OriginId="org.eclipse.mylyn.core.model.interest.propagation" StartDate="2014-12-26 20:34:48.400 JST" StructureHandle="=Cake_NR5" StructureKind="c/c++" NumEvents="18" CreationCount="93"/><InteractionEvent Delta="null" EndDate="2014-12-26 20:30:27.903 JST" Interest="25.0" Kind="edit" Navigation="null" OriginId="org.eclipse.php.editor" StartDate="2014-12-26 20:24:03.653 JST" StructureHandle="/Cake_Texts/app/Controller/AppController.php" StructureKind="resource" NumEvents="25" CreationCount="38"/><InteractionEvent Delta="null" EndDate="2014-12-26 20:24:51.878 JST" Interest="5.0" Kind="selection" Navigation="null" OriginId="org.eclipse.php.editor" StartDate="2014-12-26 20:24:03.557 JST" StructureHandle="/Cake_Texts/app/Controller/AppController.php" StructureKind="resource" NumEvents="5" CreationCount="38"/><InteractionEvent Delta="null" EndDate="2014-12-26 20:34:48.399 JST" Interest="1.0" Kind="selection" Navigation="null" OriginId="org.eclipse.ui.views.ResourceNavigator" StartDate="2014-12-26 20:34:48.399 JST" StructureHandle="/Cake_NR5/SkimmedTokensController.php" StructureKind="resource"/><InteractionEvent Delta="null" EndDate="2014-12-26 20:31:26.548 JST" Interest="8.0" Kind="edit" Navigation="null" OriginId="org.eclipse.ui.DefaultTextEditor" StartDate="2014-12-26 20:31:05.577 JST" StructureHandle="/Cake_Texts/.gitignore" StructureKind="resource" NumEvents="8" CreationCount="78"/><InteractionEvent Delta="null" EndDate="2014-12-26 20:34:42.878 JST" Interest="4.0" Kind="selection" Navigation="null" OriginId="org.eclipse.ui.views.ResourceNavigator" StartDate="2014-12-26 20:31:05.34 JST" StructureHandle="/Cake_Texts/.gitignore" StructureKind="resource" NumEvents="4" CreationCount="78"/><InteractionEvent Delta="null" EndDate="2014-12-26 20:52:25.834 JST" Interest="16.0" Kind="edit" Navigation="null" OriginId="org.eclipse.ui.DefaultTextEditor" StartDate="2014-12-26 20:34:49.456 JST" StructureHandle="/Cake_NR5/sql.txt" StructureKind="resource" NumEvents="16" CreationCount="95"/><InteractionEvent Delta="null" EndDate="2014-12-26 20:50:46.41 JST" Interest="6.0" Kind="selection" Navigation="null" OriginId="org.eclipse.ui.DefaultTextEditor" StartDate="2014-12-26 20:34:49.161 JST" StructureHandle="/Cake_NR5/sql.txt" StructureKind="resource" NumEvents="6" CreationCount="95"/><InteractionEvent Delta="null" EndDate="2014-12-26 20:50:34.746 JST" Interest="2.0" Kind="selection" Navigation="null" OriginId="org.eclipse.ui.views.ResourceNavigator" StartDate="2014-12-26 20:39:15.49 JST" StructureHandle="/Cake_NR5/app/Controller" StructureKind="resource" NumEvents="2" CreationCount="130"/><InteractionEvent Delta="null" EndDate="2014-12-26 20:16:33.368 JST" Interest="3.0" Kind="selection" Navigation="null" OriginId="org.eclipse.ui.navigator.ProjectExplorer" StartDate="2014-12-26 20:05:32.778 JST" StructureHandle="/Cake_Texts/app/Controller" StructureKind="resource" NumEvents="3" CreationCount="2"/><InteractionEvent Delta="null" EndDate="2014-12-26 20:30:27.904 JST" Interest="20.112001" Kind="propagation" Navigation="org.eclipse.mylyn.core.model.edges.containment" OriginId="org.eclipse.mylyn.core.model.interest.propagation" StartDate="2014-12-26 20:05:37.98 JST" StructureHandle="/Cake_Texts/app/Controller" StructureKind="resource" NumEvents="28" CreationCount="2"/><InteractionEvent Delta="null" EndDate="2014-12-26 20:50:44.596 JST" Interest="117.0" Kind="propagation" Navigation="null" OriginId="org.eclipse.ui.navigator.ProjectExplorer" StartDate="2014-12-26 20:05:30.301 JST" StructureHandle="/Cake_Texts" StructureKind="resource" NumEvents="117" CreationCount="1"/><InteractionEvent Delta="null" EndDate="2014-12-26 20:23:57.671 JST" Interest="2.0" Kind="selection" Navigation="null" OriginId="org.eclipse.ui.navigator.ProjectExplorer" StartDate="2014-12-26 20:23:47.657 JST" StructureHandle="/Cake_Texts/app/Controller/Component" StructureKind="resource" NumEvents="2" CreationCount="29"/><InteractionEvent Delta="null" EndDate="2014-12-26 20:16:01.320 JST" Interest="1.0" Kind="selection" Navigation="null" OriginId="org.eclipse.ui.navigator.ProjectExplorer" StartDate="2014-12-26 20:16:01.320 JST" StructureHandle="/Cake_Texts/app/webroot/development.sqlite3" StructureKind="resource"/><InteractionEvent Delta="null" EndDate="2014-12-26 20:52:28.630 JST" Interest="6.0" Kind="selection" Navigation="null" OriginId="org.eclipse.ui.navigator.ProjectExplorer" StartDate="2014-12-26 20:39:12.863 JST" StructureHandle="/Cake_NR5/app" StructureKind="resource" NumEvents="6" CreationCount="129"/><InteractionEvent Delta="null" EndDate="2014-12-26 20:50:34.746 JST" Interest="1.017" Kind="propagation" Navigation="org.eclipse.mylyn.core.model.edges.containment" OriginId="org.eclipse.mylyn.core.model.interest.propagation" StartDate="2014-12-26 20:39:15.50 JST" StructureHandle="/Cake_NR5/app" StructureKind="resource" NumEvents="2" CreationCount="129"/></InteractionHistory>