<?xml version="1.0" encoding="UTF-8"?><InteractionHistory Id="local-123" Version="1"><InteractionEvent Delta="null" EndDate="2014-12-26 21:26:53.802 JST" Interest="127.553" Kind="propagation" Navigation="org.eclipse.mylyn.core.model.edges.containment" OriginId="org.eclipse.mylyn.core.model.interest.propagation" StartDate="2014-12-26 20:53:36.180 JST" StructureHandle="" StructureKind="c/c++" NumEvents="183" CreationCount="1"/><InteractionEvent Delta="null" EndDate="2014-12-26 21:18:26.976 JST" Interest="1.0" Kind="selection" Navigation="null" OriginId="org.eclipse.ui.navigator.ProjectExplorer" StartDate="2014-12-26 21:18:26.976 JST" StructureHandle="/Cake_NR5/app/Controller/KeywordsController.php" StructureKind="resource"/><InteractionEvent Delta="null" EndDate="2014-12-26 20:54:03.710 JST" Interest="4.0" Kind="edit" Navigation="null" OriginId="org.eclipse.php.editor" StartDate="2014-12-26 20:53:41.973 JST" StructureHandle="/Cake_NR5/app/Controller/TokensController.php" StructureKind="resource" NumEvents="4" CreationCount="3"/><InteractionEvent Delta="null" EndDate="2014-12-26 20:54:05.424 JST" Interest="3.0" Kind="selection" Navigation="null" OriginId="org.eclipse.ui.navigator.ProjectExplorer" StartDate="2014-12-26 20:53:41.573 JST" StructureHandle="/Cake_NR5/app/Controller/TokensController.php" StructureKind="resource" NumEvents="3" CreationCount="3"/><InteractionEvent Delta="null" EndDate="2014-12-26 20:53:38.3 JST" Interest="1.0" Kind="selection" Navigation="null" OriginId="org.eclipse.ui.navigator.ProjectExplorer" StartDate="2014-12-26 20:53:38.3 JST" StructureHandle="/Cake_NR5/app/Controller" StructureKind="resource"/><InteractionEvent Delta="null" EndDate="2014-12-26 21:26:53.802 JST" Interest="126.535995" Kind="propagation" Navigation="org.eclipse.mylyn.core.model.edges.containment" OriginId="org.eclipse.mylyn.core.model.interest.propagation" StartDate="2014-12-26 20:53:41.574 JST" StructureHandle="/Cake_NR5/app/Controller" StructureKind="resource" NumEvents="179" CreationCount="2"/><InteractionEvent Delta="null" EndDate="2014-12-26 21:26:53.802 JST" Interest="231.0" Kind="propagation" Navigation="null" OriginId="org.eclipse.php.editor" StartDate="2014-12-26 20:53:36.180 JST" StructureHandle="/Cake_NR5" StructureKind="resource" NumEvents="231" CreationCount="1"/><InteractionEvent Delta="null" EndDate="2014-12-26 20:53:36.180 JST" Interest="1.0" Kind="selection" Navigation="null" OriginId="org.eclipse.ui.navigator.ProjectExplorer" StartDate="2014-12-26 20:53:36.180 JST" StructureHandle="/Cake_NR5/app" StructureKind="resource"/><InteractionEvent Delta="null" EndDate="2014-12-26 21:26:53.802 JST" Interest="126.553" Kind="propagation" Navigation="org.eclipse.mylyn.core.model.edges.containment" OriginId="org.eclipse.mylyn.core.model.interest.propagation" StartDate="2014-12-26 20:53:38.4 JST" StructureHandle="/Cake_NR5/app" StructureKind="resource" NumEvents="182" CreationCount="1"/><InteractionEvent Delta="null" EndDate="2014-12-26 21:18:32.990 JST" Interest="1.0" Kind="selection" Navigation="null" OriginId="org.eclipse.ui.navigator.ProjectExplorer" StartDate="2014-12-26 21:18:32.990 JST" StructureHandle="/Cake_NR5/app/View/Articles" StructureKind="resource"/><InteractionEvent Delta="null" EndDate="2014-12-26 21:18:36.832 JST" Interest="3.117" Kind="propagation" Navigation="org.eclipse.mylyn.core.model.edges.containment" OriginId="org.eclipse.mylyn.core.model.interest.propagation" StartDate="2014-12-26 21:18:34.627 JST" StructureHandle="/Cake_NR5/app/View/Articles" StructureKind="resource" NumEvents="5" CreationCount="211"/><InteractionEvent Delta="null" EndDate="2014-12-26 21:15:44.960 JST" Interest="11.0" Kind="edit" Navigation="null" OriginId="org.eclipse.php.editor" StartDate="2014-12-26 21:14:51.154 JST" StructureHandle="/Cake_NR5/app/Controller/AppController.php" StructureKind="resource" NumEvents="11" CreationCount="170"/><InteractionEvent Delta="null" EndDate="2014-12-26 21:15:30.806 JST" Interest="2.0" Kind="selection" Navigation="null" OriginId="org.eclipse.php.editor" StartDate="2014-12-26 21:14:51.263 JST" StructureHandle="/Cake_NR5/app/Controller/AppController.php" StructureKind="resource" NumEvents="2" CreationCount="170"/><InteractionEvent Delta="null" EndDate="2014-12-26 21:18:29.163 JST" Interest="1.0" Kind="selection" Navigation="null" OriginId="org.eclipse.ui.navigator.ProjectExplorer" StartDate="2014-12-26 21:18:29.163 JST" StructureHandle="/Cake_NR5/app/View" StructureKind="resource"/><InteractionEvent Delta="null" EndDate="2014-12-26 21:18:36.833 JST" Interest="3.134" Kind="propagation" Navigation="org.eclipse.mylyn.core.model.edges.containment" OriginId="org.eclipse.mylyn.core.model.interest.propagation" StartDate="2014-12-26 21:18:32.991 JST" StructureHandle="/Cake_NR5/app/View" StructureKind="resource" NumEvents="6" CreationCount="210"/><InteractionEvent Delta="null" EndDate="2014-12-26 21:19:27.216 JST" Interest="18.0" Kind="edit" Navigation="null" OriginId="org.eclipse.php.editor" StartDate="2014-12-26 21:16:29.56 JST" StructureHandle="/Cake_NR5/app/Controller/ArticlesController.php" StructureKind="resource" NumEvents="18" CreationCount="196"/><InteractionEvent Delta="null" EndDate="2014-12-26 21:18:40.644 JST" Interest="4.0" Kind="selection" Navigation="null" OriginId="org.eclipse.php.editor" StartDate="2014-12-26 21:16:28.968 JST" StructureHandle="/Cake_NR5/app/Controller/ArticlesController.php" StructureKind="resource" NumEvents="4" CreationCount="196"/><InteractionEvent Delta="null" EndDate="2014-12-26 21:26:53.802 JST" Interest="231.0" Kind="propagation" Navigation="org.eclipse.mylyn.core.model.edges.containment" OriginId="org.eclipse.mylyn.core.model.interest.propagation" StartDate="2014-12-26 20:53:36.180 JST" StructureHandle="/" StructureKind="resource" NumEvents="231" CreationCount="1"/><InteractionEvent Delta="null" EndDate="2014-12-26 21:26:53.802 JST" Interest="127.553" Kind="propagation" Navigation="org.eclipse.mylyn.core.model.edges.containment" OriginId="org.eclipse.mylyn.core.model.interest.propagation" StartDate="2014-12-26 20:53:36.180 JST" StructureHandle="=Cake_NR5" StructureKind="c/c++" NumEvents="183" CreationCount="1"/><InteractionEvent Delta="null" EndDate="2014-12-26 21:18:36.832 JST" Interest="3.0" Kind="edit" Navigation="null" OriginId="org.eclipse.php.editor" StartDate="2014-12-26 21:18:34.940 JST" StructureHandle="/Cake_NR5/app/View/Articles/open_article.ctp" StructureKind="resource" NumEvents="3" CreationCount="212"/><InteractionEvent Delta="null" EndDate="2014-12-26 21:18:34.876 JST" Interest="2.0" Kind="selection" Navigation="null" OriginId="org.eclipse.php.editor" StartDate="2014-12-26 21:18:34.626 JST" StructureHandle="/Cake_NR5/app/View/Articles/open_article.ctp" StructureKind="resource" NumEvents="2" CreationCount="212"/><InteractionEvent Delta="null" EndDate="2014-12-26 21:26:53.801 JST" Interest="172.0" Kind="edit" Navigation="null" OriginId="org.eclipse.php.editor" StartDate="2014-12-26 20:54:06.192 JST" StructureHandle="/Cake_NR5/app/Controller/HistorysController.php" StructureKind="resource" NumEvents="172" CreationCount="10"/><InteractionEvent Delta="null" EndDate="2014-12-26 21:26:53.788 JST" Interest="7.0" Kind="selection" Navigation="null" OriginId="org.eclipse.php.editor" StartDate="2014-12-26 20:54:06.102 JST" StructureHandle="/Cake_NR5/app/Controller/HistorysController.php" StructureKind="resource" NumEvents="7" CreationCount="10"/></InteractionHistory>