<?xml version="1.0" encoding="UTF-8"?><InteractionHistory Id="local-41" Version="1"><InteractionEvent Delta="null" EndDate="2014-09-23 10:14:26.54 JST" Interest="224.55598" Kind="propagation" Navigation="org.eclipse.mylyn.core.model.edges.containment" OriginId="org.eclipse.mylyn.core.model.interest.propagation" StartDate="2014-09-23 09:20:01.80 JST" StructureHandle="" StructureKind="c/c++" NumEvents="330" CreationCount="1"/><InteractionEvent Delta="null" EndDate="2014-09-23 09:37:31.262 JST" Interest="8.934" Kind="propagation" Navigation="org.eclipse.mylyn.core.model.edges.containment" OriginId="org.eclipse.mylyn.core.model.interest.propagation" StartDate="2014-09-23 09:25:05.855 JST" StructureHandle="/Cake_NR5/app/View/Elements/layouts" StructureKind="resource" NumEvents="12" CreationCount="128"/><InteractionEvent Delta="null" EndDate="2014-09-23 09:25:04.383 JST" Interest="2.0" Kind="selection" Navigation="null" OriginId="org.eclipse.ui.views.ResourceNavigator" StartDate="2014-09-23 09:25:04.381 JST" StructureHandle="/Cake_NR5/app/View/Elements/layouts" StructureKind="resource" NumEvents="2" CreationCount="128"/><InteractionEvent Delta="null" EndDate="2014-09-23 10:14:26.53 JST" Interest="637.0" Kind="propagation" Navigation="null" OriginId="org.eclipse.php.editor" StartDate="2014-09-23 09:20:01.80 JST" StructureHandle="/Cake_NR5" StructureKind="resource" NumEvents="637" CreationCount="1"/><InteractionEvent Delta="null" EndDate="2014-09-23 10:14:26.51 JST" Interest="222.165" Kind="propagation" Navigation="org.eclipse.mylyn.core.model.edges.containment" OriginId="org.eclipse.mylyn.core.model.interest.propagation" StartDate="2014-09-23 09:20:15.823 JST" StructureHandle="/Cake_NR5/app/View/Elements/articles" StructureKind="resource" NumEvents="319" CreationCount="24"/><InteractionEvent Delta="null" EndDate="2014-09-23 09:20:15.299 JST" Interest="2.0" Kind="selection" Navigation="null" OriginId="org.eclipse.ui.views.ResourceNavigator" StartDate="2014-09-23 09:20:15.296 JST" StructureHandle="/Cake_NR5/app/View/Elements/articles" StructureKind="resource" NumEvents="2" CreationCount="24"/><InteractionEvent Delta="null" EndDate="2014-09-23 10:01:06.481 JST" Interest="184.0" Kind="edit" Navigation="null" OriginId="org.eclipse.php.editor" StartDate="2014-09-23 09:20:18.753 JST" StructureHandle="/Cake_NR5/app/View/Elements/articles/index/_idx_test_D_9_V_1_1.ctp" StructureKind="resource" NumEvents="184" CreationCount="28"/><InteractionEvent Delta="null" EndDate="2014-09-23 09:56:20.770 JST" Interest="14.0" Kind="selection" Navigation="null" OriginId="org.eclipse.php.editor" StartDate="2014-09-23 09:20:18.397 JST" StructureHandle="/Cake_NR5/app/View/Elements/articles/index/_idx_test_D_9_V_1_1.ctp" StructureKind="resource" NumEvents="14" CreationCount="28"/><InteractionEvent Delta="null" EndDate="2014-09-23 09:26:58.426 JST" Interest="2.0" Kind="selection" Navigation="null" OriginId="org.eclipse.ui.views.ResourceNavigator" StartDate="2014-09-23 09:26:58.423 JST" StructureHandle="/Cake_NR5/app/View/Elements/positions" StructureKind="resource" NumEvents="2" CreationCount="173"/><InteractionEvent Delta="null" EndDate="2014-09-23 09:20:07.168 JST" Interest="2.0" Kind="selection" Navigation="null" OriginId="org.eclipse.ui.views.ResourceNavigator" StartDate="2014-09-23 09:20:07.166 JST" StructureHandle="/Cake_NR5/app/Controller/CategorysController.php" StructureKind="resource" NumEvents="2" CreationCount="9"/><InteractionEvent Delta="null" EndDate="2014-09-23 09:37:29.826 JST" Interest="5.1679997" Kind="propagation" Navigation="org.eclipse.mylyn.core.model.edges.containment" OriginId="org.eclipse.mylyn.core.model.interest.propagation" StartDate="2014-09-23 09:27:04.881 JST" StructureHandle="/Cake_NR5/app/webroot" StructureKind="resource" NumEvents="8" CreationCount="177"/><InteractionEvent Delta="null" EndDate="2014-09-23 09:27:01.855 JST" Interest="2.0" Kind="selection" Navigation="null" OriginId="org.eclipse.ui.views.ResourceNavigator" StartDate="2014-09-23 09:27:01.853 JST" StructureHandle="/Cake_NR5/app/webroot" StructureKind="resource" NumEvents="2" CreationCount="177"/><InteractionEvent Delta="null" EndDate="2014-09-23 10:14:26.52 JST" Interest="222.301" Kind="propagation" Navigation="org.eclipse.mylyn.core.model.edges.containment" OriginId="org.eclipse.mylyn.core.model.interest.propagation" StartDate="2014-09-23 09:20:11.165 JST" StructureHandle="/Cake_NR5/app/View" StructureKind="resource" NumEvents="329" CreationCount="16"/><InteractionEvent Delta="null" EndDate="2014-09-23 09:20:10.595 JST" Interest="2.0" Kind="selection" Navigation="null" OriginId="org.eclipse.ui.views.ResourceNavigator" StartDate="2014-09-23 09:20:10.594 JST" StructureHandle="/Cake_NR5/app/View" StructureKind="resource" NumEvents="2" CreationCount="16"/><InteractionEvent Delta="null" EndDate="2014-09-23 09:50:25.104 JST" Interest="14.0" Kind="edit" Navigation="null" OriginId="org.eclipse.php.editor" StartDate="2014-09-23 09:20:08.298 JST" StructureHandle="/Cake_NR5/app/Controller/ArticlesController.php" StructureKind="resource" NumEvents="14" CreationCount="11"/><InteractionEvent Delta="null" EndDate="2014-09-23 09:50:12.854 JST" Interest="6.0" Kind="selection" Navigation="null" OriginId="org.eclipse.php.editor" StartDate="2014-09-23 09:20:07.894 JST" StructureHandle="/Cake_NR5/app/Controller/ArticlesController.php" StructureKind="resource" NumEvents="6" CreationCount="11"/><InteractionEvent Delta="null" EndDate="2014-09-23 10:14:26.52 JST" Interest="222.19899" Kind="propagation" Navigation="org.eclipse.mylyn.core.model.edges.containment" OriginId="org.eclipse.mylyn.core.model.interest.propagation" StartDate="2014-09-23 09:20:15.300 JST" StructureHandle="/Cake_NR5/app/View/Elements" StructureKind="resource" NumEvents="323" CreationCount="22"/><InteractionEvent Delta="null" EndDate="2014-09-23 09:20:14.637 JST" Interest="2.0" Kind="selection" Navigation="null" OriginId="org.eclipse.ui.views.ResourceNavigator" StartDate="2014-09-23 09:20:14.636 JST" StructureHandle="/Cake_NR5/app/View/Elements" StructureKind="resource" NumEvents="2" CreationCount="22"/><InteractionEvent Delta="null" EndDate="2014-09-23 09:26:44.867 JST" Interest="2.0" Kind="edit" Navigation="null" OriginId="org.eclipse.php.editor" StartDate="2014-09-23 09:26:43.719 JST" StructureHandle="/Cake_NR5/app/View/Elements/articles/index/_idx_test_D_9.ctp" StructureKind="resource" NumEvents="2" CreationCount="52"/><InteractionEvent Delta="null" EndDate="2014-09-23 09:26:58.261 JST" Interest="6.0" Kind="selection" Navigation="null" OriginId="org.eclipse.ui.views.ResourceNavigator" StartDate="2014-09-23 09:21:29.705 JST" StructureHandle="/Cake_NR5/app/View/Elements/articles/index/_idx_test_D_9.ctp" StructureKind="resource" NumEvents="6" CreationCount="52"/><InteractionEvent Delta="null" EndDate="2014-09-23 10:14:26.53 JST" Interest="220.55598" Kind="propagation" Navigation="org.eclipse.mylyn.core.model.edges.containment" OriginId="org.eclipse.mylyn.core.model.interest.propagation" StartDate="2014-09-23 09:20:08.875 JST" StructureHandle="/Cake_NR5/app" StructureKind="resource" NumEvents="324" CreationCount="1"/><InteractionEvent Delta="null" EndDate="2014-09-23 09:20:02.295 JST" Interest="4.0" Kind="selection" Navigation="null" OriginId="org.eclipse.ui.views.ResourceNavigator" StartDate="2014-09-23 09:20:01.80 JST" StructureHandle="/Cake_NR5/app" StructureKind="resource" NumEvents="4" CreationCount="1"/><InteractionEvent Delta="null" EndDate="2014-09-23 09:36:58.401 JST" Interest="5.0" Kind="edit" Navigation="null" OriginId="org.eclipse.php.editor" StartDate="2014-09-23 09:36:51.313 JST" StructureHandle="/Cake_NR5/app/View/Elements/articles/index/_header.ctp" StructureKind="resource" NumEvents="5" CreationCount="263"/><InteractionEvent Delta="null" EndDate="2014-09-23 09:36:54.881 JST" Interest="5.0" Kind="selection" Navigation="null" OriginId="org.eclipse.php.editor" StartDate="2014-09-23 09:36:50.781 JST" StructureHandle="/Cake_NR5/app/View/Elements/articles/index/_header.ctp" StructureKind="resource" NumEvents="5" CreationCount="263"/><InteractionEvent Delta="null" EndDate="2014-09-23 09:37:55.34 JST" Interest="26.312002" Kind="propagation" Navigation="org.eclipse.mylyn.core.model.edges.containment" OriginId="org.eclipse.mylyn.core.model.interest.propagation" StartDate="2014-09-23 09:20:11.779 JST" StructureHandle="/Cake_NR5/app/View/Articles" StructureKind="resource" NumEvents="34" CreationCount="18"/><InteractionEvent Delta="null" EndDate="2014-09-23 09:20:11.164 JST" Interest="2.0" Kind="selection" Navigation="null" OriginId="org.eclipse.ui.views.ResourceNavigator" StartDate="2014-09-23 09:20:11.161 JST" StructureHandle="/Cake_NR5/app/View/Articles" StructureKind="resource" NumEvents="2" CreationCount="18"/><InteractionEvent Delta="null" EndDate="2014-09-23 09:20:06.518 JST" Interest="2.0" Kind="selection" Navigation="null" OriginId="org.eclipse.ui.views.ResourceNavigator" StartDate="2014-09-23 09:20:06.516 JST" StructureHandle="/Cake_NR5/app/Controller/AppController.php" StructureKind="resource" NumEvents="2" CreationCount="7"/><InteractionEvent Delta="null" EndDate="2014-09-23 09:36:47.553 JST" Interest="2.0" Kind="selection" Navigation="null" OriginId="org.eclipse.ui.views.ResourceNavigator" StartDate="2014-09-23 09:36:47.551 JST" StructureHandle="/Cake_NR5/app/webroot/css/cake.generic.css" StructureKind="resource" NumEvents="2" CreationCount="261"/><InteractionEvent Delta="null" EndDate="2014-09-23 09:37:29.826 JST" Interest="5.134" Kind="propagation" Navigation="org.eclipse.mylyn.core.model.edges.containment" OriginId="org.eclipse.mylyn.core.model.interest.propagation" StartDate="2014-09-23 09:27:05.986 JST" StructureHandle="/Cake_NR5/app/webroot/css" StructureKind="resource" NumEvents="7" CreationCount="179"/><InteractionEvent Delta="null" EndDate="2014-09-23 09:27:04.880 JST" Interest="2.0" Kind="selection" Navigation="null" OriginId="org.eclipse.ui.views.ResourceNavigator" StartDate="2014-09-23 09:27:04.878 JST" StructureHandle="/Cake_NR5/app/webroot/css" StructureKind="resource" NumEvents="2" CreationCount="179"/><InteractionEvent Delta="null" EndDate="2014-09-23 09:37:31.262 JST" Interest="7.0" Kind="edit" Navigation="null" OriginId="org.eclipse.php.editor" StartDate="2014-09-23 09:25:06.219 JST" StructureHandle="/Cake_NR5/app/View/Elements/layouts/links.ctp" StructureKind="resource" NumEvents="7" CreationCount="130"/><InteractionEvent Delta="null" EndDate="2014-09-23 09:37:31.241 JST" Interest="6.0" Kind="selection" Navigation="null" OriginId="org.eclipse.php.editor" StartDate="2014-09-23 09:25:05.852 JST" StructureHandle="/Cake_NR5/app/View/Elements/layouts/links.ctp" StructureKind="resource" NumEvents="6" CreationCount="130"/><InteractionEvent Delta="null" EndDate="2014-09-23 09:37:55.34 JST" Interest="21.0" Kind="edit" Navigation="null" OriginId="org.eclipse.php.editor" StartDate="2014-09-23 09:21:33.312 JST" StructureHandle="/Cake_NR5/app/View/Articles/index.ctp" StructureKind="resource" NumEvents="21" CreationCount="54"/><InteractionEvent Delta="null" EndDate="2014-09-23 09:37:55.10 JST" Interest="13.0" Kind="selection" Navigation="null" OriginId="org.eclipse.php.editor" StartDate="2014-09-23 09:21:33.25 JST" StructureHandle="/Cake_NR5/app/View/Articles/index.ctp" StructureKind="resource" NumEvents="13" CreationCount="54"/><InteractionEvent Delta="null" EndDate="2014-09-23 10:14:26.50 JST" Interest="222.131" Kind="propagation" Navigation="org.eclipse.mylyn.core.model.edges.containment" OriginId="org.eclipse.mylyn.core.model.interest.propagation" StartDate="2014-09-23 09:20:18.400 JST" StructureHandle="/Cake_NR5/app/View/Elements/articles/index" StructureKind="resource" NumEvents="314" CreationCount="26"/><InteractionEvent Delta="null" EndDate="2014-09-23 09:20:15.822 JST" Interest="2.0" Kind="selection" Navigation="null" OriginId="org.eclipse.ui.views.ResourceNavigator" StartDate="2014-09-23 09:20:15.820 JST" StructureHandle="/Cake_NR5/app/View/Elements/articles/index" StructureKind="resource" NumEvents="2" CreationCount="26"/><InteractionEvent Delta="null" EndDate="2014-09-23 10:14:26.53 JST" Interest="637.0" Kind="propagation" Navigation="org.eclipse.mylyn.core.model.edges.containment" OriginId="org.eclipse.mylyn.core.model.interest.propagation" StartDate="2014-09-23 09:20:01.80 JST" StructureHandle="/" StructureKind="resource" NumEvents="637" CreationCount="1"/><InteractionEvent Delta="null" EndDate="2014-09-23 10:14:26.53 JST" Interest="224.55598" Kind="propagation" Navigation="org.eclipse.mylyn.core.model.edges.containment" OriginId="org.eclipse.mylyn.core.model.interest.propagation" StartDate="2014-09-23 09:20:01.80 JST" StructureHandle="=Cake_NR5" StructureKind="c/c++" NumEvents="330" CreationCount="1"/><InteractionEvent Delta="null" EndDate="2014-09-23 09:20:11.779 JST" Interest="2.0" Kind="selection" Navigation="null" OriginId="org.eclipse.ui.views.ResourceNavigator" StartDate="2014-09-23 09:20:11.776 JST" StructureHandle="/Cake_NR5/app/View/Articles/add.ctp" StructureKind="resource" NumEvents="2" CreationCount="20"/><InteractionEvent Delta="null" EndDate="2014-09-23 09:37:29.826 JST" Interest="3.0" Kind="edit" Navigation="null" OriginId="org.eclipse.wst.css.core.csssource.source" StartDate="2014-09-23 09:27:06.693 JST" StructureHandle="/Cake_NR5/app/webroot/css/main.css" StructureKind="resource" NumEvents="3" CreationCount="181"/><InteractionEvent Delta="null" EndDate="2014-09-23 09:37:29.808 JST" Interest="5.0" Kind="selection" Navigation="null" OriginId="org.eclipse.wst.css.core.csssource.source" StartDate="2014-09-23 09:27:05.983 JST" StructureHandle="/Cake_NR5/app/webroot/css/main.css" StructureKind="resource" NumEvents="5" CreationCount="181"/><InteractionEvent Delta="null" EndDate="2014-09-23 09:24:59.68 JST" Interest="2.0" Kind="selection" Navigation="null" OriginId="org.eclipse.ui.views.ResourceNavigator" StartDate="2014-09-23 09:24:59.66 JST" StructureHandle="/Cake_NR5/app/View/Commons" StructureKind="resource" NumEvents="2" CreationCount="126"/><InteractionEvent Delta="null" EndDate="2014-09-23 09:50:25.105 JST" Interest="13.902" Kind="propagation" Navigation="org.eclipse.mylyn.core.model.edges.containment" OriginId="org.eclipse.mylyn.core.model.interest.propagation" StartDate="2014-09-23 09:20:06.518 JST" StructureHandle="/Cake_NR5/app/Controller" StructureKind="resource" NumEvents="21" CreationCount="5"/><InteractionEvent Delta="null" EndDate="2014-09-23 09:20:04.263 JST" Interest="2.0" Kind="selection" Navigation="null" OriginId="org.eclipse.ui.views.ResourceNavigator" StartDate="2014-09-23 09:20:04.261 JST" StructureHandle="/Cake_NR5/app/Controller" StructureKind="resource" NumEvents="2" CreationCount="5"/><InteractionEvent Delta="null" EndDate="2014-09-23 09:27:00.519 JST" Interest="2.0" Kind="selection" Navigation="null" OriginId="org.eclipse.ui.views.ResourceNavigator" StartDate="2014-09-23 09:27:00.517 JST" StructureHandle="/Cake_NR5/app/View/Videos" StructureKind="resource" NumEvents="2" CreationCount="175"/><InteractionEvent Delta="null" EndDate="2014-09-23 10:14:26.49 JST" Interest="300.0" Kind="edit" Navigation="null" OriginId="org.eclipse.php.editor" StartDate="2014-09-23 09:36:53.778 JST" StructureHandle="/Cake_NR5/app/View/Elements/articles/index/_idx_test_D_9_V_1_1_Header.ctp" StructureKind="resource" NumEvents="300" CreationCount="269"/><InteractionEvent Delta="null" EndDate="2014-09-23 10:01:07.320 JST" Interest="10.0" Kind="selection" Navigation="null" OriginId="org.eclipse.php.editor" StartDate="2014-09-23 09:36:53.459 JST" StructureHandle="/Cake_NR5/app/View/Elements/articles/index/_idx_test_D_9_V_1_1_Header.ctp" StructureKind="resource" NumEvents="10" CreationCount="269"/></InteractionHistory>