<?xml version="1.0" encoding="UTF-8"?><InteractionHistory Id="local-125" Version="1"><InteractionEvent Delta="null" EndDate="2015-01-03 21:07:55.848 JST" Interest="141.94998" Kind="propagation" Navigation="org.eclipse.mylyn.core.model.edges.containment" OriginId="org.eclipse.mylyn.core.model.interest.propagation" StartDate="2015-01-03 20:35:41.183 JST" StructureHandle="" StructureKind="c/c++" NumEvents="206" CreationCount="1"/><InteractionEvent Delta="null" EndDate="2015-01-03 21:07:28.959 JST" Interest="137.536" Kind="propagation" Navigation="org.eclipse.mylyn.core.model.edges.containment" OriginId="org.eclipse.mylyn.core.model.interest.propagation" StartDate="2015-01-03 20:47:14.281 JST" StructureHandle="/Cake_NR5/app/Lib" StructureKind="resource" NumEvents="194" CreationCount="143"/><InteractionEvent Delta="null" EndDate="2015-01-03 20:47:11.907 JST" Interest="2.0" Kind="selection" Navigation="null" OriginId="org.eclipse.ui.navigator.ProjectExplorer" StartDate="2015-01-03 20:47:11.885 JST" StructureHandle="/Cake_NR5/app/Lib" StructureKind="resource" NumEvents="2" CreationCount="143"/><InteractionEvent Delta="null" EndDate="2015-01-03 20:58:39.176 JST" Interest="2.0" Kind="selection" Navigation="null" OriginId="org.eclipse.ui.navigator.ProjectExplorer" StartDate="2015-01-03 20:58:39.153 JST" StructureHandle="/Cake_NR5/app/Controller/PositionsController.php" StructureKind="resource" NumEvents="2" CreationCount="422"/><InteractionEvent Delta="null" EndDate="2015-01-03 21:14:20.122 JST" Interest="549.0" Kind="propagation" Navigation="null" OriginId="org.eclipse.php.editor" StartDate="2015-01-03 20:35:41.183 JST" StructureHandle="/Cake_NR5" StructureKind="resource" NumEvents="549" CreationCount="1"/><InteractionEvent Delta="null" EndDate="2015-01-03 20:46:12.652 JST" Interest="2.0" Kind="selection" Navigation="null" OriginId="org.eclipse.ui.navigator.ProjectExplorer" StartDate="2015-01-03 20:46:12.630 JST" StructureHandle="/Cake_NR5/app/Console" StructureKind="resource" NumEvents="2" CreationCount="125"/><InteractionEvent Delta="null" EndDate="2015-01-03 21:07:55.848 JST" Interest="141.94998" Kind="propagation" Navigation="org.eclipse.mylyn.core.model.edges.containment" OriginId="org.eclipse.mylyn.core.model.interest.propagation" StartDate="2015-01-03 20:35:41.183 JST" StructureHandle="=Cake_NR5" StructureKind="c/c++" NumEvents="213" CreationCount="1"/><InteractionEvent Delta="null" EndDate="2015-01-03 21:14:20.122 JST" Interest="549.0" Kind="propagation" Navigation="org.eclipse.mylyn.core.model.edges.containment" OriginId="org.eclipse.mylyn.core.model.interest.propagation" StartDate="2015-01-03 20:35:41.183 JST" StructureHandle="/" StructureKind="resource" NumEvents="549" CreationCount="1"/><InteractionEvent Delta="null" EndDate="2015-01-03 21:06:15.134 JST" Interest="13.0" Kind="selection" Navigation="null" OriginId="org.eclipse.php.editor" StartDate="2015-01-03 20:36:15.524 JST" StructureHandle="/Cake_NR5/app/Controller/ArticlesController.php" StructureKind="resource" NumEvents="13" CreationCount="5"/><InteractionEvent Delta="null" EndDate="2015-01-03 21:06:38.529 JST" Interest="169.0" Kind="edit" Navigation="null" OriginId="org.eclipse.php.editor" StartDate="2015-01-03 20:36:15.331 JST" StructureHandle="/Cake_NR5/app/Controller/ArticlesController.php" StructureKind="resource" NumEvents="169" CreationCount="5"/><InteractionEvent Delta="null" EndDate="2015-01-03 21:07:28.958 JST" Interest="137.46799" Kind="propagation" Navigation="org.eclipse.mylyn.core.model.edges.containment" OriginId="org.eclipse.mylyn.core.model.interest.propagation" StartDate="2015-01-03 20:47:16.347 JST" StructureHandle="/Cake_NR5/app/Lib/utils" StructureKind="resource" NumEvents="191" CreationCount="147"/><InteractionEvent Delta="null" EndDate="2015-01-03 20:47:15.858 JST" Interest="2.0" Kind="selection" Navigation="null" OriginId="org.eclipse.ui.navigator.ProjectExplorer" StartDate="2015-01-03 20:47:15.837 JST" StructureHandle="/Cake_NR5/app/Lib/utils" StructureKind="resource" NumEvents="2" CreationCount="147"/><InteractionEvent Delta="null" EndDate="2015-01-03 21:06:39.354 JST" Interest="19.0" Kind="selection" Navigation="null" OriginId="org.eclipse.php.editor" StartDate="2015-01-03 20:47:17.149 JST" StructureHandle="/Cake_NR5/app/Lib/utils/utils.php" StructureKind="resource" NumEvents="19" CreationCount="151"/><InteractionEvent Delta="null" EndDate="2015-01-03 21:07:28.957 JST" Interest="172.0" Kind="edit" Navigation="null" OriginId="org.eclipse.php.editor" StartDate="2015-01-03 20:47:17.529 JST" StructureHandle="/Cake_NR5/app/Lib/utils/utils.php" StructureKind="resource" NumEvents="172" CreationCount="151"/><InteractionEvent Delta="null" EndDate="2015-01-03 21:06:38.530 JST" Interest="129.29999" Kind="propagation" Navigation="org.eclipse.mylyn.core.model.edges.containment" OriginId="org.eclipse.mylyn.core.model.interest.propagation" StartDate="2015-01-03 20:36:15.332 JST" StructureHandle="/Cake_NR5/app/Controller" StructureKind="resource" NumEvents="180" CreationCount="5"/><InteractionEvent Delta="null" EndDate="2015-01-03 20:46:13.255 JST" Interest="2.0" Kind="selection" Navigation="null" OriginId="org.eclipse.ui.navigator.ProjectExplorer" StartDate="2015-01-03 20:46:13.231 JST" StructureHandle="/Cake_NR5/app/Controller" StructureKind="resource" NumEvents="2" CreationCount="5"/><InteractionEvent Delta="null" EndDate="2015-01-03 21:07:28.959 JST" Interest="136.94998" Kind="propagation" Navigation="org.eclipse.mylyn.core.model.edges.containment" OriginId="org.eclipse.mylyn.core.model.interest.propagation" StartDate="2015-01-03 20:36:18.241 JST" StructureHandle="/Cake_NR5/app" StructureKind="resource" NumEvents="201" CreationCount="1"/><InteractionEvent Delta="null" EndDate="2015-01-03 20:46:12.343 JST" Interest="5.0" Kind="selection" Navigation="null" OriginId="org.eclipse.ui.navigator.ProjectExplorer" StartDate="2015-01-03 20:35:41.95 JST" StructureHandle="/Cake_NR5/app" StructureKind="resource" NumEvents="5" CreationCount="1"/><InteractionEvent Delta="null" EndDate="2015-01-03 21:04:50.300 JST" Interest="14.0" Kind="selection" Navigation="null" OriginId="org.eclipse.php.editor" StartDate="2015-01-03 20:37:33.521 JST" StructureHandle="/Cake_NR5/app/Controller/AppController.php" StructureKind="resource" NumEvents="14" CreationCount="28"/><InteractionEvent Delta="null" EndDate="2015-01-03 21:04:50.939 JST" Interest="39.0" Kind="edit" Navigation="null" OriginId="org.eclipse.php.editor" StartDate="2015-01-03 20:37:33.386 JST" StructureHandle="/Cake_NR5/app/Controller/AppController.php" StructureKind="resource" NumEvents="39" CreationCount="28"/><InteractionEvent Delta="null" EndDate="2015-01-03 20:47:16.346 JST" Interest="2.0" Kind="selection" Navigation="null" OriginId="org.eclipse.ui.navigator.ProjectExplorer" StartDate="2015-01-03 20:47:16.311 JST" StructureHandle="/Cake_NR5/app/Lib/utils/CONS.php" StructureKind="resource" NumEvents="2" CreationCount="149"/><InteractionEvent Delta="null" EndDate="2015-01-03 20:47:14.280 JST" Interest="2.0" Kind="selection" Navigation="null" OriginId="org.eclipse.ui.navigator.ProjectExplorer" StartDate="2015-01-03 20:47:14.257 JST" StructureHandle="/Cake_NR5/app/Lib/images" StructureKind="resource" NumEvents="2" CreationCount="145"/><InteractionEvent Delta="null" EndDate="2015-01-03 21:07:55.846 JST" Interest="28.0" Kind="selection" Navigation="null" OriginId="org.eclipse.php.editor" StartDate="2015-01-03 20:46:15.694 JST" StructureHandle="/Cake_NR5/app/Controller/HistorysController.php" StructureKind="resource" NumEvents="28" CreationCount="129"/><InteractionEvent Delta="null" EndDate="2015-01-03 21:14:20.120 JST" Interest="76.0" Kind="edit" Navigation="null" OriginId="org.eclipse.php.editor" StartDate="2015-01-03 20:46:16.41 JST" StructureHandle="/Cake_NR5/app/Controller/HistorysController.php" StructureKind="resource" NumEvents="76" CreationCount="129"/></InteractionHistory>