<?xml version="1.0" encoding="UTF-8"?><InteractionHistory Id="local-40" Version="1"><InteractionEvent Delta="null" EndDate="2014-09-23 09:18:24.664 JST" Interest="631.93396" Kind="propagation" Navigation="org.eclipse.mylyn.core.model.edges.containment" OriginId="org.eclipse.mylyn.core.model.interest.propagation" StartDate="2014-09-23 07:53:18.376 JST" StructureHandle="" StructureKind="c/c++" NumEvents="903" CreationCount="1"/><InteractionEvent Delta="null" EndDate="2014-09-23 09:19:33.866 JST" Interest="3.0" Kind="edit" Navigation="null" OriginId="org.eclipse.php.editor" StartDate="2014-09-23 09:19:31.845 JST" StructureHandle="/Cake_NR5/app/View/Articles/index.ctp" StructureKind="resource" NumEvents="3" CreationCount="923"/><InteractionEvent Delta="null" EndDate="2014-09-23 09:19:30.368 JST" Interest="1.0" Kind="prediction" Navigation="null" OriginId="org.eclipse.mylyn.resources.ui.interest.updater" StartDate="2014-09-23 09:19:30.368 JST" StructureHandle="/Cake_NR5/app/View/Articles/index.ctp" StructureKind="resource"/><InteractionEvent Delta="null" EndDate="2014-09-23 09:19:31.776 JST" Interest="2.0" Kind="selection" Navigation="null" OriginId="org.eclipse.php.editor" StartDate="2014-09-23 09:19:31.461 JST" StructureHandle="/Cake_NR5/app/View/Articles/index.ctp" StructureKind="resource" NumEvents="2" CreationCount="923"/><InteractionEvent Delta="null" EndDate="2014-09-23 09:19:42.113 JST" Interest="936.0" Kind="propagation" Navigation="null" OriginId="org.eclipse.php.editor" StartDate="2014-09-23 07:53:18.376 JST" StructureHandle="/Cake_NR5" StructureKind="resource" NumEvents="936" CreationCount="1"/><InteractionEvent Delta="null" EndDate="2014-09-23 09:19:42.112 JST" Interest="12.217" Kind="propagation" Navigation="org.eclipse.mylyn.core.model.edges.containment" OriginId="org.eclipse.mylyn.core.model.interest.propagation" StartDate="2014-09-23 09:08:55.963 JST" StructureHandle="/Cake_NR5/app/View/Elements/articles" StructureKind="resource" NumEvents="15" CreationCount="861"/><InteractionEvent Delta="null" EndDate="2014-09-23 09:08:55.76 JST" Interest="1.0" Kind="selection" Navigation="null" OriginId="org.eclipse.ui.views.ResourceNavigator" StartDate="2014-09-23 09:08:55.76 JST" StructureHandle="/Cake_NR5/app/View/Elements/articles" StructureKind="resource"/><InteractionEvent Delta="null" EndDate="2014-09-23 09:19:42.111 JST" Interest="12.2" Kind="propagation" Navigation="org.eclipse.mylyn.core.model.edges.containment" OriginId="org.eclipse.mylyn.core.model.interest.propagation" StartDate="2014-09-23 09:08:58.275 JST" StructureHandle="/Cake_NR5/app/View/Elements/articles/index" StructureKind="resource" NumEvents="14" CreationCount="862"/><InteractionEvent Delta="null" EndDate="2014-09-23 09:08:55.962 JST" Interest="1.0" Kind="selection" Navigation="null" OriginId="org.eclipse.ui.views.ResourceNavigator" StartDate="2014-09-23 09:08:55.962 JST" StructureHandle="/Cake_NR5/app/View/Elements/articles/index" StructureKind="resource"/><InteractionEvent Delta="null" EndDate="2014-09-23 09:18:24.664 JST" Interest="631.93396" Kind="propagation" Navigation="org.eclipse.mylyn.core.model.edges.containment" OriginId="org.eclipse.mylyn.core.model.interest.propagation" StartDate="2014-09-23 07:53:18.376 JST" StructureHandle="=Cake_NR5" StructureKind="c/c++" NumEvents="903" CreationCount="1"/><InteractionEvent Delta="null" EndDate="2014-09-23 09:19:42.113 JST" Interest="936.0" Kind="propagation" Navigation="org.eclipse.mylyn.core.model.edges.containment" OriginId="org.eclipse.mylyn.core.model.interest.propagation" StartDate="2014-09-23 07:53:18.376 JST" StructureHandle="/" StructureKind="resource" NumEvents="936" CreationCount="1"/><InteractionEvent Delta="null" EndDate="2014-09-23 09:18:24.662 JST" Interest="897.0" Kind="edit" Navigation="null" OriginId="org.eclipse.php.editor" StartDate="2014-09-23 07:53:23.519 JST" StructureHandle="/Cake_NR5/app/Controller/ArticlesController.php" StructureKind="resource" NumEvents="897" CreationCount="3"/><InteractionEvent Delta="null" EndDate="2014-09-23 09:09:08.584 JST" Interest="4.0" Kind="selection" Navigation="null" OriginId="org.eclipse.php.editor" StartDate="2014-09-23 07:53:22.110 JST" StructureHandle="/Cake_NR5/app/Controller/ArticlesController.php" StructureKind="resource" NumEvents="4" CreationCount="3"/><InteractionEvent Delta="null" EndDate="2014-09-23 09:19:42.112 JST" Interest="12.251" Kind="propagation" Navigation="org.eclipse.mylyn.core.model.edges.containment" OriginId="org.eclipse.mylyn.core.model.interest.propagation" StartDate="2014-09-23 09:08:54.196 JST" StructureHandle="/Cake_NR5/app/View" StructureKind="resource" NumEvents="17" CreationCount="859"/><InteractionEvent Delta="null" EndDate="2014-09-23 09:08:52.339 JST" Interest="1.0" Kind="selection" Navigation="null" OriginId="org.eclipse.ui.views.ResourceNavigator" StartDate="2014-09-23 09:08:52.339 JST" StructureHandle="/Cake_NR5/app/View" StructureKind="resource"/><InteractionEvent Delta="null" EndDate="2014-09-23 09:19:30.396 JST" Interest="1.0" Kind="selection" Navigation="null" OriginId="org.eclipse.ui.views.ResourceNavigator" StartDate="2014-09-23 09:19:30.396 JST" StructureHandle="/Cake_NR5/app/View/Articles/add.ctp" StructureKind="resource"/><InteractionEvent Delta="null" EndDate="2014-09-23 09:19:42.112 JST" Interest="12.234" Kind="propagation" Navigation="org.eclipse.mylyn.core.model.edges.containment" OriginId="org.eclipse.mylyn.core.model.interest.propagation" StartDate="2014-09-23 09:08:55.77 JST" StructureHandle="/Cake_NR5/app/View/Elements" StructureKind="resource" NumEvents="16" CreationCount="860"/><InteractionEvent Delta="null" EndDate="2014-09-23 09:08:54.195 JST" Interest="1.0" Kind="selection" Navigation="null" OriginId="org.eclipse.ui.views.ResourceNavigator" StartDate="2014-09-23 09:08:54.195 JST" StructureHandle="/Cake_NR5/app/View/Elements" StructureKind="resource"/><InteractionEvent Delta="null" EndDate="2014-09-23 09:19:18.175 JST" Interest="1.0" Kind="selection" Navigation="null" OriginId="org.eclipse.ui.views.ResourceNavigator" StartDate="2014-09-23 09:19:18.175 JST" StructureHandle="/Cake_NR5/app/View/Elements/articles/index/_idx_test_D_9.ctp" StructureKind="resource"/><InteractionEvent Delta="null" EndDate="2014-09-23 09:18:24.663 JST" Interest="630.917" Kind="propagation" Navigation="org.eclipse.mylyn.core.model.edges.containment" OriginId="org.eclipse.mylyn.core.model.interest.propagation" StartDate="2014-09-23 07:53:22.112 JST" StructureHandle="/Cake_NR5/app/Controller" StructureKind="resource" NumEvents="901" CreationCount="2"/><InteractionEvent Delta="null" EndDate="2014-09-23 07:53:20.672 JST" Interest="1.0" Kind="selection" Navigation="null" OriginId="org.eclipse.ui.views.ResourceNavigator" StartDate="2014-09-23 07:53:20.672 JST" StructureHandle="/Cake_NR5/app/Controller" StructureKind="resource"/><InteractionEvent Delta="null" EndDate="2014-09-23 09:18:24.663 JST" Interest="630.93396" Kind="propagation" Navigation="org.eclipse.mylyn.core.model.edges.containment" OriginId="org.eclipse.mylyn.core.model.interest.propagation" StartDate="2014-09-23 07:53:20.674 JST" StructureHandle="/Cake_NR5/app" StructureKind="resource" NumEvents="902" CreationCount="1"/><InteractionEvent Delta="null" EndDate="2014-09-23 07:53:18.376 JST" Interest="1.0" Kind="selection" Navigation="null" OriginId="org.eclipse.ui.views.ResourceNavigator" StartDate="2014-09-23 07:53:18.376 JST" StructureHandle="/Cake_NR5/app" StructureKind="resource"/><InteractionEvent Delta="null" EndDate="2014-09-23 09:08:50.224 JST" Interest="3.6070004" Kind="manipulation" Navigation="null" OriginId="org.eclipse.mylyn.core.model.interest.decay.correction" StartDate="2014-09-23 09:08:50.224 JST" StructureHandle="/Cake_NR5/app/Controller/TemplateController.php" StructureKind="resource"/><InteractionEvent Delta="null" EndDate="2014-09-23 09:08:50.224 JST" Interest="2.0" Kind="selection" Navigation="null" OriginId="org.eclipse.ui.views.ResourceNavigator" StartDate="2014-09-23 08:36:29.883 JST" StructureHandle="/Cake_NR5/app/Controller/TemplateController.php" StructureKind="resource" NumEvents="2" CreationCount="586"/><InteractionEvent Delta="null" EndDate="2014-09-23 09:19:33.867 JST" Interest="3.2189999" Kind="propagation" Navigation="org.eclipse.mylyn.core.model.edges.containment" OriginId="org.eclipse.mylyn.core.model.interest.propagation" StartDate="2014-09-23 09:19:31.461 JST" StructureHandle="/Cake_NR5/app/View/Articles" StructureKind="resource" NumEvents="5" CreationCount="916"/><InteractionEvent Delta="null" EndDate="2014-09-23 09:19:29.413 JST" Interest="2.0" Kind="selection" Navigation="null" OriginId="org.eclipse.ui.views.ResourceNavigator" StartDate="2014-09-23 09:19:10.864 JST" StructureHandle="/Cake_NR5/app/View/Articles" StructureKind="resource" NumEvents="2" CreationCount="916"/><InteractionEvent Delta="null" EndDate="2014-09-23 09:19:26.737 JST" Interest="1.0" Kind="selection" Navigation="null" OriginId="org.eclipse.ui.views.ResourceNavigator" StartDate="2014-09-23 09:19:26.737 JST" StructureHandle="/Cake_NR5/app/View/Users" StructureKind="resource"/><InteractionEvent Delta="null" EndDate="2014-09-23 09:08:56.448 JST" Interest="1.0" Kind="prediction" Navigation="null" OriginId="org.eclipse.mylyn.resources.ui.interest.updater" StartDate="2014-09-23 09:08:56.448 JST" StructureHandle="/Cake_NR5/app/View/Elements/articles/index/_idx_test_D_9_V_1_1_Header.ctp" StructureKind="resource"/><InteractionEvent Delta="null" EndDate="2014-09-23 09:19:42.111 JST" Interest="6.0" Kind="edit" Navigation="null" OriginId="org.eclipse.php.editor" StartDate="2014-09-23 09:08:58.687 JST" StructureHandle="/Cake_NR5/app/View/Elements/articles/index/_idx_test_D_9_V_1_1.ctp" StructureKind="resource" NumEvents="6" CreationCount="862"/><InteractionEvent Delta="null" EndDate="2014-09-23 09:08:56.447 JST" Interest="1.0" Kind="prediction" Navigation="null" OriginId="org.eclipse.mylyn.resources.ui.interest.updater" StartDate="2014-09-23 09:08:56.447 JST" StructureHandle="/Cake_NR5/app/View/Elements/articles/index/_idx_test_D_9_V_1_1.ctp" StructureKind="resource"/><InteractionEvent Delta="null" EndDate="2014-09-23 09:19:42.98 JST" Interest="8.0" Kind="selection" Navigation="null" OriginId="org.eclipse.php.editor" StartDate="2014-09-23 09:08:58.274 JST" StructureHandle="/Cake_NR5/app/View/Elements/articles/index/_idx_test_D_9_V_1_1.ctp" StructureKind="resource" NumEvents="8" CreationCount="862"/></InteractionHistory>