<?xml version="1.0" encoding="UTF-8"?><InteractionHistory Id="local-98" Version="1"><InteractionEvent Delta="null" EndDate="2014-11-21 11:07:19.661 JST" Interest="599.051" Kind="propagation" Navigation="org.eclipse.mylyn.core.model.edges.containment" OriginId="org.eclipse.mylyn.core.model.interest.propagation" StartDate="2014-11-21 07:59:42.150 JST" StructureHandle="" StructureKind="c/c++" NumEvents="794" CreationCount="1"/><InteractionEvent Delta="null" EndDate="2014-11-21 11:01:34.131 JST" Interest="7.0" Kind="selection" Navigation="null" OriginId="org.eclipse.cdt.ui.editor.CEditor" StartDate="2014-11-21 10:17:13.886 JST" StructureHandle="=Embedded{D-100~\/D-108_Aoki_TMR0\/D-108_v_2_5_2\/D-108_v_2_5_2.X\/D-108_v_2_5_2.c[msg_Hex_2Digit#76" StructureKind="c/c++" NumEvents="7" CreationCount="1299"/><InteractionEvent Delta="null" EndDate="2014-11-21 11:00:57.984 JST" Interest="6.0" Kind="edit" Navigation="null" OriginId="org.eclipse.cdt.ui.editor.CEditor" StartDate="2014-11-21 10:17:14.870 JST" StructureHandle="=Embedded{D-100~\/D-108_Aoki_TMR0\/D-108_v_2_5_2\/D-108_v_2_5_2.X\/D-108_v_2_5_2.c[msg_Hex_2Digit#76" StructureKind="c/c++" NumEvents="6" CreationCount="1299"/><InteractionEvent Delta="null" EndDate="2014-11-21 08:09:34.552 JST" Interest="4.0" Kind="selection" Navigation="null" OriginId="org.eclipse.cdt.ui.editor.CEditor" StartDate="2014-11-21 08:09:11.104 JST" StructureHandle="=Embedded{D-100~\/D-108_Aoki_TMR0\/D-108_v_2_5_0\/D-108_v_2_5_0.X\/D-108_v_2_5_0.c[_Setup#74(void" StructureKind="c/c++" NumEvents="4" CreationCount="170"/><InteractionEvent Delta="null" EndDate="2014-11-21 08:09:31.261 JST" Interest="2.0" Kind="edit" Navigation="null" OriginId="org.eclipse.cdt.ui.editor.CEditor" StartDate="2014-11-21 08:09:28.780 JST" StructureHandle="=Embedded{D-100~\/D-108_Aoki_TMR0\/D-108_v_2_5_0\/D-108_v_2_5_0.X\/D-108_v_2_5_0.c[_Setup#74(void" StructureKind="c/c++" NumEvents="2" CreationCount="170"/><InteractionEvent Delta="null" EndDate="2014-11-21 10:59:06.475 JST" Interest="9.452001" Kind="manipulation" Navigation="null" OriginId="org.eclipse.mylyn.core.model.interest.decay.correction" StartDate="2014-11-21 10:59:06.475 JST" StructureHandle="=Embedded{D-100~\/D-108_Aoki_TMR0\/D-108_v_2_5_2\/D-108_v_2_5_2.X\/D-108_v_2_5_2.c[msg_Hex#76" StructureKind="c/c++"/><InteractionEvent Delta="null" EndDate="2014-11-21 10:19:20.34 JST" Interest="1.0" Kind="selection" Navigation="null" OriginId="org.eclipse.cdt.ui.editor.CEditor" StartDate="2014-11-21 10:19:20.34 JST" StructureHandle="=Embedded{D-100~\/D-108_Aoki_TMR0\/D-108_v_2_5_2\/D-108_v_2_5_2.X\/D-108_v_2_5_2.c[_Init_Vars#74(void" StructureKind="c/c++"/><InteractionEvent Delta="null" EndDate="2014-11-21 09:54:28.187 JST" Interest="2.0" Kind="selection" Navigation="null" OriginId="org.eclipse.cdt.ui.editor.CEditor" StartDate="2014-11-21 08:12:11.394 JST" StructureHandle="=Embedded{D-100~\/D-108_Aoki_TMR0\/D-108_v_2_5_2\/D-108_v_2_5_2.X\/D-108_v_2_5_2.c[msg_num#76" StructureKind="c/c++" NumEvents="2" CreationCount="346"/><InteractionEvent Delta="null" EndDate="2014-11-21 09:54:28.187 JST" Interest="8.282001" Kind="manipulation" Navigation="null" OriginId="org.eclipse.mylyn.core.model.interest.decay.correction" StartDate="2014-11-21 09:54:28.187 JST" StructureHandle="=Embedded{D-100~\/D-108_Aoki_TMR0\/D-108_v_2_5_2\/D-108_v_2_5_2.X\/D-108_v_2_5_2.c[msg_num#76" StructureKind="c/c++"/><InteractionEvent Delta="null" EndDate="2014-11-21 10:58:37.315 JST" Interest="2.0" Kind="selection" Navigation="null" OriginId="org.eclipse.cdt.ui.editor.CEditor" StartDate="2014-11-21 10:58:34.994 JST" StructureHandle="=Embedded{D-100~\/D-108_Aoki_TMR0\/D-108_v_2_5_2\/D-108_v_2_5_2.X\/D-108_v_2_5_2.c[msg_2#76" StructureKind="c/c++" NumEvents="2" CreationCount="1930"/><InteractionEvent Delta="null" EndDate="2014-11-21 08:16:49.704 JST" Interest="1.0" Kind="selection" Navigation="null" OriginId="org.eclipse.cdt.ui.editor.CEditor" StartDate="2014-11-21 08:16:49.704 JST" StructureHandle="=Embedded{D-100~\/D-108_Aoki_TMR0\/D-108_v_2_5_2\/D-108_v_2_5_2.X\/D-108_v_2_5_2.c[lib_D-108_v_2_5_2.h#75" StructureKind="c/c++"/><InteractionEvent Delta="null" EndDate="2014-11-21 08:16:01.442 JST" Interest="4.0" Kind="selection" Navigation="null" OriginId="org.eclipse.ui.navigator.ProjectExplorer" StartDate="2014-11-21 08:02:50.970 JST" StructureHandle="/Embedded/D-100~/D-108_Aoki_TMR0/D-108_v_2_5_0/D-108_v_2_5_0.X" StructureKind="resource" NumEvents="4" CreationCount="19"/><InteractionEvent Delta="null" EndDate="2014-11-21 08:14:30.213 JST" Interest="46.816998" Kind="propagation" Navigation="org.eclipse.mylyn.core.model.edges.containment" OriginId="org.eclipse.mylyn.core.model.interest.propagation" StartDate="2014-11-21 08:02:52.764 JST" StructureHandle="/Embedded/D-100~/D-108_Aoki_TMR0/D-108_v_2_5_0/D-108_v_2_5_0.X" StructureKind="resource" NumEvents="55" CreationCount="19"/><InteractionEvent Delta="null" EndDate="2014-11-21 09:53:40.819 JST" Interest="5.0" Kind="selection" Navigation="null" OriginId="org.eclipse.cdt.ui.editor.CEditor" StartDate="2014-11-21 08:02:54.714 JST" StructureHandle="/Embedded/D-100~/D-108_Aoki_TMR0/D-108_v_2_5_0/D-108_v_2_5_0.X/SD1602_4bit_mode.h" StructureKind="resource" NumEvents="5" CreationCount="27"/><InteractionEvent Delta="null" EndDate="2014-11-21 09:53:40.871 JST" Interest="4.0" Kind="edit" Navigation="null" OriginId="org.eclipse.cdt.ui.editor.CEditor" StartDate="2014-11-21 08:02:55.89 JST" StructureHandle="/Embedded/D-100~/D-108_Aoki_TMR0/D-108_v_2_5_0/D-108_v_2_5_0.X/SD1602_4bit_mode.h" StructureKind="resource" NumEvents="4" CreationCount="27"/><InteractionEvent Delta="null" EndDate="2014-11-21 09:53:40.819 JST" Interest="8.489001" Kind="manipulation" Navigation="null" OriginId="org.eclipse.mylyn.core.model.interest.decay.correction" StartDate="2014-11-21 08:14:30.42 JST" StructureHandle="/Embedded/D-100~/D-108_Aoki_TMR0/D-108_v_2_5_0/D-108_v_2_5_0.X/SD1602_4bit_mode.h" StructureKind="resource" NumEvents="2" CreationCount="27"/><InteractionEvent Delta="null" EndDate="2014-11-21 11:02:45.41 JST" Interest="32.0" Kind="selection" Navigation="null" OriginId="org.eclipse.cdt.ui.editor.CEditor" StartDate="2014-11-21 07:59:46.908 JST" StructureHandle="/Embedded/D-100~/D-108_Aoki_TMR0/D-108_v_2_5_2/D-108_v_2_5_2.X/D-108_v_2_5_2.c" StructureKind="resource" NumEvents="32" CreationCount="4"/><InteractionEvent Delta="null" EndDate="2014-11-21 11:06:30.388 JST" Interest="560.0" Kind="edit" Navigation="null" OriginId="org.eclipse.cdt.ui.editor.CEditor" StartDate="2014-11-21 07:59:48.640 JST" StructureHandle="/Embedded/D-100~/D-108_Aoki_TMR0/D-108_v_2_5_2/D-108_v_2_5_2.X/D-108_v_2_5_2.c" StructureKind="resource" NumEvents="560" CreationCount="4"/><InteractionEvent Delta="null" EndDate="2014-11-21 11:06:30.387 JST" Interest="175.0" Kind="propagation" Navigation="null" OriginId="org.eclipse.cdt.ui.editor.CEditor" StartDate="2014-11-21 07:59:48.640 JST" StructureHandle="/Embedded/D-100~/D-108_Aoki_TMR0/D-108_v_2_5_2/D-108_v_2_5_2.X/D-108_v_2_5_2.c" StructureKind="resource" NumEvents="175" CreationCount="4"/><InteractionEvent Delta="null" EndDate="2014-11-21 08:09:33.507 JST" Interest="1.0" Kind="selection" Navigation="null" OriginId="org.eclipse.cdt.ui.editor.CEditor" StartDate="2014-11-21 08:09:33.507 JST" StructureHandle="=Embedded{D-100~\/D-108_Aoki_TMR0\/D-108_v_2_5_0\/D-108_v_2_5_0.X\/D-108_v_2_5_0.c[_Setup#73(void" StructureKind="c/c++"/><InteractionEvent Delta="null" EndDate="2014-11-21 09:55:39.792 JST" Interest="2.0" Kind="selection" Navigation="null" OriginId="org.eclipse.cdt.ui.editor.CEditor" StartDate="2014-11-21 09:54:31.532 JST" StructureHandle="=Embedded{D-100~\/D-108_Aoki_TMR0\/D-108_v_2_5_2\/D-108_v_2_5_2.X\/D-108_v_2_5_2.c[s#76" StructureKind="c/c++" NumEvents="2" CreationCount="897"/><InteractionEvent Delta="null" EndDate="2014-11-21 11:02:45.91 JST" Interest="46.0" Kind="selection" Navigation="null" OriginId="org.eclipse.cdt.ui.editor.CEditor" StartDate="2014-11-21 08:10:56.706 JST" StructureHandle="=Embedded{D-100~\/D-108_Aoki_TMR0\/D-108_v_2_5_2\/D-108_v_2_5_2.X\/D-108_v_2_5_2.c[_Display#74(void" StructureKind="c/c++" NumEvents="46" CreationCount="280"/><InteractionEvent Delta="null" EndDate="2014-11-21 11:06:24.5 JST" Interest="260.0" Kind="edit" Navigation="null" OriginId="org.eclipse.cdt.ui.editor.CEditor" StartDate="2014-11-21 08:11:01.402 JST" StructureHandle="=Embedded{D-100~\/D-108_Aoki_TMR0\/D-108_v_2_5_2\/D-108_v_2_5_2.X\/D-108_v_2_5_2.c[_Display#74(void" StructureKind="c/c++" NumEvents="260" CreationCount="280"/><InteractionEvent Delta="null" EndDate="2014-11-21 10:58:36.560 JST" Interest="3.0" Kind="selection" Navigation="null" OriginId="org.eclipse.cdt.ui.editor.CEditor" StartDate="2014-11-21 08:13:51.539 JST" StructureHandle="=Embedded{D-100~\/D-108_Aoki_TMR0\/D-108_v_2_5_2\/D-108_v_2_5_2.X\/D-108_v_2_5_2.c[msg_1#76" StructureKind="c/c++" NumEvents="3" CreationCount="410"/><InteractionEvent Delta="null" EndDate="2014-11-21 08:29:31.97 JST" Interest="6.0" Kind="edit" Navigation="null" OriginId="org.eclipse.cdt.ui.editor.CEditor" StartDate="2014-11-21 08:28:50.601 JST" StructureHandle="=Embedded{D-100~\/D-108_Aoki_TMR0\/D-108_v_2_5_2\/D-108_v_2_5_2.X\/D-108_v_2_5_2.c[msg_1#76" StructureKind="c/c++" NumEvents="6" CreationCount="410"/><InteractionEvent Delta="null" EndDate="2014-11-21 10:58:36.560 JST" Interest="19.657001" Kind="manipulation" Navigation="null" OriginId="org.eclipse.mylyn.core.model.interest.decay.correction" StartDate="2014-11-21 08:28:48.738 JST" StructureHandle="=Embedded{D-100~\/D-108_Aoki_TMR0\/D-108_v_2_5_2\/D-108_v_2_5_2.X\/D-108_v_2_5_2.c[msg_1#76" StructureKind="c/c++" NumEvents="2" CreationCount="410"/><InteractionEvent Delta="null" EndDate="2014-11-21 08:16:16.403 JST" Interest="8.0" Kind="selection" Navigation="null" OriginId="org.eclipse.cdt.ui.editor.CEditor" StartDate="2014-11-21 08:02:52.749 JST" StructureHandle="/Embedded/D-100~/D-108_Aoki_TMR0/D-108_v_2_5_0/D-108_v_2_5_0.X/D-108_v_2_5_0.c" StructureKind="resource" NumEvents="8" CreationCount="20"/><InteractionEvent Delta="null" EndDate="2014-11-21 08:16:16.419 JST" Interest="25.0" Kind="edit" Navigation="null" OriginId="org.eclipse.cdt.ui.editor.CEditor" StartDate="2014-11-21 08:02:53.185 JST" StructureHandle="/Embedded/D-100~/D-108_Aoki_TMR0/D-108_v_2_5_0/D-108_v_2_5_0.X/D-108_v_2_5_0.c" StructureKind="resource" NumEvents="25" CreationCount="20"/><InteractionEvent Delta="null" EndDate="2014-11-21 08:16:16.419 JST" Interest="25.0" Kind="propagation" Navigation="null" OriginId="org.eclipse.cdt.ui.editor.CEditor" StartDate="2014-11-21 08:02:53.185 JST" StructureHandle="/Embedded/D-100~/D-108_Aoki_TMR0/D-108_v_2_5_0/D-108_v_2_5_0.X/D-108_v_2_5_0.c" StructureKind="resource" NumEvents="25" CreationCount="20"/><InteractionEvent Delta="null" EndDate="2014-11-21 08:12:09.70 JST" Interest="3.0" Kind="selection" Navigation="null" OriginId="org.eclipse.cdt.ui.editor.CEditor" StartDate="2014-11-21 08:10:11.292 JST" StructureHandle="=Embedded{D-100~\/D-108_Aoki_TMR0\/D-108_v_2_5_2\/D-108_v_2_5_2.X\/D-108_v_2_5_2.c[_Init_Vars#73(void" StructureKind="c/c++" NumEvents="3" CreationCount="232"/><InteractionEvent Delta="null" EndDate="2014-11-21 08:12:10.474 JST" Interest="3.0" Kind="edit" Navigation="null" OriginId="org.eclipse.cdt.ui.editor.CEditor" StartDate="2014-11-21 08:10:13.570 JST" StructureHandle="=Embedded{D-100~\/D-108_Aoki_TMR0\/D-108_v_2_5_2\/D-108_v_2_5_2.X\/D-108_v_2_5_2.c[_Init_Vars#73(void" StructureKind="c/c++" NumEvents="3" CreationCount="232"/><InteractionEvent Delta="null" EndDate="2014-11-21 10:01:01.341 JST" Interest="17.0" Kind="selection" Navigation="null" OriginId="org.eclipse.cdt.ui.editor.CEditor" StartDate="2014-11-21 08:02:47.616 JST" StructureHandle="=Embedded{D-100~\/D-108_Aoki_TMR0\/D-108_v_2_5_2\/D-108_v_2_5_2.X\/SD1602_4bit_mode.h" StructureKind="c/c++" NumEvents="17" CreationCount="15"/><InteractionEvent Delta="null" EndDate="2014-11-21 10:01:03.658 JST" Interest="3.0" Kind="edit" Navigation="null" OriginId="org.eclipse.cdt.ui.editor.CEditor" StartDate="2014-11-21 08:03:13.387 JST" StructureHandle="=Embedded{D-100~\/D-108_Aoki_TMR0\/D-108_v_2_5_2\/D-108_v_2_5_2.X\/SD1602_4bit_mode.h" StructureKind="c/c++" NumEvents="3" CreationCount="15"/><InteractionEvent Delta="null" EndDate="2014-11-21 11:07:19.698 JST" Interest="27.521997" Kind="propagation" Navigation="org.eclipse.mylyn.core.model.edges.containment" OriginId="org.eclipse.mylyn.core.model.interest.propagation" StartDate="2014-11-21 09:53:29.303 JST" StructureHandle="=Embedded{D-100~\/D-108_Aoki_TMR0\/D-108_v_2_5_2\/D-108_v_2_5_2.X\/SD1602_4bit_mode.h" StructureKind="c/c++" NumEvents="26" CreationCount="15"/><InteractionEvent Delta="null" EndDate="2014-11-21 07:59:42.150 JST" Interest="1.0" Kind="selection" Navigation="null" OriginId="org.eclipse.ui.navigator.ProjectExplorer" StartDate="2014-11-21 07:59:42.150 JST" StructureHandle="/Embedded/D-100~/D-108_Aoki_TMR0" StructureKind="resource"/><InteractionEvent Delta="null" EndDate="2014-11-21 11:07:19.660 JST" Interest="598.051" Kind="propagation" Navigation="org.eclipse.mylyn.core.model.edges.containment" OriginId="org.eclipse.mylyn.core.model.interest.propagation" StartDate="2014-11-21 07:59:43.492 JST" StructureHandle="/Embedded/D-100~/D-108_Aoki_TMR0" StructureKind="resource" NumEvents="795" CreationCount="1"/><InteractionEvent Delta="null" EndDate="2014-11-21 11:07:19.697 JST" Interest="26.0" Kind="selection" Navigation="null" OriginId="org.eclipse.cdt.ui.editor.CEditor" StartDate="2014-11-21 08:06:45.165 JST" StructureHandle="=Embedded{D-100~\/D-108_Aoki_TMR0\/D-108_v_2_5_2\/D-108_v_2_5_2.X\/SD1602_4bit_mode.h[SD1602_display#74(char" StructureKind="c/c++" NumEvents="26" CreationCount="97"/><InteractionEvent Delta="null" EndDate="2014-11-21 10:41:00.162 JST" Interest="5.0" Kind="edit" Navigation="null" OriginId="org.eclipse.cdt.ui.editor.CEditor" StartDate="2014-11-21 10:39:46.591 JST" StructureHandle="=Embedded{D-100~\/D-108_Aoki_TMR0\/D-108_v_2_5_2\/D-108_v_2_5_2.X\/SD1602_4bit_mode.h[SD1602_display#74(char" StructureKind="c/c++" NumEvents="5" CreationCount="97"/><InteractionEvent Delta="null" EndDate="2014-11-21 10:01:11.335 JST" Interest="15.728001" Kind="manipulation" Navigation="null" OriginId="org.eclipse.mylyn.core.model.interest.decay.correction" StartDate="2014-11-21 10:01:11.335 JST" StructureHandle="=Embedded{D-100~\/D-108_Aoki_TMR0\/D-108_v_2_5_2\/D-108_v_2_5_2.X\/SD1602_4bit_mode.h[SD1602_display#74(char" StructureKind="c/c++"/><InteractionEvent Delta="null" EndDate="2014-11-21 08:09:24.131 JST" Interest="4.0" Kind="selection" Navigation="null" OriginId="org.eclipse.cdt.ui.editor.CEditor" StartDate="2014-11-21 08:09:05.941 JST" StructureHandle="=Embedded{D-100~\/D-108_Aoki_TMR0\/D-108_v_2_5_0\/D-108_v_2_5_0.X\/D-108_v_2_5_0.c[msg_num#76" StructureKind="c/c++" NumEvents="4" CreationCount="168"/><InteractionEvent Delta="null" EndDate="2014-11-21 11:00:43.9 JST" Interest="8.0" Kind="selection" Navigation="null" OriginId="org.eclipse.cdt.ui.editor.CEditor" StartDate="2014-11-21 08:08:57.375 JST" StructureHandle="=Embedded{D-100~\/D-108_Aoki_TMR0\/D-108_v_2_5_2\/D-108_v_2_5_2.X\/D-108_v_2_5_2.c[_Setup#74(void" StructureKind="c/c++" NumEvents="8" CreationCount="158"/><InteractionEvent Delta="null" EndDate="2014-11-21 11:00:44.334 JST" Interest="6.0" Kind="edit" Navigation="null" OriginId="org.eclipse.cdt.ui.editor.CEditor" StartDate="2014-11-21 08:10:00.902 JST" StructureHandle="=Embedded{D-100~\/D-108_Aoki_TMR0\/D-108_v_2_5_2\/D-108_v_2_5_2.X\/D-108_v_2_5_2.c[_Setup#74(void" StructureKind="c/c++" NumEvents="6" CreationCount="158"/><InteractionEvent Delta="null" EndDate="2014-11-21 11:00:43.9 JST" Interest="21.953003" Kind="manipulation" Navigation="null" OriginId="org.eclipse.mylyn.core.model.interest.decay.correction" StartDate="2014-11-21 09:54:38.899 JST" StructureHandle="=Embedded{D-100~\/D-108_Aoki_TMR0\/D-108_v_2_5_2\/D-108_v_2_5_2.X\/D-108_v_2_5_2.c[_Setup#74(void" StructureKind="c/c++" NumEvents="2" CreationCount="158"/><InteractionEvent Delta="null" EndDate="2014-11-21 11:07:19.660 JST" Interest="599.051" Kind="propagation" Navigation="org.eclipse.mylyn.core.model.edges.containment" OriginId="org.eclipse.mylyn.core.model.interest.propagation" StartDate="2014-11-21 07:59:42.150 JST" StructureHandle="/Embedded/D-100~" StructureKind="resource" NumEvents="794" CreationCount="1"/><InteractionEvent Delta="null" EndDate="2014-11-21 11:07:19.659 JST" Interest="42.0" Kind="selection" Navigation="null" OriginId="org.eclipse.cdt.ui.editor.CEditor" StartDate="2014-11-21 08:02:45.900 JST" StructureHandle="/Embedded/D-100~/D-108_Aoki_TMR0/D-108_v_2_5_2/D-108_v_2_5_2.X/SD1602_4bit_mode.h" StructureKind="resource" NumEvents="42" CreationCount="13"/><InteractionEvent Delta="null" EndDate="2014-11-21 11:07:19.700 JST" Interest="68.0" Kind="edit" Navigation="null" OriginId="org.eclipse.cdt.ui.editor.CEditor" StartDate="2014-11-21 08:02:47.616 JST" StructureHandle="/Embedded/D-100~/D-108_Aoki_TMR0/D-108_v_2_5_2/D-108_v_2_5_2.X/SD1602_4bit_mode.h" StructureKind="resource" NumEvents="68" CreationCount="13"/><InteractionEvent Delta="null" EndDate="2014-11-21 11:07:19.698 JST" Interest="74.0" Kind="propagation" Navigation="null" OriginId="org.eclipse.cdt.ui.editor.CEditor" StartDate="2014-11-21 08:02:47.616 JST" StructureHandle="/Embedded/D-100~/D-108_Aoki_TMR0/D-108_v_2_5_2/D-108_v_2_5_2.X/SD1602_4bit_mode.h" StructureKind="resource" NumEvents="74" CreationCount="13"/><InteractionEvent Delta="null" EndDate="2014-11-21 10:58:42.155 JST" Interest="2.0" Kind="selection" Navigation="null" OriginId="org.eclipse.cdt.ui.editor.CEditor" StartDate="2014-11-21 08:13:40.416 JST" StructureHandle="=Embedded{D-100~\/D-108_Aoki_TMR0\/D-108_v_2_5_2\/D-108_v_2_5_2.X\/D-108_v_2_5_2.c[_While#74(void" StructureKind="c/c++" NumEvents="2" CreationCount="394"/><InteractionEvent Delta="null" EndDate="2014-11-21 10:58:42.155 JST" Interest="25.265001" Kind="manipulation" Navigation="null" OriginId="org.eclipse.mylyn.core.model.interest.decay.correction" StartDate="2014-11-21 10:58:42.155 JST" StructureHandle="=Embedded{D-100~\/D-108_Aoki_TMR0\/D-108_v_2_5_2\/D-108_v_2_5_2.X\/D-108_v_2_5_2.c[_While#74(void" StructureKind="c/c++"/><InteractionEvent Delta="null" EndDate="2014-11-21 10:53:40.449 JST" Interest="1.0" Kind="selection" Navigation="null" OriginId="org.eclipse.cdt.ui.editor.CEditor" StartDate="2014-11-21 10:53:40.449 JST" StructureHandle="=Embedded{D-100~\/D-108_Aoki_TMR0\/D-108_v_2_5_2\/D-108_v_2_5_2.X\/lib_D-108_v_2_5_2.h[LIB_D_108_V_2_5_2_H#79" StructureKind="c/c++"/><InteractionEvent Delta="null" EndDate="2014-11-21 10:40:52.698 JST" Interest="8.0" Kind="selection" Navigation="null" OriginId="org.eclipse.ui.views.ContentOutline" StartDate="2014-11-21 08:07:00.33 JST" StructureHandle="=Embedded{D-100~\/D-108_Aoki_TMR0\/D-108_v_2_5_2\/D-108_v_2_5_2.X\/SD1602_4bit_mode.h[SD1602_print#74(char*" StructureKind="c/c++" NumEvents="8" CreationCount="101"/><InteractionEvent Delta="null" EndDate="2014-11-21 10:40:54.109 JST" Interest="5.0" Kind="edit" Navigation="null" OriginId="org.eclipse.cdt.ui.editor.CEditor" StartDate="2014-11-21 08:07:18.18 JST" StructureHandle="=Embedded{D-100~\/D-108_Aoki_TMR0\/D-108_v_2_5_2\/D-108_v_2_5_2.X\/SD1602_4bit_mode.h[SD1602_print#74(char*" StructureKind="c/c++" NumEvents="5" CreationCount="101"/><InteractionEvent Delta="null" EndDate="2014-11-21 10:40:52.698 JST" Interest="16.573002" Kind="manipulation" Navigation="null" OriginId="org.eclipse.mylyn.core.model.interest.decay.correction" StartDate="2014-11-21 08:14:22.694 JST" StructureHandle="=Embedded{D-100~\/D-108_Aoki_TMR0\/D-108_v_2_5_2\/D-108_v_2_5_2.X\/SD1602_4bit_mode.h[SD1602_print#74(char*" StructureKind="c/c++" NumEvents="4" CreationCount="101"/><InteractionEvent Delta="null" EndDate="2014-11-21 08:16:19.273 JST" Interest="1.0" Kind="selection" Navigation="null" OriginId="org.eclipse.cdt.ui.editor.CEditor" StartDate="2014-11-21 08:16:19.273 JST" StructureHandle="=Embedded{D-100~\/D-108_Aoki_TMR0\/D-108_v_2_5_2\/D-108_v_2_5_2.X\/D-108_v_2_5_2.c[xc.h#75" StructureKind="c/c++"/><InteractionEvent Delta="null" EndDate="2014-11-21 08:03:04.246 JST" Interest="1.0" Kind="selection" Navigation="null" OriginId="org.eclipse.cdt.ui.editor.CEditor" StartDate="2014-11-21 08:03:04.246 JST" StructureHandle="=Embedded{D-100~\/D-108_Aoki_TMR0\/D-108_v_2_5_0\/D-108_v_2_5_0.X\/D-108_v_2_5_0.c[string.h#75" StructureKind="c/c++"/><InteractionEvent Delta="null" EndDate="2014-11-21 08:03:08.333 JST" Interest="1.0" Kind="edit" Navigation="null" OriginId="org.eclipse.cdt.ui.editor.CEditor" StartDate="2014-11-21 08:03:08.333 JST" StructureHandle="=Embedded{D-100~\/D-108_Aoki_TMR0\/D-108_v_2_5_0\/D-108_v_2_5_0.X\/D-108_v_2_5_0.c[string.h#75" StructureKind="c/c++"/><InteractionEvent Delta="null" EndDate="2014-11-21 11:06:30.387 JST" Interest="60.0" Kind="selection" Navigation="null" OriginId="org.eclipse.cdt.ui.editor.CEditor" StartDate="2014-11-21 07:59:48.640 JST" StructureHandle="=Embedded{D-100~\/D-108_Aoki_TMR0\/D-108_v_2_5_2\/D-108_v_2_5_2.X\/D-108_v_2_5_2.c" StructureKind="c/c++" NumEvents="60" CreationCount="6"/><InteractionEvent Delta="null" EndDate="2014-11-21 11:01:49.975 JST" Interest="50.0" Kind="edit" Navigation="null" OriginId="org.eclipse.cdt.ui.editor.CEditor" StartDate="2014-11-21 07:59:49.592 JST" StructureHandle="=Embedded{D-100~\/D-108_Aoki_TMR0\/D-108_v_2_5_2\/D-108_v_2_5_2.X\/D-108_v_2_5_2.c" StructureKind="c/c++" NumEvents="50" CreationCount="6"/><InteractionEvent Delta="null" EndDate="2014-11-21 08:13:21.617 JST" Interest="8.880001" Kind="propagation" Navigation="org.eclipse.mylyn.core.model.edges.containment" OriginId="org.eclipse.mylyn.core.model.interest.propagation" StartDate="2014-11-21 08:12:19.116 JST" StructureHandle="=Embedded{D-100~\/D-108_Aoki_TMR0\/D-108_v_2_5_2\/D-108_v_2_5_2.X\/D-108_v_2_5_2.c" StructureKind="c/c++" NumEvents="13" CreationCount="6"/><InteractionEvent Delta="null" EndDate="2014-11-21 10:53:43.554 JST" Interest="3.0" Kind="selection" Navigation="null" OriginId="org.eclipse.cdt.ui.editor.CEditor" StartDate="2014-11-21 10:40:23.610 JST" StructureHandle="=Embedded{D-100~\/D-108_Aoki_TMR0\/D-108_v_2_5_2\/D-108_v_2_5_2.X\/lib_D-108_v_2_5_2.h[conv_Hex_to_CharCode#74(signed char" StructureKind="c/c++" NumEvents="3" CreationCount="1536"/><InteractionEvent Delta="null" EndDate="2014-11-21 10:53:45.956 JST" Interest="5.0" Kind="edit" Navigation="null" OriginId="org.eclipse.cdt.ui.editor.CEditor" StartDate="2014-11-21 10:40:24.609 JST" StructureHandle="=Embedded{D-100~\/D-108_Aoki_TMR0\/D-108_v_2_5_2\/D-108_v_2_5_2.X\/lib_D-108_v_2_5_2.h[conv_Hex_to_CharCode#74(signed char" StructureKind="c/c++" NumEvents="5" CreationCount="1536"/><InteractionEvent Delta="null" EndDate="2014-11-21 10:53:06.518 JST" Interest="0.28300023" Kind="manipulation" Navigation="null" OriginId="org.eclipse.mylyn.core.model.interest.decay.correction" StartDate="2014-11-21 10:53:06.518 JST" StructureHandle="=Embedded{D-100~\/D-108_Aoki_TMR0\/D-108_v_2_5_2\/D-108_v_2_5_2.X\/lib_D-108_v_2_5_2.h[conv_Hex_to_CharCode#74(signed char" StructureKind="c/c++"/><InteractionEvent Delta="null" EndDate="2014-11-21 16:09:55.648 JST" Interest="1592.0" Kind="propagation" Navigation="org.eclipse.mylyn.core.model.edges.containment" OriginId="org.eclipse.mylyn.core.model.interest.propagation" StartDate="2014-11-21 07:59:42.150 JST" StructureHandle="/" StructureKind="resource" NumEvents="1592" CreationCount="1"/><InteractionEvent Delta="null" EndDate="2014-11-21 09:55:33.998 JST" Interest="1.0" Kind="selection" Navigation="null" OriginId="org.eclipse.cdt.ui.editor.CEditor" StartDate="2014-11-21 09:55:33.998 JST" StructureHandle="=Embedded{D-100~\/D-108_Aoki_TMR0\/D-108_v_2_5_2\/D-108_v_2_5_2.X\/D-108_v_2_5_2.c[_Setup#73(void" StructureKind="c/c++"/><InteractionEvent Delta="null" EndDate="2014-11-21 11:00:59.586 JST" Interest="14.0" Kind="selection" Navigation="null" OriginId="org.eclipse.cdt.ui.editor.CEditor" StartDate="2014-11-21 08:08:45.940 JST" StructureHandle="=Embedded{D-100~\/D-108_Aoki_TMR0\/D-108_v_2_5_2\/D-108_v_2_5_2.X\/D-108_v_2_5_2.c[main#74(void" StructureKind="c/c++" NumEvents="14" CreationCount="146"/><InteractionEvent Delta="null" EndDate="2014-11-21 10:58:29.98 JST" Interest="42.0" Kind="edit" Navigation="null" OriginId="org.eclipse.cdt.ui.editor.CEditor" StartDate="2014-11-21 08:08:46.829 JST" StructureHandle="=Embedded{D-100~\/D-108_Aoki_TMR0\/D-108_v_2_5_2\/D-108_v_2_5_2.X\/D-108_v_2_5_2.c[main#74(void" StructureKind="c/c++" NumEvents="42" CreationCount="146"/><InteractionEvent Delta="null" EndDate="2014-11-21 08:16:16.419 JST" Interest="2.0" Kind="selection" Navigation="null" OriginId="org.eclipse.cdt.ui.editor.CEditor" StartDate="2014-11-21 08:09:36.253 JST" StructureHandle="=Embedded{D-100~\/D-108_Aoki_TMR0\/D-108_v_2_5_0\/D-108_v_2_5_0.X\/D-108_v_2_5_0.c[_Display#74(void" StructureKind="c/c++" NumEvents="2" CreationCount="198"/><InteractionEvent Delta="null" EndDate="2014-11-21 08:16:16.419 JST" Interest="3.5560002" Kind="manipulation" Navigation="null" OriginId="org.eclipse.mylyn.core.model.interest.decay.correction" StartDate="2014-11-21 08:16:16.419 JST" StructureHandle="=Embedded{D-100~\/D-108_Aoki_TMR0\/D-108_v_2_5_0\/D-108_v_2_5_0.X\/D-108_v_2_5_0.c[_Display#74(void" StructureKind="c/c++"/><InteractionEvent Delta="null" EndDate="2014-11-21 08:09:35.473 JST" Interest="9.0" Kind="selection" Navigation="null" OriginId="org.eclipse.cdt.ui.editor.CEditor" StartDate="2014-11-21 08:02:53.185 JST" StructureHandle="=Embedded{D-100~\/D-108_Aoki_TMR0\/D-108_v_2_5_0\/D-108_v_2_5_0.X\/D-108_v_2_5_0.c" StructureKind="c/c++" NumEvents="9" CreationCount="22"/><InteractionEvent Delta="null" EndDate="2014-11-21 08:02:54.59 JST" Interest="1.0" Kind="edit" Navigation="null" OriginId="org.eclipse.cdt.ui.editor.CEditor" StartDate="2014-11-21 08:02:54.59 JST" StructureHandle="=Embedded{D-100~\/D-108_Aoki_TMR0\/D-108_v_2_5_0\/D-108_v_2_5_0.X\/D-108_v_2_5_0.c" StructureKind="c/c++"/><InteractionEvent Delta="null" EndDate="2014-11-21 11:07:22.372 JST" Interest="9.0" Kind="selection" Navigation="null" OriginId="org.eclipse.cdt.ui.editor.CEditor" StartDate="2014-11-21 10:57:09.455 JST" StructureHandle="=Embedded{D-100~\/D-108_Aoki_TMR0\/D-108_v_2_5_2\/D-108_v_2_5_2.X\/lib_D-108_v_2_5_2.h[conv_Hex_to_CharCode_2Digits#74(signed char(char\[]" StructureKind="c/c++" NumEvents="9" CreationCount="1840"/><InteractionEvent Delta="null" EndDate="2014-11-21 16:09:55.593 JST" Interest="21.0" Kind="edit" Navigation="null" OriginId="org.eclipse.cdt.ui.editor.CEditor" StartDate="2014-11-21 10:57:10.817 JST" StructureHandle="=Embedded{D-100~\/D-108_Aoki_TMR0\/D-108_v_2_5_2\/D-108_v_2_5_2.X\/lib_D-108_v_2_5_2.h[conv_Hex_to_CharCode_2Digits#74(signed char(char\[]" StructureKind="c/c++" NumEvents="21" CreationCount="1840"/><InteractionEvent Delta="null" EndDate="2014-11-21 09:53:33.336 JST" Interest="3.0" Kind="selection" Navigation="null" OriginId="org.eclipse.cdt.ui.editor.CEditor" StartDate="2014-11-21 08:06:01.29 JST" StructureHandle="=Embedded{D-100~\/D-108_Aoki_TMR0\/D-108_v_2_5_2\/D-108_v_2_5_2.X\/SD1602_4bit_mode.h[SD1602_init_2#74(void" StructureKind="c/c++" NumEvents="3" CreationCount="83"/><InteractionEvent Delta="null" EndDate="2014-11-21 08:06:23.198 JST" Interest="5.0" Kind="edit" Navigation="null" OriginId="org.eclipse.cdt.ui.editor.CEditor" StartDate="2014-11-21 08:06:03.838 JST" StructureHandle="=Embedded{D-100~\/D-108_Aoki_TMR0\/D-108_v_2_5_2\/D-108_v_2_5_2.X\/SD1602_4bit_mode.h[SD1602_init_2#74(void" StructureKind="c/c++" NumEvents="5" CreationCount="83"/><InteractionEvent Delta="null" EndDate="2014-11-21 09:53:33.336 JST" Interest="7.318001" Kind="manipulation" Navigation="null" OriginId="org.eclipse.mylyn.core.model.interest.decay.correction" StartDate="2014-11-21 09:53:33.336 JST" StructureHandle="=Embedded{D-100~\/D-108_Aoki_TMR0\/D-108_v_2_5_2\/D-108_v_2_5_2.X\/SD1602_4bit_mode.h[SD1602_init_2#74(void" StructureKind="c/c++"/><InteractionEvent Delta="null" EndDate="2014-11-21 11:07:20.149 JST" Interest="28.0" Kind="selection" Navigation="null" OriginId="org.eclipse.cdt.ui.editor.CEditor" StartDate="2014-11-21 08:16:07.635 JST" StructureHandle="=Embedded{D-100~\/D-108_Aoki_TMR0\/D-108_v_2_5_2\/D-108_v_2_5_2.X\/lib_D-108_v_2_5_2.h" StructureKind="c/c++" NumEvents="28" CreationCount="455"/><InteractionEvent Delta="null" EndDate="2014-11-21 11:07:21.169 JST" Interest="118.0" Kind="edit" Navigation="null" OriginId="org.eclipse.cdt.ui.editor.CEditor" StartDate="2014-11-21 08:16:08.618 JST" StructureHandle="=Embedded{D-100~\/D-108_Aoki_TMR0\/D-108_v_2_5_2\/D-108_v_2_5_2.X\/lib_D-108_v_2_5_2.h" StructureKind="c/c++" NumEvents="118" CreationCount="455"/><InteractionEvent Delta="null" EndDate="2014-11-21 08:06:26.396 JST" Interest="1.0" Kind="selection" Navigation="null" OriginId="org.eclipse.cdt.ui.editor.CEditor" StartDate="2014-11-21 08:06:26.396 JST" StructureHandle="=Embedded{D-100~\/D-108_Aoki_TMR0\/D-108_v_2_5_2\/D-108_v_2_5_2.X\/SD1602_4bit_mode.h[SD1602_control#74(char" StructureKind="c/c++"/><InteractionEvent Delta="null" EndDate="2014-11-21 08:05:53.993 JST" Interest="1.0" Kind="selection" Navigation="null" OriginId="org.eclipse.cdt.ui.editor.CEditor" StartDate="2014-11-21 08:05:53.993 JST" StructureHandle="=Embedded{D-100~\/D-108_Aoki_TMR0\/D-108_v_2_5_2\/D-108_v_2_5_2.X\/SD1602_4bit_mode.h[SD1602_write#74(char(char" StructureKind="c/c++"/><InteractionEvent Delta="null" EndDate="2014-11-21 08:16:04.203 JST" Interest="2.0" Kind="selection" Navigation="null" OriginId="org.eclipse.ui.navigator.ProjectExplorer" StartDate="2014-11-21 07:59:43.492 JST" StructureHandle="/Embedded/D-100~/D-108_Aoki_TMR0/D-108_v_2_5_2" StructureKind="resource" NumEvents="2" CreationCount="2"/><InteractionEvent Delta="null" EndDate="2014-11-21 11:06:30.389 JST" Interest="597.034" Kind="propagation" Navigation="org.eclipse.mylyn.core.model.edges.containment" OriginId="org.eclipse.mylyn.core.model.interest.propagation" StartDate="2014-11-21 07:59:44.802 JST" StructureHandle="/Embedded/D-100~/D-108_Aoki_TMR0/D-108_v_2_5_2" StructureKind="resource" NumEvents="786" CreationCount="2"/><InteractionEvent Delta="null" EndDate="2014-11-21 09:55:38.167 JST" Interest="1.0" Kind="selection" Navigation="null" OriginId="org.eclipse.cdt.ui.editor.CEditor" StartDate="2014-11-21 09:55:38.167 JST" StructureHandle="=Embedded{D-100~\/D-108_Aoki_TMR0\/D-108_v_2_5_2\/D-108_v_2_5_2.X\/D-108_v_2_5_2.c[msg_Len#76" StructureKind="c/c++"/><InteractionEvent Delta="null" EndDate="2014-11-21 11:07:19.661 JST" Interest="599.051" Kind="propagation" Navigation="org.eclipse.mylyn.core.model.edges.containment" OriginId="org.eclipse.mylyn.core.model.interest.propagation" StartDate="2014-11-21 07:59:42.150 JST" StructureHandle="=Embedded" StructureKind="c/c++" NumEvents="794" CreationCount="1"/><InteractionEvent Delta="null" EndDate="2014-11-21 16:09:55.648 JST" Interest="1592.0" Kind="propagation" Navigation="null" OriginId="org.eclipse.cdt.ui.editor.CEditor" StartDate="2014-11-21 07:59:42.150 JST" StructureHandle="/Embedded" StructureKind="resource" NumEvents="1592" CreationCount="1"/><InteractionEvent Delta="null" EndDate="2014-11-21 08:02:49.301 JST" Interest="1.0" Kind="selection" Navigation="null" OriginId="org.eclipse.ui.navigator.ProjectExplorer" StartDate="2014-11-21 08:02:49.301 JST" StructureHandle="/Embedded/D-100~/D-108_Aoki_TMR0/D-108_v_2_5_0" StructureKind="resource"/><InteractionEvent Delta="null" EndDate="2014-11-21 08:16:16.403 JST" Interest="49.834" Kind="propagation" Navigation="org.eclipse.mylyn.core.model.edges.containment" OriginId="org.eclipse.mylyn.core.model.interest.propagation" StartDate="2014-11-21 08:02:50.970 JST" StructureHandle="/Embedded/D-100~/D-108_Aoki_TMR0/D-108_v_2_5_0" StructureKind="resource" NumEvents="60" CreationCount="18"/><InteractionEvent Delta="null" EndDate="2014-11-21 07:59:44.802 JST" Interest="1.0" Kind="selection" Navigation="null" OriginId="org.eclipse.ui.navigator.ProjectExplorer" StartDate="2014-11-21 07:59:44.802 JST" StructureHandle="/Embedded/D-100~/D-108_Aoki_TMR0/D-108_v_2_5_2/D-108_v_2_5_2.X" StructureKind="resource"/><InteractionEvent Delta="null" EndDate="2014-11-21 11:06:30.388 JST" Interest="598.01697" Kind="propagation" Navigation="org.eclipse.mylyn.core.model.edges.containment" OriginId="org.eclipse.mylyn.core.model.interest.propagation" StartDate="2014-11-21 07:59:46.908 JST" StructureHandle="/Embedded/D-100~/D-108_Aoki_TMR0/D-108_v_2_5_2/D-108_v_2_5_2.X" StructureKind="resource" NumEvents="770" CreationCount="3"/><InteractionEvent Delta="null" EndDate="2014-11-21 11:07:20.96 JST" Interest="23.0" Kind="selection" Navigation="null" OriginId="org.eclipse.cdt.ui.editor.CEditor" StartDate="2014-11-21 08:16:07.370 JST" StructureHandle="/Embedded/D-100~/D-108_Aoki_TMR0/D-108_v_2_5_2/D-108_v_2_5_2.X/lib_D-108_v_2_5_2.h" StructureKind="resource" NumEvents="23" CreationCount="453"/><InteractionEvent Delta="null" EndDate="2014-11-21 16:09:55.642 JST" Interest="394.0" Kind="edit" Navigation="null" OriginId="org.eclipse.cdt.ui.editor.CEditor" StartDate="2014-11-21 08:16:07.635 JST" StructureHandle="/Embedded/D-100~/D-108_Aoki_TMR0/D-108_v_2_5_2/D-108_v_2_5_2.X/lib_D-108_v_2_5_2.h" StructureKind="resource" NumEvents="394" CreationCount="453"/><InteractionEvent Delta="null" EndDate="2014-11-21 16:09:55.613 JST" Interest="148.0" Kind="propagation" Navigation="null" OriginId="org.eclipse.cdt.ui.editor.CEditor" StartDate="2014-11-21 08:16:07.635 JST" StructureHandle="/Embedded/D-100~/D-108_Aoki_TMR0/D-108_v_2_5_2/D-108_v_2_5_2.X/lib_D-108_v_2_5_2.h" StructureKind="resource" NumEvents="148" CreationCount="453"/></InteractionHistory>