<?xml version="1.0" encoding="UTF-8"?><InteractionHistory Id="local-86" Version="1"><InteractionEvent Delta="null" EndDate="2014-10-29 08:50:23.725 JST" Interest="95.894" Kind="propagation" Navigation="org.eclipse.mylyn.core.model.edges.containment" OriginId="org.eclipse.mylyn.core.model.interest.propagation" StartDate="2014-10-29 08:17:52.349 JST" StructureHandle="" StructureKind="c/c++" NumEvents="145" CreationCount="1"/><InteractionEvent Delta="null" EndDate="2014-10-29 08:43:02.388 JST" Interest="13.0" Kind="edit" Navigation="null" OriginId="org.eclipse.php.editor" StartDate="2014-10-29 08:32:14.531 JST" StructureHandle="/Cake_SL3/app/View/PurHistorys/add.ctp" StructureKind="resource" NumEvents="13" CreationCount="253"/><InteractionEvent Delta="null" EndDate="2014-10-29 08:43:02.430 JST" Interest="6.0" Kind="selection" Navigation="null" OriginId="org.eclipse.php.editor" StartDate="2014-10-29 08:32:14.246 JST" StructureHandle="/Cake_SL3/app/View/PurHistorys/add.ctp" StructureKind="resource" NumEvents="6" CreationCount="253"/><InteractionEvent Delta="null" EndDate="2014-10-29 08:22:23.28 JST" Interest="27.0" Kind="edit" Navigation="null" OriginId="org.eclipse.php.editor" StartDate="2014-10-29 08:19:49.18 JST" StructureHandle="/Cake_SL3/app/View/Helper/PurHistoryHelper.php" StructureKind="resource" NumEvents="27" CreationCount="15"/><InteractionEvent Delta="null" EndDate="2014-10-29 08:24:46.734 JST" Interest="5.0" Kind="selection" Navigation="null" OriginId="org.eclipse.ui.views.ResourceNavigator" StartDate="2014-10-29 08:19:48.956 JST" StructureHandle="/Cake_SL3/app/View/Helper/PurHistoryHelper.php" StructureKind="resource" NumEvents="5" CreationCount="15"/><InteractionEvent Delta="null" EndDate="2014-10-29 08:24:44.897 JST" Interest="1.0" Kind="propagation" Navigation="null" OriginId="org.eclipse.mylyn.resources.ui.interest.updater" StartDate="2014-10-29 08:24:44.897 JST" StructureHandle="/Cake_SL3/app/View/Helper/SiHelper.php" StructureKind="resource"/><InteractionEvent Delta="null" EndDate="2014-10-29 08:30:19.676 JST" Interest="15.0" Kind="edit" Navigation="null" OriginId="org.eclipse.php.editor" StartDate="2014-10-29 08:24:47.464 JST" StructureHandle="/Cake_SL3/app/View/Helper/SiHelper.php" StructureKind="resource" NumEvents="15" CreationCount="67"/><InteractionEvent Delta="null" EndDate="2014-10-29 08:30:19.665 JST" Interest="11.0" Kind="selection" Navigation="null" OriginId="org.eclipse.php.editor" StartDate="2014-10-29 08:24:47.381 JST" StructureHandle="/Cake_SL3/app/View/Helper/SiHelper.php" StructureKind="resource" NumEvents="11" CreationCount="67"/><InteractionEvent Delta="null" EndDate="2014-10-29 08:30:18.581 JST" Interest="26.0" Kind="edit" Navigation="null" OriginId="org.eclipse.php.editor" StartDate="2014-10-29 08:22:57.944 JST" StructureHandle="/Cake_SL3/app/View/PurHistorys/view.ctp" StructureKind="resource" NumEvents="26" CreationCount="51"/><InteractionEvent Delta="null" EndDate="2014-10-29 08:30:11.640 JST" Interest="7.0" Kind="selection" Navigation="null" OriginId="org.eclipse.php.editor" StartDate="2014-10-29 08:22:57.909 JST" StructureHandle="/Cake_SL3/app/View/PurHistorys/view.ctp" StructureKind="resource" NumEvents="7" CreationCount="51"/><InteractionEvent Delta="null" EndDate="2014-10-29 08:59:38.792 JST" Interest="83.81699" Kind="propagation" Navigation="org.eclipse.mylyn.core.model.edges.containment" OriginId="org.eclipse.mylyn.core.model.interest.propagation" StartDate="2014-10-29 08:32:02.329 JST" StructureHandle="/Cake_SL3/app/View/Sis" StructureKind="resource" NumEvents="116" CreationCount="245"/><InteractionEvent Delta="null" EndDate="2014-10-29 08:32:00.595 JST" Interest="1.0" Kind="selection" Navigation="null" OriginId="org.eclipse.ui.views.ResourceNavigator" StartDate="2014-10-29 08:32:00.595 JST" StructureHandle="/Cake_SL3/app/View/Sis" StructureKind="resource"/><InteractionEvent Delta="null" EndDate="2014-10-29 08:50:14.531 JST" Interest="41.0" Kind="edit" Navigation="null" OriginId="org.eclipse.php.editor" StartDate="2014-10-29 08:26:10.835 JST" StructureHandle="/Cake_SL3/app/View/Elements/sis/index_t_headers.ctp" StructureKind="resource" NumEvents="41" CreationCount="84"/><InteractionEvent Delta="null" EndDate="2014-10-29 08:50:13.483 JST" Interest="21.0" Kind="selection" Navigation="null" OriginId="org.eclipse.php.editor" StartDate="2014-10-29 08:26:10.800 JST" StructureHandle="/Cake_SL3/app/View/Elements/sis/index_t_headers.ctp" StructureKind="resource" NumEvents="21" CreationCount="84"/><InteractionEvent Delta="null" EndDate="2014-10-29 08:22:49.703 JST" Interest="1.0" Kind="selection" Navigation="null" OriginId="org.eclipse.ui.views.ResourceNavigator" StartDate="2014-10-29 08:22:49.703 JST" StructureHandle="/Cake_SL3/app/View/PurHistorys/edit.ctp" StructureKind="resource"/><InteractionEvent Delta="null" EndDate="2014-10-29 08:50:37.767 JST" Interest="84.0" Kind="edit" Navigation="null" OriginId="org.eclipse.php.editor" StartDate="2014-10-29 08:41:03.179 JST" StructureHandle="/Cake_SL3/app/View/Sis/view.ctp" StructureKind="resource" NumEvents="84" CreationCount="349"/><InteractionEvent Delta="null" EndDate="2014-10-29 08:50:24.355 JST" Interest="8.0" Kind="selection" Navigation="null" OriginId="org.eclipse.php.editor" StartDate="2014-10-29 08:41:02.874 JST" StructureHandle="/Cake_SL3/app/View/Sis/view.ctp" StructureKind="resource" NumEvents="8" CreationCount="349"/><InteractionEvent Delta="null" EndDate="2014-10-29 08:22:55.287 JST" Interest="2.0" Kind="selection" Navigation="null" OriginId="org.eclipse.ui.views.ResourceNavigator" StartDate="2014-10-29 08:22:48.829 JST" StructureHandle="/Cake_SL3/app/View/PurHistorys/index.ctp" StructureKind="resource" NumEvents="2" CreationCount="47"/><InteractionEvent Delta="null" EndDate="2014-10-29 08:18:13.394 JST" Interest="4.0" Kind="edit" Navigation="null" OriginId="org.eclipse.php.editor" StartDate="2014-10-29 08:18:06.580 JST" StructureHandle="/Cake_SL3/app/Controller/PurhistorysController.php" StructureKind="resource" NumEvents="4" CreationCount="3"/><InteractionEvent Delta="null" EndDate="2014-10-29 08:19:41.704 JST" Interest="4.0" Kind="selection" Navigation="null" OriginId="org.eclipse.ui.views.ResourceNavigator" StartDate="2014-10-29 08:18:01.290 JST" StructureHandle="/Cake_SL3/app/Controller/PurhistorysController.php" StructureKind="resource" NumEvents="4" CreationCount="3"/><InteractionEvent Delta="null" EndDate="2014-10-29 08:22:51.74 JST" Interest="2.0" Kind="selection" Navigation="null" OriginId="org.eclipse.ui.views.ResourceNavigator" StartDate="2014-10-29 08:19:46.41 JST" StructureHandle="/Cake_SL3/app/View/Admins" StructureKind="resource" NumEvents="2" CreationCount="13"/><InteractionEvent Delta="null" EndDate="2014-10-29 08:50:23.724 JST" Interest="94.894" Kind="propagation" Navigation="org.eclipse.mylyn.core.model.edges.containment" OriginId="org.eclipse.mylyn.core.model.interest.propagation" StartDate="2014-10-29 08:17:54.921 JST" StructureHandle="/Cake_SL3/app" StructureKind="resource" NumEvents="143" CreationCount="1"/><InteractionEvent Delta="null" EndDate="2014-10-29 08:17:52.332 JST" Interest="1.0" Kind="selection" Navigation="null" OriginId="org.eclipse.ui.views.ResourceNavigator" StartDate="2014-10-29 08:17:52.332 JST" StructureHandle="/Cake_SL3/app" StructureKind="resource"/><InteractionEvent Delta="null" EndDate="2014-10-29 08:50:23.723 JST" Interest="93.517" Kind="propagation" Navigation="org.eclipse.mylyn.core.model.edges.containment" OriginId="org.eclipse.mylyn.core.model.interest.propagation" StartDate="2014-10-29 08:26:10.272 JST" StructureHandle="/Cake_SL3/app/View/Elements/sis" StructureKind="resource" NumEvents="126" CreationCount="82"/><InteractionEvent Delta="null" EndDate="2014-10-29 08:26:09.126 JST" Interest="1.0" Kind="selection" Navigation="null" OriginId="org.eclipse.ui.views.ResourceNavigator" StartDate="2014-10-29 08:26:09.126 JST" StructureHandle="/Cake_SL3/app/View/Elements/sis" StructureKind="resource"/><InteractionEvent Delta="null" EndDate="2014-10-29 08:50:23.724 JST" Interest="93.534" Kind="propagation" Navigation="org.eclipse.mylyn.core.model.edges.containment" OriginId="org.eclipse.mylyn.core.model.interest.propagation" StartDate="2014-10-29 08:26:09.126 JST" StructureHandle="/Cake_SL3/app/View/Elements" StructureKind="resource" NumEvents="131" CreationCount="81"/><InteractionEvent Delta="null" EndDate="2014-10-29 08:25:50.850 JST" Interest="1.0" Kind="selection" Navigation="null" OriginId="org.eclipse.ui.views.ResourceNavigator" StartDate="2014-10-29 08:25:50.850 JST" StructureHandle="/Cake_SL3/app/View/Elements" StructureKind="resource"/><InteractionEvent Delta="null" EndDate="2014-10-29 08:22:42.990 JST" Interest="20.917" Kind="propagation" Navigation="org.eclipse.mylyn.core.model.edges.containment" OriginId="org.eclipse.mylyn.core.model.interest.propagation" StartDate="2014-10-29 08:19:48.957 JST" StructureHandle="/Cake_SL3/app/View/Helper" StructureKind="resource" NumEvents="30" CreationCount="14"/><InteractionEvent Delta="null" EndDate="2014-10-29 08:24:38.525 JST" Interest="4.0" Kind="selection" Navigation="null" OriginId="org.eclipse.ui.views.ResourceNavigator" StartDate="2014-10-29 08:19:47.274 JST" StructureHandle="/Cake_SL3/app/View/Helper" StructureKind="resource" NumEvents="4" CreationCount="14"/><InteractionEvent Delta="null" EndDate="2014-10-29 08:30:18.582 JST" Interest="24.284998" Kind="propagation" Navigation="org.eclipse.mylyn.core.model.edges.containment" OriginId="org.eclipse.mylyn.core.model.interest.propagation" StartDate="2014-10-29 08:22:48.830 JST" StructureHandle="/Cake_SL3/app/View/PurHistorys" StructureKind="resource" NumEvents="34" CreationCount="46"/><InteractionEvent Delta="null" EndDate="2014-10-29 08:22:47.487 JST" Interest="1.0" Kind="selection" Navigation="null" OriginId="org.eclipse.ui.views.ResourceNavigator" StartDate="2014-10-29 08:22:47.487 JST" StructureHandle="/Cake_SL3/app/View/PurHistorys" StructureKind="resource"/><InteractionEvent Delta="null" EndDate="2014-10-29 08:50:23.723 JST" Interest="105.0" Kind="edit" Navigation="null" OriginId="org.eclipse.php.editor" StartDate="2014-10-29 08:27:57.603 JST" StructureHandle="/Cake_SL3/app/View/Elements/sis/index_t_entries.ctp" StructureKind="resource" NumEvents="105" CreationCount="83"/><InteractionEvent Delta="null" EndDate="2014-10-29 08:50:16.991 JST" Interest="21.0" Kind="selection" Navigation="null" OriginId="org.eclipse.php.editor" StartDate="2014-10-29 08:26:10.272 JST" StructureHandle="/Cake_SL3/app/View/Elements/sis/index_t_entries.ctp" StructureKind="resource" NumEvents="21" CreationCount="83"/><InteractionEvent Delta="null" EndDate="2014-10-29 08:50:23.724 JST" Interest="95.689995" Kind="propagation" Navigation="org.eclipse.mylyn.core.model.edges.containment" OriginId="org.eclipse.mylyn.core.model.interest.propagation" StartDate="2014-10-29 08:19:46.42 JST" StructureHandle="/Cake_SL3/app/View" StructureKind="resource" NumEvents="139" CreationCount="13"/><InteractionEvent Delta="null" EndDate="2014-10-29 08:59:38.793 JST" Interest="533.0" Kind="propagation" Navigation="org.eclipse.mylyn.core.model.edges.containment" OriginId="org.eclipse.mylyn.core.model.interest.propagation" StartDate="2014-10-29 08:17:52.349 JST" StructureHandle="/" StructureKind="resource" NumEvents="533" CreationCount="1"/><InteractionEvent Delta="null" EndDate="2014-10-29 08:19:41.705 JST" Interest="5.8170004" Kind="propagation" Navigation="org.eclipse.mylyn.core.model.edges.containment" OriginId="org.eclipse.mylyn.core.model.interest.propagation" StartDate="2014-10-29 08:18:01.291 JST" StructureHandle="/Cake_SL3/app/Controller" StructureKind="resource" NumEvents="8" CreationCount="2"/><InteractionEvent Delta="null" EndDate="2014-10-29 08:19:43.24 JST" Interest="2.0" Kind="selection" Navigation="null" OriginId="org.eclipse.ui.views.ResourceNavigator" StartDate="2014-10-29 08:17:54.919 JST" StructureHandle="/Cake_SL3/app/Controller" StructureKind="resource" NumEvents="2" CreationCount="2"/><InteractionEvent Delta="null" EndDate="2014-10-29 08:25:23.675 JST" Interest="1.0" Kind="selection" Navigation="null" OriginId="org.eclipse.ui.views.ResourceNavigator" StartDate="2014-10-29 08:25:23.675 JST" StructureHandle="/Cake_SL3/app/View/Genres" StructureKind="resource"/><InteractionEvent Delta="null" EndDate="2014-10-29 08:50:23.724 JST" Interest="95.894" Kind="propagation" Navigation="org.eclipse.mylyn.core.model.edges.containment" OriginId="org.eclipse.mylyn.core.model.interest.propagation" StartDate="2014-10-29 08:17:52.347 JST" StructureHandle="=Cake_SL3" StructureKind="c/c++" NumEvents="145" CreationCount="1"/><InteractionEvent Delta="null" EndDate="2014-10-29 08:19:42.423 JST" Interest="1.0" Kind="selection" Navigation="null" OriginId="org.eclipse.ui.views.ResourceNavigator" StartDate="2014-10-29 08:19:42.423 JST" StructureHandle="/Cake_SL3/app/Controller/PagesController.php" StructureKind="resource"/><InteractionEvent Delta="null" EndDate="2014-10-29 08:59:38.793 JST" Interest="533.0" Kind="propagation" Navigation="null" OriginId="org.eclipse.php.editor" StartDate="2014-10-29 08:17:52.348 JST" StructureHandle="/Cake_SL3" StructureKind="resource" NumEvents="533" CreationCount="1"/><InteractionEvent Delta="null" EndDate="2014-10-29 08:59:38.791 JST" Interest="104.0" Kind="edit" Navigation="null" OriginId="org.eclipse.php.editor" StartDate="2014-10-29 08:32:02.655 JST" StructureHandle="/Cake_SL3/app/View/Sis/add.ctp" StructureKind="resource" NumEvents="104" CreationCount="246"/><InteractionEvent Delta="null" EndDate="2014-10-29 08:59:38.773 JST" Interest="12.0" Kind="selection" Navigation="null" OriginId="org.eclipse.php.editor" StartDate="2014-10-29 08:32:02.328 JST" StructureHandle="/Cake_SL3/app/View/Sis/add.ctp" StructureKind="resource" NumEvents="12" CreationCount="246"/></InteractionHistory>