<?xml version="1.0" encoding="UTF-8"?><InteractionHistory Id="local-141" Version="1"><InteractionEvent Delta="null" EndDate="2015-01-23 13:36:08.578 JST" Interest="373.951" Kind="propagation" Navigation="org.eclipse.mylyn.core.model.edges.containment" OriginId="org.eclipse.mylyn.core.model.interest.propagation" StartDate="2015-01-23 11:33:11.633 JST" StructureHandle="" StructureKind="c/c++" NumEvents="516" CreationCount="1"/><InteractionEvent Delta="null" EndDate="2015-01-23 13:46:40.202 JST" Interest="298.9" Kind="propagation" Navigation="org.eclipse.mylyn.core.model.edges.containment" OriginId="org.eclipse.mylyn.core.model.interest.propagation" StartDate="2015-01-23 12:56:07.748 JST" StructureHandle="/Cake_NR5/app/Lib" StructureKind="resource" NumEvents="418" CreationCount="454"/><InteractionEvent Delta="null" EndDate="2015-01-23 12:36:30.601 JST" Interest="1.0" Kind="selection" Navigation="null" OriginId="org.eclipse.ui.views.ResourceNavigator" StartDate="2015-01-23 12:36:30.601 JST" StructureHandle="/Cake_NR5/app/Controller/GenresController.php" StructureKind="resource"/><InteractionEvent Delta="null" EndDate="2015-01-23 12:31:32.738 JST" Interest="9.0" Kind="selection" Navigation="null" OriginId="org.eclipse.php.editor" StartDate="2015-01-23 11:33:12.303 JST" StructureHandle="/Cake_NR5/app/View/Tokens/tests/D_7.ctp" StructureKind="resource" NumEvents="9" CreationCount="1"/><InteractionEvent Delta="null" EndDate="2015-01-23 12:31:32.752 JST" Interest="9.0" Kind="edit" Navigation="null" OriginId="org.eclipse.php.editor" StartDate="2015-01-23 11:33:11.617 JST" StructureHandle="/Cake_NR5/app/View/Tokens/tests/D_7.ctp" StructureKind="resource" NumEvents="9" CreationCount="1"/><InteractionEvent Delta="null" EndDate="2015-01-23 13:46:40.203 JST" Interest="1010.0" Kind="propagation" Navigation="null" OriginId="org.eclipse.php.editor" StartDate="2015-01-23 11:33:11.633 JST" StructureHandle="/Cake_NR5" StructureKind="resource" NumEvents="1010" CreationCount="1"/><InteractionEvent Delta="null" EndDate="2015-01-23 12:22:31.317 JST" Interest="1.0" Kind="prediction" Navigation="null" OriginId="org.eclipse.mylyn.resources.ui.interest.updater" StartDate="2015-01-23 12:22:31.317 JST" StructureHandle="/Cake_NR5/b.bat" StructureKind="resource"/><InteractionEvent Delta="null" EndDate="2015-01-23 13:08:04.593 JST" Interest="33.908" Kind="propagation" Navigation="org.eclipse.mylyn.core.model.edges.containment" OriginId="org.eclipse.mylyn.core.model.interest.propagation" StartDate="2015-01-23 11:33:11.632 JST" StructureHandle="/Cake_NR5/app/View" StructureKind="resource" NumEvents="42" CreationCount="1"/><InteractionEvent Delta="null" EndDate="2015-01-23 13:36:08.577 JST" Interest="373.951" Kind="propagation" Navigation="org.eclipse.mylyn.core.model.edges.containment" OriginId="org.eclipse.mylyn.core.model.interest.propagation" StartDate="2015-01-23 11:33:11.632 JST" StructureHandle="=Cake_NR5" StructureKind="c/c++" NumEvents="516" CreationCount="1"/><InteractionEvent Delta="null" EndDate="2015-01-23 13:46:40.203 JST" Interest="1010.0" Kind="propagation" Navigation="org.eclipse.mylyn.core.model.edges.containment" OriginId="org.eclipse.mylyn.core.model.interest.propagation" StartDate="2015-01-23 11:33:11.633 JST" StructureHandle="/" StructureKind="resource" NumEvents="1010" CreationCount="1"/><InteractionEvent Delta="null" EndDate="2015-01-23 13:46:40.202 JST" Interest="298.9" Kind="propagation" Navigation="org.eclipse.mylyn.core.model.edges.containment" OriginId="org.eclipse.mylyn.core.model.interest.propagation" StartDate="2015-01-23 12:56:07.748 JST" StructureHandle="/Cake_NR5/app/Lib/utils" StructureKind="resource" NumEvents="418" CreationCount="454"/><InteractionEvent Delta="null" EndDate="2015-01-23 13:08:04.577 JST" Interest="15.0" Kind="selection" Navigation="null" OriginId="org.eclipse.php.editor" StartDate="2015-01-23 12:22:48.298 JST" StructureHandle="/Cake_NR5/app/View/Tokens/tests/D_7_V_1_1.ctp" StructureKind="resource" NumEvents="15" CreationCount="25"/><InteractionEvent Delta="null" EndDate="2015-01-23 12:22:45.786 JST" Interest="1.0" Kind="propagation" Navigation="null" OriginId="org.eclipse.mylyn.resources.ui.interest.updater" StartDate="2015-01-23 12:22:45.786 JST" StructureHandle="/Cake_NR5/app/View/Tokens/tests/D_7_V_1_1.ctp" StructureKind="resource"/><InteractionEvent Delta="null" EndDate="2015-01-23 13:08:04.591 JST" Interest="25.0" Kind="edit" Navigation="null" OriginId="org.eclipse.php.editor" StartDate="2015-01-23 12:22:48.454 JST" StructureHandle="/Cake_NR5/app/View/Tokens/tests/D_7_V_1_1.ctp" StructureKind="resource" NumEvents="25" CreationCount="25"/><InteractionEvent Delta="null" EndDate="2015-01-23 12:56:44.16 JST" Interest="3.0" Kind="selection" Navigation="null" OriginId="org.eclipse.php.editor" StartDate="2015-01-23 12:36:32.819 JST" StructureHandle="/Cake_NR5/app/Controller/HistorysController.php" StructureKind="resource" NumEvents="3" CreationCount="25"/><InteractionEvent Delta="null" EndDate="2015-01-23 12:36:32.819 JST" Interest="0.8700001" Kind="manipulation" Navigation="null" OriginId="org.eclipse.mylyn.core.model.interest.decay.correction" StartDate="2015-01-23 12:36:32.819 JST" StructureHandle="/Cake_NR5/app/Controller/HistorysController.php" StructureKind="resource"/><InteractionEvent Delta="null" EndDate="2015-01-23 12:22:31.318 JST" Interest="1.0" Kind="prediction" Navigation="null" OriginId="org.eclipse.mylyn.resources.ui.interest.updater" StartDate="2015-01-23 12:22:31.318 JST" StructureHandle="/Cake_NR5/app/Controller/HistorysController.php" StructureKind="resource"/><InteractionEvent Delta="null" EndDate="2015-01-23 12:56:44.25 JST" Interest="11.0" Kind="edit" Navigation="null" OriginId="org.eclipse.php.editor" StartDate="2015-01-23 12:36:33.136 JST" StructureHandle="/Cake_NR5/app/Controller/HistorysController.php" StructureKind="resource" NumEvents="11" CreationCount="25"/><InteractionEvent Delta="null" EndDate="2015-01-23 13:35:24.229 JST" Interest="47.0" Kind="selection" Navigation="null" OriginId="org.eclipse.php.editor" StartDate="2015-01-23 11:33:17.222 JST" StructureHandle="/Cake_NR5/app/Controller/TokensController.php" StructureKind="resource" NumEvents="47" CreationCount="4"/><InteractionEvent Delta="null" EndDate="2015-01-23 13:36:08.576 JST" Interest="467.0" Kind="edit" Navigation="null" OriginId="org.eclipse.php.editor" StartDate="2015-01-23 11:33:16.831 JST" StructureHandle="/Cake_NR5/app/Controller/TokensController.php" StructureKind="resource" NumEvents="467" CreationCount="4"/><InteractionEvent Delta="null" EndDate="2015-01-23 13:36:08.577 JST" Interest="373.9" Kind="propagation" Navigation="org.eclipse.mylyn.core.model.edges.containment" OriginId="org.eclipse.mylyn.core.model.interest.propagation" StartDate="2015-01-23 11:33:16.832 JST" StructureHandle="/Cake_NR5/app/Controller" StructureKind="resource" NumEvents="514" CreationCount="4"/><InteractionEvent Delta="null" EndDate="2015-01-23 13:36:08.577 JST" Interest="373.951" Kind="propagation" Navigation="org.eclipse.mylyn.core.model.edges.containment" OriginId="org.eclipse.mylyn.core.model.interest.propagation" StartDate="2015-01-23 11:33:11.632 JST" StructureHandle="/Cake_NR5/app" StructureKind="resource" NumEvents="516" CreationCount="1"/><InteractionEvent Delta="null" EndDate="2015-01-23 13:08:04.592 JST" Interest="33.908" Kind="propagation" Navigation="org.eclipse.mylyn.core.model.edges.containment" OriginId="org.eclipse.mylyn.core.model.interest.propagation" StartDate="2015-01-23 11:33:11.631 JST" StructureHandle="/Cake_NR5/app/View/Tokens" StructureKind="resource" NumEvents="42" CreationCount="1"/><InteractionEvent Delta="null" EndDate="2015-01-23 13:07:00.60 JST" Interest="1.0" Kind="prediction" Navigation="null" OriginId="org.eclipse.mylyn.resources.ui.interest.updater" StartDate="2015-01-23 13:07:00.60 JST" StructureHandle="/Cake_NR5/app/Lib/utils/CONS.php" StructureKind="resource"/><InteractionEvent Delta="null" EndDate="2015-01-23 12:22:30.760 JST" Interest="1.0" Kind="selection" Navigation="null" OriginId="org.eclipse.ui.views.ResourceNavigator" StartDate="2015-01-23 12:22:30.760 JST" StructureHandle="/Cake_NR5/app/View/Tokens/tests" StructureKind="resource"/><InteractionEvent Delta="null" EndDate="2015-01-23 13:08:04.591 JST" Interest="32.908" Kind="propagation" Navigation="org.eclipse.mylyn.core.model.edges.containment" OriginId="org.eclipse.mylyn.core.model.interest.propagation" StartDate="2015-01-23 11:33:11.631 JST" StructureHandle="/Cake_NR5/app/View/Tokens/tests" StructureKind="resource" NumEvents="41" CreationCount="1"/><InteractionEvent Delta="null" EndDate="2015-01-23 13:46:40.114 JST" Interest="20.0" Kind="selection" Navigation="null" OriginId="org.eclipse.php.editor" StartDate="2015-01-23 12:56:31.583 JST" StructureHandle="/Cake_NR5/app/Lib/utils/utils.php" StructureKind="resource" NumEvents="20" CreationCount="454"/><InteractionEvent Delta="null" EndDate="2015-01-23 12:56:07.747 JST" Interest="1.0" Kind="prediction" Navigation="null" OriginId="org.eclipse.mylyn.resources.ui.interest.updater" StartDate="2015-01-23 12:56:07.747 JST" StructureHandle="/Cake_NR5/app/Lib/utils/utils.php" StructureKind="resource"/><InteractionEvent Delta="null" EndDate="2015-01-23 13:46:40.201 JST" Interest="397.0" Kind="edit" Navigation="null" OriginId="org.eclipse.php.editor" StartDate="2015-01-23 12:56:31.439 JST" StructureHandle="/Cake_NR5/app/Lib/utils/utils.php" StructureKind="resource" NumEvents="397" CreationCount="454"/></InteractionHistory>