<?xml version="1.0" encoding="UTF-8"?><InteractionHistory Id="local-136" Version="1"><InteractionEvent Delta="null" EndDate="2015-01-19 15:36:54.362 JST" Interest="32.0" Kind="edit" Navigation="null" OriginId="org.eclipse.php.editor" StartDate="2015-01-19 15:17:26.26 JST" StructureHandle="/Cake_NR5/app/View/Elements/tokens/index/index_t_headers__Col_Hin_1.ctp" StructureKind="resource" NumEvents="32" CreationCount="860"/><InteractionEvent Delta="null" EndDate="2015-01-19 15:17:23.266 JST" Interest="1.0" Kind="propagation" Navigation="null" OriginId="org.eclipse.mylyn.resources.ui.interest.updater" StartDate="2015-01-19 15:17:23.266 JST" StructureHandle="/Cake_NR5/app/View/Elements/tokens/index/index_t_headers__Col_Hin_1.ctp" StructureKind="resource"/><InteractionEvent Delta="null" EndDate="2015-01-19 15:36:54.332 JST" Interest="20.0" Kind="selection" Navigation="null" OriginId="org.eclipse.php.editor" StartDate="2015-01-19 15:17:24.774 JST" StructureHandle="/Cake_NR5/app/View/Elements/tokens/index/index_t_headers__Col_Hin_1.ctp" StructureKind="resource" NumEvents="20" CreationCount="860"/><InteractionEvent Delta="null" EndDate="2015-01-19 15:43:36.2 JST" Interest="324.53406" Kind="propagation" Navigation="org.eclipse.mylyn.core.model.edges.containment" OriginId="org.eclipse.mylyn.core.model.interest.propagation" StartDate="2015-01-19 11:45:23.419 JST" StructureHandle="" StructureKind="c/c++" NumEvents="471" CreationCount="1"/><InteractionEvent Delta="null" EndDate="2015-01-19 11:45:23.415 JST" Interest="1.0" Kind="selection" Navigation="null" OriginId="org.eclipse.ui.views.ResourceNavigator" StartDate="2015-01-19 11:45:23.415 JST" StructureHandle="/Cake_NR5/.settings" StructureKind="resource"/><InteractionEvent Delta="null" EndDate="2015-01-19 15:36:50.341 JST" Interest="107.0" Kind="edit" Navigation="null" OriginId="org.eclipse.php.editor" StartDate="2015-01-19 15:04:36.107 JST" StructureHandle="/Cake_NR5/app/View/Elements/tokens/index/index_t_headers__Col_History.ctp" StructureKind="resource" NumEvents="107" CreationCount="619"/><InteractionEvent Delta="null" EndDate="2015-01-19 15:04:33.697 JST" Interest="1.0" Kind="propagation" Navigation="null" OriginId="org.eclipse.mylyn.resources.ui.interest.updater" StartDate="2015-01-19 15:04:33.697 JST" StructureHandle="/Cake_NR5/app/View/Elements/tokens/index/index_t_headers__Col_History.ctp" StructureKind="resource"/><InteractionEvent Delta="null" EndDate="2015-01-19 15:34:03.357 JST" Interest="19.0" Kind="selection" Navigation="null" OriginId="org.eclipse.php.editor" StartDate="2015-01-19 15:04:35.835 JST" StructureHandle="/Cake_NR5/app/View/Elements/tokens/index/index_t_headers__Col_History.ctp" StructureKind="resource" NumEvents="19" CreationCount="619"/><InteractionEvent Delta="null" EndDate="2015-01-19 15:56:12.592 JST" Interest="1201.0" Kind="propagation" Navigation="null" OriginId="org.eclipse.php.editor" StartDate="2015-01-19 11:45:23.419 JST" StructureHandle="/Cake_NR5" StructureKind="resource" NumEvents="1201" CreationCount="1"/><InteractionEvent Delta="null" EndDate="2015-01-19 15:36:57.157 JST" Interest="140.0" Kind="edit" Navigation="null" OriginId="org.eclipse.php.editor" StartDate="2015-01-19 15:03:40.986 JST" StructureHandle="/Cake_NR5/app/View/Elements/tokens/index_t_headers.ctp" StructureKind="resource" NumEvents="140" CreationCount="2"/><InteractionEvent Delta="null" EndDate="2015-01-19 11:45:32.391 JST" Interest="1.0" Kind="prediction" Navigation="null" OriginId="org.eclipse.mylyn.resources.ui.interest.updater" StartDate="2015-01-19 11:45:32.391 JST" StructureHandle="/Cake_NR5/app/View/Elements/tokens/index_t_headers.ctp" StructureKind="resource"/><InteractionEvent Delta="null" EndDate="2015-01-19 15:03:40.672 JST" Interest="9.302001" Kind="manipulation" Navigation="null" OriginId="org.eclipse.mylyn.core.model.interest.decay.correction" StartDate="2015-01-19 15:03:40.672 JST" StructureHandle="/Cake_NR5/app/View/Elements/tokens/index_t_headers.ctp" StructureKind="resource"/><InteractionEvent Delta="null" EndDate="2015-01-19 15:36:55.194 JST" Interest="24.0" Kind="selection" Navigation="null" OriginId="org.eclipse.php.editor" StartDate="2015-01-19 15:03:40.672 JST" StructureHandle="/Cake_NR5/app/View/Elements/tokens/index_t_headers.ctp" StructureKind="resource" NumEvents="24" CreationCount="2"/><InteractionEvent Delta="null" EndDate="2015-01-19 15:36:57.157 JST" Interest="131.302" Kind="propagation" Navigation="org.eclipse.mylyn.core.model.edges.containment" OriginId="org.eclipse.mylyn.core.model.interest.propagation" StartDate="2015-01-19 11:45:32.395 JST" StructureHandle="/Cake_NR5/app/View" StructureKind="resource" NumEvents="195" CreationCount="2"/><InteractionEvent Delta="null" EndDate="2015-01-19 12:04:49.358 JST" Interest="1.0" Kind="selection" Navigation="null" OriginId="org.eclipse.ui.views.ResourceNavigator" StartDate="2015-01-19 12:04:49.358 JST" StructureHandle="/Cake_NR5/app/View" StructureKind="resource"/><InteractionEvent Delta="null" EndDate="2015-01-19 15:15:33.118 JST" Interest="41.3" Kind="propagation" Navigation="org.eclipse.mylyn.core.model.edges.containment" OriginId="org.eclipse.mylyn.core.model.interest.propagation" StartDate="2015-01-19 12:08:57.790 JST" StructureHandle="/Cake_NR5/app/Lib/utils" StructureKind="resource" NumEvents="53" CreationCount="91"/><InteractionEvent Delta="null" EndDate="2015-01-19 15:03:34.322 JST" Interest="9.268001" Kind="manipulation" Navigation="null" OriginId="org.eclipse.mylyn.core.model.interest.decay.correction" StartDate="2015-01-19 15:03:34.322 JST" StructureHandle="/Cake_NR5/app/View/Elements" StructureKind="resource"/><InteractionEvent Delta="null" EndDate="2015-01-19 15:36:57.157 JST" Interest="122.034004" Kind="propagation" Navigation="org.eclipse.mylyn.core.model.edges.containment" OriginId="org.eclipse.mylyn.core.model.interest.propagation" StartDate="2015-01-19 11:45:32.394 JST" StructureHandle="/Cake_NR5/app/View/Elements" StructureKind="resource" NumEvents="179" CreationCount="2"/><InteractionEvent Delta="null" EndDate="2015-01-19 15:03:34.322 JST" Interest="1.0" Kind="selection" Navigation="null" OriginId="org.eclipse.ui.views.ResourceNavigator" StartDate="2015-01-19 15:03:34.322 JST" StructureHandle="/Cake_NR5/app/View/Elements" StructureKind="resource"/><InteractionEvent Delta="null" EndDate="2015-01-19 15:09:46.482 JST" Interest="37.0" Kind="edit" Navigation="null" OriginId="org.eclipse.php.editor" StartDate="2015-01-19 14:00:53.726 JST" StructureHandle="/Cake_NR5/app/Controller/HistorysController.php" StructureKind="resource" NumEvents="37" CreationCount="22"/><InteractionEvent Delta="null" EndDate="2015-01-19 14:00:53.12 JST" Interest="6.1060004" Kind="manipulation" Navigation="null" OriginId="org.eclipse.mylyn.core.model.interest.decay.correction" StartDate="2015-01-19 14:00:53.12 JST" StructureHandle="/Cake_NR5/app/Controller/HistorysController.php" StructureKind="resource"/><InteractionEvent Delta="null" EndDate="2015-01-19 15:09:46.462 JST" Interest="9.0" Kind="selection" Navigation="null" OriginId="org.eclipse.php.editor" StartDate="2015-01-19 12:04:46.913 JST" StructureHandle="/Cake_NR5/app/Controller/HistorysController.php" StructureKind="resource" NumEvents="9" CreationCount="22"/><InteractionEvent Delta="null" EndDate="2015-01-19 14:00:48.231 JST" Interest="1.0" Kind="selection" Navigation="null" OriginId="org.eclipse.ui.views.ResourceNavigator" StartDate="2015-01-19 14:00:48.231 JST" StructureHandle="/Cake_NR5/app/View/Tokens/create_hins.ctp" StructureKind="resource"/><InteractionEvent Delta="null" EndDate="2015-01-19 15:41:28.606 JST" Interest="435.0" Kind="edit" Navigation="null" OriginId="org.eclipse.php.editor" StartDate="2015-01-19 11:45:42.855 JST" StructureHandle="/Cake_NR5/app/Controller/TokensController.php" StructureKind="resource" NumEvents="435" CreationCount="3"/><InteractionEvent Delta="null" EndDate="2015-01-19 15:39:48.140 JST" Interest="20.0" Kind="selection" Navigation="null" OriginId="org.eclipse.php.editor" StartDate="2015-01-19 11:45:42.193 JST" StructureHandle="/Cake_NR5/app/Controller/TokensController.php" StructureKind="resource" NumEvents="20" CreationCount="3"/><InteractionEvent Delta="null" EndDate="2015-01-19 15:23:57.739 JST" Interest="8.651001" Kind="propagation" Navigation="org.eclipse.mylyn.core.model.edges.containment" OriginId="org.eclipse.mylyn.core.model.interest.propagation" StartDate="2015-01-19 15:19:18.450 JST" StructureHandle="/Cake_NR5/app/View/Elements/historys" StructureKind="resource" NumEvents="12" CreationCount="895"/><InteractionEvent Delta="null" EndDate="2015-01-19 15:19:15.173 JST" Interest="2.0" Kind="selection" Navigation="null" OriginId="org.eclipse.ui.views.ResourceNavigator" StartDate="2015-01-19 15:19:03.478 JST" StructureHandle="/Cake_NR5/app/View/Elements/historys" StructureKind="resource" NumEvents="2" CreationCount="895"/><InteractionEvent Delta="null" EndDate="2015-01-19 15:41:28.606 JST" Interest="323.517" Kind="propagation" Navigation="org.eclipse.mylyn.core.model.edges.containment" OriginId="org.eclipse.mylyn.core.model.interest.propagation" StartDate="2015-01-19 11:45:42.195 JST" StructureHandle="/Cake_NR5/app" StructureKind="resource" NumEvents="461" CreationCount="2"/><InteractionEvent Delta="null" EndDate="2015-01-19 11:45:25.980 JST" Interest="1.0" Kind="selection" Navigation="null" OriginId="org.eclipse.ui.views.ResourceNavigator" StartDate="2015-01-19 11:45:25.980 JST" StructureHandle="/Cake_NR5/app" StructureKind="resource"/><InteractionEvent Delta="null" EndDate="2015-01-19 15:15:35.902 JST" Interest="18.217001" Kind="propagation" Navigation="org.eclipse.mylyn.core.model.edges.containment" OriginId="org.eclipse.mylyn.core.model.interest.propagation" StartDate="2015-01-19 14:56:29.348 JST" StructureHandle="/Cake_NR5/app/View/Layouts" StructureKind="resource" NumEvents="24" CreationCount="557"/><InteractionEvent Delta="null" EndDate="2015-01-19 14:56:26.81 JST" Interest="1.0" Kind="selection" Navigation="null" OriginId="org.eclipse.ui.views.ResourceNavigator" StartDate="2015-01-19 14:56:26.81 JST" StructureHandle="/Cake_NR5/app/View/Layouts" StructureKind="resource"/><InteractionEvent Delta="null" EndDate="2015-01-19 15:15:33.117 JST" Interest="39.0" Kind="edit" Navigation="null" OriginId="org.eclipse.php.editor" StartDate="2015-01-19 12:08:57.976 JST" StructureHandle="/Cake_NR5/app/Lib/utils/CONS.php" StructureKind="resource" NumEvents="39" CreationCount="91"/><InteractionEvent Delta="null" EndDate="2015-01-19 15:15:33.83 JST" Interest="14.0" Kind="selection" Navigation="null" OriginId="org.eclipse.php.editor" StartDate="2015-01-19 12:08:57.790 JST" StructureHandle="/Cake_NR5/app/Lib/utils/CONS.php" StructureKind="resource" NumEvents="14" CreationCount="91"/><InteractionEvent Delta="null" EndDate="2015-01-19 15:15:33.119 JST" Interest="41.3" Kind="propagation" Navigation="org.eclipse.mylyn.core.model.edges.containment" OriginId="org.eclipse.mylyn.core.model.interest.propagation" StartDate="2015-01-19 12:08:57.791 JST" StructureHandle="/Cake_NR5/app/Lib" StructureKind="resource" NumEvents="53" CreationCount="91"/><InteractionEvent Delta="null" EndDate="2015-01-19 15:19:10.246 JST" Interest="1.0" Kind="selection" Navigation="null" OriginId="org.eclipse.ui.views.ResourceNavigator" StartDate="2015-01-19 15:19:10.246 JST" StructureHandle="/Cake_NR5/app/View/Historys" StructureKind="resource"/><InteractionEvent Delta="null" EndDate="2015-01-19 12:04:46.124 JST" Interest="1.0" Kind="prediction" Navigation="null" OriginId="org.eclipse.mylyn.resources.ui.interest.updater" StartDate="2015-01-19 12:04:46.124 JST" StructureHandle="/Cake_NR5/b.bat" StructureKind="resource"/><InteractionEvent Delta="null" EndDate="2015-01-19 15:04:15.367 JST" Interest="1.0" Kind="propagation" Navigation="null" OriginId="org.eclipse.mylyn.resources.ui.interest.updater" StartDate="2015-01-19 15:04:15.367 JST" StructureHandle="/Cake_NR5/app/View/Elements/tokens/index/index_t_headers.ctp" StructureKind="resource"/><InteractionEvent Delta="null" EndDate="2015-01-19 15:04:16.755 JST" Interest="1.0" Kind="selection" Navigation="null" OriginId="org.eclipse.ui.views.ResourceNavigator" StartDate="2015-01-19 15:04:16.755 JST" StructureHandle="/Cake_NR5/app/View/Elements/tokens/index/index_t_headers.ctp" StructureKind="resource"/><InteractionEvent Delta="null" EndDate="2015-01-19 15:03:37.912 JST" Interest="9.285001" Kind="manipulation" Navigation="null" OriginId="org.eclipse.mylyn.core.model.interest.decay.correction" StartDate="2015-01-19 15:03:37.912 JST" StructureHandle="/Cake_NR5/app/View/Elements/tokens" StructureKind="resource"/><InteractionEvent Delta="null" EndDate="2015-01-19 15:36:57.157 JST" Interest="121.017006" Kind="propagation" Navigation="org.eclipse.mylyn.core.model.edges.containment" OriginId="org.eclipse.mylyn.core.model.interest.propagation" StartDate="2015-01-19 11:45:32.393 JST" StructureHandle="/Cake_NR5/app/View/Elements/tokens" StructureKind="resource" NumEvents="164" CreationCount="2"/><InteractionEvent Delta="null" EndDate="2015-01-19 15:03:58.404 JST" Interest="2.0" Kind="selection" Navigation="null" OriginId="org.eclipse.ui.views.ResourceNavigator" StartDate="2015-01-19 15:03:37.912 JST" StructureHandle="/Cake_NR5/app/View/Elements/tokens" StructureKind="resource" NumEvents="2" CreationCount="2"/><InteractionEvent Delta="null" EndDate="2015-01-19 15:56:12.592 JST" Interest="1201.0" Kind="propagation" Navigation="org.eclipse.mylyn.core.model.edges.containment" OriginId="org.eclipse.mylyn.core.model.interest.propagation" StartDate="2015-01-19 11:45:23.419 JST" StructureHandle="/" StructureKind="resource" NumEvents="1201" CreationCount="1"/><InteractionEvent Delta="null" EndDate="2015-01-19 15:43:36.2 JST" Interest="324.53403" Kind="propagation" Navigation="org.eclipse.mylyn.core.model.edges.containment" OriginId="org.eclipse.mylyn.core.model.interest.propagation" StartDate="2015-01-19 11:45:23.417 JST" StructureHandle="=Cake_NR5" StructureKind="c/c++" NumEvents="472" CreationCount="1"/><InteractionEvent Delta="null" EndDate="2015-01-19 15:23:53.264 JST" Interest="8.0" Kind="edit" Navigation="null" OriginId="org.eclipse.php.editor" StartDate="2015-01-19 15:19:18.502 JST" StructureHandle="/Cake_NR5/app/View/Elements/historys/index_t_headers.ctp" StructureKind="resource" NumEvents="8" CreationCount="898"/><InteractionEvent Delta="null" EndDate="2015-01-19 15:23:57.739 JST" Interest="5.0" Kind="selection" Navigation="null" OriginId="org.eclipse.ui.views.ResourceNavigator" StartDate="2015-01-19 15:19:18.140 JST" StructureHandle="/Cake_NR5/app/View/Elements/historys/index_t_headers.ctp" StructureKind="resource" NumEvents="5" CreationCount="898"/><InteractionEvent Delta="null" EndDate="2015-01-19 15:36:50.341 JST" Interest="89.967995" Kind="propagation" Navigation="org.eclipse.mylyn.core.model.edges.containment" OriginId="org.eclipse.mylyn.core.model.interest.propagation" StartDate="2015-01-19 15:04:10.433 JST" StructureHandle="/Cake_NR5/app/View/Elements/tokens/index" StructureKind="resource" NumEvents="123" CreationCount="615"/><InteractionEvent Delta="null" EndDate="2015-01-19 15:17:06.534 JST" Interest="5.0" Kind="selection" Navigation="null" OriginId="org.eclipse.ui.views.ResourceNavigator" StartDate="2015-01-19 15:04:10.590 JST" StructureHandle="/Cake_NR5/app/View/Elements/tokens/index" StructureKind="resource" NumEvents="5" CreationCount="615"/><InteractionEvent Delta="null" EndDate="2015-01-19 15:36:52.810 JST" Interest="69.0" Kind="edit" Navigation="null" OriginId="org.eclipse.php.editor" StartDate="2015-01-19 15:15:31.220 JST" StructureHandle="/Cake_NR5/app/View/Elements/tokens/index/index_t_headers__Col_Hin.ctp" StructureKind="resource" NumEvents="69" CreationCount="794"/><InteractionEvent Delta="null" EndDate="2015-01-19 15:15:25.697 JST" Interest="1.0" Kind="propagation" Navigation="null" OriginId="org.eclipse.mylyn.resources.ui.interest.updater" StartDate="2015-01-19 15:15:25.697 JST" StructureHandle="/Cake_NR5/app/View/Elements/tokens/index/index_t_headers__Col_Hin.ctp" StructureKind="resource"/><InteractionEvent Delta="null" EndDate="2015-01-19 15:36:52.790 JST" Interest="21.0" Kind="selection" Navigation="null" OriginId="org.eclipse.php.editor" StartDate="2015-01-19 15:15:30.980 JST" StructureHandle="/Cake_NR5/app/View/Elements/tokens/index/index_t_headers__Col_Hin.ctp" StructureKind="resource" NumEvents="21" CreationCount="794"/><InteractionEvent Delta="null" EndDate="2015-01-19 15:41:28.606 JST" Interest="321.5" Kind="propagation" Navigation="org.eclipse.mylyn.core.model.edges.containment" OriginId="org.eclipse.mylyn.core.model.interest.propagation" StartDate="2015-01-19 11:45:42.194 JST" StructureHandle="/Cake_NR5/app/Controller" StructureKind="resource" NumEvents="452" CreationCount="3"/><InteractionEvent Delta="null" EndDate="2015-01-19 14:56:22.243 JST" Interest="3.0" Kind="selection" Navigation="null" OriginId="org.eclipse.ui.views.ResourceNavigator" StartDate="2015-01-19 12:04:47.581 JST" StructureHandle="/Cake_NR5/app/Controller" StructureKind="resource" NumEvents="3" CreationCount="3"/><InteractionEvent Delta="null" EndDate="2015-01-19 15:56:12.592 JST" Interest="112.117" Kind="propagation" Navigation="org.eclipse.mylyn.core.model.edges.containment" OriginId="org.eclipse.mylyn.core.model.interest.propagation" StartDate="2015-01-19 12:04:54.623 JST" StructureHandle="/Cake_NR5/app/View/Tokens" StructureKind="resource" NumEvents="150" CreationCount="25"/><InteractionEvent Delta="null" EndDate="2015-01-19 12:04:52.750 JST" Interest="1.0" Kind="selection" Navigation="null" OriginId="org.eclipse.ui.views.ResourceNavigator" StartDate="2015-01-19 12:04:52.750 JST" StructureHandle="/Cake_NR5/app/View/Tokens" StructureKind="resource"/><InteractionEvent Delta="null" EndDate="2015-01-19 15:15:35.902 JST" Interest="16.0" Kind="edit" Navigation="null" OriginId="org.eclipse.php.editor" StartDate="2015-01-19 14:56:29.828 JST" StructureHandle="/Cake_NR5/app/View/Layouts/default.ctp" StructureKind="resource" NumEvents="16" CreationCount="558"/><InteractionEvent Delta="null" EndDate="2015-01-19 15:15:35.882 JST" Interest="8.0" Kind="selection" Navigation="null" OriginId="org.eclipse.php.editor" StartDate="2015-01-19 14:56:29.348 JST" StructureHandle="/Cake_NR5/app/View/Layouts/default.ctp" StructureKind="resource" NumEvents="8" CreationCount="558"/><InteractionEvent Delta="null" EndDate="2015-01-19 15:56:12.592 JST" Interest="123.0" Kind="edit" Navigation="null" OriginId="org.eclipse.php.editor" StartDate="2015-01-19 12:04:56.153 JST" StructureHandle="/Cake_NR5/app/View/Tokens/index.ctp" StructureKind="resource" NumEvents="123" CreationCount="26"/><InteractionEvent Delta="null" EndDate="2015-01-19 15:56:12.572 JST" Interest="27.0" Kind="selection" Navigation="null" OriginId="org.eclipse.php.editor" StartDate="2015-01-19 12:04:54.623 JST" StructureHandle="/Cake_NR5/app/View/Tokens/index.ctp" StructureKind="resource" NumEvents="27" CreationCount="26"/></InteractionHistory>